<?xml version="1.0" ?>
<CommonRoadSolution benchmark_id="KS2:SM1:DEU_Hennigsdorf-11_1_T-1:2020a" computation_time="0.27628333399979965" date="2023-11-26T00:13:30">
  <ksTrajectory planningProblem="1">
    <ksState>
      <x>-131.32381</x>
      <y>915.77539</y>
      <steeringAngle>0.0</steeringAngle>
      <velocity>12.0</velocity>
      <orientation>-0.86875975</orientation>
      <time>0</time>
    </ksState>
    <ksState>
      <x>-130.54888118797766</x>
      <y>914.8591556760972</y>
      <steeringAngle>0.0</steeringAngle>
      <velocity>12.0</velocity>
      <orientation>-0.86875975</orientation>
      <time>1</time>
    </ksState>
    <ksState>
      <x>-129.77395237595533</x>
      <y>913.9429213521944</y>
      <steeringAngle>0.0</steeringAngle>
      <velocity>12.0</velocity>
      <orientation>-0.86875975</orientation>
      <time>2</time>
    </ksState>
    <ksState>
      <x>-128.99902356393298</x>
      <y>913.0266870282916</y>
      <steeringAngle>0.0</steeringAngle>
      <velocity>12.0</velocity>
      <orientation>-0.86875975</orientation>
      <time>3</time>
    </ksState>
    <ksState>
      <x>-128.22409475191066</x>
      <y>912.1104527043888</y>
      <steeringAngle>0.0</steeringAngle>
      <velocity>12.0</velocity>
      <orientation>-0.86875975</orientation>
      <time>4</time>
    </ksState>
    <ksState>
      <x>-127.4491659398883</x>
      <y>911.194218380486</y>
      <steeringAngle>0.0</steeringAngle>
      <velocity>12.0</velocity>
      <orientation>-0.86875975</orientation>
      <time>5</time>
    </ksState>
    <ksState>
      <x>-126.67423712786596</x>
      <y>910.2779840565831</y>
      <steeringAngle>0.0</steeringAngle>
      <velocity>12.0</velocity>
      <orientation>-0.86875975</orientation>
      <time>6</time>
    </ksState>
    <ksState>
      <x>-125.89930831584363</x>
      <y>909.3617497326803</y>
      <steeringAngle>0.0</steeringAngle>
      <velocity>12.0</velocity>
      <orientation>-0.86875975</orientation>
      <time>7</time>
    </ksState>
    <ksState>
      <x>-125.12437950382129</x>
      <y>908.4455154087775</y>
      <steeringAngle>0.0</steeringAngle>
      <velocity>12.0</velocity>
      <orientation>-0.86875975</orientation>
      <time>8</time>
    </ksState>
    <ksState>
      <x>-124.34945069179895</x>
      <y>907.5292810848747</y>
      <steeringAngle>0.0</steeringAngle>
      <velocity>12.0</velocity>
      <orientation>-0.86875975</orientation>
      <time>9</time>
    </ksState>
    <ksState>
      <x>-123.5745218797766</x>
      <y>906.6130467609719</y>
      <steeringAngle>0.0</steeringAngle>
      <velocity>12.0</velocity>
      <orientation>-0.86875975</orientation>
      <time>10</time>
    </ksState>
    <ksState>
      <x>-122.82542402847051</x>
      <y>905.7273535815722</y>
      <steeringAngle>0.0</steeringAngle>
      <velocity>11.200000000000001</velocity>
      <orientation>-0.86875975</orientation>
      <time>11</time>
    </ksState>
    <ksState>
      <x>-122.1279880982571</x>
      <y>904.902742690777</y>
      <steeringAngle>0.0</steeringAngle>
      <velocity>10.4</velocity>
      <orientation>-0.86875975</orientation>
      <time>12</time>
    </ksState>
    <ksState>
      <x>-121.4822140889364</x>
      <y>904.1392140883498</y>
      <steeringAngle>0.0</steeringAngle>
      <velocity>9.599999999999998</velocity>
      <orientation>-0.86875975</orientation>
      <time>13</time>
    </ksState>
    <ksState>
      <x>-120.88810200045155</x>
      <y>903.4367677742235</y>
      <steeringAngle>0.0</steeringAngle>
      <velocity>8.799999999999999</velocity>
      <orientation>-0.86875975</orientation>
      <time>14</time>
    </ksState>
    <ksState>
      <x>-120.34565183278399</x>
      <y>902.795403748376</y>
      <steeringAngle>0.0</steeringAngle>
      <velocity>7.999999999999997</velocity>
      <orientation>-0.86875975</orientation>
      <time>15</time>
    </ksState>
    <ksState>
      <x>-119.86145244333795</x>
      <y>902.2095765812385</y>
      <steeringAngle>-0.03553333333333333</steeringAngle>
      <velocity>7.199999999999999</velocity>
      <orientation>-0.8739047629824924</orientation>
      <time>16</time>
    </ksState>
    <ksState>
      <x>-119.4435883857067</x>
      <y>901.6727746585962</y>
      <steeringAngle>-0.07106666666666664</steeringAngle>
      <velocity>6.400000000000001</velocity>
      <orientation>-0.8878814351034555</orientation>
      <time>17</time>
    </ksState>
    <ksState>
      <x>-119.09241666802482</x>
      <y>901.1854320844387</y>
      <steeringAngle>-0.10659999999999997</steeringAngle>
      <velocity>5.600000000000004</velocity>
      <orientation>-0.9085132029693368</orientation>
      <time>18</time>
    </ksState>
    <ksState>
      <x>-118.80604299424877</x>
      <y>900.7499665879775</y>
      <steeringAngle>-0.1421333333333333</steeringAngle>
      <velocity>4.800000000000003</velocity>
      <orientation>-0.9336294104779851</orientation>
      <time>19</time>
    </ksState>
    <ksState>
      <x>-118.58065152491959</x>
      <y>900.370109916041</y>
      <steeringAngle>-0.17766666666666653</steeringAngle>
      <velocity>4.000000000000006</velocity>
      <orientation>-0.9610543070631349</orientation>
      <time>20</time>
    </ksState>
    <ksState>
      <x>-118.40770313400746</x>
      <y>900.0523777781282</y>
      <steeringAngle>-0.17766666666666667</steeringAngle>
      <velocity>3.2000000000000006</velocity>
      <orientation>-0.9861197463313125</orientation>
      <time>21</time>
    </ksState>
    <ksState>
      <x>-118.27872535854611</x>
      <y>899.8023147234671</y>
      <steeringAngle>-0.17766666666666667</steeringAngle>
      <velocity>2.4000000000000012</velocity>
      <orientation>-1.0056150879613424</orientation>
      <time>22</time>
    </ksState>
    <ksState>
      <x>-118.18959514302792</x>
      <y>899.6221823983865</y>
      <steeringAngle>-0.17766666666666667</steeringAngle>
      <velocity>1.6000000000000005</velocity>
      <orientation>-1.0195403319603231</orientation>
      <time>23</time>
    </ksState>
    <ksState>
      <x>-118.13732407003793</x>
      <y>899.5135133990557</y>
      <steeringAngle>-0.17766666666666667</steeringAngle>
      <velocity>0.8000000000000004</velocity>
      <orientation>-1.0278954783310774</orientation>
      <time>24</time>
    </ksState>
    <ksState>
      <x>-118.12010237883771</x>
      <y>899.4771938111011</y>
      <steeringAngle>-0.17766666666666667</steeringAngle>
      <velocity>2.7755575615628914e-16</velocity>
      <orientation>-1.0306805270772927</orientation>
      <time>25</time>
    </ksState>
    <ksState>
      <x>-118.12010237883771</x>
      <y>899.4771938111011</y>
      <steeringAngle>-0.14213333333333336</steeringAngle>
      <velocity>0.0</velocity>
      <orientation>-1.0306805270772927</orientation>
      <time>26</time>
    </ksState>
    <ksState>
      <x>-118.12010237883771</x>
      <y>899.4771938111011</y>
      <steeringAngle>-0.10660000000000001</steeringAngle>
      <velocity>0.0</velocity>
      <orientation>-1.0306805270772927</orientation>
      <time>27</time>
    </ksState>
    <ksState>
      <x>-118.12010237883771</x>
      <y>899.4771938111011</y>
      <steeringAngle>-0.07106666666666668</steeringAngle>
      <velocity>0.0</velocity>
      <orientation>-1.0306805270772927</orientation>
      <time>28</time>
    </ksState>
    <ksState>
      <x>-118.12010237883771</x>
      <y>899.4771938111011</y>
      <steeringAngle>-0.03553333333333333</steeringAngle>
      <velocity>0.0</velocity>
      <orientation>-1.0306805270772927</orientation>
      <time>29</time>
    </ksState>
    <ksState>
      <x>-118.12010237883771</x>
      <y>899.4771938111011</y>
      <steeringAngle>-0.0</steeringAngle>
      <velocity>0.0</velocity>
      <orientation>-1.0306805270772927</orientation>
      <time>30</time>
    </ksState>
    <ksState>
      <x>-118.12010237883771</x>
      <y>899.4771938111011</y>
      <steeringAngle>0.0</steeringAngle>
      <velocity>0.0</velocity>
      <orientation>-1.0306805270772927</orientation>
      <time>31</time>
    </ksState>
    <ksState>
      <x>-118.12010237883771</x>
      <y>899.4771938111011</y>
      <steeringAngle>0.0</steeringAngle>
      <velocity>0.0</velocity>
      <orientation>-1.0306805270772927</orientation>
      <time>32</time>
    </ksState>
    <ksState>
      <x>-118.12010237883771</x>
      <y>899.4771938111011</y>
      <steeringAngle>0.0</steeringAngle>
      <velocity>0.0</velocity>
      <orientation>-1.0306805270772927</orientation>
      <time>33</time>
    </ksState>
  </ksTrajectory>
</CommonRoadSolution>
