<?xml version="1.0" ?>
<CommonRoadSolution benchmark_id="KS2:SM1:ITA_SanGiorgioaCremano-3_1_T-1:2020a" computation_time="0.3937189540001782" date="2023-11-26T00:13:30">
  <ksTrajectory planningProblem="1">
    <ksState>
      <x>101.3856</x>
      <y>254.32941</y>
      <steeringAngle>0.0</steeringAngle>
      <velocity>0.0</velocity>
      <orientation>1.9354854</orientation>
      <time>0</time>
    </ksState>
    <ksState>
      <x>101.3856</x>
      <y>254.32941</y>
      <steeringAngle>0.0</steeringAngle>
      <velocity>0.0</velocity>
      <orientation>1.9354854</orientation>
      <time>1</time>
    </ksState>
    <ksState>
      <x>101.3856</x>
      <y>254.32941</y>
      <steeringAngle>0.0</steeringAngle>
      <velocity>0.0</velocity>
      <orientation>1.9354854</orientation>
      <time>2</time>
    </ksState>
    <ksState>
      <x>101.3856</x>
      <y>254.32941</y>
      <steeringAngle>0.0</steeringAngle>
      <velocity>0.0</velocity>
      <orientation>1.9354854</orientation>
      <time>3</time>
    </ksState>
    <ksState>
      <x>101.3856</x>
      <y>254.32941</y>
      <steeringAngle>0.0</steeringAngle>
      <velocity>0.0</velocity>
      <orientation>1.9354854</orientation>
      <time>4</time>
    </ksState>
    <ksState>
      <x>101.3856</x>
      <y>254.32941</y>
      <steeringAngle>0.0</steeringAngle>
      <velocity>0.0</velocity>
      <orientation>1.9354854</orientation>
      <time>5</time>
    </ksState>
    <ksState>
      <x>101.37133364641593</x>
      <y>254.36677938872347</y>
      <steeringAngle>0.0</steeringAngle>
      <velocity>0.8</velocity>
      <orientation>1.9354854</orientation>
      <time>6</time>
    </ksState>
    <ksState>
      <x>101.32853458608645</x>
      <y>254.4788875537866</y>
      <steeringAngle>0.0</steeringAngle>
      <velocity>1.6</velocity>
      <orientation>1.9354854</orientation>
      <time>7</time>
    </ksState>
    <ksState>
      <x>101.25720281907397</x>
      <y>254.66573449502587</y>
      <steeringAngle>0.0</steeringAngle>
      <velocity>2.4000000000000004</velocity>
      <orientation>1.9354854</orientation>
      <time>8</time>
    </ksState>
    <ksState>
      <x>101.15733834539739</x>
      <y>254.92732021239183</y>
      <steeringAngle>0.0</steeringAngle>
      <velocity>3.2000000000000006</velocity>
      <orientation>1.9354854</orientation>
      <time>9</time>
    </ksState>
    <ksState>
      <x>101.02894116506448</x>
      <y>255.2636447058641</y>
      <steeringAngle>0.0</steeringAngle>
      <velocity>4.000000000000001</velocity>
      <orientation>1.9354854</orientation>
      <time>10</time>
    </ksState>
    <ksState>
      <x>100.90054398550767</x>
      <y>255.59996919730344</y>
      <steeringAngle>0.0</steeringAngle>
      <velocity>3.2</velocity>
      <orientation>1.9354854</orientation>
      <time>11</time>
    </ksState>
    <ksState>
      <x>100.80067951263683</x>
      <y>255.86155491255883</y>
      <steeringAngle>0.0</steeringAngle>
      <velocity>2.4000000000000004</velocity>
      <orientation>1.9354854</orientation>
      <time>12</time>
    </ksState>
    <ksState>
      <x>100.72934774641563</x>
      <y>256.04840185172543</y>
      <steeringAngle>0.0</steeringAngle>
      <velocity>1.6</velocity>
      <orientation>1.9354854</orientation>
      <time>13</time>
    </ksState>
    <ksState>
      <x>100.68654868682958</x>
      <y>256.16051001484124</y>
      <steeringAngle>0.0</steeringAngle>
      <velocity>0.7999999999999998</velocity>
      <orientation>1.9354854</orientation>
      <time>14</time>
    </ksState>
    <ksState>
      <x>100.67228233385981</x>
      <y>256.1978794019556</y>
      <steeringAngle>0.0</steeringAngle>
      <velocity>-3.3306690738754696e-16</velocity>
      <orientation>1.9354854</orientation>
      <time>15</time>
    </ksState>
    <ksState>
      <x>100.65801598027575</x>
      <y>256.23524879067907</y>
      <steeringAngle>0.0</steeringAngle>
      <velocity>0.8</velocity>
      <orientation>1.9354854</orientation>
      <time>16</time>
    </ksState>
    <ksState>
      <x>100.61521691994626</x>
      <y>256.3473569557422</y>
      <steeringAngle>0.0</steeringAngle>
      <velocity>1.6</velocity>
      <orientation>1.9354854</orientation>
      <time>17</time>
    </ksState>
    <ksState>
      <x>100.54388515293378</x>
      <y>256.53420389698147</y>
      <steeringAngle>0.0</steeringAngle>
      <velocity>2.4000000000000004</velocity>
      <orientation>1.9354854</orientation>
      <time>18</time>
    </ksState>
    <ksState>
      <x>100.4440206792572</x>
      <y>256.7957896143474</y>
      <steeringAngle>0.0</steeringAngle>
      <velocity>3.2000000000000006</velocity>
      <orientation>1.9354854</orientation>
      <time>19</time>
    </ksState>
    <ksState>
      <x>100.3156234989243</x>
      <y>257.1321141078197</y>
      <steeringAngle>0.0</steeringAngle>
      <velocity>4.000000000000001</velocity>
      <orientation>1.9354854</orientation>
      <time>20</time>
    </ksState>
    <ksState>
      <x>100.17295996567614</x>
      <y>257.50580798826354</y>
      <steeringAngle>0.0</steeringAngle>
      <velocity>4.0</velocity>
      <orientation>1.9354854</orientation>
      <time>21</time>
    </ksState>
    <ksState>
      <x>100.030296432428</x>
      <y>257.87950186870734</y>
      <steeringAngle>0.0</steeringAngle>
      <velocity>4.0</velocity>
      <orientation>1.9354854</orientation>
      <time>22</time>
    </ksState>
    <ksState>
      <x>99.88763289917985</x>
      <y>258.25319574915113</y>
      <steeringAngle>0.0</steeringAngle>
      <velocity>4.0</velocity>
      <orientation>1.9354854</orientation>
      <time>23</time>
    </ksState>
    <ksState>
      <x>99.7449693659317</x>
      <y>258.626889629595</y>
      <steeringAngle>0.0</steeringAngle>
      <velocity>4.0</velocity>
      <orientation>1.9354854</orientation>
      <time>24</time>
    </ksState>
    <ksState>
      <x>99.60230583268354</x>
      <y>259.0005835100388</y>
      <steeringAngle>0.0</steeringAngle>
      <velocity>4.0</velocity>
      <orientation>1.9354854</orientation>
      <time>25</time>
    </ksState>
    <ksState>
      <x>99.45964229943539</x>
      <y>259.3742773904826</y>
      <steeringAngle>0.0</steeringAngle>
      <velocity>4.0</velocity>
      <orientation>1.9354854</orientation>
      <time>26</time>
    </ksState>
    <ksState>
      <x>99.31697876618725</x>
      <y>259.7479712709264</y>
      <steeringAngle>0.0</steeringAngle>
      <velocity>4.0</velocity>
      <orientation>1.9354854</orientation>
      <time>27</time>
    </ksState>
    <ksState>
      <x>99.1743152329391</x>
      <y>260.1216651513702</y>
      <steeringAngle>0.0</steeringAngle>
      <velocity>4.0</velocity>
      <orientation>1.9354854</orientation>
      <time>28</time>
    </ksState>
    <ksState>
      <x>99.03165169969094</x>
      <y>260.495359031814</y>
      <steeringAngle>0.0</steeringAngle>
      <velocity>4.0</velocity>
      <orientation>1.9354854</orientation>
      <time>29</time>
    </ksState>
    <ksState>
      <x>98.88898816644279</x>
      <y>260.8690529122578</y>
      <steeringAngle>0.0</steeringAngle>
      <velocity>4.0</velocity>
      <orientation>1.9354854</orientation>
      <time>30</time>
    </ksState>
    <ksState>
      <x>98.76059098688597</x>
      <y>261.2053774036972</y>
      <steeringAngle>0.0</steeringAngle>
      <velocity>3.2</velocity>
      <orientation>1.9354854</orientation>
      <time>31</time>
    </ksState>
    <ksState>
      <x>98.66072651401514</x>
      <y>261.46696311895255</y>
      <steeringAngle>0.0</steeringAngle>
      <velocity>2.4000000000000004</velocity>
      <orientation>1.9354854</orientation>
      <time>32</time>
    </ksState>
    <ksState>
      <x>98.58939474779393</x>
      <y>261.6538100581192</y>
      <steeringAngle>0.0</steeringAngle>
      <velocity>1.6</velocity>
      <orientation>1.9354854</orientation>
      <time>33</time>
    </ksState>
  </ksTrajectory>
</CommonRoadSolution>
