<?xml version="1.0" ?>
<CommonRoadSolution benchmark_id="KS2:SM1:DEU_BadEssen-3_1_T-1:2020a" computation_time="0.6033623970000122" date="2023-11-26T00:13:30">
  <ksTrajectory planningProblem="1">
    <ksState>
      <x>-354.91696</x>
      <y>575.70917</y>
      <steeringAngle>0.0</steeringAngle>
      <velocity>12.0</velocity>
      <orientation>2.4344424</orientation>
      <time>0</time>
    </ksState>
    <ksState>
      <x>-355.7988109715194</x>
      <y>576.4627871859086</y>
      <steeringAngle>0.0</steeringAngle>
      <velocity>11.200000000000001</velocity>
      <orientation>2.4344424</orientation>
      <time>1</time>
    </ksState>
    <ksState>
      <x>-356.61984463428973</x>
      <y>577.1644307724741</y>
      <steeringAngle>0.0</steeringAngle>
      <velocity>10.4</velocity>
      <orientation>2.4344424</orientation>
      <time>2</time>
    </ksState>
    <ksState>
      <x>-357.3800609885464</x>
      <y>577.8141007598979</y>
      <steeringAngle>0.0</steeringAngle>
      <velocity>9.599999999999998</velocity>
      <orientation>2.4344424</orientation>
      <time>3</time>
    </ksState>
    <ksState>
      <x>-358.0794600343564</x>
      <y>578.411797148237</y>
      <steeringAngle>0.0</steeringAngle>
      <velocity>8.799999999999999</velocity>
      <orientation>2.4344424</orientation>
      <time>4</time>
    </ksState>
    <ksState>
      <x>-358.7180417717415</x>
      <y>578.9575199375103</y>
      <steeringAngle>0.0</steeringAngle>
      <velocity>7.999999999999997</velocity>
      <orientation>2.4344424</orientation>
      <time>5</time>
    </ksState>
    <ksState>
      <x>-359.3013852509055</x>
      <y>579.4447087138723</y>
      <steeringAngle>0.03553333333333333</steeringAngle>
      <velocity>7.199999999999999</velocity>
      <orientation>2.439587412982492</orientation>
      <time>6</time>
    </ksState>
    <ksState>
      <x>-359.8360433425391</x>
      <y>579.8653123275792</y>
      <steeringAngle>0.07106666666666664</steeringAngle>
      <velocity>6.400000000000001</velocity>
      <orientation>2.4535640851034555</orientation>
      <time>7</time>
    </ksState>
    <ksState>
      <x>-360.32158377394444</x>
      <y>580.2189715553067</y>
      <steeringAngle>0.10659999999999997</steeringAngle>
      <velocity>5.600000000000004</velocity>
      <orientation>2.474195852969337</orientation>
      <time>8</time>
    </ksState>
    <ksState>
      <x>-360.7555791607462</x>
      <y>580.5075683048984</y>
      <steeringAngle>0.1421333333333333</steeringAngle>
      <velocity>4.800000000000003</velocity>
      <orientation>2.499312060477985</orientation>
      <time>9</time>
    </ksState>
    <ksState>
      <x>-361.1342782920232</x>
      <y>580.7348992830583</y>
      <steeringAngle>0.17766666666666653</steeringAngle>
      <velocity>4.000000000000006</velocity>
      <orientation>2.526736957063135</orientation>
      <time>10</time>
    </ksState>
    <ksState>
      <x>-361.4490124882593</x>
      <y>580.9126107175705</y>
      <steeringAngle>0.1421333333333333</steeringAngle>
      <velocity>3.1999999999999993</velocity>
      <orientation>2.5493468720365775</orientation>
      <time>11</time>
    </ksState>
    <ksState>
      <x>-361.69318086173377</x>
      <y>581.0510384286061</y>
      <steeringAngle>0.10659999999999997</steeringAngle>
      <velocity>2.3999999999999977</velocity>
      <orientation>2.5630145129072845</orientation>
      <time>12</time>
    </ksState>
    <ksState>
      <x>-361.86645274321444</x>
      <y>581.1514217279347</y>
      <steeringAngle>0.07106666666666664</steeringAngle>
      <velocity>1.5999999999999976</velocity>
      <orientation>2.5700152187605037</orientation>
      <time>13</time>
    </ksState>
    <ksState>
      <x>-361.96944851503156</x>
      <y>581.2131096601289</y>
      <steeringAngle>0.0355333333333333</steeringAngle>
      <velocity>0.7999999999999972</velocity>
      <orientation>2.572590063234471</orientation>
      <time>14</time>
    </ksState>
    <ksState>
      <x>-362.00343244882384</x>
      <y>581.2342133817046</y>
      <steeringAngle>-2.5153490401663703e-17</steeringAngle>
      <velocity>-2.914335439641036e-15</velocity>
      <orientation>2.5729575748130022</orientation>
      <time>15</time>
    </ksState>
    <ksState>
      <x>-362.00343244882384</x>
      <y>581.2342133817046</y>
      <steeringAngle>0.0</steeringAngle>
      <velocity>0.0</velocity>
      <orientation>2.5729575748130022</orientation>
      <time>16</time>
    </ksState>
    <ksState>
      <x>-362.00343244882384</x>
      <y>581.2342133817046</y>
      <steeringAngle>0.0</steeringAngle>
      <velocity>0.0</velocity>
      <orientation>2.5729575748130022</orientation>
      <time>17</time>
    </ksState>
    <ksState>
      <x>-362.00343244882384</x>
      <y>581.2342133817046</y>
      <steeringAngle>0.0</steeringAngle>
      <velocity>0.0</velocity>
      <orientation>2.5729575748130022</orientation>
      <time>18</time>
    </ksState>
    <ksState>
      <x>-362.00343244882384</x>
      <y>581.2342133817046</y>
      <steeringAngle>0.0</steeringAngle>
      <velocity>0.0</velocity>
      <orientation>2.5729575748130022</orientation>
      <time>19</time>
    </ksState>
    <ksState>
      <x>-362.00343244882384</x>
      <y>581.2342133817046</y>
      <steeringAngle>0.0</steeringAngle>
      <velocity>0.0</velocity>
      <orientation>2.5729575748130022</orientation>
      <time>20</time>
    </ksState>
    <ksState>
      <x>-362.00343244882384</x>
      <y>581.2342133817046</y>
      <steeringAngle>0.0</steeringAngle>
      <velocity>0.0</velocity>
      <orientation>2.5729575748130022</orientation>
      <time>21</time>
    </ksState>
    <ksState>
      <x>-362.00343244882384</x>
      <y>581.2342133817046</y>
      <steeringAngle>0.0</steeringAngle>
      <velocity>0.0</velocity>
      <orientation>2.5729575748130022</orientation>
      <time>22</time>
    </ksState>
    <ksState>
      <x>-362.00343244882384</x>
      <y>581.2342133817046</y>
      <steeringAngle>0.0</steeringAngle>
      <velocity>0.0</velocity>
      <orientation>2.5729575748130022</orientation>
      <time>23</time>
    </ksState>
    <ksState>
      <x>-362.00343244882384</x>
      <y>581.2342133817046</y>
      <steeringAngle>0.0</steeringAngle>
      <velocity>0.0</velocity>
      <orientation>2.5729575748130022</orientation>
      <time>24</time>
    </ksState>
    <ksState>
      <x>-362.00343244882384</x>
      <y>581.2342133817046</y>
      <steeringAngle>0.0</steeringAngle>
      <velocity>0.0</velocity>
      <orientation>2.5729575748130022</orientation>
      <time>25</time>
    </ksState>
    <ksState>
      <x>-362.00343244882384</x>
      <y>581.2342133817046</y>
      <steeringAngle>0.0</steeringAngle>
      <velocity>0.0</velocity>
      <orientation>2.5729575748130022</orientation>
      <time>26</time>
    </ksState>
    <ksState>
      <x>-362.00343244882384</x>
      <y>581.2342133817046</y>
      <steeringAngle>0.0</steeringAngle>
      <velocity>0.0</velocity>
      <orientation>2.5729575748130022</orientation>
      <time>27</time>
    </ksState>
    <ksState>
      <x>-362.00343244882384</x>
      <y>581.2342133817046</y>
      <steeringAngle>0.0</steeringAngle>
      <velocity>0.0</velocity>
      <orientation>2.5729575748130022</orientation>
      <time>28</time>
    </ksState>
    <ksState>
      <x>-362.00343244882384</x>
      <y>581.2342133817046</y>
      <steeringAngle>0.0</steeringAngle>
      <velocity>0.0</velocity>
      <orientation>2.5729575748130022</orientation>
      <time>29</time>
    </ksState>
    <ksState>
      <x>-362.00343244882384</x>
      <y>581.2342133817046</y>
      <steeringAngle>0.0</steeringAngle>
      <velocity>0.0</velocity>
      <orientation>2.5729575748130022</orientation>
      <time>30</time>
    </ksState>
    <ksState>
      <x>-362.00343244882384</x>
      <y>581.2342133817046</y>
      <steeringAngle>0.0</steeringAngle>
      <velocity>0.0</velocity>
      <orientation>2.5729575748130022</orientation>
      <time>31</time>
    </ksState>
    <ksState>
      <x>-362.00343244882384</x>
      <y>581.2342133817046</y>
      <steeringAngle>0.0</steeringAngle>
      <velocity>0.0</velocity>
      <orientation>2.5729575748130022</orientation>
      <time>32</time>
    </ksState>
    <ksState>
      <x>-362.00343244882384</x>
      <y>581.2342133817046</y>
      <steeringAngle>0.0</steeringAngle>
      <velocity>0.0</velocity>
      <orientation>2.5729575748130022</orientation>
      <time>33</time>
    </ksState>
  </ksTrajectory>
</CommonRoadSolution>
