<?xml version="1.0" ?>
<CommonRoadSolution benchmark_id="KS2:SM1:ITA_Foggia-7_2_T-1:2020a" computation_time="1.0745972260001508" date="2023-11-26T00:13:30">
  <ksTrajectory planningProblem="1">
    <ksState>
      <x>408.4146</x>
      <y>341.04491</y>
      <steeringAngle>0.0</steeringAngle>
      <velocity>4.0</velocity>
      <orientation>-1.5610574</orientation>
      <time>0</time>
    </ksState>
    <ksState>
      <x>408.41810595821414</x>
      <y>340.68492707329784</y>
      <steeringAngle>0.0</steeringAngle>
      <velocity>3.2</velocity>
      <orientation>-1.5610574</orientation>
      <time>1</time>
    </ksState>
    <ksState>
      <x>408.4208328145997</x>
      <y>340.4049403528597</y>
      <steeringAngle>0.0</steeringAngle>
      <velocity>2.4000000000000004</velocity>
      <orientation>-1.5610574</orientation>
      <time>2</time>
    </ksState>
    <ksState>
      <x>408.4227805691576</x>
      <y>340.20494983858373</y>
      <steeringAngle>0.0</steeringAngle>
      <velocity>1.6</velocity>
      <orientation>-1.5610574</orientation>
      <time>3</time>
    </ksState>
    <ksState>
      <x>408.4239492218884</x>
      <y>340.0849555304294</y>
      <steeringAngle>0.0</steeringAngle>
      <velocity>0.7999999999999998</velocity>
      <orientation>-1.5610574</orientation>
      <time>4</time>
    </ksState>
    <ksState>
      <x>408.4243387727925</x>
      <y>340.04495742834376</y>
      <steeringAngle>0.0</steeringAngle>
      <velocity>-3.3306690738754696e-16</velocity>
      <orientation>-1.5610574</orientation>
      <time>5</time>
    </ksState>
    <ksState>
      <x>408.4243387727925</x>
      <y>340.04495742834376</y>
      <steeringAngle>0.0</steeringAngle>
      <velocity>0.0</velocity>
      <orientation>-1.5610574</orientation>
      <time>6</time>
    </ksState>
    <ksState>
      <x>408.4243387727925</x>
      <y>340.04495742834376</y>
      <steeringAngle>0.0</steeringAngle>
      <velocity>0.0</velocity>
      <orientation>-1.5610574</orientation>
      <time>7</time>
    </ksState>
    <ksState>
      <x>408.4243387727925</x>
      <y>340.04495742834376</y>
      <steeringAngle>0.0</steeringAngle>
      <velocity>0.0</velocity>
      <orientation>-1.5610574</orientation>
      <time>8</time>
    </ksState>
    <ksState>
      <x>408.4243387727925</x>
      <y>340.04495742834376</y>
      <steeringAngle>0.0</steeringAngle>
      <velocity>0.0</velocity>
      <orientation>-1.5610574</orientation>
      <time>9</time>
    </ksState>
    <ksState>
      <x>408.4243387727925</x>
      <y>340.04495742834376</y>
      <steeringAngle>0.0</steeringAngle>
      <velocity>0.0</velocity>
      <orientation>-1.5610574</orientation>
      <time>10</time>
    </ksState>
    <ksState>
      <x>408.4243387727925</x>
      <y>340.04495742834376</y>
      <steeringAngle>0.0</steeringAngle>
      <velocity>0.0</velocity>
      <orientation>-1.5610574</orientation>
      <time>11</time>
    </ksState>
    <ksState>
      <x>408.4243387727925</x>
      <y>340.04495742834376</y>
      <steeringAngle>0.0</steeringAngle>
      <velocity>0.0</velocity>
      <orientation>-1.5610574</orientation>
      <time>12</time>
    </ksState>
    <ksState>
      <x>408.4243387727925</x>
      <y>340.04495742834376</y>
      <steeringAngle>0.0</steeringAngle>
      <velocity>0.0</velocity>
      <orientation>-1.5610574</orientation>
      <time>13</time>
    </ksState>
    <ksState>
      <x>408.4243387727925</x>
      <y>340.04495742834376</y>
      <steeringAngle>0.0</steeringAngle>
      <velocity>0.0</velocity>
      <orientation>-1.5610574</orientation>
      <time>14</time>
    </ksState>
    <ksState>
      <x>408.4243387727925</x>
      <y>340.04495742834376</y>
      <steeringAngle>0.0</steeringAngle>
      <velocity>0.0</velocity>
      <orientation>-1.5610574</orientation>
      <time>15</time>
    </ksState>
    <ksState>
      <x>408.4247283237134</x>
      <y>340.00495932453583</y>
      <steeringAngle>0.0</steeringAngle>
      <velocity>0.8</velocity>
      <orientation>-1.5610574</orientation>
      <time>16</time>
    </ksState>
    <ksState>
      <x>408.42589697646446</x>
      <y>339.8849650142971</y>
      <steeringAngle>0.0</steeringAngle>
      <velocity>1.6</velocity>
      <orientation>-1.5610574</orientation>
      <time>17</time>
    </ksState>
    <ksState>
      <x>408.427844731044</x>
      <y>339.6849744978027</y>
      <steeringAngle>0.0</steeringAngle>
      <velocity>2.4000000000000004</velocity>
      <orientation>-1.5610574</orientation>
      <time>18</time>
    </ksState>
    <ksState>
      <x>408.43057158745154</x>
      <y>339.4049877751056</y>
      <steeringAngle>0.0</steeringAngle>
      <velocity>3.2000000000000006</velocity>
      <orientation>-1.5610574</orientation>
      <time>19</time>
    </ksState>
    <ksState>
      <x>408.4340775456869</x>
      <y>339.04500484622747</y>
      <steeringAngle>0.0</steeringAngle>
      <velocity>4.000000000000001</velocity>
      <orientation>-1.5610574</orientation>
      <time>20</time>
    </ksState>
    <ksState>
      <x>408.4379730548248</x>
      <y>338.64502381541655</y>
      <steeringAngle>0.0</steeringAngle>
      <velocity>4.0</velocity>
      <orientation>-1.5610574</orientation>
      <time>21</time>
    </ksState>
    <ksState>
      <x>408.4418685639627</x>
      <y>338.24504278460563</y>
      <steeringAngle>0.0</steeringAngle>
      <velocity>4.0</velocity>
      <orientation>-1.5610574</orientation>
      <time>22</time>
    </ksState>
    <ksState>
      <x>408.44576407310063</x>
      <y>337.84506175379477</y>
      <steeringAngle>0.0</steeringAngle>
      <velocity>4.0</velocity>
      <orientation>-1.5610574</orientation>
      <time>23</time>
    </ksState>
    <ksState>
      <x>408.44965958223855</x>
      <y>337.44508072298385</y>
      <steeringAngle>0.0</steeringAngle>
      <velocity>4.0</velocity>
      <orientation>-1.5610574</orientation>
      <time>24</time>
    </ksState>
    <ksState>
      <x>408.4535550913765</x>
      <y>337.0450996921729</y>
      <steeringAngle>0.0</steeringAngle>
      <velocity>4.0</velocity>
      <orientation>-1.5610574</orientation>
      <time>25</time>
    </ksState>
    <ksState>
      <x>408.4574506005144</x>
      <y>336.645118661362</y>
      <steeringAngle>0.0</steeringAngle>
      <velocity>4.0</velocity>
      <orientation>-1.5610574</orientation>
      <time>26</time>
    </ksState>
    <ksState>
      <x>408.4613461096523</x>
      <y>336.2451376305511</y>
      <steeringAngle>0.0</steeringAngle>
      <velocity>4.0</velocity>
      <orientation>-1.5610574</orientation>
      <time>27</time>
    </ksState>
    <ksState>
      <x>408.46524161879023</x>
      <y>335.8451565997402</y>
      <steeringAngle>0.0</steeringAngle>
      <velocity>4.0</velocity>
      <orientation>-1.5610574</orientation>
      <time>28</time>
    </ksState>
    <ksState>
      <x>408.46913712792815</x>
      <y>335.4451755689293</y>
      <steeringAngle>0.0</steeringAngle>
      <velocity>4.0</velocity>
      <orientation>-1.5610574</orientation>
      <time>29</time>
    </ksState>
    <ksState>
      <x>408.47303263706607</x>
      <y>335.0451945381184</y>
      <steeringAngle>0.0</steeringAngle>
      <velocity>4.0</velocity>
      <orientation>-1.5610574</orientation>
      <time>30</time>
    </ksState>
    <ksState>
      <x>408.476928146204</x>
      <y>334.64521350730746</y>
      <steeringAngle>0.0</steeringAngle>
      <velocity>4.0</velocity>
      <orientation>-1.5610574</orientation>
      <time>31</time>
    </ksState>
    <ksState>
      <x>408.4808236553419</x>
      <y>334.24523247649654</y>
      <steeringAngle>0.0</steeringAngle>
      <velocity>4.0</velocity>
      <orientation>-1.5610574</orientation>
      <time>32</time>
    </ksState>
    <ksState>
      <x>408.4847191644798</x>
      <y>333.8452514456857</y>
      <steeringAngle>0.0</steeringAngle>
      <velocity>4.0</velocity>
      <orientation>-1.5610574</orientation>
      <time>33</time>
    </ksState>
  </ksTrajectory>
</CommonRoadSolution>
