<?xml version="1.0" ?>
<CommonRoadSolution benchmark_id="KS2:SM1:BEL_Zwevegem-8_4_T-1:2020a" computation_time="0.30755020099999797" date="2023-11-26T00:13:30">
  <ksTrajectory planningProblem="1">
    <ksState>
      <x>40.97144</x>
      <y>160.79867</y>
      <steeringAngle>0.0</steeringAngle>
      <velocity>4.0</velocity>
      <orientation>-0.78050293</orientation>
      <time>0</time>
    </ksState>
    <ksState>
      <x>41.22724150847784</x>
      <y>160.5453607275275</y>
      <steeringAngle>0.0</steeringAngle>
      <velocity>3.2</velocity>
      <orientation>-0.78050293</orientation>
      <time>1</time>
    </ksState>
    <ksState>
      <x>41.42619823705926</x>
      <y>160.3483424047257</y>
      <steeringAngle>0.0</steeringAngle>
      <velocity>2.4000000000000004</velocity>
      <orientation>-0.78050293</orientation>
      <time>2</time>
    </ksState>
    <ksState>
      <x>41.56831018581668</x>
      <y>160.20761503152298</y>
      <steeringAngle>0.0</steeringAngle>
      <velocity>1.6</velocity>
      <orientation>-0.78050293</orientation>
      <time>3</time>
    </ksState>
    <ksState>
      <x>41.653577354778896</x>
      <y>160.1231786078907</y>
      <steeringAngle>0.0</steeringAngle>
      <velocity>0.7999999999999998</velocity>
      <orientation>-0.78050293</orientation>
      <time>4</time>
    </ksState>
    <ksState>
      <x>41.68199974398357</x>
      <y>160.09503313379165</y>
      <steeringAngle>0.0</steeringAngle>
      <velocity>-3.3306690738754696e-16</velocity>
      <orientation>-0.78050293</orientation>
      <time>5</time>
    </ksState>
    <ksState>
      <x>41.68199974398357</x>
      <y>160.09503313379165</y>
      <steeringAngle>0.0</steeringAngle>
      <velocity>0.0</velocity>
      <orientation>-0.78050293</orientation>
      <time>6</time>
    </ksState>
    <ksState>
      <x>41.68199974398357</x>
      <y>160.09503313379165</y>
      <steeringAngle>0.0</steeringAngle>
      <velocity>0.0</velocity>
      <orientation>-0.78050293</orientation>
      <time>7</time>
    </ksState>
    <ksState>
      <x>41.68199974398357</x>
      <y>160.09503313379165</y>
      <steeringAngle>0.0</steeringAngle>
      <velocity>0.0</velocity>
      <orientation>-0.78050293</orientation>
      <time>8</time>
    </ksState>
    <ksState>
      <x>41.68199974398357</x>
      <y>160.09503313379165</y>
      <steeringAngle>0.0</steeringAngle>
      <velocity>0.0</velocity>
      <orientation>-0.78050293</orientation>
      <time>9</time>
    </ksState>
    <ksState>
      <x>41.68199974398357</x>
      <y>160.09503313379165</y>
      <steeringAngle>0.0</steeringAngle>
      <velocity>0.0</velocity>
      <orientation>-0.78050293</orientation>
      <time>10</time>
    </ksState>
    <ksState>
      <x>41.68199974398357</x>
      <y>160.09503313379165</y>
      <steeringAngle>0.0</steeringAngle>
      <velocity>0.0</velocity>
      <orientation>-0.78050293</orientation>
      <time>11</time>
    </ksState>
    <ksState>
      <x>41.68199974398357</x>
      <y>160.09503313379165</y>
      <steeringAngle>0.0</steeringAngle>
      <velocity>0.0</velocity>
      <orientation>-0.78050293</orientation>
      <time>12</time>
    </ksState>
    <ksState>
      <x>41.68199974398357</x>
      <y>160.09503313379165</y>
      <steeringAngle>0.0</steeringAngle>
      <velocity>0.0</velocity>
      <orientation>-0.78050293</orientation>
      <time>13</time>
    </ksState>
    <ksState>
      <x>41.68199974398357</x>
      <y>160.09503313379165</y>
      <steeringAngle>0.0</steeringAngle>
      <velocity>0.0</velocity>
      <orientation>-0.78050293</orientation>
      <time>14</time>
    </ksState>
    <ksState>
      <x>41.68199974398357</x>
      <y>160.09503313379165</y>
      <steeringAngle>0.0</steeringAngle>
      <velocity>0.0</velocity>
      <orientation>-0.78050293</orientation>
      <time>15</time>
    </ksState>
    <ksState>
      <x>41.68199974398357</x>
      <y>160.09503313379165</y>
      <steeringAngle>0.0</steeringAngle>
      <velocity>0.0</velocity>
      <orientation>-0.78050293</orientation>
      <time>16</time>
    </ksState>
    <ksState>
      <x>41.68199974398357</x>
      <y>160.09503313379165</y>
      <steeringAngle>0.0</steeringAngle>
      <velocity>0.0</velocity>
      <orientation>-0.78050293</orientation>
      <time>17</time>
    </ksState>
    <ksState>
      <x>41.68199974398357</x>
      <y>160.09503313379165</y>
      <steeringAngle>0.0</steeringAngle>
      <velocity>0.0</velocity>
      <orientation>-0.78050293</orientation>
      <time>18</time>
    </ksState>
    <ksState>
      <x>41.68199974398357</x>
      <y>160.09503313379165</y>
      <steeringAngle>0.0</steeringAngle>
      <velocity>0.0</velocity>
      <orientation>-0.78050293</orientation>
      <time>19</time>
    </ksState>
    <ksState>
      <x>41.68199974398357</x>
      <y>160.09503313379165</y>
      <steeringAngle>0.0</steeringAngle>
      <velocity>0.0</velocity>
      <orientation>-0.78050293</orientation>
      <time>20</time>
    </ksState>
    <ksState>
      <x>41.68199974398357</x>
      <y>160.09503313379165</y>
      <steeringAngle>0.0</steeringAngle>
      <velocity>0.0</velocity>
      <orientation>-0.78050293</orientation>
      <time>21</time>
    </ksState>
    <ksState>
      <x>41.68199974398357</x>
      <y>160.09503313379165</y>
      <steeringAngle>0.0</steeringAngle>
      <velocity>0.0</velocity>
      <orientation>-0.78050293</orientation>
      <time>22</time>
    </ksState>
    <ksState>
      <x>41.68199974398357</x>
      <y>160.09503313379165</y>
      <steeringAngle>0.0</steeringAngle>
      <velocity>0.0</velocity>
      <orientation>-0.78050293</orientation>
      <time>23</time>
    </ksState>
    <ksState>
      <x>41.68199974398357</x>
      <y>160.09503313379165</y>
      <steeringAngle>0.0</steeringAngle>
      <velocity>0.0</velocity>
      <orientation>-0.78050293</orientation>
      <time>24</time>
    </ksState>
    <ksState>
      <x>41.68199974398357</x>
      <y>160.09503313379165</y>
      <steeringAngle>0.0</steeringAngle>
      <velocity>0.0</velocity>
      <orientation>-0.78050293</orientation>
      <time>25</time>
    </ksState>
    <ksState>
      <x>41.68199974398357</x>
      <y>160.09503313379165</y>
      <steeringAngle>0.0</steeringAngle>
      <velocity>0.0</velocity>
      <orientation>-0.78050293</orientation>
      <time>26</time>
    </ksState>
    <ksState>
      <x>41.68199974398357</x>
      <y>160.09503313379165</y>
      <steeringAngle>0.0</steeringAngle>
      <velocity>0.0</velocity>
      <orientation>-0.78050293</orientation>
      <time>27</time>
    </ksState>
    <ksState>
      <x>41.68199974398357</x>
      <y>160.09503313379165</y>
      <steeringAngle>0.0</steeringAngle>
      <velocity>0.0</velocity>
      <orientation>-0.78050293</orientation>
      <time>28</time>
    </ksState>
    <ksState>
      <x>41.68199974398357</x>
      <y>160.09503313379165</y>
      <steeringAngle>0.0</steeringAngle>
      <velocity>0.0</velocity>
      <orientation>-0.78050293</orientation>
      <time>29</time>
    </ksState>
    <ksState>
      <x>41.68199974398357</x>
      <y>160.09503313379165</y>
      <steeringAngle>0.0</steeringAngle>
      <velocity>0.0</velocity>
      <orientation>-0.78050293</orientation>
      <time>30</time>
    </ksState>
    <ksState>
      <x>41.68199974398357</x>
      <y>160.09503313379165</y>
      <steeringAngle>0.0</steeringAngle>
      <velocity>0.0</velocity>
      <orientation>-0.78050293</orientation>
      <time>31</time>
    </ksState>
    <ksState>
      <x>41.68199974398357</x>
      <y>160.09503313379165</y>
      <steeringAngle>0.0</steeringAngle>
      <velocity>0.0</velocity>
      <orientation>-0.78050293</orientation>
      <time>32</time>
    </ksState>
    <ksState>
      <x>41.68199974398357</x>
      <y>160.09503313379165</y>
      <steeringAngle>0.0</steeringAngle>
      <velocity>0.0</velocity>
      <orientation>-0.78050293</orientation>
      <time>33</time>
    </ksState>
  </ksTrajectory>
</CommonRoadSolution>
