<?xml version="1.0" ?>
<CommonRoadSolution benchmark_id="KS2:SM1:DEU_BadWaldsee-4_2_T-1:2020a" computation_time="0.24357895999997936" date="2023-11-26T00:13:30">
  <ksTrajectory planningProblem="1">
    <ksState>
      <x>394.62151</x>
      <y>-680.2998399999999</y>
      <steeringAngle>0.0</steeringAngle>
      <velocity>4.0</velocity>
      <orientation>-0.95991272</orientation>
      <time>0</time>
    </ksState>
    <ksState>
      <x>394.8280029332646</x>
      <y>-680.5947309421665</y>
      <steeringAngle>0.0</steeringAngle>
      <velocity>3.2</velocity>
      <orientation>-0.95991272</orientation>
      <time>1</time>
    </ksState>
    <ksState>
      <x>394.9886085478365</x>
      <y>-680.824090563581</y>
      <steeringAngle>0.0</steeringAngle>
      <velocity>2.4000000000000004</velocity>
      <orientation>-0.95991272</orientation>
      <time>2</time>
    </ksState>
    <ksState>
      <x>395.1033268437742</x>
      <y>-680.987918864327</y>
      <steeringAngle>0.0</steeringAngle>
      <velocity>1.6</velocity>
      <orientation>-0.95991272</orientation>
      <time>3</time>
    </ksState>
    <ksState>
      <x>395.17215782110094</x>
      <y>-681.0862158444377</y>
      <steeringAngle>0.0</steeringAngle>
      <velocity>0.7999999999999998</velocity>
      <orientation>-0.95991272</orientation>
      <time>4</time>
    </ksState>
    <ksState>
      <x>395.19510147984704</x>
      <y>-681.1189815039565</y>
      <steeringAngle>0.0</steeringAngle>
      <velocity>-3.3306690738754696e-16</velocity>
      <orientation>-0.95991272</orientation>
      <time>5</time>
    </ksState>
    <ksState>
      <x>395.19510147984704</x>
      <y>-681.1189815039565</y>
      <steeringAngle>0.0</steeringAngle>
      <velocity>0.0</velocity>
      <orientation>-0.95991272</orientation>
      <time>6</time>
    </ksState>
    <ksState>
      <x>395.19510147984704</x>
      <y>-681.1189815039565</y>
      <steeringAngle>0.0</steeringAngle>
      <velocity>0.0</velocity>
      <orientation>-0.95991272</orientation>
      <time>7</time>
    </ksState>
    <ksState>
      <x>395.19510147984704</x>
      <y>-681.1189815039565</y>
      <steeringAngle>0.0</steeringAngle>
      <velocity>0.0</velocity>
      <orientation>-0.95991272</orientation>
      <time>8</time>
    </ksState>
    <ksState>
      <x>395.19510147984704</x>
      <y>-681.1189815039565</y>
      <steeringAngle>0.0</steeringAngle>
      <velocity>0.0</velocity>
      <orientation>-0.95991272</orientation>
      <time>9</time>
    </ksState>
    <ksState>
      <x>395.19510147984704</x>
      <y>-681.1189815039565</y>
      <steeringAngle>0.0</steeringAngle>
      <velocity>0.0</velocity>
      <orientation>-0.95991272</orientation>
      <time>10</time>
    </ksState>
    <ksState>
      <x>395.19510147984704</x>
      <y>-681.1189815039565</y>
      <steeringAngle>0.0</steeringAngle>
      <velocity>0.0</velocity>
      <orientation>-0.95991272</orientation>
      <time>11</time>
    </ksState>
    <ksState>
      <x>395.19510147984704</x>
      <y>-681.1189815039565</y>
      <steeringAngle>0.0</steeringAngle>
      <velocity>0.0</velocity>
      <orientation>-0.95991272</orientation>
      <time>12</time>
    </ksState>
    <ksState>
      <x>395.19510147984704</x>
      <y>-681.1189815039565</y>
      <steeringAngle>0.0</steeringAngle>
      <velocity>0.0</velocity>
      <orientation>-0.95991272</orientation>
      <time>13</time>
    </ksState>
    <ksState>
      <x>395.19510147984704</x>
      <y>-681.1189815039565</y>
      <steeringAngle>0.0</steeringAngle>
      <velocity>0.0</velocity>
      <orientation>-0.95991272</orientation>
      <time>14</time>
    </ksState>
    <ksState>
      <x>395.19510147984704</x>
      <y>-681.1189815039565</y>
      <steeringAngle>0.0</steeringAngle>
      <velocity>0.0</velocity>
      <orientation>-0.95991272</orientation>
      <time>15</time>
    </ksState>
    <ksState>
      <x>395.19510147984704</x>
      <y>-681.1189815039565</y>
      <steeringAngle>0.0</steeringAngle>
      <velocity>0.0</velocity>
      <orientation>-0.95991272</orientation>
      <time>16</time>
    </ksState>
    <ksState>
      <x>395.19510147984704</x>
      <y>-681.1189815039565</y>
      <steeringAngle>0.0</steeringAngle>
      <velocity>0.0</velocity>
      <orientation>-0.95991272</orientation>
      <time>17</time>
    </ksState>
    <ksState>
      <x>395.19510147984704</x>
      <y>-681.1189815039565</y>
      <steeringAngle>0.0</steeringAngle>
      <velocity>0.0</velocity>
      <orientation>-0.95991272</orientation>
      <time>18</time>
    </ksState>
    <ksState>
      <x>395.19510147984704</x>
      <y>-681.1189815039565</y>
      <steeringAngle>0.0</steeringAngle>
      <velocity>0.0</velocity>
      <orientation>-0.95991272</orientation>
      <time>19</time>
    </ksState>
    <ksState>
      <x>395.19510147984704</x>
      <y>-681.1189815039565</y>
      <steeringAngle>0.0</steeringAngle>
      <velocity>0.0</velocity>
      <orientation>-0.95991272</orientation>
      <time>20</time>
    </ksState>
    <ksState>
      <x>395.19510147984704</x>
      <y>-681.1189815039565</y>
      <steeringAngle>0.0</steeringAngle>
      <velocity>0.0</velocity>
      <orientation>-0.95991272</orientation>
      <time>21</time>
    </ksState>
    <ksState>
      <x>395.19510147984704</x>
      <y>-681.1189815039565</y>
      <steeringAngle>0.0</steeringAngle>
      <velocity>0.0</velocity>
      <orientation>-0.95991272</orientation>
      <time>22</time>
    </ksState>
    <ksState>
      <x>395.19510147984704</x>
      <y>-681.1189815039565</y>
      <steeringAngle>0.0</steeringAngle>
      <velocity>0.0</velocity>
      <orientation>-0.95991272</orientation>
      <time>23</time>
    </ksState>
    <ksState>
      <x>395.19510147984704</x>
      <y>-681.1189815039565</y>
      <steeringAngle>0.0</steeringAngle>
      <velocity>0.0</velocity>
      <orientation>-0.95991272</orientation>
      <time>24</time>
    </ksState>
    <ksState>
      <x>395.19510147984704</x>
      <y>-681.1189815039565</y>
      <steeringAngle>0.0</steeringAngle>
      <velocity>0.0</velocity>
      <orientation>-0.95991272</orientation>
      <time>25</time>
    </ksState>
    <ksState>
      <x>395.19510147984704</x>
      <y>-681.1189815039565</y>
      <steeringAngle>0.0</steeringAngle>
      <velocity>0.0</velocity>
      <orientation>-0.95991272</orientation>
      <time>26</time>
    </ksState>
    <ksState>
      <x>395.19510147984704</x>
      <y>-681.1189815039565</y>
      <steeringAngle>0.0</steeringAngle>
      <velocity>0.0</velocity>
      <orientation>-0.95991272</orientation>
      <time>27</time>
    </ksState>
    <ksState>
      <x>395.19510147984704</x>
      <y>-681.1189815039565</y>
      <steeringAngle>0.0</steeringAngle>
      <velocity>0.0</velocity>
      <orientation>-0.95991272</orientation>
      <time>28</time>
    </ksState>
    <ksState>
      <x>395.19510147984704</x>
      <y>-681.1189815039565</y>
      <steeringAngle>0.0</steeringAngle>
      <velocity>0.0</velocity>
      <orientation>-0.95991272</orientation>
      <time>29</time>
    </ksState>
    <ksState>
      <x>395.19510147984704</x>
      <y>-681.1189815039565</y>
      <steeringAngle>0.0</steeringAngle>
      <velocity>0.0</velocity>
      <orientation>-0.95991272</orientation>
      <time>30</time>
    </ksState>
    <ksState>
      <x>395.19510147984704</x>
      <y>-681.1189815039565</y>
      <steeringAngle>0.0</steeringAngle>
      <velocity>0.0</velocity>
      <orientation>-0.95991272</orientation>
      <time>31</time>
    </ksState>
    <ksState>
      <x>395.19510147984704</x>
      <y>-681.1189815039565</y>
      <steeringAngle>0.0</steeringAngle>
      <velocity>0.0</velocity>
      <orientation>-0.95991272</orientation>
      <time>32</time>
    </ksState>
    <ksState>
      <x>395.19510147984704</x>
      <y>-681.1189815039565</y>
      <steeringAngle>0.0</steeringAngle>
      <velocity>0.0</velocity>
      <orientation>-0.95991272</orientation>
      <time>33</time>
    </ksState>
  </ksTrajectory>
</CommonRoadSolution>
