<?xml version="1.0" ?>
<CommonRoadSolution benchmark_id="KS2:SM1:ESP_Ceuta-3_2_T-1:2020a" computation_time="0.4441747999999279" date="2023-11-26T00:13:30">
  <ksTrajectory planningProblem="1">
    <ksState>
      <x>-408.35083</x>
      <y>-856.2988</y>
      <steeringAngle>0.0</steeringAngle>
      <velocity>4.0</velocity>
      <orientation>-2.0633</orientation>
      <time>0</time>
    </ksState>
    <ksState>
      <x>-408.521050053743</x>
      <y>-856.616014647461</y>
      <steeringAngle>0.0</steeringAngle>
      <velocity>3.2</velocity>
      <orientation>-2.0633</orientation>
      <time>1</time>
    </ksState>
    <ksState>
      <x>-408.6534434287203</x>
      <y>-856.8627371507507</y>
      <steeringAngle>0.0</steeringAngle>
      <velocity>2.4000000000000004</velocity>
      <orientation>-2.0633</orientation>
      <time>2</time>
    </ksState>
    <ksState>
      <x>-408.74801012498006</x>
      <y>-857.0389675099591</y>
      <steeringAngle>0.0</steeringAngle>
      <velocity>1.6</velocity>
      <orientation>-2.0633</orientation>
      <time>3</time>
    </ksState>
    <ksState>
      <x>-408.8047501425415</x>
      <y>-857.1447057251216</y>
      <steeringAngle>0.0</steeringAngle>
      <velocity>0.7999999999999998</velocity>
      <orientation>-2.0633</orientation>
      <time>4</time>
    </ksState>
    <ksState>
      <x>-408.82366348142955</x>
      <y>-857.1799517962853</y>
      <steeringAngle>0.0</steeringAngle>
      <velocity>-3.3306690738754696e-16</velocity>
      <orientation>-2.0633</orientation>
      <time>5</time>
    </ksState>
    <ksState>
      <x>-408.82366348142955</x>
      <y>-857.1799517962853</y>
      <steeringAngle>0.0</steeringAngle>
      <velocity>0.0</velocity>
      <orientation>-2.0633</orientation>
      <time>6</time>
    </ksState>
    <ksState>
      <x>-408.82366348142955</x>
      <y>-857.1799517962853</y>
      <steeringAngle>0.0</steeringAngle>
      <velocity>0.0</velocity>
      <orientation>-2.0633</orientation>
      <time>7</time>
    </ksState>
    <ksState>
      <x>-408.82366348142955</x>
      <y>-857.1799517962853</y>
      <steeringAngle>0.0</steeringAngle>
      <velocity>0.0</velocity>
      <orientation>-2.0633</orientation>
      <time>8</time>
    </ksState>
    <ksState>
      <x>-408.82366348142955</x>
      <y>-857.1799517962853</y>
      <steeringAngle>0.0</steeringAngle>
      <velocity>0.0</velocity>
      <orientation>-2.0633</orientation>
      <time>9</time>
    </ksState>
    <ksState>
      <x>-408.82366348142955</x>
      <y>-857.1799517962853</y>
      <steeringAngle>0.0</steeringAngle>
      <velocity>0.0</velocity>
      <orientation>-2.0633</orientation>
      <time>10</time>
    </ksState>
    <ksState>
      <x>-408.82366348142955</x>
      <y>-857.1799517962853</y>
      <steeringAngle>0.0</steeringAngle>
      <velocity>0.0</velocity>
      <orientation>-2.0633</orientation>
      <time>11</time>
    </ksState>
    <ksState>
      <x>-408.82366348142955</x>
      <y>-857.1799517962853</y>
      <steeringAngle>0.0</steeringAngle>
      <velocity>0.0</velocity>
      <orientation>-2.0633</orientation>
      <time>12</time>
    </ksState>
    <ksState>
      <x>-408.82366348142955</x>
      <y>-857.1799517962853</y>
      <steeringAngle>0.0</steeringAngle>
      <velocity>0.0</velocity>
      <orientation>-2.0633</orientation>
      <time>13</time>
    </ksState>
    <ksState>
      <x>-408.82366348142955</x>
      <y>-857.1799517962853</y>
      <steeringAngle>0.0</steeringAngle>
      <velocity>0.0</velocity>
      <orientation>-2.0633</orientation>
      <time>14</time>
    </ksState>
    <ksState>
      <x>-408.82366348142955</x>
      <y>-857.1799517962853</y>
      <steeringAngle>0.0</steeringAngle>
      <velocity>0.0</velocity>
      <orientation>-2.0633</orientation>
      <time>15</time>
    </ksState>
    <ksState>
      <x>-408.82366348142955</x>
      <y>-857.1799517962853</y>
      <steeringAngle>0.0</steeringAngle>
      <velocity>0.0</velocity>
      <orientation>-2.0633</orientation>
      <time>16</time>
    </ksState>
    <ksState>
      <x>-408.82366348142955</x>
      <y>-857.1799517962853</y>
      <steeringAngle>0.0</steeringAngle>
      <velocity>0.0</velocity>
      <orientation>-2.0633</orientation>
      <time>17</time>
    </ksState>
    <ksState>
      <x>-408.82366348142955</x>
      <y>-857.1799517962853</y>
      <steeringAngle>0.0</steeringAngle>
      <velocity>0.0</velocity>
      <orientation>-2.0633</orientation>
      <time>18</time>
    </ksState>
    <ksState>
      <x>-408.82366348142955</x>
      <y>-857.1799517962853</y>
      <steeringAngle>0.0</steeringAngle>
      <velocity>0.0</velocity>
      <orientation>-2.0633</orientation>
      <time>19</time>
    </ksState>
    <ksState>
      <x>-408.82366348142955</x>
      <y>-857.1799517962853</y>
      <steeringAngle>0.0</steeringAngle>
      <velocity>0.0</velocity>
      <orientation>-2.0633</orientation>
      <time>20</time>
    </ksState>
    <ksState>
      <x>-408.82366348142955</x>
      <y>-857.1799517962853</y>
      <steeringAngle>0.0</steeringAngle>
      <velocity>0.0</velocity>
      <orientation>-2.0633</orientation>
      <time>21</time>
    </ksState>
    <ksState>
      <x>-408.82366348142955</x>
      <y>-857.1799517962853</y>
      <steeringAngle>0.0</steeringAngle>
      <velocity>0.0</velocity>
      <orientation>-2.0633</orientation>
      <time>22</time>
    </ksState>
    <ksState>
      <x>-408.82366348142955</x>
      <y>-857.1799517962853</y>
      <steeringAngle>0.0</steeringAngle>
      <velocity>0.0</velocity>
      <orientation>-2.0633</orientation>
      <time>23</time>
    </ksState>
    <ksState>
      <x>-408.82366348142955</x>
      <y>-857.1799517962853</y>
      <steeringAngle>0.0</steeringAngle>
      <velocity>0.0</velocity>
      <orientation>-2.0633</orientation>
      <time>24</time>
    </ksState>
    <ksState>
      <x>-408.82366348142955</x>
      <y>-857.1799517962853</y>
      <steeringAngle>0.0</steeringAngle>
      <velocity>0.0</velocity>
      <orientation>-2.0633</orientation>
      <time>25</time>
    </ksState>
    <ksState>
      <x>-408.82366348142955</x>
      <y>-857.1799517962853</y>
      <steeringAngle>0.0</steeringAngle>
      <velocity>0.0</velocity>
      <orientation>-2.0633</orientation>
      <time>26</time>
    </ksState>
    <ksState>
      <x>-408.82366348142955</x>
      <y>-857.1799517962853</y>
      <steeringAngle>0.0</steeringAngle>
      <velocity>0.0</velocity>
      <orientation>-2.0633</orientation>
      <time>27</time>
    </ksState>
    <ksState>
      <x>-408.82366348142955</x>
      <y>-857.1799517962853</y>
      <steeringAngle>0.0</steeringAngle>
      <velocity>0.0</velocity>
      <orientation>-2.0633</orientation>
      <time>28</time>
    </ksState>
    <ksState>
      <x>-408.82366348142955</x>
      <y>-857.1799517962853</y>
      <steeringAngle>0.0</steeringAngle>
      <velocity>0.0</velocity>
      <orientation>-2.0633</orientation>
      <time>29</time>
    </ksState>
    <ksState>
      <x>-408.82366348142955</x>
      <y>-857.1799517962853</y>
      <steeringAngle>0.0</steeringAngle>
      <velocity>0.0</velocity>
      <orientation>-2.0633</orientation>
      <time>30</time>
    </ksState>
    <ksState>
      <x>-408.82366348142955</x>
      <y>-857.1799517962853</y>
      <steeringAngle>0.0</steeringAngle>
      <velocity>0.0</velocity>
      <orientation>-2.0633</orientation>
      <time>31</time>
    </ksState>
    <ksState>
      <x>-408.82366348142955</x>
      <y>-857.1799517962853</y>
      <steeringAngle>0.0</steeringAngle>
      <velocity>0.0</velocity>
      <orientation>-2.0633</orientation>
      <time>32</time>
    </ksState>
    <ksState>
      <x>-408.82366348142955</x>
      <y>-857.1799517962853</y>
      <steeringAngle>0.0</steeringAngle>
      <velocity>0.0</velocity>
      <orientation>-2.0633</orientation>
      <time>33</time>
    </ksState>
  </ksTrajectory>
</CommonRoadSolution>
