<?xml version="1.0" ?>
<CommonRoadSolution benchmark_id="KS2:SM1:DEU_Hennigsdorf-5_4_T-1:2020a" computation_time="0.48860508200004915" date="2023-11-26T00:13:30">
  <ksTrajectory planningProblem="1">
    <ksState>
      <x>-648.57057</x>
      <y>285.84712</y>
      <steeringAngle>0.0</steeringAngle>
      <velocity>4.0</velocity>
      <orientation>-2.01487</orientation>
      <time>0</time>
    </ksState>
    <ksState>
      <x>-648.7252337695435</x>
      <y>285.5220367527376</y>
      <steeringAngle>0.0</steeringAngle>
      <velocity>3.2</velocity>
      <orientation>-2.01487</orientation>
      <time>1</time>
    </ksState>
    <ksState>
      <x>-648.8455278123799</x>
      <y>285.26919422738735</y>
      <steeringAngle>0.0</steeringAngle>
      <velocity>2.4000000000000004</velocity>
      <orientation>-2.01487</orientation>
      <time>2</time>
    </ksState>
    <ksState>
      <x>-648.931452128553</x>
      <y>285.0885924238571</y>
      <steeringAngle>0.0</steeringAngle>
      <velocity>1.6</velocity>
      <orientation>-2.01487</orientation>
      <time>3</time>
    </ksState>
    <ksState>
      <x>-648.9830067180802</x>
      <y>284.98023134211036</y>
      <steeringAngle>0.0</steeringAngle>
      <velocity>0.7999999999999998</velocity>
      <orientation>-2.01487</orientation>
      <time>4</time>
    </ksState>
    <ksState>
      <x>-649.0001915809842</x>
      <y>284.94411098209923</y>
      <steeringAngle>0.0</steeringAngle>
      <velocity>-3.3306690738754696e-16</velocity>
      <orientation>-2.01487</orientation>
      <time>5</time>
    </ksState>
    <ksState>
      <x>-649.0001915809842</x>
      <y>284.94411098209923</y>
      <steeringAngle>0.0</steeringAngle>
      <velocity>0.0</velocity>
      <orientation>-2.01487</orientation>
      <time>6</time>
    </ksState>
    <ksState>
      <x>-649.0001915809842</x>
      <y>284.94411098209923</y>
      <steeringAngle>0.0</steeringAngle>
      <velocity>0.0</velocity>
      <orientation>-2.01487</orientation>
      <time>7</time>
    </ksState>
    <ksState>
      <x>-649.0001915809842</x>
      <y>284.94411098209923</y>
      <steeringAngle>0.0</steeringAngle>
      <velocity>0.0</velocity>
      <orientation>-2.01487</orientation>
      <time>8</time>
    </ksState>
    <ksState>
      <x>-649.0001915809842</x>
      <y>284.94411098209923</y>
      <steeringAngle>0.0</steeringAngle>
      <velocity>0.0</velocity>
      <orientation>-2.01487</orientation>
      <time>9</time>
    </ksState>
    <ksState>
      <x>-649.0001915809842</x>
      <y>284.94411098209923</y>
      <steeringAngle>0.0</steeringAngle>
      <velocity>0.0</velocity>
      <orientation>-2.01487</orientation>
      <time>10</time>
    </ksState>
    <ksState>
      <x>-649.0001915809842</x>
      <y>284.94411098209923</y>
      <steeringAngle>0.0</steeringAngle>
      <velocity>0.0</velocity>
      <orientation>-2.01487</orientation>
      <time>11</time>
    </ksState>
    <ksState>
      <x>-649.0001915809842</x>
      <y>284.94411098209923</y>
      <steeringAngle>0.0</steeringAngle>
      <velocity>0.0</velocity>
      <orientation>-2.01487</orientation>
      <time>12</time>
    </ksState>
    <ksState>
      <x>-649.0001915809842</x>
      <y>284.94411098209923</y>
      <steeringAngle>0.0</steeringAngle>
      <velocity>0.0</velocity>
      <orientation>-2.01487</orientation>
      <time>13</time>
    </ksState>
    <ksState>
      <x>-649.0001915809842</x>
      <y>284.94411098209923</y>
      <steeringAngle>0.0</steeringAngle>
      <velocity>0.0</velocity>
      <orientation>-2.01487</orientation>
      <time>14</time>
    </ksState>
    <ksState>
      <x>-649.0001915809842</x>
      <y>284.94411098209923</y>
      <steeringAngle>0.0</steeringAngle>
      <velocity>0.0</velocity>
      <orientation>-2.01487</orientation>
      <time>15</time>
    </ksState>
    <ksState>
      <x>-649.0173764446281</x>
      <y>284.9079906205328</y>
      <steeringAngle>0.0</steeringAngle>
      <velocity>0.8</velocity>
      <orientation>-2.01487</orientation>
      <time>16</time>
    </ksState>
    <ksState>
      <x>-649.0689310350508</x>
      <y>284.79962953690375</y>
      <steeringAngle>0.0</steeringAngle>
      <velocity>1.6</velocity>
      <orientation>-2.01487</orientation>
      <time>17</time>
    </ksState>
    <ksState>
      <x>-649.154855352177</x>
      <y>284.6190277313702</y>
      <steeringAngle>0.0</steeringAngle>
      <velocity>2.4000000000000004</velocity>
      <orientation>-2.01487</orientation>
      <time>18</time>
    </ksState>
    <ksState>
      <x>-649.275149395984</x>
      <y>284.3661852039799</y>
      <steeringAngle>0.0</steeringAngle>
      <velocity>3.2000000000000006</velocity>
      <orientation>-2.01487</orientation>
      <time>19</time>
    </ksState>
    <ksState>
      <x>-649.4298131664625</x>
      <y>284.0411019547525</y>
      <steeringAngle>0.0</steeringAngle>
      <velocity>4.000000000000001</velocity>
      <orientation>-2.01487</orientation>
      <time>20</time>
    </ksState>
    <ksState>
      <x>-649.6016617997792</x>
      <y>283.6798983456521</y>
      <steeringAngle>0.0</steeringAngle>
      <velocity>4.0</velocity>
      <orientation>-2.01487</orientation>
      <time>21</time>
    </ksState>
    <ksState>
      <x>-649.773510433096</x>
      <y>283.31869473655166</y>
      <steeringAngle>0.0</steeringAngle>
      <velocity>4.0</velocity>
      <orientation>-2.01487</orientation>
      <time>22</time>
    </ksState>
    <ksState>
      <x>-649.9453590664127</x>
      <y>282.95749112745125</y>
      <steeringAngle>0.0</steeringAngle>
      <velocity>4.0</velocity>
      <orientation>-2.01487</orientation>
      <time>23</time>
    </ksState>
    <ksState>
      <x>-650.1172076997294</x>
      <y>282.59628751835083</y>
      <steeringAngle>0.0</steeringAngle>
      <velocity>4.0</velocity>
      <orientation>-2.01487</orientation>
      <time>24</time>
    </ksState>
    <ksState>
      <x>-650.2890563330462</x>
      <y>282.23508390925036</y>
      <steeringAngle>0.0</steeringAngle>
      <velocity>4.0</velocity>
      <orientation>-2.01487</orientation>
      <time>25</time>
    </ksState>
    <ksState>
      <x>-650.4780898301361</x>
      <y>281.83775993831193</y>
      <steeringAngle>0.0</steeringAngle>
      <velocity>4.8</velocity>
      <orientation>-2.01487</orientation>
      <time>26</time>
    </ksState>
    <ksState>
      <x>-650.7014930539088</x>
      <y>281.36819524551254</y>
      <steeringAngle>0.0</steeringAngle>
      <velocity>5.6</velocity>
      <orientation>-2.01487</orientation>
      <time>27</time>
    </ksState>
    <ksState>
      <x>-650.9592660043575</x>
      <y>280.8263898308667</y>
      <steeringAngle>0.0</steeringAngle>
      <velocity>6.4</velocity>
      <orientation>-2.01487</orientation>
      <time>28</time>
    </ksState>
    <ksState>
      <x>-651.251408681478</x>
      <y>280.2123436943828</y>
      <steeringAngle>0.0</steeringAngle>
      <velocity>7.199999999999999</velocity>
      <orientation>-2.01487</orientation>
      <time>29</time>
    </ksState>
    <ksState>
      <x>-651.5779210852678</x>
      <y>279.5260568360662</y>
      <steeringAngle>0.0</steeringAngle>
      <velocity>7.999999999999998</velocity>
      <orientation>-2.01487</orientation>
      <time>30</time>
    </ksState>
    <ksState>
      <x>-651.9122011450384</x>
      <y>278.84348862692076</y>
      <steeringAngle>-0.03553333333333333</steeringAngle>
      <velocity>7.199999999999999</velocity>
      <orientation>-2.0200150129824923</orientation>
      <time>31</time>
    </ksState>
    <ksState>
      <x>-652.2291434275695</x>
      <y>278.2415631628004</y>
      <steeringAngle>-0.07106666666666664</steeringAngle>
      <velocity>6.400000000000001</velocity>
      <orientation>-2.0339916851034556</orientation>
      <time>32</time>
    </ksState>
    <ksState>
      <x>-652.5284994909058</x>
      <y>277.72078460407334</y>
      <steeringAngle>-0.10659999999999997</steeringAngle>
      <velocity>5.600000000000004</velocity>
      <orientation>-2.054623452969337</orientation>
      <time>33</time>
    </ksState>
  </ksTrajectory>
</CommonRoadSolution>
