<?xml version="1.0" ?>
<CommonRoadSolution benchmark_id="KS2:SM1:DEU_Flensburg-67_1_T-1:2020a" computation_time="23.169972963999953" date="2023-11-26T00:13:30">
  <ksTrajectory planningProblem="123">
    <ksState>
      <x>451.43493</x>
      <y>-391.28574</y>
      <steeringAngle>0.0</steeringAngle>
      <velocity>4.0</velocity>
      <orientation>-1.7319076</orientation>
      <time>0</time>
    </ksState>
    <ksState>
      <x>451.36434731744845</x>
      <y>-391.72004183723783</y>
      <steeringAngle>0.0</steeringAngle>
      <velocity>4.8</velocity>
      <orientation>-1.7319076</orientation>
      <time>1</time>
    </ksState>
    <ksState>
      <x>451.2809314199102</x>
      <y>-392.23330764474275</y>
      <steeringAngle>0.0</steeringAngle>
      <velocity>5.6</velocity>
      <orientation>-1.7319076</orientation>
      <time>2</time>
    </ksState>
    <ksState>
      <x>451.1846823073879</x>
      <y>-392.825537422499</y>
      <steeringAngle>0.0</steeringAngle>
      <velocity>6.4</velocity>
      <orientation>-1.7319076</orientation>
      <time>3</time>
    </ksState>
    <ksState>
      <x>451.07559997988295</x>
      <y>-393.4967311704973</y>
      <steeringAngle>0.0</steeringAngle>
      <velocity>7.199999999999999</velocity>
      <orientation>-1.7319076</orientation>
      <time>4</time>
    </ksState>
    <ksState>
      <x>450.9536844373964</x>
      <y>-394.24688888873186</y>
      <steeringAngle>0.0</steeringAngle>
      <velocity>7.999999999999998</velocity>
      <orientation>-1.7319076</orientation>
      <time>5</time>
    </ksState>
    <ksState>
      <x>450.8345481885899</x>
      <y>-395.0379986974129</y>
      <steeringAngle>0.03553333333333333</steeringAngle>
      <velocity>8.0</velocity>
      <orientation>-1.726395064997161</orientation>
      <time>6</time>
    </ksState>
    <ksState>
      <x>450.7396808760688</x>
      <y>-395.8326717541189</y>
      <steeringAngle>0.07106666666666667</steeringAngle>
      <velocity>8.0</velocity>
      <orientation>-1.7098435441168915</orientation>
      <time>7</time>
    </ksState>
    <ksState>
      <x>450.6780301764029</x>
      <y>-396.63119886940905</y>
      <steeringAngle>0.10659999999999997</steeringAngle>
      <velocity>8.0</velocity>
      <orientation>-1.6822110648261968</orientation>
      <time>8</time>
    </ksState>
    <ksState>
      <x>450.6587187887949</x>
      <y>-397.43276525110326</y>
      <steeringAngle>0.1421333333333333</steeringAngle>
      <velocity>8.0</velocity>
      <orientation>-1.6434272125534617</orientation>
      <time>9</time>
    </ksState>
    <ksState>
      <x>450.6909905817461</x>
      <y>-398.235126695974</y>
      <steeringAngle>0.17766666666666667</steeringAngle>
      <velocity>8.0</velocity>
      <orientation>-1.5933924003043072</orientation>
      <time>10</time>
    </ksState>
    <ksState>
      <x>450.7781216776896</x>
      <y>-398.99446631200084</y>
      <steeringAngle>0.21320000000000014</steeringAngle>
      <velocity>7.200000000000003</velocity>
      <orientation>-1.5351430732328144</orientation>
      <time>11</time>
    </ksState>
    <ksState>
      <x>450.91069948240835</x>
      <y>-399.6670243475542</y>
      <steeringAngle>0.24873333333333347</steeringAngle>
      <velocity>6.400000000000004</velocity>
      <orientation>-1.473225985747035</orientation>
      <time>12</time>
    </ksState>
    <ksState>
      <x>451.07706324603225</x>
      <y>-400.2503437150295</y>
      <steeringAngle>0.2842666666666668</steeringAngle>
      <velocity>5.600000000000001</velocity>
      <orientation>-1.409803842983114</orientation>
      <time>13</time>
    </ksState>
    <ksState>
      <x>451.26370838104884</x>
      <y>-400.7436757125843</y>
      <steeringAngle>0.3198</steeringAngle>
      <velocity>4.800000000000002</velocity>
      <orientation>-1.3470747432411612</orientation>
      <time>14</time>
    </ksState>
    <ksState>
      <x>451.4561801761026</x>
      <y>-401.1482598310666</y>
      <steeringAngle>0.3553333333333332</steeringAngle>
      <velocity>4.000000000000001</velocity>
      <orientation>-1.2872849091929464</orientation>
      <time>15</time>
    </ksState>
    <ksState>
      <x>451.66161185716027</x>
      <y>-401.5020572946649</y>
      <steeringAngle>0.39086666666666653</steeringAngle>
      <velocity>4.0</velocity>
      <orientation>-1.2265645428869592</orientation>
      <time>16</time>
    </ksState>
    <ksState>
      <x>451.89774488606747</x>
      <y>-401.83861082237</y>
      <steeringAngle>0.42639999999999995</steeringAngle>
      <velocity>4.0</velocity>
      <orientation>-1.1593949294305554</orientation>
      <time>17</time>
    </ksState>
    <ksState>
      <x>452.16550599461254</x>
      <y>-402.15358611789566</y>
      <steeringAngle>0.4619333333333333</steeringAngle>
      <velocity>4.0</velocity>
      <orientation>-1.0855743457982117</orientation>
      <time>18</time>
    </ksState>
    <ksState>
      <x>452.46522426274737</x>
      <y>-402.4420365826309</y>
      <steeringAngle>0.49746666666666667</steeringAngle>
      <velocity>4.0</velocity>
      <orientation>-1.0048738039849912</orientation>
      <time>19</time>
    </ksState>
    <ksState>
      <x>452.79645783108066</x>
      <y>-402.69841255411035</y>
      <steeringAngle>0.533</steeringAngle>
      <velocity>4.0</velocity>
      <orientation>-0.9170339373851826</orientation>
      <time>20</time>
    </ksState>
    <ksState>
      <x>453.14927727908093</x>
      <y>-402.92443023917485</y>
      <steeringAngle>0.4974666666666666</steeringAngle>
      <velocity>4.0</velocity>
      <orientation>-0.8291940705457334</orientation>
      <time>21</time>
    </ksState>
    <ksState>
      <x>453.5126757833225</x>
      <y>-403.1271206858887</y>
      <steeringAngle>0.4619333333333334</steeringAngle>
      <velocity>4.0</velocity>
      <orientation>-0.7484935287585632</orientation>
      <time>22</time>
    </ksState>
    <ksState>
      <x>453.88425548182533</x>
      <y>-403.30858312703805</y>
      <steeringAngle>0.42640000000000017</steeringAngle>
      <velocity>4.0</velocity>
      <orientation>-0.6746729455087581</orientation>
      <time>23</time>
    </ksState>
    <ksState>
      <x>454.26204646719776</x>
      <y>-403.471016009116</y>
      <steeringAngle>0.3908666666666668</steeringAngle>
      <velocity>4.0</velocity>
      <orientation>-0.6075033326458956</orientation>
      <time>24</time>
    </ksState>
    <ksState>
      <x>454.6444492138689</x>
      <y>-403.61667364090096</y>
      <steeringAngle>0.3553333333333335</steeringAngle>
      <velocity>4.0</velocity>
      <orientation>-0.5467829647676098</orientation>
      <time>25</time>
    </ksState>
    <ksState>
      <x>455.06906475127323</x>
      <y>-403.75992216097586</y>
      <steeringAngle>0.31979999999999975</steeringAngle>
      <velocity>4.800000000000001</velocity>
      <orientation>-0.48699312973586123</orientation>
      <time>26</time>
    </ksState>
    <ksState>
      <x>455.5753539019205</x>
      <y>-403.90826495058354</y>
      <steeringAngle>0.28426666666666645</steeringAngle>
      <velocity>5.600000000000004</velocity>
      <orientation>-0.4242640296045377</orientation>
      <time>27</time>
    </ksState>
    <ksState>
      <x>456.164304119027</x>
      <y>-404.05399118601133</y>
      <steeringAngle>0.2487333333333331</steeringAngle>
      <velocity>6.400000000000004</velocity>
      <orientation>-0.3608418929118618</orientation>
      <time>28</time>
    </ksState>
    <ksState>
      <x>456.8362478457089</x>
      <y>-404.1903731613337</y>
      <steeringAngle>0.21319999999999992</steeringAngle>
      <velocity>7.200000000000004</velocity>
      <orientation>-0.2989248042340628</orientation>
      <time>29</time>
    </ksState>
    <ksState>
      <x>457.59091953615047</x>
      <y>-404.3123870883898</y>
      <steeringAngle>0.17766666666666656</steeringAngle>
      <velocity>8.000000000000004</velocity>
      <orientation>-0.24067547463309757</orientation>
      <time>30</time>
    </ksState>
    <ksState>
      <x>458.38769898059644</x>
      <y>-404.41329569292174</y>
      <steeringAngle>0.14213333333333336</steeringAngle>
      <velocity>8.0</velocity>
      <orientation>-0.19064066308434913</orientation>
      <time>31</time>
    </ksState>
    <ksState>
      <x>459.1854770713392</x>
      <y>-404.49451408651595</y>
      <steeringAngle>0.1066000000000001</steeringAngle>
      <velocity>8.0</velocity>
      <orientation>-0.1518568110773518</orientation>
      <time>32</time>
    </ksState>
    <ksState>
      <x>459.9833528180594</x>
      <y>-404.56492095466456</y>
      <steeringAngle>0.07106666666666674</steeringAngle>
      <velocity>8.0</velocity>
      <orientation>-0.12422433204766489</orientation>
      <time>33</time>
    </ksState>
    <ksState>
      <x>460.7807812216843</x>
      <y>-404.6333492384365</y>
      <steeringAngle>0.035533333333333354</steeringAngle>
      <velocity>8.0</velocity>
      <orientation>-0.10767281141863555</orientation>
      <time>34</time>
    </ksState>
    <ksState>
      <x>461.57727916221927</x>
      <y>-404.708597733562</y>
      <steeringAngle>2.0816681711721685e-17</steeringAngle>
      <velocity>8.0</velocity>
      <orientation>-0.10216028496023072</orientation>
      <time>35</time>
    </ksState>
    <ksState>
      <x>462.3721344060064</x>
      <y>-404.7994454996057</y>
      <steeringAngle>-0.03553333333333333</steeringAngle>
      <velocity>8.0</velocity>
      <orientation>-0.1076728199630695</orientation>
      <time>36</time>
    </ksState>
    <ksState>
      <x>463.1641143549656</x>
      <y>-404.9146532879107</y>
      <steeringAngle>-0.07106666666666667</steeringAngle>
      <velocity>8.0</velocity>
      <orientation>-0.12422434084333914</orientation>
      <time>37</time>
    </ksState>
    <ksState>
      <x>463.9511712491621</x>
      <y>-405.0629361524657</y>
      <steeringAngle>-0.10659999999999997</steeringAngle>
      <velocity>8.0</velocity>
      <orientation>-0.15185682013403404</orientation>
      <time>38</time>
    </ksState>
    <ksState>
      <x>464.730144272817</x>
      <y>-405.2528904163599</y>
      <steeringAngle>-0.1421333333333333</steeringAngle>
      <velocity>8.0</velocity>
      <orientation>-0.19064067240676896</orientation>
      <time>39</time>
    </ksState>
    <ksState>
      <x>465.49646091805096</x>
      <y>-405.4928574059077</y>
      <steeringAngle>-0.17766666666666667</steeringAngle>
      <velocity>8.0</velocity>
      <orientation>-0.24067548465592364</orientation>
      <time>40</time>
    </ksState>
    <ksState>
      <x>466.2120733344459</x>
      <y>-405.75756906303616</y>
      <steeringAngle>-0.1421333333333334</steeringAngle>
      <velocity>7.2</velocity>
      <orientation>-0.2883028064015606</orientation>
      <time>41</time>
    </ksState>
    <ksState>
      <x>466.8464159103832</x>
      <y>-406.0070284655537</y>
      <steeringAngle>-0.10660000000000011</steeringAngle>
      <velocity>6.4</velocity>
      <orientation>-0.3213623768495285</orientation>
      <time>42</time>
    </ksState>
    <ksState>
      <x>467.40390361114356</x>
      <y>-406.2308502029832</y>
      <steeringAngle>-0.07106666666666674</steeringAngle>
      <velocity>5.600000000000001</velocity>
      <orientation>-0.342179325143417</orientation>
      <time>43</time>
    </ksState>
    <ksState>
      <x>467.88743601371834</x>
      <y>-406.4227919756767</y>
      <steeringAngle>-0.03553333333333339</steeringAngle>
      <velocity>4.800000000000001</velocity>
      <orientation>-0.3530299348010799</orientation>
      <time>44</time>
    </ksState>
    <ksState>
      <x>468.29844246221745</x>
      <y>-406.57993921192985</y>
      <steeringAngle>-5.5294310796760726e-17</steeringAngle>
      <velocity>4.0</velocity>
      <orientation>-0.3561537106382454</orientation>
      <time>45</time>
    </ksState>
    <ksState>
      <x>468.71253507483397</x>
      <y>-406.72875089702524</y>
      <steeringAngle>0.035533333333333326</steeringAngle>
      <velocity>4.799999999999999</velocity>
      <orientation>-0.3530299319690546</orientation>
      <time>46</time>
    </ksState>
    <ksState>
      <x>469.20658479414584</x>
      <y>-406.891664678513</y>
      <steeringAngle>0.07106666666666667</steeringAngle>
      <velocity>5.599999999999998</velocity>
      <orientation>-0.34217932090788183</orientation>
      <time>47</time>
    </ksState>
    <ksState>
      <x>469.7833654764493</x>
      <y>-407.0594843280603</y>
      <steeringAngle>0.10659999999999999</steeringAngle>
      <velocity>6.3999999999999995</velocity>
      <orientation>-0.32136237190755385</orientation>
      <time>48</time>
    </ksState>
    <ksState>
      <x>470.44593997066704</x>
      <y>-407.21921580817144</y>
      <steeringAngle>0.14213333333333333</steeringAngle>
      <velocity>7.199999999999999</velocity>
      <orientation>-0.28830280092638866</orientation>
      <time>49</time>
    </ksState>
    <ksState>
      <x>471.19697625312915</x>
      <y>-407.3531319638031</y>
      <steeringAngle>0.17766666666666664</steeringAngle>
      <velocity>7.9999999999999964</velocity>
      <orientation>-0.24067547884484203</orientation>
      <time>50</time>
    </ksState>
    <ksState>
      <x>471.9555206212603</x>
      <y>-407.44112108837595</y>
      <steeringAngle>0.17766666666666667</steeringAngle>
      <velocity>7.2</velocity>
      <orientation>-0.18775955140046466</orientation>
      <time>51</time>
    </ksState>
    <ksState>
      <x>472.6373264450266</x>
      <y>-407.48574087826006</y>
      <steeringAngle>0.17766666666666667</steeringAngle>
      <velocity>6.4</velocity>
      <orientation>-0.14041372160765347</orientation>
      <time>52</time>
    </ksState>
    <ksState>
      <x>473.2400888996868</x>
      <y>-407.49827386157796</y>
      <steeringAngle>0.17766666666666667</steeringAngle>
      <velocity>5.599999999999999</velocity>
      <orientation>-0.09863798945246871</orientation>
      <time>53</time>
    </ksState>
    <ksState>
      <x>473.7625188514226</x>
      <y>-407.4887639801771</y>
      <steeringAngle>0.17766666666666667</steeringAngle>
      <velocity>4.799999999999999</velocity>
      <orientation>-0.062432354930954226</orientation>
      <time>54</time>
    </ksState>
    <ksState>
      <x>474.2040660846571</x>
      <y>-407.46595027116683</y>
      <steeringAngle>0.17766666666666667</steeringAngle>
      <velocity>4.0</velocity>
      <orientation>-0.03179681804162421</orientation>
      <time>55</time>
    </ksState>
    <ksState>
      <x>474.60487348292736</x>
      <y>-407.4378907615062</y>
      <steeringAngle>0.1421333333333333</steeringAngle>
      <velocity>4.0</velocity>
      <orientation>-0.0067794116971009</orientation>
      <time>56</time>
    </ksState>
    <ksState>
      <x>475.00498658919514</x>
      <y>-407.4089439377352</y>
      <steeringAngle>0.10659999999999999</steeringAngle>
      <velocity>4.0</velocity>
      <orientation>0.012612514593649676</orientation>
      <time>57</time>
    </ksState>
    <ksState>
      <x>475.4047218781467</x>
      <y>-407.38129008897386</y>
      <steeringAngle>0.07106666666666664</steeringAngle>
      <velocity>4.0</velocity>
      <orientation>0.026428754328602595</orientation>
      <time>58</time>
    </ksState>
    <ksState>
      <x>475.8043702919787</x>
      <y>-407.3571021429616</y>
      <steeringAngle>0.03553333333333332</steeringAngle>
      <velocity>4.0</velocity>
      <orientation>0.03470451479086796</orientation>
      <time>59</time>
    </ksState>
    <ksState>
      <x>476.204163518578</x>
      <y>-407.33855807832356</y>
      <steeringAngle>-2.2985086056692694e-17</steeringAngle>
      <velocity>4.0</velocity>
      <orientation>0.037460778085708316</orientation>
      <time>60</time>
    </ksState>
    <ksState>
      <x>476.604163518578</x>
      <y>-407.3235737670893</y>
      <steeringAngle>0.0</steeringAngle>
      <velocity>4.0</velocity>
      <orientation>0.037460778085708316</orientation>
      <time>61</time>
    </ksState>
    <ksState>
      <x>477.004163518578</x>
      <y>-407.308589455855</y>
      <steeringAngle>0.0</steeringAngle>
      <velocity>4.0</velocity>
      <orientation>0.037460778085708316</orientation>
      <time>62</time>
    </ksState>
    <ksState>
      <x>477.404163518578</x>
      <y>-407.2936051446207</y>
      <steeringAngle>0.0</steeringAngle>
      <velocity>4.0</velocity>
      <orientation>0.037460778085708316</orientation>
      <time>63</time>
    </ksState>
    <ksState>
      <x>477.80416351857804</x>
      <y>-407.2786208333864</y>
      <steeringAngle>0.0</steeringAngle>
      <velocity>4.0</velocity>
      <orientation>0.037460778085708316</orientation>
      <time>64</time>
    </ksState>
    <ksState>
      <x>478.204163518578</x>
      <y>-407.2636365221521</y>
      <steeringAngle>0.0</steeringAngle>
      <velocity>4.0</velocity>
      <orientation>0.037460778085708316</orientation>
      <time>65</time>
    </ksState>
    <ksState>
      <x>478.6043184257632</x>
      <y>-407.25293855678194</y>
      <steeringAngle>-0.035533333333333326</steeringAngle>
      <velocity>4.0</velocity>
      <orientation>0.03470450355310792</orientation>
      <time>66</time>
    </ksState>
    <ksState>
      <x>479.00476523213047</x>
      <y>-407.252296535805</y>
      <steeringAngle>-0.07106666666666711</steeringAngle>
      <velocity>4.0</velocity>
      <orientation>0.026428743009822495</orientation>
      <time>67</time>
    </ksState>
    <ksState>
      <x>479.40534650111584</x>
      <y>-407.2639578147986</y>
      <steeringAngle>-0.10660000000000043</steeringAngle>
      <velocity>4.0</velocity>
      <orientation>0.012612503190685648</orientation>
      <time>68</time>
    </ksState>
    <ksState>
      <x>479.8056989783422</x>
      <y>-407.2901993751983</y>
      <steeringAngle>-0.14213333333333378</steeringAngle>
      <velocity>4.0</velocity>
      <orientation>-0.006779423194860183</orientation>
      <time>69</time>
    </ksState>
    <ksState>
      <x>480.20521164316835</x>
      <y>-407.3333229235875</y>
      <steeringAngle>-0.1776666666666672</steeringAngle>
      <velocity>4.0</velocity>
      <orientation>-0.031796829646257505</orientation>
      <time>70</time>
    </ksState>
    <ksState>
      <x>480.60317184760726</x>
      <y>-407.3911904256053</y>
      <steeringAngle>-0.17766666666666667</steeringAngle>
      <velocity>4.0</velocity>
      <orientation>-0.0596473178015134</orientation>
      <time>71</time>
    </ksState>
    <ksState>
      <x>480.99936632923044</x>
      <y>-407.4601174388962</y>
      <steeringAngle>-0.17766666666666667</steeringAngle>
      <velocity>4.0</velocity>
      <orientation>-0.08749780595676929</orientation>
      <time>72</time>
    </ksState>
    <ksState>
      <x>481.39348776546854</x>
      <y>-407.54005050535113</y>
      <steeringAngle>-0.17766666666666667</steeringAngle>
      <velocity>4.0</velocity>
      <orientation>-0.11534829411202517</orientation>
      <time>73</time>
    </ksState>
    <ksState>
      <x>481.7852304756618</x>
      <y>-407.6309276286258</y>
      <steeringAngle>-0.17766666666666667</steeringAngle>
      <velocity>4.0</velocity>
      <orientation>-0.14319878226728103</orientation>
      <time>74</time>
    </ksState>
    <ksState>
      <x>482.1742906240672</x>
      <y>-407.7326783254955</y>
      <steeringAngle>-0.17766666666666667</steeringAngle>
      <velocity>4.0</velocity>
      <orientation>-0.17104927042253687</orientation>
      <time>75</time>
    </ksState>
    <ksState>
      <x>482.5601669252863</x>
      <y>-407.84519070800087</y>
      <steeringAngle>-0.17766666666666667</steeringAngle>
      <velocity>4.0</velocity>
      <orientation>-0.19889975857779277</orientation>
      <time>76</time>
    </ksState>
    <ksState>
      <x>482.9427604997261</x>
      <y>-407.9684049163994</y>
      <steeringAngle>-0.17766666666666667</steeringAngle>
      <velocity>4.0</velocity>
      <orientation>-0.22675024673304867</orientation>
      <time>77</time>
    </ksState>
    <ksState>
      <x>483.3217745737947</x>
      <y>-408.10222538268107</y>
      <steeringAngle>-0.17766666666666667</steeringAngle>
      <velocity>4.0</velocity>
      <orientation>-0.25460073488830454</orientation>
      <time>78</time>
    </ksState>
    <ksState>
      <x>483.69691518413924</x>
      <y>-408.246548315427</y>
      <steeringAngle>-0.17766666666666667</steeringAngle>
      <velocity>4.0</velocity>
      <orientation>-0.2824512230435604</orientation>
      <time>79</time>
    </ksState>
    <ksState>
      <x>484.06789137145756</x>
      <y>-408.40126177881797</y>
      <steeringAngle>-0.17766666666666667</steeringAngle>
      <velocity>4.0</velocity>
      <orientation>-0.3103017111988162</orientation>
      <time>80</time>
    </ksState>
    <ksState>
      <x>484.43586979201604</x>
      <y>-408.56208378961435</y>
      <steeringAngle>-0.1421333333333333</steeringAngle>
      <velocity>4.0</velocity>
      <orientation>-0.33531911754333954</orientation>
      <time>81</time>
    </ksState>
    <ksState>
      <x>484.8028980509542</x>
      <y>-408.7235045780021</y>
      <steeringAngle>-0.10659999999999999</steeringAngle>
      <velocity>4.0</velocity>
      <orientation>-0.35471104383409013</orientation>
      <time>82</time>
    </ksState>
    <ksState>
      <x>485.1700053615013</x>
      <y>-408.883577447401</y>
      <steeringAngle>-0.07106666666666664</steeringAngle>
      <velocity>4.0</velocity>
      <orientation>-0.368527283569043</orientation>
      <time>83</time>
    </ksState>
    <ksState>
      <x>485.538194364859</x>
      <y>-409.04035404326453</y>
      <steeringAngle>-0.03553333333333332</steeringAngle>
      <velocity>4.0</velocity>
      <orientation>-0.3768030440313084</orientation>
      <time>84</time>
    </ksState>
    <ksState>
      <x>485.9084135435355</x>
      <y>-409.1918613561495</y>
      <steeringAngle>2.2985086056692694e-17</steeringAngle>
      <velocity>4.0</velocity>
      <orientation>-0.37955930732614873</orientation>
      <time>85</time>
    </ksState>
    <ksState>
      <x>486.2815285058607</x>
      <y>-409.3360800710698</y>
      <steeringAngle>0.035533333333333326</steeringAngle>
      <velocity>4.0</velocity>
      <orientation>-0.3768030327935483</orientation>
      <time>86</time>
    </ksState>
    <ksState>
      <x>486.6582913361521</x>
      <y>-409.4709249313968</y>
      <steeringAngle>0.07106666666666711</steeringAngle>
      <velocity>4.0</velocity>
      <orientation>-0.36852727225026294</orientation>
      <time>87</time>
    </ksState>
    <ksState>
      <x>487.03930712089175</x>
      <y>-409.59422746123585</y>
      <steeringAngle>0.10660000000000043</steeringAngle>
      <velocity>4.0</velocity>
      <orientation>-0.35471103243112606</orientation>
      <time>88</time>
    </ksState>
    <ksState>
      <x>487.4249970398837</x>
      <y>-409.703722255163</y>
      <steeringAngle>0.14213333333333378</steeringAngle>
      <velocity>4.0</velocity>
      <orientation>-0.33531910604558024</orientation>
      <time>89</time>
    </ksState>
    <ksState>
      <x>487.81555722897804</x>
      <y>-409.7970375334973</y>
      <steeringAngle>0.1776666666666672</steeringAngle>
      <velocity>4.0</velocity>
      <orientation>-0.3103016995941829</orientation>
      <time>90</time>
    </ksState>
    <ksState>
      <x>488.2084400751996</x>
      <y>-409.88019344909054</y>
      <steeringAngle>0.1421333333333333</steeringAngle>
      <velocity>4.0</velocity>
      <orientation>-0.2852842932496596</orientation>
      <time>91</time>
    </ksState>
    <ksState>
      <x>488.60089814345025</x>
      <y>-409.96230969868736</y>
      <steeringAngle>0.10659999999999999</steeringAngle>
      <velocity>4.0</velocity>
      <orientation>-0.26589236695890905</orientation>
      <time>92</time>
    </ksState>
    <ksState>
      <x>488.9926366722244</x>
      <y>-410.04556848830504</y>
      <steeringAngle>0.07106666666666664</steeringAngle>
      <velocity>4.0</velocity>
      <orientation>-0.2520761272239561</orientation>
      <time>93</time>
    </ksState>
    <ksState>
      <x>489.3833383187849</x>
      <y>-410.1321379204331</y>
      <steeringAngle>0.03553333333333332</steeringAngle>
      <velocity>4.0</velocity>
      <orientation>-0.24380036676169076</orientation>
      <time>94</time>
    </ksState>
    <ksState>
      <x>489.77262734332993</x>
      <y>-410.2241746603057</y>
      <steeringAngle>-2.2985086056692694e-17</steeringAngle>
      <velocity>4.0</velocity>
      <orientation>-0.2410441034668504</orientation>
      <time>95</time>
    </ksState>
    <ksState>
      <x>490.12221947568275</x>
      <y>-410.310112662709</y>
      <steeringAngle>0.0</steeringAngle>
      <velocity>3.2</velocity>
      <orientation>-0.2410441034668504</orientation>
      <time>96</time>
    </ksState>
    <ksState>
      <x>490.39412446719206</x>
      <y>-410.3769533311661</y>
      <steeringAngle>0.0</steeringAngle>
      <velocity>2.4000000000000004</velocity>
      <orientation>-0.2410441034668504</orientation>
      <time>97</time>
    </ksState>
    <ksState>
      <x>490.5883423179567</x>
      <y>-410.42469666570116</y>
      <steeringAngle>0.0</steeringAngle>
      <velocity>1.6</velocity>
      <orientation>-0.2410441034668504</orientation>
      <time>98</time>
    </ksState>
    <ksState>
      <x>490.70487302801615</x>
      <y>-410.4533426663241</y>
      <steeringAngle>0.0</steeringAngle>
      <velocity>0.7999999999999998</velocity>
      <orientation>-0.2410441034668504</orientation>
      <time>99</time>
    </ksState>
  </ksTrajectory>
</CommonRoadSolution>
