<?xml version="1.0" ?>
<CommonRoadSolution benchmark_id="KS2:SM1:ITA_CarpiCentro-5_1_T-1:2020a" computation_time="0.3820044690000941" date="2023-11-26T00:13:30">
  <ksTrajectory planningProblem="1">
    <ksState>
      <x>-346.2211</x>
      <y>-280.57061</y>
      <steeringAngle>0.0</steeringAngle>
      <velocity>8.0</velocity>
      <orientation>1.1619202</orientation>
      <time>0</time>
    </ksState>
    <ksState>
      <x>-345.9268507156166</x>
      <y>-279.86985335384094</y>
      <steeringAngle>0.03553333333333333</steeringAngle>
      <velocity>7.199999999999999</velocity>
      <orientation>1.1670652129824923</orientation>
      <time>1</time>
    </ksState>
    <ksState>
      <x>-345.6819393100214</x>
      <y>-279.23519984347325</y>
      <steeringAngle>0.07106666666666664</steeringAngle>
      <velocity>6.400000000000001</velocity>
      <orientation>1.1810418851034554</orientation>
      <time>2</time>
    </ksState>
    <ksState>
      <x>-345.4865821126677</x>
      <y>-278.667168219945</y>
      <steeringAngle>0.10659999999999997</steeringAngle>
      <velocity>5.600000000000004</velocity>
      <orientation>1.2016736529693368</orientation>
      <time>3</time>
    </ksState>
    <ksState>
      <x>-345.33826697335087</x>
      <y>-278.1675256486106</y>
      <steeringAngle>0.1421333333333333</steeringAngle>
      <velocity>4.800000000000003</velocity>
      <orientation>1.226789860477985</orientation>
      <time>4</time>
    </ksState>
    <ksState>
      <x>-345.23226245656457</x>
      <y>-277.7387419641239</y>
      <steeringAngle>0.17766666666666653</steeringAngle>
      <velocity>4.000000000000006</velocity>
      <orientation>1.2542147570631348</orientation>
      <time>5</time>
    </ksState>
    <ksState>
      <x>-345.1433286031732</x>
      <y>-277.3056424461031</y>
      <steeringAngle>0.17766666666666667</steeringAngle>
      <velocity>4.800000000000002</velocity>
      <orientation>1.284850294105469</orientation>
      <time>6</time>
    </ksState>
    <ksState>
      <x>-345.0553879851812</x>
      <y>-276.7905794024972</y>
      <steeringAngle>0.17766666666666667</steeringAngle>
      <velocity>5.600000000000001</velocity>
      <orientation>1.321055928782009</orientation>
      <time>7</time>
    </ksState>
    <ksState>
      <x>-344.9771630349664</x>
      <y>-276.1927830187066</y>
      <steeringAngle>0.17766666666666667</steeringAngle>
      <velocity>6.3999999999999995</velocity>
      <orientation>1.3628316610916489</orientation>
      <time>8</time>
    </ksState>
    <ksState>
      <x>-344.91877735626963</x>
      <y>-275.51201784098714</y>
      <steeringAngle>0.17766666666666667</steeringAngle>
      <velocity>7.200000000000002</velocity>
      <orientation>1.410177491033746</orientation>
      <time>9</time>
    </ksState>
    <ksState>
      <x>-344.8917317476222</x>
      <y>-274.7488663568578</y>
      <steeringAngle>0.17766666666666667</steeringAngle>
      <velocity>8.0</velocity>
      <orientation>1.4630934186078959</orientation>
      <time>10</time>
    </ksState>
    <ksState>
      <x>-344.89735180205435</x>
      <y>-273.94574217931836</y>
      <steeringAngle>0.14213333333333336</steeringAngle>
      <velocity>8.0</velocity>
      <orientation>1.5131282301566442</orientation>
      <time>11</time>
    </ksState>
    <ksState>
      <x>-344.9226206471118</x>
      <y>-273.14423872018875</y>
      <steeringAngle>0.1066000000000001</steeringAngle>
      <velocity>8.0</velocity>
      <orientation>1.5519120821636416</orientation>
      <time>12</time>
    </ksState>
    <ksState>
      <x>-344.95861852260975</x>
      <y>-272.34407187055893</y>
      <steeringAngle>0.07106666666666674</steeringAngle>
      <velocity>8.0</velocity>
      <orientation>1.5795445611933285</orientation>
      <time>13</time>
    </ksState>
    <ksState>
      <x>-344.9965182066558</x>
      <y>-271.54461073774706</y>
      <steeringAngle>0.035533333333333354</steeringAngle>
      <velocity>8.0</velocity>
      <orientation>1.596096081822358</orientation>
      <time>14</time>
    </ksState>
    <ksState>
      <x>-345.0275345252599</x>
      <y>-270.7451676232759</y>
      <steeringAngle>2.0816681711721685e-17</steeringAngle>
      <velocity>8.0</velocity>
      <orientation>1.6016086082807628</orientation>
      <time>15</time>
    </ksState>
    <ksState>
      <x>-345.04233972490505</x>
      <y>-269.98528386600793</y>
      <steeringAngle>-0.03553333333333333</steeringAngle>
      <velocity>7.199999999999999</velocity>
      <orientation>1.5964635952982704</orientation>
      <time>16</time>
    </ksState>
    <ksState>
      <x>-345.0356913390636</x>
      <y>-269.30504679426144</y>
      <steeringAngle>-0.07106666666666664</steeringAngle>
      <velocity>6.400000000000001</velocity>
      <orientation>1.5824869231773073</orientation>
      <time>17</time>
    </ksState>
    <ksState>
      <x>-345.0075797975283</x>
      <y>-268.70501837733553</y>
      <steeringAngle>-0.10659999999999997</steeringAngle>
      <velocity>5.600000000000004</velocity>
      <orientation>1.561855155311426</orientation>
      <time>18</time>
    </ksState>
    <ksState>
      <x>-344.96099214424896</x>
      <y>-268.185913695983</y>
      <steeringAngle>-0.1421333333333333</steeringAngle>
      <velocity>4.800000000000003</velocity>
      <orientation>1.5367389478027778</orientation>
      <time>19</time>
    </ksState>
    <ksState>
      <x>-344.9012373554001</x>
      <y>-267.74828169204505</y>
      <steeringAngle>-0.17766666666666653</steeringAngle>
      <velocity>4.000000000000006</velocity>
      <orientation>1.509314051217628</orientation>
      <time>20</time>
    </ksState>
    <ksState>
      <x>-344.83905449983934</x>
      <y>-267.391913694245</y>
      <steeringAngle>-0.17766666666666667</steeringAngle>
      <velocity>3.2000000000000006</velocity>
      <orientation>1.4842486119494505</orientation>
      <time>21</time>
    </ksState>
    <ksState>
      <x>-344.7845264367708</x>
      <y>-267.11588201452804</y>
      <steeringAngle>-0.17766666666666667</steeringAngle>
      <velocity>2.4000000000000012</velocity>
      <orientation>1.4647532703194206</orientation>
      <time>22</time>
    </ksState>
    <ksState>
      <x>-344.7422883893398</x>
      <y>-266.9193933451181</y>
      <steeringAngle>-0.17766666666666667</steeringAngle>
      <velocity>1.6000000000000005</velocity>
      <orientation>1.4508280263204396</orientation>
      <time>23</time>
    </ksState>
    <ksState>
      <x>-344.7156336608585</x>
      <y>-266.8017891702914</y>
      <steeringAngle>-0.17766666666666667</steeringAngle>
      <velocity>0.8000000000000004</velocity>
      <orientation>1.4424728799496855</orientation>
      <time>24</time>
    </ksState>
    <ksState>
      <x>-344.70653050069217</x>
      <y>-266.76263777705987</y>
      <steeringAngle>-0.17766666666666667</steeringAngle>
      <velocity>2.7755575615628914e-16</velocity>
      <orientation>1.4396878312034702</orientation>
      <time>25</time>
    </ksState>
    <ksState>
      <x>-344.70653050069217</x>
      <y>-266.76263777705987</y>
      <steeringAngle>-0.14213333333333336</steeringAngle>
      <velocity>0.0</velocity>
      <orientation>1.4396878312034702</orientation>
      <time>26</time>
    </ksState>
    <ksState>
      <x>-344.70653050069217</x>
      <y>-266.76263777705987</y>
      <steeringAngle>-0.10660000000000001</steeringAngle>
      <velocity>0.0</velocity>
      <orientation>1.4396878312034702</orientation>
      <time>27</time>
    </ksState>
    <ksState>
      <x>-344.70653050069217</x>
      <y>-266.76263777705987</y>
      <steeringAngle>-0.07106666666666668</steeringAngle>
      <velocity>0.0</velocity>
      <orientation>1.4396878312034702</orientation>
      <time>28</time>
    </ksState>
    <ksState>
      <x>-344.70653050069217</x>
      <y>-266.76263777705987</y>
      <steeringAngle>-0.03553333333333333</steeringAngle>
      <velocity>0.0</velocity>
      <orientation>1.4396878312034702</orientation>
      <time>29</time>
    </ksState>
    <ksState>
      <x>-344.70653050069217</x>
      <y>-266.76263777705987</y>
      <steeringAngle>-0.0</steeringAngle>
      <velocity>0.0</velocity>
      <orientation>1.4396878312034702</orientation>
      <time>30</time>
    </ksState>
    <ksState>
      <x>-344.70653050069217</x>
      <y>-266.76263777705987</y>
      <steeringAngle>0.0</steeringAngle>
      <velocity>0.0</velocity>
      <orientation>1.4396878312034702</orientation>
      <time>31</time>
    </ksState>
    <ksState>
      <x>-344.70653050069217</x>
      <y>-266.76263777705987</y>
      <steeringAngle>0.0</steeringAngle>
      <velocity>0.0</velocity>
      <orientation>1.4396878312034702</orientation>
      <time>32</time>
    </ksState>
    <ksState>
      <x>-344.70653050069217</x>
      <y>-266.76263777705987</y>
      <steeringAngle>0.0</steeringAngle>
      <velocity>0.0</velocity>
      <orientation>1.4396878312034702</orientation>
      <time>33</time>
    </ksState>
  </ksTrajectory>
</CommonRoadSolution>
