<?xml version="1.0" ?>
<CommonRoadSolution benchmark_id="KS2:SM1:HRV_Pula-6_2_T-1:2020a" computation_time="0.3541805220002061" date="2023-11-26T00:13:30">
  <ksTrajectory planningProblem="1">
    <ksState>
      <x>470.79735</x>
      <y>-763.35268</y>
      <steeringAngle>0.0</steeringAngle>
      <velocity>0.0</velocity>
      <orientation>2.6257308</orientation>
      <time>0</time>
    </ksState>
    <ksState>
      <x>470.79735</x>
      <y>-763.35268</y>
      <steeringAngle>0.0</steeringAngle>
      <velocity>0.0</velocity>
      <orientation>2.6257308</orientation>
      <time>1</time>
    </ksState>
    <ksState>
      <x>470.79735</x>
      <y>-763.35268</y>
      <steeringAngle>0.0</steeringAngle>
      <velocity>0.0</velocity>
      <orientation>2.6257308</orientation>
      <time>2</time>
    </ksState>
    <ksState>
      <x>470.79735</x>
      <y>-763.35268</y>
      <steeringAngle>0.0</steeringAngle>
      <velocity>0.0</velocity>
      <orientation>2.6257308</orientation>
      <time>3</time>
    </ksState>
    <ksState>
      <x>470.79735</x>
      <y>-763.35268</y>
      <steeringAngle>0.0</steeringAngle>
      <velocity>0.0</velocity>
      <orientation>2.6257308</orientation>
      <time>4</time>
    </ksState>
    <ksState>
      <x>470.79735</x>
      <y>-763.35268</y>
      <steeringAngle>0.0</steeringAngle>
      <velocity>0.0</velocity>
      <orientation>2.6257308</orientation>
      <time>5</time>
    </ksState>
    <ksState>
      <x>470.79735</x>
      <y>-763.35268</y>
      <steeringAngle>0.0</steeringAngle>
      <velocity>0.0</velocity>
      <orientation>2.6257308</orientation>
      <time>6</time>
    </ksState>
    <ksState>
      <x>470.79735</x>
      <y>-763.35268</y>
      <steeringAngle>0.0</steeringAngle>
      <velocity>0.0</velocity>
      <orientation>2.6257308</orientation>
      <time>7</time>
    </ksState>
    <ksState>
      <x>470.79735</x>
      <y>-763.35268</y>
      <steeringAngle>0.0</steeringAngle>
      <velocity>0.0</velocity>
      <orientation>2.6257308</orientation>
      <time>8</time>
    </ksState>
    <ksState>
      <x>470.79735</x>
      <y>-763.35268</y>
      <steeringAngle>0.0</steeringAngle>
      <velocity>0.0</velocity>
      <orientation>2.6257308</orientation>
      <time>9</time>
    </ksState>
    <ksState>
      <x>470.79735</x>
      <y>-763.35268</y>
      <steeringAngle>0.0</steeringAngle>
      <velocity>0.0</velocity>
      <orientation>2.6257308</orientation>
      <time>10</time>
    </ksState>
    <ksState>
      <x>470.7625552831197</x>
      <y>-763.3329486104044</y>
      <steeringAngle>0.0</steeringAngle>
      <velocity>0.8</velocity>
      <orientation>2.6257308</orientation>
      <time>11</time>
    </ksState>
    <ksState>
      <x>470.6581711335098</x>
      <y>-763.2737544422024</y>
      <steeringAngle>0.0</steeringAngle>
      <velocity>1.6</velocity>
      <orientation>2.6257308</orientation>
      <time>12</time>
    </ksState>
    <ksState>
      <x>470.48419755132255</x>
      <y>-763.1750974954803</y>
      <steeringAngle>0.0</steeringAngle>
      <velocity>2.4000000000000004</velocity>
      <orientation>2.6257308</orientation>
      <time>13</time>
    </ksState>
    <ksState>
      <x>470.24063453660403</x>
      <y>-763.0369777702641</y>
      <steeringAngle>0.0</steeringAngle>
      <velocity>3.2000000000000006</velocity>
      <orientation>2.6257308</orientation>
      <time>14</time>
    </ksState>
    <ksState>
      <x>469.92748208937314</x>
      <y>-762.8593952665648</y>
      <steeringAngle>0.0</steeringAngle>
      <velocity>4.000000000000001</velocity>
      <orientation>2.6257308</orientation>
      <time>15</time>
    </ksState>
    <ksState>
      <x>469.61432964403514</x>
      <y>-762.6818127639388</y>
      <steeringAngle>0.0</steeringAngle>
      <velocity>3.2</velocity>
      <orientation>2.6257308</orientation>
      <time>16</time>
    </ksState>
    <ksState>
      <x>469.37076663128175</x>
      <y>-762.5436930398371</y>
      <steeringAngle>0.0</steeringAngle>
      <velocity>2.4000000000000004</velocity>
      <orientation>2.6257308</orientation>
      <time>17</time>
    </ksState>
    <ksState>
      <x>469.1967930510244</x>
      <y>-762.4450360942093</y>
      <steeringAngle>0.0</steeringAngle>
      <velocity>1.6</velocity>
      <orientation>2.6257308</orientation>
      <time>18</time>
    </ksState>
    <ksState>
      <x>469.09240890322764</x>
      <y>-762.3858419270355</y>
      <steeringAngle>0.0</steeringAngle>
      <velocity>0.7999999999999998</velocity>
      <orientation>2.6257308</orientation>
      <time>19</time>
    </ksState>
    <ksState>
      <x>469.05761418784556</x>
      <y>-762.3661105382896</y>
      <steeringAngle>0.0</steeringAngle>
      <velocity>-3.3306690738754696e-16</velocity>
      <orientation>2.6257308</orientation>
      <time>20</time>
    </ksState>
    <ksState>
      <x>469.05761418784556</x>
      <y>-762.3661105382896</y>
      <steeringAngle>0.0</steeringAngle>
      <velocity>0.0</velocity>
      <orientation>2.6257308</orientation>
      <time>21</time>
    </ksState>
    <ksState>
      <x>469.05761418784556</x>
      <y>-762.3661105382896</y>
      <steeringAngle>0.0</steeringAngle>
      <velocity>0.0</velocity>
      <orientation>2.6257308</orientation>
      <time>22</time>
    </ksState>
    <ksState>
      <x>469.05761418784556</x>
      <y>-762.3661105382896</y>
      <steeringAngle>0.0</steeringAngle>
      <velocity>0.0</velocity>
      <orientation>2.6257308</orientation>
      <time>23</time>
    </ksState>
    <ksState>
      <x>469.05761418784556</x>
      <y>-762.3661105382896</y>
      <steeringAngle>0.0</steeringAngle>
      <velocity>0.0</velocity>
      <orientation>2.6257308</orientation>
      <time>24</time>
    </ksState>
    <ksState>
      <x>469.05761418784556</x>
      <y>-762.3661105382896</y>
      <steeringAngle>0.0</steeringAngle>
      <velocity>0.0</velocity>
      <orientation>2.6257308</orientation>
      <time>25</time>
    </ksState>
    <ksState>
      <x>469.05761418784556</x>
      <y>-762.3661105382896</y>
      <steeringAngle>0.0</steeringAngle>
      <velocity>0.0</velocity>
      <orientation>2.6257308</orientation>
      <time>26</time>
    </ksState>
    <ksState>
      <x>469.05761418784556</x>
      <y>-762.3661105382896</y>
      <steeringAngle>0.0</steeringAngle>
      <velocity>0.0</velocity>
      <orientation>2.6257308</orientation>
      <time>27</time>
    </ksState>
    <ksState>
      <x>469.05761418784556</x>
      <y>-762.3661105382896</y>
      <steeringAngle>0.0</steeringAngle>
      <velocity>0.0</velocity>
      <orientation>2.6257308</orientation>
      <time>28</time>
    </ksState>
    <ksState>
      <x>469.05761418784556</x>
      <y>-762.3661105382896</y>
      <steeringAngle>0.0</steeringAngle>
      <velocity>0.0</velocity>
      <orientation>2.6257308</orientation>
      <time>29</time>
    </ksState>
    <ksState>
      <x>469.05761418784556</x>
      <y>-762.3661105382896</y>
      <steeringAngle>0.0</steeringAngle>
      <velocity>0.0</velocity>
      <orientation>2.6257308</orientation>
      <time>30</time>
    </ksState>
    <ksState>
      <x>469.05761418784556</x>
      <y>-762.3661105382896</y>
      <steeringAngle>0.0</steeringAngle>
      <velocity>0.0</velocity>
      <orientation>2.6257308</orientation>
      <time>31</time>
    </ksState>
    <ksState>
      <x>469.05761418784556</x>
      <y>-762.3661105382896</y>
      <steeringAngle>0.0</steeringAngle>
      <velocity>0.0</velocity>
      <orientation>2.6257308</orientation>
      <time>32</time>
    </ksState>
    <ksState>
      <x>469.05761418784556</x>
      <y>-762.3661105382896</y>
      <steeringAngle>0.0</steeringAngle>
      <velocity>0.0</velocity>
      <orientation>2.6257308</orientation>
      <time>33</time>
    </ksState>
  </ksTrajectory>
</CommonRoadSolution>
