<?xml version="1.0" ?>
<CommonRoadSolution benchmark_id="KS2:SM1:DEU_Flensburg-72_1_T-1:2020a" computation_time="0.7564243410001836" date="2023-11-26T00:13:30">
  <ksTrajectory planningProblem="123">
    <ksState>
      <x>548.8861</x>
      <y>-65.535318</y>
      <steeringAngle>0.0</steeringAngle>
      <velocity>12.0</velocity>
      <orientation>-2.5435147</orientation>
      <time>0</time>
    </ksState>
    <ksState>
      <x>547.8943967694667</x>
      <y>-66.21098411765699</y>
      <steeringAngle>0.0</steeringAngle>
      <velocity>12.0</velocity>
      <orientation>-2.5435147</orientation>
      <time>1</time>
    </ksState>
    <ksState>
      <x>546.9026935389334</x>
      <y>-66.886650235314</y>
      <steeringAngle>0.0</steeringAngle>
      <velocity>12.0</velocity>
      <orientation>-2.5435147</orientation>
      <time>2</time>
    </ksState>
    <ksState>
      <x>545.9109903084</x>
      <y>-67.56231635297098</y>
      <steeringAngle>0.0</steeringAngle>
      <velocity>12.0</velocity>
      <orientation>-2.5435147</orientation>
      <time>3</time>
    </ksState>
    <ksState>
      <x>544.9192870778666</x>
      <y>-68.23798247062798</y>
      <steeringAngle>0.0</steeringAngle>
      <velocity>12.0</velocity>
      <orientation>-2.5435147</orientation>
      <time>4</time>
    </ksState>
    <ksState>
      <x>543.9275838473332</x>
      <y>-68.91364858828497</y>
      <steeringAngle>0.0</steeringAngle>
      <velocity>12.0</velocity>
      <orientation>-2.5435147</orientation>
      <time>5</time>
    </ksState>
    <ksState>
      <x>542.9358806167997</x>
      <y>-69.58931470594196</y>
      <steeringAngle>0.0</steeringAngle>
      <velocity>12.0</velocity>
      <orientation>-2.5435147</orientation>
      <time>6</time>
    </ksState>
    <ksState>
      <x>541.9441773862665</x>
      <y>-70.26498082359896</y>
      <steeringAngle>0.0</steeringAngle>
      <velocity>12.0</velocity>
      <orientation>-2.5435147</orientation>
      <time>7</time>
    </ksState>
    <ksState>
      <x>540.9524741557331</x>
      <y>-70.94064694125595</y>
      <steeringAngle>0.0</steeringAngle>
      <velocity>12.0</velocity>
      <orientation>-2.5435147</orientation>
      <time>8</time>
    </ksState>
    <ksState>
      <x>539.9607709251997</x>
      <y>-71.61631305891295</y>
      <steeringAngle>0.0</steeringAngle>
      <velocity>12.0</velocity>
      <orientation>-2.5435147</orientation>
      <time>9</time>
    </ksState>
    <ksState>
      <x>538.9690676946663</x>
      <y>-72.29197917656994</y>
      <steeringAngle>0.0</steeringAngle>
      <velocity>12.0</velocity>
      <orientation>-2.5435147</orientation>
      <time>10</time>
    </ksState>
    <ksState>
      <x>538.0104212388877</x>
      <y>-72.94512309002994</y>
      <steeringAngle>0.0</steeringAngle>
      <velocity>11.200000000000001</velocity>
      <orientation>-2.5435147</orientation>
      <time>11</time>
    </ksState>
    <ksState>
      <x>537.1178883321842</x>
      <y>-73.55322259539226</y>
      <steeringAngle>0.0</steeringAngle>
      <velocity>10.4</velocity>
      <orientation>-2.5435147</orientation>
      <time>12</time>
    </ksState>
    <ksState>
      <x>536.2914689742995</x>
      <y>-74.11627769283123</y>
      <steeringAngle>0.0</steeringAngle>
      <velocity>9.599999999999998</velocity>
      <orientation>-2.5435147</orientation>
      <time>13</time>
    </ksState>
    <ksState>
      <x>535.531163165161</x>
      <y>-74.63428838239643</y>
      <steeringAngle>0.0</steeringAngle>
      <velocity>8.799999999999999</velocity>
      <orientation>-2.5435147</orientation>
      <time>14</time>
    </ksState>
    <ksState>
      <x>534.8369709047449</x>
      <y>-75.10725466410409</y>
      <steeringAngle>0.0</steeringAngle>
      <velocity>7.999999999999997</velocity>
      <orientation>-2.5435147</orientation>
      <time>15</time>
    </ksState>
    <ksState>
      <x>534.181098857923</x>
      <y>-75.56538132057437</y>
      <steeringAngle>0.03553333333333333</steeringAngle>
      <velocity>8.0</velocity>
      <orientation>-2.538002164997161</orientation>
      <time>16</time>
    </ksState>
    <ksState>
      <x>533.5393471740348</x>
      <y>-76.04356522898847</y>
      <steeringAngle>0.07106666666666667</steeringAngle>
      <velocity>8.0</velocity>
      <orientation>-2.5214506441168916</orientation>
      <time>17</time>
    </ksState>
    <ksState>
      <x>532.9176638866475</x>
      <y>-76.54849715787194</y>
      <steeringAngle>0.10659999999999997</steeringAngle>
      <velocity>8.0</velocity>
      <orientation>-2.4938181648261963</orientation>
      <time>18</time>
    </ksState>
    <ksState>
      <x>532.3229195012362</x>
      <y>-77.08623381272781</y>
      <steeringAngle>0.1421333333333333</steeringAngle>
      <velocity>8.0</velocity>
      <orientation>-2.4550343125534617</orientation>
      <time>19</time>
    </ksState>
    <ksState>
      <x>531.7631048148405</x>
      <y>-77.66193588301329</y>
      <steeringAngle>0.17766666666666667</steeringAngle>
      <velocity>8.0</velocity>
      <orientation>-2.404999500304307</orientation>
      <time>20</time>
    </ksState>
    <ksState>
      <x>531.2338244525748</x>
      <y>-78.26600734209751</y>
      <steeringAngle>0.14213333333333336</steeringAngle>
      <velocity>8.0</velocity>
      <orientation>-2.3549646887555586</orientation>
      <time>21</time>
    </ksState>
    <ksState>
      <x>530.7203082086112</x>
      <y>-78.88191916753415</y>
      <steeringAngle>0.1066000000000001</steeringAngle>
      <velocity>8.0</velocity>
      <orientation>-2.3161808367485612</orientation>
      <time>22</time>
    </ksState>
    <ksState>
      <x>530.2156998076854</x>
      <y>-79.50395871290246</y>
      <steeringAngle>0.07106666666666674</steeringAngle>
      <velocity>8.0</velocity>
      <orientation>-2.288548357718874</orientation>
      <time>23</time>
    </ksState>
    <ksState>
      <x>529.7129817934783</x>
      <y>-80.1267340232025</y>
      <steeringAngle>0.035533333333333354</steeringAngle>
      <velocity>8.0</velocity>
      <orientation>-2.271996837089845</orientation>
      <time>24</time>
    </ksState>
    <ksState>
      <x>529.2051304069494</x>
      <y>-80.74492353661712</y>
      <steeringAngle>2.0816681711721685e-17</steeringAngle>
      <velocity>8.0</velocity>
      <orientation>-2.2664843106314403</orientation>
      <time>25</time>
    </ksState>
    <ksState>
      <x>528.6923994497752</x>
      <y>-81.35901389279873</y>
      <steeringAngle>0.0</steeringAngle>
      <velocity>8.0</velocity>
      <orientation>-2.2664843106314403</orientation>
      <time>26</time>
    </ksState>
    <ksState>
      <x>528.179668492601</x>
      <y>-81.97310424898033</y>
      <steeringAngle>0.0</steeringAngle>
      <velocity>8.0</velocity>
      <orientation>-2.2664843106314403</orientation>
      <time>27</time>
    </ksState>
    <ksState>
      <x>527.6669375354269</x>
      <y>-82.58719460516195</y>
      <steeringAngle>0.0</steeringAngle>
      <velocity>8.0</velocity>
      <orientation>-2.2664843106314403</orientation>
      <time>28</time>
    </ksState>
    <ksState>
      <x>527.1542065782527</x>
      <y>-83.20128496134356</y>
      <steeringAngle>0.0</steeringAngle>
      <velocity>8.0</velocity>
      <orientation>-2.2664843106314403</orientation>
      <time>29</time>
    </ksState>
    <ksState>
      <x>526.6414756210785</x>
      <y>-83.81537531752517</y>
      <steeringAngle>0.0</steeringAngle>
      <velocity>8.0</velocity>
      <orientation>-2.2664843106314403</orientation>
      <time>30</time>
    </ksState>
    <ksState>
      <x>526.121611604653</x>
      <y>-84.42347858145075</y>
      <steeringAngle>-0.03553333333333333</steeringAngle>
      <velocity>8.0</velocity>
      <orientation>-2.271996845634279</orientation>
      <time>31</time>
    </ksState>
    <ksState>
      <x>525.5831619118009</x>
      <y>-85.01557401489622</y>
      <steeringAngle>-0.07106666666666667</steeringAngle>
      <velocity>8.0</velocity>
      <orientation>-2.2885483665145485</orientation>
      <time>32</time>
    </ksState>
    <ksState>
      <x>525.0200472888048</x>
      <y>-85.58508984785509</y>
      <steeringAngle>-0.10659999999999997</steeringAngle>
      <velocity>8.0</velocity>
      <orientation>-2.3161808458052437</orientation>
      <time>33</time>
    </ksState>
    <ksState>
      <x>524.4269094263764</x>
      <y>-86.12459802212815</y>
      <steeringAngle>-0.1421333333333333</steeringAngle>
      <velocity>8.0</velocity>
      <orientation>-2.3549646980779784</orientation>
      <time>34</time>
    </ksState>
    <ksState>
      <x>523.7993909442976</x>
      <y>-86.62564284196466</y>
      <steeringAngle>-0.17766666666666667</steeringAngle>
      <velocity>8.0</velocity>
      <orientation>-2.404999510327133</orientation>
      <time>35</time>
    </ksState>
    <ksState>
      <x>523.1405513578608</x>
      <y>-87.08612448339204</y>
      <steeringAngle>-0.17766666666666667</steeringAngle>
      <velocity>8.0</velocity>
      <orientation>-2.460700486637645</orientation>
      <time>36</time>
    </ksState>
    <ksState>
      <x>522.4570975207629</x>
      <y>-87.50921295465542</y>
      <steeringAngle>-0.17766666666666667</steeringAngle>
      <velocity>8.0</velocity>
      <orientation>-2.516401462948157</orientation>
      <time>37</time>
    </ksState>
    <ksState>
      <x>521.7511493939047</x>
      <y>-87.89359589832176</y>
      <steeringAngle>-0.17766666666666667</steeringAngle>
      <velocity>8.0</velocity>
      <orientation>-2.572102439258668</orientation>
      <time>38</time>
    </ksState>
    <ksState>
      <x>521.0248966847352</x>
      <y>-88.2380810367236</y>
      <steeringAngle>-0.17766666666666667</steeringAngle>
      <velocity>8.0</velocity>
      <orientation>-2.62780341556918</orientation>
      <time>39</time>
    </ksState>
    <ksState>
      <x>520.2805920806102</x>
      <y>-88.5415998469012</y>
      <steeringAngle>-0.17766666666666667</steeringAngle>
      <velocity>8.0</velocity>
      <orientation>-2.683504391879692</orientation>
      <time>40</time>
    </ksState>
    <ksState>
      <x>519.52433618293</x>
      <y>-88.81200148665992</y>
      <steeringAngle>-0.14213333333333336</steeringAngle>
      <velocity>8.0</velocity>
      <orientation>-2.7335392034284403</orientation>
      <time>41</time>
    </ksState>
    <ksState>
      <x>518.7628578902282</x>
      <y>-89.06339185893235</y>
      <steeringAngle>-0.1066000000000001</steeringAngle>
      <velocity>8.0</velocity>
      <orientation>-2.7723230554354377</orientation>
      <time>42</time>
    </ksState>
    <ksState>
      <x>517.9989521507607</x>
      <y>-89.30424628694946</y>
      <steeringAngle>-0.07106666666666674</steeringAngle>
      <velocity>8.0</velocity>
      <orientation>-2.799955534465125</orientation>
      <time>43</time>
    </ksState>
    <ksState>
      <x>517.2350564347449</x>
      <y>-89.54307221514881</y>
      <steeringAngle>-0.035533333333333354</steeringAngle>
      <velocity>8.0</velocity>
      <orientation>-2.8165070550941538</orientation>
      <time>44</time>
    </ksState>
    <ksState>
      <x>516.4735404247406</x>
      <y>-89.78835709401882</y>
      <steeringAngle>-2.0816681711721685e-17</steeringAngle>
      <velocity>8.0</velocity>
      <orientation>-2.8220195815525586</orientation>
      <time>45</time>
    </ksState>
    <ksState>
      <x>515.7169932661876</x>
      <y>-90.04851968175284</y>
      <steeringAngle>0.03553333333333333</steeringAngle>
      <velocity>8.0</velocity>
      <orientation>-2.8165070465497197</orientation>
      <time>46</time>
    </ksState>
    <ksState>
      <x>514.9685082697818</x>
      <y>-90.33184861461143</y>
      <steeringAngle>0.07106666666666667</steeringAngle>
      <velocity>8.0</velocity>
      <orientation>-2.7999555256694504</orientation>
      <time>47</time>
    </ksState>
    <ksState>
      <x>514.2319648610722</x>
      <y>-90.64641207356586</y>
      <steeringAngle>0.10659999999999997</steeringAngle>
      <velocity>8.0</velocity>
      <orientation>-2.772323046378755</orientation>
      <time>48</time>
    </ksState>
    <ksState>
      <x>513.5123037080351</x>
      <y>-90.99992221311346</y>
      <steeringAngle>0.1421333333333333</steeringAngle>
      <velocity>8.0</velocity>
      <orientation>-2.7335391941060205</orientation>
      <time>49</time>
    </ksState>
    <ksState>
      <x>512.8157889339707</x>
      <y>-91.39953768621908</y>
      <steeringAngle>0.17766666666666667</steeringAngle>
      <velocity>8.0</velocity>
      <orientation>-2.683504381856866</orientation>
      <time>50</time>
    </ksState>
    <ksState>
      <x>512.1408326533168</x>
      <y>-91.8348238550393</y>
      <steeringAngle>0.14213333333333336</steeringAngle>
      <velocity>8.0</velocity>
      <orientation>-2.6334695703081175</orientation>
      <time>51</time>
    </ksState>
    <ksState>
      <x>511.4777779256926</x>
      <y>-92.28582799881444</y>
      <steeringAngle>0.1066000000000001</steeringAngle>
      <velocity>8.0</velocity>
      <orientation>-2.59468571830112</orientation>
      <time>52</time>
    </ksState>
    <ksState>
      <x>510.8216031768193</x>
      <y>-92.74517267683726</y>
      <steeringAngle>0.07106666666666674</steeringAngle>
      <velocity>8.0</velocity>
      <orientation>-2.567053239271433</orientation>
      <time>53</time>
    </ksState>
    <ksState>
      <x>510.1670436980764</x>
      <y>-93.20574447114892</y>
      <steeringAngle>0.035533333333333354</steeringAngle>
      <velocity>8.0</velocity>
      <orientation>-2.550501718642404</orientation>
      <time>54</time>
    </ksState>
    <ksState>
      <x>509.508809368597</x>
      <y>-93.66049591181729</y>
      <steeringAngle>2.0816681711721685e-17</steeringAngle>
      <velocity>8.0</velocity>
      <orientation>-2.544989192183999</orientation>
      <time>55</time>
    </ksState>
    <ksState>
      <x>508.8470104242386</x>
      <y>-94.10996466183907</y>
      <steeringAngle>0.0</steeringAngle>
      <velocity>8.0</velocity>
      <orientation>-2.544989192183999</orientation>
      <time>56</time>
    </ksState>
    <ksState>
      <x>508.18521147988025</x>
      <y>-94.55943341186085</y>
      <steeringAngle>0.0</steeringAngle>
      <velocity>8.0</velocity>
      <orientation>-2.544989192183999</orientation>
      <time>57</time>
    </ksState>
    <ksState>
      <x>507.52341253552186</x>
      <y>-95.00890216188263</y>
      <steeringAngle>0.0</steeringAngle>
      <velocity>8.0</velocity>
      <orientation>-2.544989192183999</orientation>
      <time>58</time>
    </ksState>
    <ksState>
      <x>506.8616135911635</x>
      <y>-95.45837091190442</y>
      <steeringAngle>0.0</steeringAngle>
      <velocity>8.0</velocity>
      <orientation>-2.544989192183999</orientation>
      <time>59</time>
    </ksState>
    <ksState>
      <x>506.1998146468051</x>
      <y>-95.9078396619262</y>
      <steeringAngle>0.0</steeringAngle>
      <velocity>8.0</velocity>
      <orientation>-2.544989192183999</orientation>
      <time>60</time>
    </ksState>
    <ksState>
      <x>505.5328034595697</x>
      <y>-96.34959100745193</y>
      <steeringAngle>-0.03553333333333333</steeringAngle>
      <velocity>8.0</velocity>
      <orientation>-2.550501727186838</orientation>
      <time>61</time>
    </ksState>
    <ksState>
      <x>504.85232359550406</x>
      <y>-96.77084179812273</y>
      <steeringAngle>-0.07106666666666667</steeringAngle>
      <velocity>8.0</velocity>
      <orientation>-2.5670532480671073</orientation>
      <time>62</time>
    </ksState>
    <ksState>
      <x>504.1543367502546</x>
      <y>-97.16360219134165</y>
      <steeringAngle>-0.10659999999999997</steeringAngle>
      <velocity>8.0</velocity>
      <orientation>-2.5946857273578026</orientation>
      <time>63</time>
    </ksState>
    <ksState>
      <x>503.4357331935614</x>
      <y>-97.51925725212615</y>
      <steeringAngle>-0.1421333333333333</steeringAngle>
      <velocity>8.0</velocity>
      <orientation>-2.633469579630537</orientation>
      <time>64</time>
    </ksState>
    <ksState>
      <x>502.69464807250586</x>
      <y>-97.82847917920351</y>
      <steeringAngle>-0.17766666666666667</steeringAngle>
      <velocity>8.0</velocity>
      <orientation>-2.683504391879692</orientation>
      <time>65</time>
    </ksState>
    <ksState>
      <x>501.9383921748257</x>
      <y>-98.09888081896223</y>
      <steeringAngle>-0.14213333333333336</steeringAngle>
      <velocity>8.0</velocity>
      <orientation>-2.7335392034284403</orientation>
      <time>66</time>
    </ksState>
    <ksState>
      <x>501.1769138821239</x>
      <y>-98.35027119123465</y>
      <steeringAngle>-0.1066000000000001</steeringAngle>
      <velocity>8.0</velocity>
      <orientation>-2.7723230554354377</orientation>
      <time>67</time>
    </ksState>
    <ksState>
      <x>500.4130081426565</x>
      <y>-98.59112561925177</y>
      <steeringAngle>-0.07106666666666674</steeringAngle>
      <velocity>8.0</velocity>
      <orientation>-2.799955534465125</orientation>
      <time>68</time>
    </ksState>
    <ksState>
      <x>499.64911242664056</x>
      <y>-98.82995154745112</y>
      <steeringAngle>-0.035533333333333354</steeringAngle>
      <velocity>8.0</velocity>
      <orientation>-2.8165070550941538</orientation>
      <time>69</time>
    </ksState>
    <ksState>
      <x>498.8875964166363</x>
      <y>-99.07523642632113</y>
      <steeringAngle>-2.0816681711721685e-17</steeringAngle>
      <velocity>8.0</velocity>
      <orientation>-2.8220195815525586</orientation>
      <time>70</time>
    </ksState>
    <ksState>
      <x>498.1310492580834</x>
      <y>-99.33539901405514</y>
      <steeringAngle>0.03553333333333333</steeringAngle>
      <velocity>8.0</velocity>
      <orientation>-2.8165070465497197</orientation>
      <time>71</time>
    </ksState>
    <ksState>
      <x>497.3825642616775</x>
      <y>-99.61872794691374</y>
      <steeringAngle>0.07106666666666667</steeringAngle>
      <velocity>8.0</velocity>
      <orientation>-2.7999555256694504</orientation>
      <time>72</time>
    </ksState>
    <ksState>
      <x>496.64602085296787</x>
      <y>-99.93329140586816</y>
      <steeringAngle>0.10659999999999997</steeringAngle>
      <velocity>8.0</velocity>
      <orientation>-2.772323046378755</orientation>
      <time>73</time>
    </ksState>
    <ksState>
      <x>495.9263596999308</x>
      <y>-100.28680154541577</y>
      <steeringAngle>0.1421333333333333</steeringAngle>
      <velocity>8.0</velocity>
      <orientation>-2.7335391941060205</orientation>
      <time>74</time>
    </ksState>
    <ksState>
      <x>495.2298449258664</x>
      <y>-100.68641701852138</y>
      <steeringAngle>0.17766666666666667</steeringAngle>
      <velocity>8.0</velocity>
      <orientation>-2.683504381856866</orientation>
      <time>75</time>
    </ksState>
    <ksState>
      <x>494.5548886452126</x>
      <y>-101.12170318734161</y>
      <steeringAngle>0.14213333333333336</steeringAngle>
      <velocity>8.0</velocity>
      <orientation>-2.6334695703081175</orientation>
      <time>76</time>
    </ksState>
    <ksState>
      <x>493.8918339175883</x>
      <y>-101.57270733111675</y>
      <steeringAngle>0.1066000000000001</steeringAngle>
      <velocity>8.0</velocity>
      <orientation>-2.59468571830112</orientation>
      <time>77</time>
    </ksState>
    <ksState>
      <x>493.2356591687151</x>
      <y>-102.03205200913956</y>
      <steeringAngle>0.07106666666666674</steeringAngle>
      <velocity>8.0</velocity>
      <orientation>-2.567053239271433</orientation>
      <time>78</time>
    </ksState>
    <ksState>
      <x>492.5810996899721</x>
      <y>-102.49262380345122</y>
      <steeringAngle>0.035533333333333354</steeringAngle>
      <velocity>8.0</velocity>
      <orientation>-2.550501718642404</orientation>
      <time>79</time>
    </ksState>
    <ksState>
      <x>491.9228653604927</x>
      <y>-102.9473752441196</y>
      <steeringAngle>2.0816681711721685e-17</steeringAngle>
      <velocity>8.0</velocity>
      <orientation>-2.544989192183999</orientation>
      <time>80</time>
    </ksState>
    <ksState>
      <x>491.2558541732573</x>
      <y>-103.38912658964533</y>
      <steeringAngle>-0.03553333333333333</steeringAngle>
      <velocity>8.0</velocity>
      <orientation>-2.550501727186838</orientation>
      <time>81</time>
    </ksState>
    <ksState>
      <x>490.57537430919166</x>
      <y>-103.81037738031613</y>
      <steeringAngle>-0.07106666666666667</steeringAngle>
      <velocity>8.0</velocity>
      <orientation>-2.5670532480671073</orientation>
      <time>82</time>
    </ksState>
    <ksState>
      <x>489.87738746394217</x>
      <y>-104.20313777353505</y>
      <steeringAngle>-0.10659999999999997</steeringAngle>
      <velocity>8.0</velocity>
      <orientation>-2.5946857273578026</orientation>
      <time>83</time>
    </ksState>
    <ksState>
      <x>489.158783907249</x>
      <y>-104.55879283431955</y>
      <steeringAngle>-0.1421333333333333</steeringAngle>
      <velocity>8.0</velocity>
      <orientation>-2.633469579630537</orientation>
      <time>84</time>
    </ksState>
    <ksState>
      <x>488.41769878619345</x>
      <y>-104.8680147613969</y>
      <steeringAngle>-0.17766666666666667</steeringAngle>
      <velocity>8.0</velocity>
      <orientation>-2.683504391879692</orientation>
      <time>85</time>
    </ksState>
    <ksState>
      <x>487.6614428885133</x>
      <y>-105.13841640115562</y>
      <steeringAngle>-0.14213333333333336</steeringAngle>
      <velocity>8.0</velocity>
      <orientation>-2.7335392034284403</orientation>
      <time>86</time>
    </ksState>
    <ksState>
      <x>486.8999645958115</x>
      <y>-105.38980677342805</y>
      <steeringAngle>-0.1066000000000001</steeringAngle>
      <velocity>8.0</velocity>
      <orientation>-2.7723230554354377</orientation>
      <time>87</time>
    </ksState>
    <ksState>
      <x>486.1360588563441</x>
      <y>-105.63066120144516</y>
      <steeringAngle>-0.07106666666666674</steeringAngle>
      <velocity>8.0</velocity>
      <orientation>-2.799955534465125</orientation>
      <time>88</time>
    </ksState>
    <ksState>
      <x>485.37216314032815</x>
      <y>-105.86948712964451</y>
      <steeringAngle>-0.035533333333333354</steeringAngle>
      <velocity>8.0</velocity>
      <orientation>-2.8165070550941538</orientation>
      <time>89</time>
    </ksState>
    <ksState>
      <x>484.6106471303239</x>
      <y>-106.11477200851452</y>
      <steeringAngle>-2.0816681711721685e-17</steeringAngle>
      <velocity>8.0</velocity>
      <orientation>-2.8220195815525586</orientation>
      <time>90</time>
    </ksState>
    <ksState>
      <x>483.8482486312507</x>
      <y>-106.35725232479193</y>
      <steeringAngle>-0.03553333333333333</steeringAngle>
      <velocity>8.0</velocity>
      <orientation>-2.8275321165553975</orientation>
      <time>91</time>
    </ksState>
    <ksState>
      <x>483.0785019022982</x>
      <y>-106.5763300445776</y>
      <steeringAngle>-0.07106666666666667</steeringAngle>
      <velocity>8.0</velocity>
      <orientation>-2.844083637435667</orientation>
      <time>92</time>
    </ksState>
    <ksState>
      <x>482.29970783784904</x>
      <y>-106.7632154848921</y>
      <steeringAngle>-0.10659999999999997</steeringAngle>
      <velocity>8.0</velocity>
      <orientation>-2.871716116726362</orientation>
      <time>93</time>
    </ksState>
    <ksState>
      <x>481.5112314646479</x>
      <y>-106.90877166942997</y>
      <steeringAngle>-0.1421333333333333</steeringAngle>
      <velocity>8.0</velocity>
      <orientation>-2.9104999689990967</orientation>
      <time>94</time>
    </ksState>
    <ksState>
      <x>480.7138301912013</x>
      <y>-107.00351641039795</y>
      <steeringAngle>-0.17766666666666667</steeringAngle>
      <velocity>8.0</velocity>
      <orientation>-2.9605347812482514</orientation>
      <time>95</time>
    </ksState>
    <ksState>
      <x>479.9525614360381</x>
      <y>-107.05492919412497</y>
      <steeringAngle>-0.1421333333333334</steeringAngle>
      <velocity>7.2</velocity>
      <orientation>-3.0081621029938885</orientation>
      <time>96</time>
    </ksState>
    <ksState>
      <x>479.27168511763523</x>
      <y>-107.08699063809311</y>
      <steeringAngle>-0.10660000000000011</steeringAngle>
      <velocity>6.4</velocity>
      <orientation>-3.0412216734418562</orientation>
      <time>97</time>
    </ksState>
    <ksState>
      <x>478.6714242969455</x>
      <y>-107.11098342429817</y>
      <steeringAngle>-0.07106666666666674</steeringAngle>
      <velocity>5.600000000000001</velocity>
      <orientation>-3.062038621735745</orientation>
      <time>98</time>
    </ksState>
    <ksState>
      <x>478.15168869451594</x>
      <y>-107.13378982716411</y>
      <steeringAngle>-0.03553333333333339</steeringAngle>
      <velocity>4.800000000000001</velocity>
      <orientation>-3.0728892313934075</orientation>
      <time>99</time>
    </ksState>
  </ksTrajectory>
</CommonRoadSolution>
