<?xml version="1.0" ?>
<CommonRoadSolution benchmark_id="KS2:SM1:DEU_Moelln-11_1_T-1:2020a" computation_time="0.23941197900057887" date="2023-11-26T00:13:30">
  <ksTrajectory planningProblem="1">
    <ksState>
      <x>-398.11915</x>
      <y>657.28851</y>
      <steeringAngle>0.0</steeringAngle>
      <velocity>8.0</velocity>
      <orientation>0.57853681</orientation>
      <time>0</time>
    </ksState>
    <ksState>
      <x>-397.4828296514063</x>
      <y>657.7040775791743</y>
      <steeringAngle>0.0</steeringAngle>
      <velocity>7.200000000000001</velocity>
      <orientation>0.57853681</orientation>
      <time>1</time>
    </ksState>
    <ksState>
      <x>-396.91349039244875</x>
      <y>658.0759012024432</y>
      <steeringAngle>0.0</steeringAngle>
      <velocity>6.400000000000001</velocity>
      <orientation>0.57853681</orientation>
      <time>2</time>
    </ksState>
    <ksState>
      <x>-396.4111322229598</x>
      <y>658.4039808699163</y>
      <steeringAngle>0.0</steeringAngle>
      <velocity>5.600000000000001</velocity>
      <orientation>0.57853681</orientation>
      <time>3</time>
    </ksState>
    <ksState>
      <x>-395.97575514289196</x>
      <y>658.6883165816243</y>
      <steeringAngle>0.0</steeringAngle>
      <velocity>4.800000000000001</velocity>
      <orientation>0.57853681</orientation>
      <time>4</time>
    </ksState>
    <ksState>
      <x>-395.607359152228</x>
      <y>658.9289083375788</y>
      <steeringAngle>0.0</steeringAngle>
      <velocity>4.000000000000001</velocity>
      <orientation>0.57853681</orientation>
      <time>5</time>
    </ksState>
    <ksState>
      <x>-395.3059442508347</x>
      <y>659.1257561378667</y>
      <steeringAngle>0.0</steeringAngle>
      <velocity>3.2</velocity>
      <orientation>0.57853681</orientation>
      <time>6</time>
    </ksState>
    <ksState>
      <x>-395.0715104389165</x>
      <y>659.2788599823544</y>
      <steeringAngle>0.0</steeringAngle>
      <velocity>2.4000000000000004</velocity>
      <orientation>0.57853681</orientation>
      <time>7</time>
    </ksState>
    <ksState>
      <x>-394.9040577163879</x>
      <y>659.3882198710977</y>
      <steeringAngle>0.0</steeringAngle>
      <velocity>1.6</velocity>
      <orientation>0.57853681</orientation>
      <time>8</time>
    </ksState>
    <ksState>
      <x>-394.8035860832151</x>
      <y>659.4538358041189</y>
      <steeringAngle>0.0</steeringAngle>
      <velocity>0.7999999999999998</velocity>
      <orientation>0.57853681</orientation>
      <time>9</time>
    </ksState>
    <ksState>
      <x>-394.77009553935375</x>
      <y>659.4757077814468</y>
      <steeringAngle>0.0</steeringAngle>
      <velocity>-3.3306690738754696e-16</velocity>
      <orientation>0.57853681</orientation>
      <time>10</time>
    </ksState>
    <ksState>
      <x>-394.77009553935375</x>
      <y>659.4757077814468</y>
      <steeringAngle>0.0</steeringAngle>
      <velocity>0.0</velocity>
      <orientation>0.57853681</orientation>
      <time>11</time>
    </ksState>
    <ksState>
      <x>-394.77009553935375</x>
      <y>659.4757077814468</y>
      <steeringAngle>0.0</steeringAngle>
      <velocity>0.0</velocity>
      <orientation>0.57853681</orientation>
      <time>12</time>
    </ksState>
    <ksState>
      <x>-394.77009553935375</x>
      <y>659.4757077814468</y>
      <steeringAngle>0.0</steeringAngle>
      <velocity>0.0</velocity>
      <orientation>0.57853681</orientation>
      <time>13</time>
    </ksState>
    <ksState>
      <x>-394.77009553935375</x>
      <y>659.4757077814468</y>
      <steeringAngle>0.0</steeringAngle>
      <velocity>0.0</velocity>
      <orientation>0.57853681</orientation>
      <time>14</time>
    </ksState>
    <ksState>
      <x>-394.77009553935375</x>
      <y>659.4757077814468</y>
      <steeringAngle>0.0</steeringAngle>
      <velocity>0.0</velocity>
      <orientation>0.57853681</orientation>
      <time>15</time>
    </ksState>
    <ksState>
      <x>-394.77009553935375</x>
      <y>659.4757077814468</y>
      <steeringAngle>0.0</steeringAngle>
      <velocity>0.0</velocity>
      <orientation>0.57853681</orientation>
      <time>16</time>
    </ksState>
    <ksState>
      <x>-394.77009553935375</x>
      <y>659.4757077814468</y>
      <steeringAngle>0.0</steeringAngle>
      <velocity>0.0</velocity>
      <orientation>0.57853681</orientation>
      <time>17</time>
    </ksState>
    <ksState>
      <x>-394.77009553935375</x>
      <y>659.4757077814468</y>
      <steeringAngle>0.0</steeringAngle>
      <velocity>0.0</velocity>
      <orientation>0.57853681</orientation>
      <time>18</time>
    </ksState>
    <ksState>
      <x>-394.77009553935375</x>
      <y>659.4757077814468</y>
      <steeringAngle>0.0</steeringAngle>
      <velocity>0.0</velocity>
      <orientation>0.57853681</orientation>
      <time>19</time>
    </ksState>
    <ksState>
      <x>-394.77009553935375</x>
      <y>659.4757077814468</y>
      <steeringAngle>0.0</steeringAngle>
      <velocity>0.0</velocity>
      <orientation>0.57853681</orientation>
      <time>20</time>
    </ksState>
    <ksState>
      <x>-394.77009553935375</x>
      <y>659.4757077814468</y>
      <steeringAngle>0.0</steeringAngle>
      <velocity>0.0</velocity>
      <orientation>0.57853681</orientation>
      <time>21</time>
    </ksState>
    <ksState>
      <x>-394.77009553935375</x>
      <y>659.4757077814468</y>
      <steeringAngle>0.0</steeringAngle>
      <velocity>0.0</velocity>
      <orientation>0.57853681</orientation>
      <time>22</time>
    </ksState>
    <ksState>
      <x>-394.77009553935375</x>
      <y>659.4757077814468</y>
      <steeringAngle>0.0</steeringAngle>
      <velocity>0.0</velocity>
      <orientation>0.57853681</orientation>
      <time>23</time>
    </ksState>
    <ksState>
      <x>-394.77009553935375</x>
      <y>659.4757077814468</y>
      <steeringAngle>0.0</steeringAngle>
      <velocity>0.0</velocity>
      <orientation>0.57853681</orientation>
      <time>24</time>
    </ksState>
    <ksState>
      <x>-394.77009553935375</x>
      <y>659.4757077814468</y>
      <steeringAngle>0.0</steeringAngle>
      <velocity>0.0</velocity>
      <orientation>0.57853681</orientation>
      <time>25</time>
    </ksState>
    <ksState>
      <x>-394.7366049940503</x>
      <y>659.4975797597165</y>
      <steeringAngle>0.0</steeringAngle>
      <velocity>0.8</velocity>
      <orientation>0.57853681</orientation>
      <time>26</time>
    </ksState>
    <ksState>
      <x>-394.63613335913226</x>
      <y>659.5631956938773</y>
      <steeringAngle>0.0</steeringAngle>
      <velocity>1.6</velocity>
      <orientation>0.57853681</orientation>
      <time>27</time>
    </ksState>
    <ksState>
      <x>-394.4686806347462</x>
      <y>659.6725555838337</y>
      <steeringAngle>0.0</steeringAngle>
      <velocity>2.4000000000000004</velocity>
      <orientation>0.57853681</orientation>
      <time>28</time>
    </ksState>
    <ksState>
      <x>-394.23424682093645</x>
      <y>659.8256594295568</y>
      <steeringAngle>0.0</steeringAngle>
      <velocity>3.2000000000000006</velocity>
      <orientation>0.57853681</orientation>
      <time>29</time>
    </ksState>
    <ksState>
      <x>-393.9328319177213</x>
      <y>660.0225072310345</y>
      <steeringAngle>0.0</steeringAngle>
      <velocity>4.000000000000001</velocity>
      <orientation>0.57853681</orientation>
      <time>30</time>
    </ksState>
    <ksState>
      <x>-393.631417016328</x>
      <y>660.2193550313224</y>
      <steeringAngle>0.0</steeringAngle>
      <velocity>3.2</velocity>
      <orientation>0.57853681</orientation>
      <time>31</time>
    </ksState>
    <ksState>
      <x>-393.39698320440976</x>
      <y>660.3724588758101</y>
      <steeringAngle>0.0</steeringAngle>
      <velocity>2.4000000000000004</velocity>
      <orientation>0.57853681</orientation>
      <time>32</time>
    </ksState>
    <ksState>
      <x>-393.22953048188117</x>
      <y>660.4818187645534</y>
      <steeringAngle>0.0</steeringAngle>
      <velocity>1.6</velocity>
      <orientation>0.57853681</orientation>
      <time>33</time>
    </ksState>
  </ksTrajectory>
</CommonRoadSolution>
