<?xml version="1.0" ?>
<CommonRoadSolution benchmark_id="KS2:SM1:DEU_Ibbenbueren-13_3_T-1:2020a" computation_time="0.26725841199959177" date="2023-11-26T00:13:30">
  <ksTrajectory planningProblem="1">
    <ksState>
      <x>-763.77585</x>
      <y>-399.13984</y>
      <steeringAngle>0.0</steeringAngle>
      <velocity>8.0</velocity>
      <orientation>1.3906316</orientation>
      <time>0</time>
    </ksState>
    <ksState>
      <x>-763.6396643564553</x>
      <y>-398.39214121747625</y>
      <steeringAngle>0.0</steeringAngle>
      <velocity>7.200000000000001</velocity>
      <orientation>1.3906316</orientation>
      <time>1</time>
    </ksState>
    <ksState>
      <x>-763.5178140438767</x>
      <y>-397.72314757031984</y>
      <steeringAngle>0.0</steeringAngle>
      <velocity>6.400000000000001</velocity>
      <orientation>1.3906316</orientation>
      <time>2</time>
    </ksState>
    <ksState>
      <x>-763.4102990622279</x>
      <y>-397.13285905833385</y>
      <steeringAngle>0.0</steeringAngle>
      <velocity>5.600000000000001</velocity>
      <orientation>1.3906316</orientation>
      <time>3</time>
    </ksState>
    <ksState>
      <x>-763.3171194114991</x>
      <y>-396.62127568146263</y>
      <steeringAngle>0.0</steeringAngle>
      <velocity>4.800000000000001</velocity>
      <orientation>1.3906316</orientation>
      <time>4</time>
    </ksState>
    <ksState>
      <x>-763.2382750916864</x>
      <y>-396.1883974396858</y>
      <steeringAngle>0.0</steeringAngle>
      <velocity>4.000000000000001</velocity>
      <orientation>1.3906316</orientation>
      <time>5</time>
    </ksState>
    <ksState>
      <x>-763.1737661027614</x>
      <y>-395.8342243328468</y>
      <steeringAngle>0.0</steeringAngle>
      <velocity>3.2</velocity>
      <orientation>1.3906316</orientation>
      <time>6</time>
    </ksState>
    <ksState>
      <x>-763.1235924447678</x>
      <y>-395.5587563611859</y>
      <steeringAngle>0.0</steeringAngle>
      <velocity>2.4000000000000004</velocity>
      <orientation>1.3906316</orientation>
      <time>7</time>
    </ksState>
    <ksState>
      <x>-763.0877541176874</x>
      <y>-395.3619935246027</y>
      <steeringAngle>0.0</steeringAngle>
      <velocity>1.6</velocity>
      <orientation>1.3906316</orientation>
      <time>8</time>
    </ksState>
    <ksState>
      <x>-763.0662511215128</x>
      <y>-395.2439358230575</y>
      <steeringAngle>0.0</steeringAngle>
      <velocity>0.7999999999999998</velocity>
      <orientation>1.3906316</orientation>
      <time>9</time>
    </ksState>
    <ksState>
      <x>-763.0590834562346</x>
      <y>-395.2045832564979</y>
      <steeringAngle>0.0</steeringAngle>
      <velocity>-3.3306690738754696e-16</velocity>
      <orientation>1.3906316</orientation>
      <time>10</time>
    </ksState>
    <ksState>
      <x>-763.0590834562346</x>
      <y>-395.2045832564979</y>
      <steeringAngle>0.0</steeringAngle>
      <velocity>0.0</velocity>
      <orientation>1.3906316</orientation>
      <time>11</time>
    </ksState>
    <ksState>
      <x>-763.0590834562346</x>
      <y>-395.2045832564979</y>
      <steeringAngle>0.0</steeringAngle>
      <velocity>0.0</velocity>
      <orientation>1.3906316</orientation>
      <time>12</time>
    </ksState>
    <ksState>
      <x>-763.0590834562346</x>
      <y>-395.2045832564979</y>
      <steeringAngle>0.0</steeringAngle>
      <velocity>0.0</velocity>
      <orientation>1.3906316</orientation>
      <time>13</time>
    </ksState>
    <ksState>
      <x>-763.0590834562346</x>
      <y>-395.2045832564979</y>
      <steeringAngle>0.0</steeringAngle>
      <velocity>0.0</velocity>
      <orientation>1.3906316</orientation>
      <time>14</time>
    </ksState>
    <ksState>
      <x>-763.0590834562346</x>
      <y>-395.2045832564979</y>
      <steeringAngle>0.0</steeringAngle>
      <velocity>0.0</velocity>
      <orientation>1.3906316</orientation>
      <time>15</time>
    </ksState>
    <ksState>
      <x>-763.0590834562346</x>
      <y>-395.2045832564979</y>
      <steeringAngle>0.0</steeringAngle>
      <velocity>0.0</velocity>
      <orientation>1.3906316</orientation>
      <time>16</time>
    </ksState>
    <ksState>
      <x>-763.0590834562346</x>
      <y>-395.2045832564979</y>
      <steeringAngle>0.0</steeringAngle>
      <velocity>0.0</velocity>
      <orientation>1.3906316</orientation>
      <time>17</time>
    </ksState>
    <ksState>
      <x>-763.0590834562346</x>
      <y>-395.2045832564979</y>
      <steeringAngle>0.0</steeringAngle>
      <velocity>0.0</velocity>
      <orientation>1.3906316</orientation>
      <time>18</time>
    </ksState>
    <ksState>
      <x>-763.0590834562346</x>
      <y>-395.2045832564979</y>
      <steeringAngle>0.0</steeringAngle>
      <velocity>0.0</velocity>
      <orientation>1.3906316</orientation>
      <time>19</time>
    </ksState>
    <ksState>
      <x>-763.0590834562346</x>
      <y>-395.2045832564979</y>
      <steeringAngle>0.0</steeringAngle>
      <velocity>0.0</velocity>
      <orientation>1.3906316</orientation>
      <time>20</time>
    </ksState>
    <ksState>
      <x>-763.0590834562346</x>
      <y>-395.2045832564979</y>
      <steeringAngle>0.0</steeringAngle>
      <velocity>0.0</velocity>
      <orientation>1.3906316</orientation>
      <time>21</time>
    </ksState>
    <ksState>
      <x>-763.0590834562346</x>
      <y>-395.2045832564979</y>
      <steeringAngle>0.0</steeringAngle>
      <velocity>0.0</velocity>
      <orientation>1.3906316</orientation>
      <time>22</time>
    </ksState>
    <ksState>
      <x>-763.0590834562346</x>
      <y>-395.2045832564979</y>
      <steeringAngle>0.0</steeringAngle>
      <velocity>0.0</velocity>
      <orientation>1.3906316</orientation>
      <time>23</time>
    </ksState>
    <ksState>
      <x>-763.0590834562346</x>
      <y>-395.2045832564979</y>
      <steeringAngle>0.0</steeringAngle>
      <velocity>0.0</velocity>
      <orientation>1.3906316</orientation>
      <time>24</time>
    </ksState>
    <ksState>
      <x>-763.0590834562346</x>
      <y>-395.2045832564979</y>
      <steeringAngle>0.0</steeringAngle>
      <velocity>0.0</velocity>
      <orientation>1.3906316</orientation>
      <time>25</time>
    </ksState>
    <ksState>
      <x>-763.0590834562346</x>
      <y>-395.2045832564979</y>
      <steeringAngle>0.0</steeringAngle>
      <velocity>0.0</velocity>
      <orientation>1.3906316</orientation>
      <time>26</time>
    </ksState>
    <ksState>
      <x>-763.0590834562346</x>
      <y>-395.2045832564979</y>
      <steeringAngle>0.0</steeringAngle>
      <velocity>0.0</velocity>
      <orientation>1.3906316</orientation>
      <time>27</time>
    </ksState>
    <ksState>
      <x>-763.0590834562346</x>
      <y>-395.2045832564979</y>
      <steeringAngle>0.0</steeringAngle>
      <velocity>0.0</velocity>
      <orientation>1.3906316</orientation>
      <time>28</time>
    </ksState>
    <ksState>
      <x>-763.0590834562346</x>
      <y>-395.2045832564979</y>
      <steeringAngle>0.0</steeringAngle>
      <velocity>0.0</velocity>
      <orientation>1.3906316</orientation>
      <time>29</time>
    </ksState>
    <ksState>
      <x>-763.0590834562346</x>
      <y>-395.2045832564979</y>
      <steeringAngle>0.0</steeringAngle>
      <velocity>0.0</velocity>
      <orientation>1.3906316</orientation>
      <time>30</time>
    </ksState>
    <ksState>
      <x>-763.0590834562346</x>
      <y>-395.2045832564979</y>
      <steeringAngle>0.0</steeringAngle>
      <velocity>0.0</velocity>
      <orientation>1.3906316</orientation>
      <time>31</time>
    </ksState>
    <ksState>
      <x>-763.0590834562346</x>
      <y>-395.2045832564979</y>
      <steeringAngle>0.0</steeringAngle>
      <velocity>0.0</velocity>
      <orientation>1.3906316</orientation>
      <time>32</time>
    </ksState>
    <ksState>
      <x>-763.0590834562346</x>
      <y>-395.2045832564979</y>
      <steeringAngle>0.0</steeringAngle>
      <velocity>0.0</velocity>
      <orientation>1.3906316</orientation>
      <time>33</time>
    </ksState>
  </ksTrajectory>
</CommonRoadSolution>
