<?xml version="1.0" ?>
<CommonRoadSolution benchmark_id="KS2:SM1:PRI_Barceloneta-4_5_T-1:2020a" computation_time="0.4022630100007518" date="2023-11-26T00:13:30">
  <ksTrajectory planningProblem="1">
    <ksState>
      <x>-223.67075</x>
      <y>601.69332</y>
      <steeringAngle>0.0</steeringAngle>
      <velocity>12.0</velocity>
      <orientation>1.3868277</orientation>
      <time>0</time>
    </ksState>
    <ksState>
      <x>-223.45854811244573</x>
      <y>602.8337455161056</y>
      <steeringAngle>0.0</steeringAngle>
      <velocity>11.200000000000001</velocity>
      <orientation>1.3868277</orientation>
      <time>1</time>
    </ksState>
    <ksState>
      <x>-223.26098083791487</x>
      <y>603.8955209961414</y>
      <steeringAngle>0.0</steeringAngle>
      <velocity>10.4</velocity>
      <orientation>1.3868277</orientation>
      <time>2</time>
    </ksState>
    <ksState>
      <x>-223.07804817635082</x>
      <y>604.8786464404117</y>
      <steeringAngle>0.0</steeringAngle>
      <velocity>9.599999999999998</velocity>
      <orientation>1.3868277</orientation>
      <time>3</time>
    </ksState>
    <ksState>
      <x>-222.90975012773742</x>
      <y>605.783121849003</y>
      <steeringAngle>0.0</steeringAngle>
      <velocity>8.799999999999999</velocity>
      <orientation>1.3868277</orientation>
      <time>4</time>
    </ksState>
    <ksState>
      <x>-222.75608669206943</x>
      <y>606.6089472219437</y>
      <steeringAngle>0.0</steeringAngle>
      <velocity>7.999999999999997</velocity>
      <orientation>1.3868277</orientation>
      <time>5</time>
    </ksState>
    <ksState>
      <x>-222.60859512396172</x>
      <y>607.3545266984809</y>
      <steeringAngle>-0.03553333333333333</steeringAngle>
      <velocity>7.199999999999999</velocity>
      <orientation>1.3816826870175076</orientation>
      <time>6</time>
    </ksState>
    <ksState>
      <x>-222.45711827392012</x>
      <y>608.0177170472601</y>
      <steeringAngle>-0.07106666666666664</steeringAngle>
      <velocity>6.400000000000001</velocity>
      <orientation>1.3677060148965445</orientation>
      <time>7</time>
    </ksState>
    <ksState>
      <x>-222.3017665660446</x>
      <y>608.5979671715568</y>
      <steeringAngle>-0.10659999999999997</steeringAngle>
      <velocity>5.600000000000004</velocity>
      <orientation>1.3470742470306631</orientation>
      <time>8</time>
    </ksState>
    <ksState>
      <x>-222.14561081888974</x>
      <y>609.0952150597078</y>
      <steeringAngle>-0.1421333333333333</steeringAngle>
      <velocity>4.800000000000003</velocity>
      <orientation>1.321958039522015</orientation>
      <time>9</time>
    </ksState>
    <ksState>
      <x>-221.99395502271426</x>
      <y>609.5100559028604</y>
      <steeringAngle>-0.17766666666666653</steeringAngle>
      <velocity>4.000000000000006</velocity>
      <orientation>1.2945331429368652</orientation>
      <time>10</time>
    </ksState>
    <ksState>
      <x>-221.85724702119504</x>
      <y>609.8449824316729</y>
      <steeringAngle>-0.17766666666666667</steeringAngle>
      <velocity>3.2000000000000006</velocity>
      <orientation>1.2694677036686877</orientation>
      <time>11</time>
    </ksState>
    <ksState>
      <x>-221.74514027953703</x>
      <y>610.103050012636</y>
      <steeringAngle>-0.17766666666666667</steeringAngle>
      <velocity>2.4000000000000012</velocity>
      <orientation>1.2499723620386578</orientation>
      <time>12</time>
    </ksState>
    <ksState>
      <x>-221.6619944375246</x>
      <y>610.2860216465394</y>
      <steeringAngle>-0.17766666666666667</steeringAngle>
      <velocity>1.6000000000000005</velocity>
      <orientation>1.2360471180396768</orientation>
      <time>13</time>
    </ksState>
    <ksState>
      <x>-221.61088677693425</x>
      <y>610.3952426313183</y>
      <steeringAngle>-0.17766666666666667</steeringAngle>
      <velocity>0.8000000000000004</velocity>
      <orientation>1.2276919716689227</orientation>
      <time>14</time>
    </ksState>
    <ksState>
      <x>-221.5936483104421</x>
      <y>610.4315542601717</y>
      <steeringAngle>-0.17766666666666667</steeringAngle>
      <velocity>2.7755575615628914e-16</velocity>
      <orientation>1.2249069229227074</orientation>
      <time>15</time>
    </ksState>
    <ksState>
      <x>-221.5936483104421</x>
      <y>610.4315542601717</y>
      <steeringAngle>-0.14213333333333336</steeringAngle>
      <velocity>0.0</velocity>
      <orientation>1.2249069229227074</orientation>
      <time>16</time>
    </ksState>
    <ksState>
      <x>-221.5936483104421</x>
      <y>610.4315542601717</y>
      <steeringAngle>-0.10660000000000001</steeringAngle>
      <velocity>0.0</velocity>
      <orientation>1.2249069229227074</orientation>
      <time>17</time>
    </ksState>
    <ksState>
      <x>-221.5936483104421</x>
      <y>610.4315542601717</y>
      <steeringAngle>-0.07106666666666668</steeringAngle>
      <velocity>0.0</velocity>
      <orientation>1.2249069229227074</orientation>
      <time>18</time>
    </ksState>
    <ksState>
      <x>-221.5936483104421</x>
      <y>610.4315542601717</y>
      <steeringAngle>-0.03553333333333333</steeringAngle>
      <velocity>0.0</velocity>
      <orientation>1.2249069229227074</orientation>
      <time>19</time>
    </ksState>
    <ksState>
      <x>-221.5936483104421</x>
      <y>610.4315542601717</y>
      <steeringAngle>-0.0</steeringAngle>
      <velocity>0.0</velocity>
      <orientation>1.2249069229227074</orientation>
      <time>20</time>
    </ksState>
    <ksState>
      <x>-221.5936483104421</x>
      <y>610.4315542601717</y>
      <steeringAngle>0.0</steeringAngle>
      <velocity>0.0</velocity>
      <orientation>1.2249069229227074</orientation>
      <time>21</time>
    </ksState>
    <ksState>
      <x>-221.5936483104421</x>
      <y>610.4315542601717</y>
      <steeringAngle>0.0</steeringAngle>
      <velocity>0.0</velocity>
      <orientation>1.2249069229227074</orientation>
      <time>22</time>
    </ksState>
    <ksState>
      <x>-221.5936483104421</x>
      <y>610.4315542601717</y>
      <steeringAngle>0.0</steeringAngle>
      <velocity>0.0</velocity>
      <orientation>1.2249069229227074</orientation>
      <time>23</time>
    </ksState>
    <ksState>
      <x>-221.5936483104421</x>
      <y>610.4315542601717</y>
      <steeringAngle>0.0</steeringAngle>
      <velocity>0.0</velocity>
      <orientation>1.2249069229227074</orientation>
      <time>24</time>
    </ksState>
    <ksState>
      <x>-221.5936483104421</x>
      <y>610.4315542601717</y>
      <steeringAngle>0.0</steeringAngle>
      <velocity>0.0</velocity>
      <orientation>1.2249069229227074</orientation>
      <time>25</time>
    </ksState>
    <ksState>
      <x>-221.5936483104421</x>
      <y>610.4315542601717</y>
      <steeringAngle>0.0</steeringAngle>
      <velocity>0.0</velocity>
      <orientation>1.2249069229227074</orientation>
      <time>26</time>
    </ksState>
    <ksState>
      <x>-221.5936483104421</x>
      <y>610.4315542601717</y>
      <steeringAngle>0.0</steeringAngle>
      <velocity>0.0</velocity>
      <orientation>1.2249069229227074</orientation>
      <time>27</time>
    </ksState>
    <ksState>
      <x>-221.5936483104421</x>
      <y>610.4315542601717</y>
      <steeringAngle>0.0</steeringAngle>
      <velocity>0.0</velocity>
      <orientation>1.2249069229227074</orientation>
      <time>28</time>
    </ksState>
    <ksState>
      <x>-221.5936483104421</x>
      <y>610.4315542601717</y>
      <steeringAngle>0.0</steeringAngle>
      <velocity>0.0</velocity>
      <orientation>1.2249069229227074</orientation>
      <time>29</time>
    </ksState>
    <ksState>
      <x>-221.5936483104421</x>
      <y>610.4315542601717</y>
      <steeringAngle>0.0</steeringAngle>
      <velocity>0.0</velocity>
      <orientation>1.2249069229227074</orientation>
      <time>30</time>
    </ksState>
    <ksState>
      <x>-221.5936483104421</x>
      <y>610.4315542601717</y>
      <steeringAngle>0.0</steeringAngle>
      <velocity>0.0</velocity>
      <orientation>1.2249069229227074</orientation>
      <time>31</time>
    </ksState>
    <ksState>
      <x>-221.5936483104421</x>
      <y>610.4315542601717</y>
      <steeringAngle>0.0</steeringAngle>
      <velocity>0.0</velocity>
      <orientation>1.2249069229227074</orientation>
      <time>32</time>
    </ksState>
    <ksState>
      <x>-221.5936483104421</x>
      <y>610.4315542601717</y>
      <steeringAngle>0.0</steeringAngle>
      <velocity>0.0</velocity>
      <orientation>1.2249069229227074</orientation>
      <time>33</time>
    </ksState>
  </ksTrajectory>
</CommonRoadSolution>
