<?xml version="1.0" ?>
<CommonRoadSolution benchmark_id="KS2:SM1:DEU_Lohmar-40_1_T-1:2020a" computation_time="10.35180303099969" date="2023-11-26T00:13:30">
  <ksTrajectory planningProblem="123">
    <ksState>
      <x>-711.26942</x>
      <y>-726.70649</y>
      <steeringAngle>0.0</steeringAngle>
      <velocity>0.0</velocity>
      <orientation>-3.1277846</orientation>
      <time>0</time>
    </ksState>
    <ksState>
      <x>-711.3094161875405</x>
      <y>-726.7070423046026</y>
      <steeringAngle>0.0</steeringAngle>
      <velocity>0.8</velocity>
      <orientation>-3.1277846</orientation>
      <time>1</time>
    </ksState>
    <ksState>
      <x>-711.4294047489769</x>
      <y>-726.7086992183941</y>
      <steeringAngle>0.0</steeringAngle>
      <velocity>1.6</velocity>
      <orientation>-3.1277846</orientation>
      <time>2</time>
    </ksState>
    <ksState>
      <x>-711.6293856841344</x>
      <y>-726.7114607413721</y>
      <steeringAngle>0.0</steeringAngle>
      <velocity>2.4000000000000004</velocity>
      <orientation>-3.1277846</orientation>
      <time>3</time>
    </ksState>
    <ksState>
      <x>-711.9093589929598</x>
      <y>-726.7153268735358</y>
      <steeringAngle>0.0</steeringAngle>
      <velocity>3.2000000000000006</velocity>
      <orientation>-3.1277846</orientation>
      <time>4</time>
    </ksState>
    <ksState>
      <x>-712.2693246754314</x>
      <y>-726.720297614885</y>
      <steeringAngle>0.0</steeringAngle>
      <velocity>4.000000000000001</velocity>
      <orientation>-3.1277846</orientation>
      <time>5</time>
    </ksState>
    <ksState>
      <x>-712.709343140188</x>
      <y>-726.7214638557768</y>
      <steeringAngle>-0.035533333333333326</steeringAngle>
      <velocity>4.799999999999999</velocity>
      <orientation>-3.130908378669191</orientation>
      <time>6</time>
    </ksState>
    <ksState>
      <x>-713.2294128260863</x>
      <y>-726.7090724409919</y>
      <steeringAngle>-0.07106666666666667</steeringAngle>
      <velocity>5.599999999999998</velocity>
      <orientation>-3.1417589897303637</orientation>
      <time>7</time>
    </ksState>
    <ksState>
      <x>-713.8290594707231</x>
      <y>-726.6735296241567</y>
      <steeringAngle>-0.10659999999999999</steeringAngle>
      <velocity>6.3999999999999995</velocity>
      <orientation>-3.1625759387306918</orientation>
      <time>8</time>
    </ksState>
    <ksState>
      <x>-714.5068061187906</x>
      <y>-726.6015672231433</y>
      <steeringAngle>-0.14213333333333333</steeringAngle>
      <velocity>7.199999999999999</velocity>
      <orientation>-3.195635509711857</orientation>
      <time>9</time>
    </ksState>
    <ksState>
      <x>-715.2592149609409</x>
      <y>-726.4755911596719</y>
      <steeringAngle>-0.17766666666666664</steeringAngle>
      <velocity>7.9999999999999964</velocity>
      <orientation>-3.2432628317934036</orientation>
      <time>10</time>
    </ksState>
    <ksState>
      <x>-716.0018996083016</x>
      <y>-726.2950143202854</y>
      <steeringAngle>-0.21320000000000014</steeringAngle>
      <velocity>7.200000000000003</velocity>
      <orientation>-3.3015121588648966</orientation>
      <time>11</time>
    </ksState>
    <ksState>
      <x>-716.6528388898569</x>
      <y>-726.0800975056342</y>
      <steeringAngle>-0.24873333333333347</steeringAngle>
      <velocity>6.400000000000004</velocity>
      <orientation>-3.363429246350676</orientation>
      <time>12</time>
    </ksState>
    <ksState>
      <x>-717.2110399760917</x>
      <y>-725.8427160959892</y>
      <steeringAngle>-0.2842666666666668</steeringAngle>
      <velocity>5.600000000000001</velocity>
      <orientation>-3.426851389114597</orientation>
      <time>13</time>
    </ksState>
    <ksState>
      <x>-717.6774337872341</x>
      <y>-725.5963633424733</y>
      <steeringAngle>-0.3198</steeringAngle>
      <velocity>4.800000000000002</velocity>
      <orientation>-3.4895804888565496</orientation>
      <time>14</time>
    </ksState>
    <ksState>
      <x>-718.0550418697021</x>
      <y>-725.3552288636567</y>
      <steeringAngle>-0.3553333333333332</steeringAngle>
      <velocity>4.000000000000001</velocity>
      <orientation>-3.5493703229047644</orientation>
      <time>15</time>
    </ksState>
    <ksState>
      <x>-718.3806485844777</x>
      <y>-725.1075292711585</y>
      <steeringAngle>-0.39086666666666653</steeringAngle>
      <velocity>4.0</velocity>
      <orientation>-3.6100906892107516</orientation>
      <time>16</time>
    </ksState>
    <ksState>
      <x>-718.6853390033876</x>
      <y>-724.8315024011328</y>
      <steeringAngle>-0.42639999999999995</steeringAngle>
      <velocity>4.0</velocity>
      <orientation>-3.6772603026671553</orientation>
      <time>17</time>
    </ksState>
    <ksState>
      <x>-718.9646973870989</x>
      <y>-724.5267658895511</y>
      <steeringAngle>-0.4619333333333333</steeringAngle>
      <velocity>4.0</velocity>
      <orientation>-3.751080886299499</orientation>
      <time>18</time>
    </ksState>
    <ksState>
      <x>-719.2137744924499</x>
      <y>-724.1936063084946</y>
      <steeringAngle>-0.49746666666666667</steeringAngle>
      <velocity>4.0</velocity>
      <orientation>-3.8317814281127194</orientation>
      <time>19</time>
    </ksState>
    <ksState>
      <x>-719.4271182180914</x>
      <y>-723.8331499723427</y>
      <steeringAngle>-0.533</steeringAngle>
      <velocity>4.0</velocity>
      <orientation>-3.9196212947125284</orientation>
      <time>20</time>
    </ksState>
    <ksState>
      <x>-719.6076622556624</x>
      <y>-723.4550370165388</y>
      <steeringAngle>-0.4974666666666666</steeringAngle>
      <velocity>4.0</velocity>
      <orientation>-4.007461161551977</orientation>
      <time>21</time>
    </ksState>
    <ksState>
      <x>-719.7637476951547</x>
      <y>-723.0693179145325</y>
      <steeringAngle>-0.4619333333333334</steeringAngle>
      <velocity>4.0</velocity>
      <orientation>-4.088161703339148</orientation>
      <time>22</time>
    </ksState>
    <ksState>
      <x>-719.8977547889419</x>
      <y>-722.6781118451751</y>
      <steeringAngle>-0.42640000000000017</steeringAngle>
      <velocity>4.0</velocity>
      <orientation>-4.161982286588953</orientation>
      <time>23</time>
    </ksState>
    <ksState>
      <x>-720.0121091945067</x>
      <y>-722.2831010355296</y>
      <steeringAngle>-0.3908666666666668</steeringAngle>
      <velocity>4.0</velocity>
      <orientation>-4.229151899451815</orientation>
      <time>24</time>
    </ksState>
    <ksState>
      <x>-720.1092460932605</x>
      <y>-721.8855932629524</y>
      <steeringAngle>-0.3553333333333335</steeringAngle>
      <velocity>4.0</velocity>
      <orientation>-4.289872267330101</orientation>
      <time>25</time>
    </ksState>
    <ksState>
      <x>-720.1987603221345</x>
      <y>-721.4464968089267</y>
      <steeringAngle>-0.31979999999999975</steeringAngle>
      <velocity>4.800000000000001</velocity>
      <orientation>-4.34966210236185</orientation>
      <time>26</time>
    </ksState>
    <ksState>
      <x>-720.2832063650941</x>
      <y>-720.9257251189126</y>
      <steeringAngle>-0.28426666666666645</steeringAngle>
      <velocity>5.600000000000004</velocity>
      <orientation>-4.412391202493173</orientation>
      <time>27</time>
    </ksState>
    <ksState>
      <x>-720.3548104659694</x>
      <y>-720.3232540850366</y>
      <steeringAngle>-0.2487333333333331</steeringAngle>
      <velocity>6.400000000000004</velocity>
      <orientation>-4.475813339185849</orientation>
      <time>28</time>
    </ksState>
    <ksState>
      <x>-720.4068555917634</x>
      <y>-719.6395877044816</y>
      <steeringAngle>-0.21319999999999992</steeringAngle>
      <velocity>7.200000000000004</velocity>
      <orientation>-4.537730427863648</orientation>
      <time>29</time>
    </ksState>
    <ksState>
      <x>-720.4343896068694</x>
      <y>-718.875612157254</y>
      <steeringAngle>-0.17766666666666656</steeringAngle>
      <velocity>8.000000000000004</velocity>
      <orientation>-4.5959797574646135</orientation>
      <time>30</time>
    </ksState>
    <ksState>
      <x>-720.4357619289601</x>
      <y>-718.0724694885504</y>
      <steeringAngle>-0.14213333333333336</steeringAngle>
      <velocity>8.0</velocity>
      <orientation>-4.646014569013362</orientation>
      <time>31</time>
    </ksState>
    <ksState>
      <x>-720.417472094803</x>
      <y>-717.2707764104377</y>
      <steeringAngle>-0.1066000000000001</steeringAngle>
      <velocity>8.0</velocity>
      <orientation>-4.68479842102036</orientation>
      <time>32</time>
    </ksState>
    <ksState>
      <x>-720.3884420000363</x>
      <y>-716.4703264820321</y>
      <steeringAngle>-0.07106666666666674</steeringAngle>
      <velocity>8.0</velocity>
      <orientation>-4.712430900050046</orientation>
      <time>33</time>
    </ksState>
    <ksState>
      <x>-720.3575040246847</x>
      <y>-715.6705656861632</y>
      <steeringAngle>-0.035533333333333354</steeringAngle>
      <velocity>8.0</velocity>
      <orientation>-4.728982420679076</orientation>
      <time>34</time>
    </ksState>
    <ksState>
      <x>-720.3334489970259</x>
      <y>-714.8708828359411</y>
      <steeringAngle>-2.0816681711721685e-17</steeringAngle>
      <velocity>8.0</velocity>
      <orientation>-4.73449494713748</orientation>
      <time>35</time>
    </ksState>
    <ksState>
      <x>-720.315765663936</x>
      <y>-714.0710782974876</y>
      <steeringAngle>0.0</steeringAngle>
      <velocity>8.0</velocity>
      <orientation>-4.73449494713748</orientation>
      <time>36</time>
    </ksState>
    <ksState>
      <x>-720.298082330846</x>
      <y>-713.2712737590341</y>
      <steeringAngle>0.0</steeringAngle>
      <velocity>8.0</velocity>
      <orientation>-4.73449494713748</orientation>
      <time>37</time>
    </ksState>
    <ksState>
      <x>-720.280398997756</x>
      <y>-712.4714692205805</y>
      <steeringAngle>0.0</steeringAngle>
      <velocity>8.0</velocity>
      <orientation>-4.73449494713748</orientation>
      <time>38</time>
    </ksState>
    <ksState>
      <x>-720.2627156646661</x>
      <y>-711.671664682127</y>
      <steeringAngle>0.0</steeringAngle>
      <velocity>8.0</velocity>
      <orientation>-4.73449494713748</orientation>
      <time>39</time>
    </ksState>
    <ksState>
      <x>-720.2450323315761</x>
      <y>-710.8718601436735</y>
      <steeringAngle>0.0</steeringAngle>
      <velocity>8.0</velocity>
      <orientation>-4.73449494713748</orientation>
      <time>40</time>
    </ksState>
    <ksState>
      <x>-720.2273489984861</x>
      <y>-710.07205560522</y>
      <steeringAngle>0.0</steeringAngle>
      <velocity>8.0</velocity>
      <orientation>-4.73449494713748</orientation>
      <time>41</time>
    </ksState>
    <ksState>
      <x>-720.2096656653962</x>
      <y>-709.2722510667666</y>
      <steeringAngle>0.0</steeringAngle>
      <velocity>8.0</velocity>
      <orientation>-4.73449494713748</orientation>
      <time>42</time>
    </ksState>
    <ksState>
      <x>-720.1919823323062</x>
      <y>-708.472446528313</y>
      <steeringAngle>0.0</steeringAngle>
      <velocity>8.0</velocity>
      <orientation>-4.73449494713748</orientation>
      <time>43</time>
    </ksState>
    <ksState>
      <x>-720.1742989992163</x>
      <y>-707.6726419898595</y>
      <steeringAngle>0.0</steeringAngle>
      <velocity>8.0</velocity>
      <orientation>-4.73449494713748</orientation>
      <time>44</time>
    </ksState>
    <ksState>
      <x>-720.1566156661263</x>
      <y>-706.872837451406</y>
      <steeringAngle>0.0</steeringAngle>
      <velocity>8.0</velocity>
      <orientation>-4.73449494713748</orientation>
      <time>45</time>
    </ksState>
    <ksState>
      <x>-720.1389323330363</x>
      <y>-706.0730329129525</y>
      <steeringAngle>0.0</steeringAngle>
      <velocity>8.0</velocity>
      <orientation>-4.73449494713748</orientation>
      <time>46</time>
    </ksState>
    <ksState>
      <x>-720.1212489999464</x>
      <y>-705.273228374499</y>
      <steeringAngle>0.0</steeringAngle>
      <velocity>8.0</velocity>
      <orientation>-4.73449494713748</orientation>
      <time>47</time>
    </ksState>
    <ksState>
      <x>-720.1035656668564</x>
      <y>-704.4734238360454</y>
      <steeringAngle>0.0</steeringAngle>
      <velocity>8.0</velocity>
      <orientation>-4.73449494713748</orientation>
      <time>48</time>
    </ksState>
    <ksState>
      <x>-720.0858823337664</x>
      <y>-703.6736192975919</y>
      <steeringAngle>0.0</steeringAngle>
      <velocity>8.0</velocity>
      <orientation>-4.73449494713748</orientation>
      <time>49</time>
    </ksState>
    <ksState>
      <x>-720.0681990006765</x>
      <y>-702.8738147591384</y>
      <steeringAngle>0.0</steeringAngle>
      <velocity>8.0</velocity>
      <orientation>-4.73449494713748</orientation>
      <time>50</time>
    </ksState>
    <ksState>
      <x>-720.0412058374466</x>
      <y>-702.0742401570468</y>
      <steeringAngle>-0.03553333333333333</steeringAngle>
      <velocity>8.0</velocity>
      <orientation>-4.740007482140319</orientation>
      <time>51</time>
    </ksState>
    <ksState>
      <x>-719.9897007342522</x>
      <y>-701.2755835985785</y>
      <steeringAngle>-0.07106666666666667</steeringAngle>
      <velocity>8.0</velocity>
      <orientation>-4.756559003020588</orientation>
      <time>52</time>
    </ksState>
    <ksState>
      <x>-719.904832791267</x>
      <y>-700.479189352695</y>
      <steeringAngle>-0.10659999999999997</steeringAngle>
      <velocity>8.0</velocity>
      <orientation>-4.784191482311283</orientation>
      <time>53</time>
    </ksState>
    <ksState>
      <x>-719.7777804495296</x>
      <y>-699.6875206742616</y>
      <steeringAngle>-0.1421333333333333</steeringAngle>
      <velocity>8.0</velocity>
      <orientation>-4.822975334584019</orientation>
      <time>54</time>
    </ksState>
    <ksState>
      <x>-719.5998634388137</x>
      <y>-698.9044683809034</y>
      <steeringAngle>-0.17766666666666667</steeringAngle>
      <velocity>8.0</velocity>
      <orientation>-4.873010146833173</orientation>
      <time>55</time>
    </ksState>
    <ksState>
      <x>-719.3932262504014</x>
      <y>-698.169979126875</y>
      <steeringAngle>-0.1421333333333334</steeringAngle>
      <velocity>7.2</velocity>
      <orientation>-4.92063746857881</orientation>
      <time>56</time>
    </ksState>
    <ksState>
      <x>-719.1952934144476</x>
      <y>-697.5177191406713</y>
      <steeringAngle>-0.10660000000000011</steeringAngle>
      <velocity>6.4</velocity>
      <orientation>-4.953697039026778</orientation>
      <time>57</time>
    </ksState>
    <ksState>
      <x>-719.0167701403848</x>
      <y>-696.9441181057498</y>
      <steeringAngle>-0.07106666666666674</steeringAngle>
      <velocity>5.600000000000001</velocity>
      <orientation>-4.974513987320666</orientation>
      <time>58</time>
    </ksState>
    <ksState>
      <x>-718.8641106118508</x>
      <y>-696.4467849208603</y>
      <steeringAngle>-0.03553333333333339</steeringAngle>
      <velocity>4.800000000000001</velocity>
      <orientation>-4.98536459697833</orientation>
      <time>59</time>
    </ksState>
    <ksState>
      <x>-718.7403343692263</x>
      <y>-696.0245278944752</y>
      <steeringAngle>-5.5294310796760726e-17</steeringAngle>
      <velocity>4.0</velocity>
      <orientation>-4.988488372815495</orientation>
      <time>60</time>
    </ksState>
    <ksState>
      <x>-718.6251137789827</x>
      <y>-695.5998611721759</y>
      <steeringAngle>0.035533333333333326</steeringAngle>
      <velocity>4.799999999999999</velocity>
      <orientation>-4.985364594146304</orientation>
      <time>61</time>
    </ksState>
    <ksState>
      <x>-718.5022303331671</x>
      <y>-695.0943656884224</y>
      <steeringAngle>0.07106666666666667</steeringAngle>
      <velocity>5.599999999999998</velocity>
      <orientation>-4.9745139830851315</orientation>
      <time>62</time>
    </ksState>
    <ksState>
      <x>-718.3810726300061</x>
      <y>-694.506011882267</y>
      <steeringAngle>0.10659999999999999</steeringAngle>
      <velocity>6.3999999999999995</velocity>
      <orientation>-4.953697034084803</orientation>
      <time>63</time>
    </ksState>
    <ksState>
      <x>-718.2748380242939</x>
      <y>-693.8327858320614</y>
      <steeringAngle>0.14213333333333333</steeringAngle>
      <velocity>7.199999999999999</velocity>
      <orientation>-4.920637463103638</orientation>
      <time>64</time>
    </ksState>
    <ksState>
      <x>-718.2014102524166</x>
      <y>-693.073445726028</y>
      <steeringAngle>0.17766666666666664</steeringAngle>
      <velocity>7.9999999999999964</velocity>
      <orientation>-4.873010141022092</orientation>
      <time>65</time>
    </ksState>
    <ksState>
      <x>-718.1743628369244</x>
      <y>-692.3102943113129</y>
      <steeringAngle>0.17766666666666667</steeringAngle>
      <velocity>7.2</velocity>
      <orientation>-4.820094213577714</orientation>
      <time>66</time>
    </ksState>
    <ksState>
      <x>-718.1844091676807</x>
      <y>-691.6271038706528</y>
      <steeringAngle>0.17766666666666667</steeringAngle>
      <velocity>6.4</velocity>
      <orientation>-4.772748383784903</orientation>
      <time>67</time>
    </ksState>
    <ksState>
      <x>-718.2201185362362</x>
      <y>-691.025269596607</y>
      <steeringAngle>0.17766666666666667</steeringAngle>
      <velocity>5.599999999999999</velocity>
      <orientation>-4.730972651629719</orientation>
      <time>68</time>
    </ksState>
    <ksState>
      <x>-718.2713760772994</x>
      <y>-690.5052732920055</y>
      <steeringAngle>0.17766666666666667</steeringAngle>
      <velocity>4.799999999999999</velocity>
      <orientation>-4.694767017108203</orientation>
      <time>69</time>
    </ksState>
    <ksState>
      <x>-718.3294267416151</x>
      <y>-690.0669645596396</y>
      <steeringAngle>0.17766666666666667</steeringAngle>
      <velocity>4.0</velocity>
      <orientation>-4.664131480218874</orientation>
      <time>70</time>
    </ksState>
    <ksState>
      <x>-718.3938285154663</x>
      <y>-689.6702127889008</y>
      <steeringAngle>0.17766666666666667</steeringAngle>
      <velocity>4.0</velocity>
      <orientation>-4.636280992063618</orientation>
      <time>71</time>
    </ksState>
    <ksState>
      <x>-718.4692536160754</x>
      <y>-689.2754082314906</y>
      <steeringAngle>0.17766666666666667</steeringAngle>
      <velocity>4.0</velocity>
      <orientation>-4.608430503908362</orientation>
      <time>72</time>
    </ksState>
    <ksState>
      <x>-718.5556435448539</x>
      <y>-688.8828571319586</y>
      <steeringAngle>0.17766666666666667</steeringAngle>
      <velocity>4.0</velocity>
      <orientation>-4.580580015753106</orientation>
      <time>73</time>
    </ksState>
    <ksState>
      <x>-718.6529312975138</x>
      <y>-688.4928639530075</y>
      <steeringAngle>0.17766666666666667</steeringAngle>
      <velocity>4.0</velocity>
      <orientation>-4.55272952759785</orientation>
      <time>74</time>
    </ksState>
    <ksState>
      <x>-718.7610414187441</x>
      <y>-688.1057311734613</y>
      <steeringAngle>0.17766666666666667</steeringAngle>
      <velocity>4.0</velocity>
      <orientation>-4.524879039442594</orientation>
      <time>75</time>
    </ksState>
    <ksState>
      <x>-718.8755812701861</x>
      <y>-687.7208253933215</y>
      <steeringAngle>0.1421333333333333</steeringAngle>
      <velocity>4.0</velocity>
      <orientation>-4.499861633098071</orientation>
      <time>76</time>
    </ksState>
    <ksState>
      <x>-718.9908317698136</x>
      <y>-687.336789280282</y>
      <steeringAngle>0.10659999999999999</steeringAngle>
      <velocity>4.0</velocity>
      <orientation>-4.4804697068073205</orientation>
      <time>77</time>
    </ksState>
    <ksState>
      <x>-719.1047348170173</x>
      <y>-686.9528398085902</y>
      <steeringAngle>0.07106666666666664</steeringAngle>
      <velocity>4.0</velocity>
      <orientation>-4.466653467072367</orientation>
      <time>78</time>
    </ksState>
    <ksState>
      <x>-719.2152339203384</x>
      <y>-686.5682205275222</y>
      <steeringAngle>0.03553333333333332</steeringAngle>
      <velocity>4.0</velocity>
      <orientation>-4.4583777066101025</orientation>
      <time>79</time>
    </ksState>
    <ksState>
      <x>-719.3202547526015</x>
      <y>-686.1822317570789</y>
      <steeringAngle>-2.2985086056692694e-17</steeringAngle>
      <velocity>4.0</velocity>
      <orientation>-4.455621443315262</orientation>
      <time>80</time>
    </ksState>
    <ksState>
      <x>-719.4176871804568</x>
      <y>-685.7942617391053</y>
      <steeringAngle>-0.035533333333333326</steeringAngle>
      <velocity>4.0</velocity>
      <orientation>-4.458377717847862</orientation>
      <time>81</time>
    </ksState>
    <ksState>
      <x>-719.5053695302267</x>
      <y>-685.4038194614449</y>
      <steeringAngle>-0.07106666666666711</steeringAngle>
      <velocity>4.0</velocity>
      <orientation>-4.466653478391147</orientation>
      <time>82</time>
    </ksState>
    <ksState>
      <x>-719.5810755403608</x>
      <y>-685.0105699959462</y>
      <steeringAngle>-0.10660000000000043</steeringAngle>
      <velocity>4.0</velocity>
      <orientation>-4.480469718210284</orientation>
      <time>83</time>
    </ksState>
    <ksState>
      <x>-719.6425052751255</x>
      <y>-684.6143728086822</y>
      <steeringAngle>-0.14213333333333378</steeringAngle>
      <velocity>4.0</velocity>
      <orientation>-4.49986164459583</orientation>
      <time>84</time>
    </ksState>
    <ksState>
      <x>-719.6872807896253</x>
      <y>-684.2153237443089</y>
      <steeringAngle>-0.1776666666666672</steeringAngle>
      <velocity>4.0</velocity>
      <orientation>-4.524879051047227</orientation>
      <time>85</time>
    </ksState>
    <ksState>
      <x>-719.712947955897</x>
      <y>-683.8138010557333</y>
      <steeringAngle>-0.21319999999999995</steeringAngle>
      <velocity>4.0</velocity>
      <orientation>-4.555586833684727</orientation>
      <time>86</time>
    </ksState>
    <ksState>
      <x>-719.7169859989009</x>
      <y>-683.4105157517943</y>
      <steeringAngle>-0.24873333333333336</steeringAngle>
      <velocity>4.0</velocity>
      <orientation>-4.592065674807421</orientation>
      <time>87</time>
    </ksState>
    <ksState>
      <x>-719.6968266294236</x>
      <y>-683.0065662592208</y>
      <steeringAngle>-0.2842666666666667</steeringAngle>
      <velocity>4.0</velocity>
      <orientation>-4.63441290865287</orientation>
      <time>88</time>
    </ksState>
    <ksState>
      <x>-719.6498850048009</x>
      <y>-682.6034970873507</y>
      <steeringAngle>-0.31980000000000003</steeringAngle>
      <velocity>4.0</velocity>
      <orientation>-4.682743590020005</orientation>
      <time>89</time>
    </ksState>
    <ksState>
      <x>-719.5736051395509</x>
      <y>-682.2033606957996</y>
      <steeringAngle>-0.35533333333333333</steeringAngle>
      <velocity>4.0</velocity>
      <orientation>-4.737191791198283</orientation>
      <time>90</time>
    </ksState>
    <ksState>
      <x>-719.4704277784782</x>
      <y>-681.8083747842255</y>
      <steeringAngle>-0.35533333333333333</steeringAngle>
      <velocity>4.0</velocity>
      <orientation>-4.7947484979549975</orientation>
      <time>91</time>
    </ksState>
    <ksState>
      <x>-719.3446997344711</x>
      <y>-681.4199781794837</y>
      <steeringAngle>-0.35533333333333333</steeringAngle>
      <velocity>4.0</velocity>
      <orientation>-4.852305204711711</orientation>
      <time>92</time>
    </ksState>
    <ksState>
      <x>-719.196837399461</x>
      <y>-681.0394572281343</y>
      <steeringAngle>-0.35533333333333333</steeringAngle>
      <velocity>4.0</velocity>
      <orientation>-4.909861911468425</orientation>
      <time>93</time>
    </ksState>
    <ksState>
      <x>-719.0273304724568</x>
      <y>-680.6680721622814</y>
      <steeringAngle>-0.35533333333333333</steeringAngle>
      <velocity>4.0</velocity>
      <orientation>-4.967418618225139</orientation>
      <time>94</time>
    </ksState>
    <ksState>
      <x>-718.8367403367132</x>
      <y>-680.3070529570316</y>
      <steeringAngle>-0.35533333333333333</steeringAngle>
      <velocity>4.0</velocity>
      <orientation>-5.024975324981853</orientation>
      <time>95</time>
    </ksState>
    <ksState>
      <x>-718.6515857965678</x>
      <y>-679.990516817284</y>
      <steeringAngle>-0.31979999999999975</steeringAngle>
      <velocity>3.2</velocity>
      <orientation>-5.074081885039642</orientation>
      <time>96</time>
    </ksState>
    <ksState>
      <x>-718.5031363702033</x>
      <y>-679.7482461419921</y>
      <steeringAngle>-0.2842666666666663</steeringAngle>
      <velocity>2.4000000000000004</velocity>
      <orientation>-5.1080141404058566</orientation>
      <time>97</time>
    </ksState>
    <ksState>
      <x>-718.3962567327088</x>
      <y>-679.5765076733148</y>
      <steeringAngle>-0.24873333333333292</steeringAngle>
      <velocity>1.6000000000000008</velocity>
      <orientation>-5.129286461352795</orientation>
      <time>98</time>
    </ksState>
    <ksState>
      <x>-718.3327185065824</x>
      <y>-679.4735027671024</y>
      <steeringAngle>-0.21319999999999967</steeringAngle>
      <velocity>0.8000000000000008</velocity>
      <orientation>-5.140327052093849</orientation>
      <time>99</time>
    </ksState>
  </ksTrajectory>
</CommonRoadSolution>
