<?xml version="1.0" ?>
<CommonRoadSolution benchmark_id="KS2:SM1:DEU_Flensburg-56_1_T-1:2020a" computation_time="2.003961103000165" date="2023-11-26T00:13:30">
  <ksTrajectory planningProblem="123">
    <ksState>
      <x>393.84628</x>
      <y>-103.24991</y>
      <steeringAngle>0.0</steeringAngle>
      <velocity>8.0</velocity>
      <orientation>-2.1070908</orientation>
      <time>0</time>
    </ksState>
    <ksState>
      <x>393.4375166346822</x>
      <y>-103.93759634650841</y>
      <steeringAngle>0.0</steeringAngle>
      <velocity>8.0</velocity>
      <orientation>-2.1070908</orientation>
      <time>1</time>
    </ksState>
    <ksState>
      <x>393.0287532693645</x>
      <y>-104.62528269301684</y>
      <steeringAngle>0.0</steeringAngle>
      <velocity>8.0</velocity>
      <orientation>-2.1070908</orientation>
      <time>2</time>
    </ksState>
    <ksState>
      <x>392.6199899040467</x>
      <y>-105.31296903952526</y>
      <steeringAngle>0.0</steeringAngle>
      <velocity>8.0</velocity>
      <orientation>-2.1070908</orientation>
      <time>3</time>
    </ksState>
    <ksState>
      <x>392.21122653872897</x>
      <y>-106.00065538603369</y>
      <steeringAngle>0.0</steeringAngle>
      <velocity>8.0</velocity>
      <orientation>-2.1070908</orientation>
      <time>4</time>
    </ksState>
    <ksState>
      <x>391.8024631734112</x>
      <y>-106.6883417325421</y>
      <steeringAngle>0.0</steeringAngle>
      <velocity>8.0</velocity>
      <orientation>-2.1070908</orientation>
      <time>5</time>
    </ksState>
    <ksState>
      <x>391.3936998080934</x>
      <y>-107.37602807905051</y>
      <steeringAngle>0.0</steeringAngle>
      <velocity>8.0</velocity>
      <orientation>-2.1070908</orientation>
      <time>6</time>
    </ksState>
    <ksState>
      <x>390.9849364427757</x>
      <y>-108.06371442555894</y>
      <steeringAngle>0.0</steeringAngle>
      <velocity>8.0</velocity>
      <orientation>-2.1070908</orientation>
      <time>7</time>
    </ksState>
    <ksState>
      <x>390.5761730774579</x>
      <y>-108.75140077206736</y>
      <steeringAngle>0.0</steeringAngle>
      <velocity>8.0</velocity>
      <orientation>-2.1070908</orientation>
      <time>8</time>
    </ksState>
    <ksState>
      <x>390.16740971214017</x>
      <y>-109.43908711857578</y>
      <steeringAngle>0.0</steeringAngle>
      <velocity>8.0</velocity>
      <orientation>-2.1070908</orientation>
      <time>9</time>
    </ksState>
    <ksState>
      <x>389.7586463468224</x>
      <y>-110.1267734650842</y>
      <steeringAngle>0.0</steeringAngle>
      <velocity>8.0</velocity>
      <orientation>-2.1070908</orientation>
      <time>10</time>
    </ksState>
    <ksState>
      <x>389.3498829815046</x>
      <y>-110.81445981159261</y>
      <steeringAngle>0.0</steeringAngle>
      <velocity>8.0</velocity>
      <orientation>-2.1070908</orientation>
      <time>11</time>
    </ksState>
    <ksState>
      <x>388.9411196161869</x>
      <y>-111.50214615810104</y>
      <steeringAngle>0.0</steeringAngle>
      <velocity>8.0</velocity>
      <orientation>-2.1070908</orientation>
      <time>12</time>
    </ksState>
    <ksState>
      <x>388.5323562508691</x>
      <y>-112.18983250460946</y>
      <steeringAngle>0.0</steeringAngle>
      <velocity>8.0</velocity>
      <orientation>-2.1070908</orientation>
      <time>13</time>
    </ksState>
    <ksState>
      <x>388.1235928855514</x>
      <y>-112.87751885111788</y>
      <steeringAngle>0.0</steeringAngle>
      <velocity>8.0</velocity>
      <orientation>-2.1070908</orientation>
      <time>14</time>
    </ksState>
    <ksState>
      <x>387.7148295202336</x>
      <y>-113.5652051976263</y>
      <steeringAngle>0.0</steeringAngle>
      <velocity>8.0</velocity>
      <orientation>-2.1070908</orientation>
      <time>15</time>
    </ksState>
    <ksState>
      <x>387.31911212482987</x>
      <y>-114.21408905585602</y>
      <steeringAngle>-0.03553333333333333</steeringAngle>
      <velocity>7.199999999999999</velocity>
      <orientation>-2.112235812982492</orientation>
      <time>16</time>
    </ksState>
    <ksState>
      <x>386.948085234297</x>
      <y>-114.78426948459244</y>
      <steeringAngle>-0.07106666666666664</steeringAngle>
      <velocity>6.400000000000001</velocity>
      <orientation>-2.1262124851034554</orientation>
      <time>17</time>
    </ksState>
    <ksState>
      <x>386.60204266307744</x>
      <y>-115.2752673448626</y>
      <steeringAngle>-0.10659999999999997</steeringAngle>
      <velocity>5.600000000000004</velocity>
      <orientation>-2.146844252969337</orientation>
      <time>18</time>
    </ksState>
    <ksState>
      <x>386.2838879965557</x>
      <y>-115.68808411754823</y>
      <steeringAngle>-0.1421333333333333</steeringAngle>
      <velocity>4.800000000000003</velocity>
      <orientation>-2.171960460477985</orientation>
      <time>19</time>
    </ksState>
    <ksState>
      <x>385.99839402531694</x>
      <y>-116.02510874283165</y>
      <steeringAngle>-0.17766666666666653</steeringAngle>
      <velocity>4.000000000000006</velocity>
      <orientation>-2.199385357063135</orientation>
      <time>20</time>
    </ksState>
    <ksState>
      <x>385.72347697893406</x>
      <y>-116.31887717284658</y>
      <steeringAngle>-0.21319999999999995</steeringAngle>
      <velocity>4.0</velocity>
      <orientation>-2.230093139700635</orientation>
      <time>21</time>
    </ksState>
    <ksState>
      <x>385.43245847907326</x>
      <y>-116.5980967547231</y>
      <steeringAngle>-0.24873333333333336</steeringAngle>
      <velocity>4.0</velocity>
      <orientation>-2.2665719808233296</orientation>
      <time>22</time>
    </ksState>
    <ksState>
      <x>385.12437925306347</x>
      <y>-116.86014404669409</y>
      <steeringAngle>-0.2842666666666667</steeringAngle>
      <velocity>4.0</velocity>
      <orientation>-2.3089192146687774</orientation>
      <time>23</time>
    </ksState>
    <ksState>
      <x>384.7985936497588</x>
      <y>-117.10207795112603</y>
      <steeringAngle>-0.31980000000000003</steeringAngle>
      <velocity>4.0</velocity>
      <orientation>-2.3572498960359125</orientation>
      <time>24</time>
    </ksState>
    <ksState>
      <x>384.45484581821194</x>
      <y>-117.32063041163137</y>
      <steeringAngle>-0.35533333333333333</steeringAngle>
      <velocity>4.0</velocity>
      <orientation>-2.411698097214191</orientation>
      <time>25</time>
    </ksState>
    <ksState>
      <x>384.0933591670866</x>
      <y>-117.51220865123332</y>
      <steeringAngle>-0.39086666666666653</steeringAngle>
      <velocity>4.0</velocity>
      <orientation>-2.472418463520178</orientation>
      <time>26</time>
    </ksState>
    <ksState>
      <x>383.71493975485015</x>
      <y>-117.6729128291326</y>
      <steeringAngle>-0.42639999999999995</steeringAngle>
      <velocity>4.0</velocity>
      <orientation>-2.5395880769765817</orientation>
      <time>27</time>
    </ksState>
    <ksState>
      <x>383.3210938485371</x>
      <y>-117.79857447849761</y>
      <steeringAngle>-0.4619333333333333</steeringAngle>
      <velocity>4.0</velocity>
      <orientation>-2.6134086606089255</orientation>
      <time>28</time>
    </ksState>
    <ksState>
      <x>382.91415879711434</x>
      <y>-117.88482165110854</y>
      <steeringAngle>-0.49746666666666667</steeringAngle>
      <velocity>4.0</velocity>
      <orientation>-2.694109202422146</orientation>
      <time>29</time>
    </ksState>
    <ksState>
      <x>382.4974452030158</x>
      <y>-117.9271784219515</y>
      <steeringAngle>-0.533</steeringAngle>
      <velocity>4.0</velocity>
      <orientation>-2.7819490690219544</orientation>
      <time>30</time>
    </ksState>
    <ksState>
      <x>382.0784717264314</x>
      <y>-117.93235362899996</y>
      <steeringAngle>-0.4974666666666666</steeringAngle>
      <velocity>4.0</velocity>
      <orientation>-2.8697889358614037</orientation>
      <time>31</time>
    </ksState>
    <ksState>
      <x>381.66285994366365</x>
      <y>-117.91213640617839</y>
      <steeringAngle>-0.4619333333333334</steeringAngle>
      <velocity>4.0</velocity>
      <orientation>-2.9504894776485737</orientation>
      <time>32</time>
    </ksState>
    <ksState>
      <x>381.25153433433627</x>
      <y>-117.86957664820457</y>
      <steeringAngle>-0.42640000000000017</steeringAngle>
      <velocity>4.0</velocity>
      <orientation>-3.0243100608983786</orientation>
      <time>33</time>
    </ksState>
    <ksState>
      <x>380.84500371795457</x>
      <y>-117.8075820697871</y>
      <steeringAngle>-0.3908666666666668</steeringAngle>
      <velocity>4.0</velocity>
      <orientation>-3.0914796737612416</orientation>
      <time>34</time>
    </ksState>
    <ksState>
      <x>380.44343304411547</x>
      <y>-117.72891187040234</y>
      <steeringAngle>-0.3553333333333335</steeringAngle>
      <velocity>4.0</velocity>
      <orientation>-3.152200041639527</orientation>
      <time>35</time>
    </ksState>
    <ksState>
      <x>380.00731332959947</x>
      <y>-117.62586776470316</y>
      <steeringAngle>-0.31979999999999975</steeringAngle>
      <velocity>4.800000000000001</velocity>
      <orientation>-3.2119898766712756</orientation>
      <time>36</time>
    </ksState>
    <ksState>
      <x>379.4991875150794</x>
      <y>-117.48394368672497</y>
      <steeringAngle>-0.28426666666666645</steeringAngle>
      <velocity>5.600000000000004</velocity>
      <orientation>-3.2747189768025993</orientation>
      <time>37</time>
    </ksState>
    <ksState>
      <x>378.92229643009216</x>
      <y>-117.2960735986747</y>
      <steeringAngle>-0.2487333333333331</steeringAngle>
      <velocity>6.400000000000004</velocity>
      <orientation>-3.338141113495275</orientation>
      <time>38</time>
    </ksState>
    <ksState>
      <x>378.279916727806</x>
      <y>-117.05637225718769</y>
      <steeringAngle>-0.21319999999999992</steeringAngle>
      <velocity>7.200000000000004</velocity>
      <orientation>-3.400058202173074</orientation>
      <time>39</time>
    </ksState>
    <ksState>
      <x>377.5749312106828</x>
      <y>-116.76071674921234</y>
      <steeringAngle>-0.17766666666666656</steeringAngle>
      <velocity>8.000000000000004</velocity>
      <orientation>-3.4583075317740395</orientation>
      <time>40</time>
    </ksState>
    <ksState>
      <x>376.84537558844335</x>
      <y>-116.42487657350509</y>
      <steeringAngle>-0.14213333333333336</steeringAngle>
      <velocity>8.0</velocity>
      <orientation>-3.508342343322788</orientation>
      <time>41</time>
    </ksState>
    <ksState>
      <x>376.1253880735111</x>
      <y>-116.07179827076051</y>
      <steeringAngle>-0.1066000000000001</steeringAngle>
      <velocity>8.0</velocity>
      <orientation>-3.5471261953297852</orientation>
      <time>42</time>
    </ksState>
    <ksState>
      <x>375.41103669284837</x>
      <y>-115.70949323459351</y>
      <steeringAngle>-0.07106666666666674</steeringAngle>
      <velocity>8.0</velocity>
      <orientation>-3.5747586743594724</orientation>
      <time>43</time>
    </ksState>
    <ksState>
      <x>374.6981115631443</x>
      <y>-115.34574572825946</y>
      <steeringAngle>-0.035533333333333354</steeringAngle>
      <velocity>8.0</velocity>
      <orientation>-3.5913101949885013</orientation>
      <time>44</time>
    </ksState>
    <ksState>
      <x>373.9823683500991</x>
      <y>-114.98827830558326</y>
      <steeringAngle>-2.0816681711721685e-17</steeringAngle>
      <velocity>8.0</velocity>
      <orientation>-3.596822721446906</orientation>
      <time>45</time>
    </ksState>
    <ksState>
      <x>373.2638404314962</x>
      <y>-114.63654313505265</y>
      <steeringAngle>0.0</steeringAngle>
      <velocity>8.0</velocity>
      <orientation>-3.596822721446906</orientation>
      <time>46</time>
    </ksState>
    <ksState>
      <x>372.5453125128933</x>
      <y>-114.28480796452203</y>
      <steeringAngle>0.0</steeringAngle>
      <velocity>8.0</velocity>
      <orientation>-3.596822721446906</orientation>
      <time>47</time>
    </ksState>
    <ksState>
      <x>371.8267845942904</x>
      <y>-113.93307279399141</y>
      <steeringAngle>0.0</steeringAngle>
      <velocity>8.0</velocity>
      <orientation>-3.596822721446906</orientation>
      <time>48</time>
    </ksState>
    <ksState>
      <x>371.1082566756875</x>
      <y>-113.58133762346078</y>
      <steeringAngle>0.0</steeringAngle>
      <velocity>8.0</velocity>
      <orientation>-3.596822721446906</orientation>
      <time>49</time>
    </ksState>
    <ksState>
      <x>370.38972875708464</x>
      <y>-113.22960245293017</y>
      <steeringAngle>0.0</steeringAngle>
      <velocity>8.0</velocity>
      <orientation>-3.596822721446906</orientation>
      <time>50</time>
    </ksState>
    <ksState>
      <x>369.67120083848175</x>
      <y>-112.87786728239955</y>
      <steeringAngle>0.0</steeringAngle>
      <velocity>8.0</velocity>
      <orientation>-3.596822721446906</orientation>
      <time>51</time>
    </ksState>
    <ksState>
      <x>368.95267291987886</x>
      <y>-112.52613211186893</y>
      <steeringAngle>0.0</steeringAngle>
      <velocity>8.0</velocity>
      <orientation>-3.596822721446906</orientation>
      <time>52</time>
    </ksState>
    <ksState>
      <x>368.234145001276</x>
      <y>-112.17439694133832</y>
      <steeringAngle>0.0</steeringAngle>
      <velocity>8.0</velocity>
      <orientation>-3.596822721446906</orientation>
      <time>53</time>
    </ksState>
    <ksState>
      <x>367.5156170826731</x>
      <y>-111.82266177080768</y>
      <steeringAngle>0.0</steeringAngle>
      <velocity>8.0</velocity>
      <orientation>-3.596822721446906</orientation>
      <time>54</time>
    </ksState>
    <ksState>
      <x>366.7970891640702</x>
      <y>-111.47092660027707</y>
      <steeringAngle>0.0</steeringAngle>
      <velocity>8.0</velocity>
      <orientation>-3.596822721446906</orientation>
      <time>55</time>
    </ksState>
    <ksState>
      <x>366.07448840794945</x>
      <y>-111.12756626123839</y>
      <steeringAngle>0.03553333333333333</steeringAngle>
      <velocity>8.0</velocity>
      <orientation>-3.5913101864440673</orientation>
      <time>56</time>
    </ksState>
    <ksState>
      <x>365.3414419348283</x>
      <y>-110.80639972767023</y>
      <steeringAngle>0.07106666666666667</steeringAngle>
      <velocity>8.0</velocity>
      <orientation>-3.574758665563798</orientation>
      <time>57</time>
    </ksState>
    <ksState>
      <x>364.59507752114365</x>
      <y>-110.5159061397755</y>
      <steeringAngle>0.10659999999999997</steeringAngle>
      <velocity>8.0</velocity>
      <orientation>-3.5471261862731027</orientation>
      <time>58</time>
    </ksState>
    <ksState>
      <x>363.83353033078185</x>
      <y>-110.26505265503643</y>
      <steeringAngle>0.1421333333333333</steeringAngle>
      <velocity>8.0</velocity>
      <orientation>-3.508342334000368</orientation>
      <time>59</time>
    </ksState>
    <ksState>
      <x>363.05626843030086</x>
      <y>-110.06333677837829</y>
      <steeringAngle>0.17766666666666667</steeringAngle>
      <velocity>8.0</velocity>
      <orientation>-3.4583075217512134</orientation>
      <time>60</time>
    </ksState>
    <ksState>
      <x>362.2694569983121</x>
      <y>-109.90219150214556</y>
      <steeringAngle>0.14213333333333336</steeringAngle>
      <velocity>8.0</velocity>
      <orientation>-3.408272710202465</orientation>
      <time>61</time>
    </ksState>
    <ksState>
      <x>361.48015401643136</x>
      <y>-109.76060367667549</y>
      <steeringAngle>0.1066000000000001</steeringAngle>
      <velocity>8.0</velocity>
      <orientation>-3.3694888581954676</orientation>
      <time>62</time>
    </ksState>
    <ksState>
      <x>360.68993235092375</x>
      <y>-109.62978871709825</y>
      <steeringAngle>0.07106666666666674</steeringAngle>
      <velocity>8.0</velocity>
      <orientation>-3.3418563791657805</orientation>
      <time>63</time>
    </ksState>
    <ksState>
      <x>359.9000064304537</x>
      <y>-109.50098060750369</y>
      <steeringAngle>0.035533333333333354</steeringAngle>
      <velocity>8.0</velocity>
      <orientation>-3.3253048585367515</orientation>
      <time>64</time>
    </ksState>
    <ksState>
      <x>359.111526389524</x>
      <y>-109.36544267793955</y>
      <steeringAngle>2.0816681711721685e-17</steeringAngle>
      <velocity>8.0</velocity>
      <orientation>-3.3197923320783467</orientation>
      <time>65</time>
    </ksState>
    <ksState>
      <x>358.32586931497303</x>
      <y>-109.21447534246941</y>
      <steeringAngle>-0.03553333333333333</steeringAngle>
      <velocity>8.0</velocity>
      <orientation>-3.3253048670811856</orientation>
      <time>66</time>
    </ksState>
    <ksState>
      <x>357.5449297636103</x>
      <y>-109.03943680055083</y>
      <steeringAngle>-0.07106666666666667</steeringAngle>
      <velocity>8.0</velocity>
      <orientation>-3.341856387961455</orientation>
      <time>67</time>
    </ksState>
    <ksState>
      <x>356.77141162715543</x>
      <y>-108.83179274164652</y>
      <steeringAngle>-0.10659999999999997</steeringAngle>
      <velocity>8.0</velocity>
      <orientation>-3.36948886725215</orientation>
      <time>68</time>
    </ksState>
    <ksState>
      <x>356.0091196173557</x>
      <y>-108.58321179758786</y>
      <steeringAngle>-0.1421333333333333</steeringAngle>
      <velocity>8.0</velocity>
      <orientation>-3.4082727195248848</orientation>
      <time>69</time>
    </ksState>
    <ksState>
      <x>355.2632466877103</x>
      <y>-108.28572410093886</y>
      <steeringAngle>-0.17766666666666667</steeringAngle>
      <velocity>8.0</velocity>
      <orientation>-3.4583075317740395</orientation>
      <time>70</time>
    </ksState>
    <ksState>
      <x>354.53369106547086</x>
      <y>-107.94988392523162</y>
      <steeringAngle>-0.14213333333333336</steeringAngle>
      <velocity>8.0</velocity>
      <orientation>-3.508342343322788</orientation>
      <time>71</time>
    </ksState>
    <ksState>
      <x>353.8137035505386</x>
      <y>-107.59680562248704</y>
      <steeringAngle>-0.1066000000000001</steeringAngle>
      <velocity>8.0</velocity>
      <orientation>-3.5471261953297852</orientation>
      <time>72</time>
    </ksState>
    <ksState>
      <x>353.0993521698759</x>
      <y>-107.23450058632004</y>
      <steeringAngle>-0.07106666666666674</steeringAngle>
      <velocity>8.0</velocity>
      <orientation>-3.5747586743594724</orientation>
      <time>73</time>
    </ksState>
    <ksState>
      <x>352.38642704017184</x>
      <y>-106.87075307998599</y>
      <steeringAngle>-0.035533333333333354</steeringAngle>
      <velocity>8.0</velocity>
      <orientation>-3.5913101949885013</orientation>
      <time>74</time>
    </ksState>
    <ksState>
      <x>351.6706838271266</x>
      <y>-106.5132856573098</y>
      <steeringAngle>-2.0816681711721685e-17</steeringAngle>
      <velocity>8.0</velocity>
      <orientation>-3.596822721446906</orientation>
      <time>75</time>
    </ksState>
    <ksState>
      <x>350.98808230510673</x>
      <y>-106.1791372456253</y>
      <steeringAngle>0.0</steeringAngle>
      <velocity>7.200000000000001</velocity>
      <orientation>-3.596822721446906</orientation>
      <time>76</time>
    </ksState>
    <ksState>
      <x>350.3773335752115</x>
      <y>-105.88016235112326</y>
      <steeringAngle>0.0</steeringAngle>
      <velocity>6.400000000000001</velocity>
      <orientation>-3.596822721446906</orientation>
      <time>77</time>
    </ksState>
    <ksState>
      <x>349.83843763726105</x>
      <y>-105.61636097371569</y>
      <steeringAngle>0.0</steeringAngle>
      <velocity>5.600000000000001</velocity>
      <orientation>-3.596822721446906</orientation>
      <time>78</time>
    </ksState>
    <ksState>
      <x>349.37139449120474</x>
      <y>-105.3877331133777</y>
      <steeringAngle>0.0</steeringAngle>
      <velocity>4.800000000000001</velocity>
      <orientation>-3.596822721446906</orientation>
      <time>79</time>
    </ksState>
    <ksState>
      <x>348.97620413702384</x>
      <y>-105.19427877010021</y>
      <steeringAngle>0.0</steeringAngle>
      <velocity>4.000000000000001</velocity>
      <orientation>-3.596822721446906</orientation>
      <time>80</time>
    </ksState>
    <ksState>
      <x>348.6150596330711</x>
      <y>-105.02226580515605</y>
      <steeringAngle>0.035533333333333326</steeringAngle>
      <velocity>4.0</velocity>
      <orientation>-3.5940664469143058</orientation>
      <time>81</time>
    </ksState>
    <ksState>
      <x>348.24956905017393</x>
      <y>-104.85932409637869</y>
      <steeringAngle>0.07106666666666711</steeringAngle>
      <velocity>4.0</velocity>
      <orientation>-3.5857906863710203</orientation>
      <time>82</time>
    </ksState>
    <ksState>
      <x>347.8789650997394</x>
      <y>-104.7075701705389</y>
      <steeringAngle>0.10660000000000043</steeringAngle>
      <velocity>4.0</velocity>
      <orientation>-3.5719744465518835</orientation>
      <time>83</time>
    </ksState>
    <ksState>
      <x>347.5026565458395</x>
      <y>-104.56923110963797</y>
      <steeringAngle>0.14213333333333378</steeringAngle>
      <velocity>4.0</velocity>
      <orientation>-3.5525825201663377</orientation>
      <time>84</time>
    </ksState>
    <ksState>
      <x>347.1202685107586</x>
      <y>-104.44665707852623</y>
      <steeringAngle>0.1776666666666672</steeringAngle>
      <velocity>4.0</velocity>
      <orientation>-3.52756511371494</orientation>
      <time>85</time>
    </ksState>
    <ksState>
      <x>346.7332429793997</x>
      <y>-104.33816378778491</y>
      <steeringAngle>0.17766666666666667</steeringAngle>
      <velocity>4.0</velocity>
      <orientation>-3.4997146255596845</orientation>
      <time>86</time>
    </ksState>
    <ksState>
      <x>346.3433463035249</x>
      <y>-104.24049001189981</y>
      <steeringAngle>0.17766666666666667</steeringAngle>
      <velocity>4.0</velocity>
      <orientation>-3.4718641374044283</orientation>
      <time>87</time>
    </ksState>
    <ksState>
      <x>345.95088091749244</x>
      <y>-104.15371152202832</y>
      <steeringAngle>0.17766666666666667</steeringAngle>
      <velocity>4.0</velocity>
      <orientation>-3.4440136492491726</orientation>
      <time>88</time>
    </ksState>
    <ksState>
      <x>345.5561512176276</x>
      <y>-104.07789562336148</y>
      <steeringAngle>0.17766666666666667</steeringAngle>
      <velocity>4.0</velocity>
      <orientation>-3.4161631610939165</orientation>
      <time>89</time>
    </ksState>
    <ksState>
      <x>345.1594633559394</x>
      <y>-104.01310111972896</y>
      <steeringAngle>0.17766666666666667</steeringAngle>
      <velocity>4.0</velocity>
      <orientation>-3.388312672938661</orientation>
      <time>90</time>
    </ksState>
    <ksState>
      <x>344.76016316523845</x>
      <y>-103.96371862716848</y>
      <steeringAngle>0.21319999999999995</steeringAngle>
      <velocity>4.0</velocity>
      <orientation>-3.3576048903011606</orientation>
      <time>91</time>
    </ksState>
    <ksState>
      <x>344.3578235338221</x>
      <y>-103.93582305124107</y>
      <steeringAngle>0.24873333333333336</steeringAngle>
      <velocity>4.0</velocity>
      <orientation>-3.321126049178466</orientation>
      <time>92</time>
    </ksState>
    <ksState>
      <x>343.9533889837343</x>
      <y>-103.93204318042646</y>
      <steeringAngle>0.2842666666666667</steeringAngle>
      <velocity>4.0</velocity>
      <orientation>-3.2787788153330184</orientation>
      <time>93</time>
    </ksState>
    <ksState>
      <x>343.5482483583512</x>
      <y>-103.95505072480789</y>
      <steeringAngle>0.31980000000000003</steeringAngle>
      <velocity>4.0</velocity>
      <orientation>-3.2304481339658833</orientation>
      <time>94</time>
    </ksState>
    <ksState>
      <x>343.1442992688303</x>
      <y>-104.00751864606751</y>
      <steeringAngle>0.35533333333333333</steeringAngle>
      <velocity>4.0</velocity>
      <orientation>-3.175999932787605</orientation>
      <time>95</time>
    </ksState>
    <ksState>
      <x>342.70398440903983</x>
      <y>-104.09083321476079</y>
      <steeringAngle>0.31979999999999975</steeringAngle>
      <velocity>4.800000000000001</velocity>
      <orientation>-3.1162100977558564</orientation>
      <time>96</time>
    </ksState>
    <ksState>
      <x>342.1899868126296</x>
      <y>-104.20974813466633</y>
      <steeringAngle>0.28426666666666645</steeringAngle>
      <velocity>5.600000000000004</velocity>
      <orientation>-3.0534809976245327</orientation>
      <time>97</time>
    </ksState>
    <ksState>
      <x>341.6052260582812</x>
      <y>-104.37146812135818</y>
      <steeringAngle>0.2487333333333331</steeringAngle>
      <velocity>6.400000000000004</velocity>
      <orientation>-2.990058860931857</orientation>
      <time>98</time>
    </ksState>
    <ksState>
      <x>340.9527106471376</x>
      <y>-104.58201990415806</y>
      <steeringAngle>0.21319999999999992</steeringAngle>
      <velocity>7.200000000000004</velocity>
      <orientation>-2.928141772254058</orientation>
      <time>99</time>
    </ksState>
  </ksTrajectory>
</CommonRoadSolution>
