<?xml version="1.0" ?>
<CommonRoadSolution benchmark_id="KS2:SM1:DEU_Guetersloh-39_3_T-1:2020a" computation_time="0.28829449700015175" date="2023-11-26T00:13:30">
  <ksTrajectory planningProblem="1">
    <ksState>
      <x>-990.93008</x>
      <y>-841.06132</y>
      <steeringAngle>0.0</steeringAngle>
      <velocity>8.0</velocity>
      <orientation>-0.46131112</orientation>
      <time>0</time>
    </ksState>
    <ksState>
      <x>-990.2495230603602</x>
      <y>-841.3996131432991</y>
      <steeringAngle>0.0</steeringAngle>
      <velocity>7.200000000000001</velocity>
      <orientation>-0.46131112</orientation>
      <time>1</time>
    </ksState>
    <ksState>
      <x>-989.640603693646</x>
      <y>-841.7022964818754</y>
      <steeringAngle>0.0</steeringAngle>
      <velocity>6.400000000000001</velocity>
      <orientation>-0.46131112</orientation>
      <time>2</time>
    </ksState>
    <ksState>
      <x>-989.1033218996783</x>
      <y>-841.9693700158178</y>
      <steeringAngle>0.0</steeringAngle>
      <velocity>5.600000000000001</velocity>
      <orientation>-0.46131112</orientation>
      <time>3</time>
    </ksState>
    <ksState>
      <x>-988.6376776784067</x>
      <y>-842.2008337451517</y>
      <steeringAngle>0.0</steeringAngle>
      <velocity>4.800000000000001</velocity>
      <orientation>-0.46131112</orientation>
      <time>4</time>
    </ksState>
    <ksState>
      <x>-988.2436710298122</x>
      <y>-842.3966876698862</y>
      <steeringAngle>0.0</steeringAngle>
      <velocity>4.000000000000001</velocity>
      <orientation>-0.46131112</orientation>
      <time>5</time>
    </ksState>
    <ksState>
      <x>-987.9213019537526</x>
      <y>-842.5569317900921</y>
      <steeringAngle>0.0</steeringAngle>
      <velocity>3.2</velocity>
      <orientation>-0.46131112</orientation>
      <time>6</time>
    </ksState>
    <ksState>
      <x>-987.6705704504465</x>
      <y>-842.6815661056609</y>
      <steeringAngle>0.0</steeringAngle>
      <velocity>2.4000000000000004</velocity>
      <orientation>-0.46131112</orientation>
      <time>7</time>
    </ksState>
    <ksState>
      <x>-987.4914765198024</x>
      <y>-842.7705906166377</y>
      <steeringAngle>0.0</steeringAngle>
      <velocity>1.6</velocity>
      <orientation>-0.46131112</orientation>
      <time>8</time>
    </ksState>
    <ksState>
      <x>-987.3840201617843</x>
      <y>-842.8240053230408</y>
      <steeringAngle>0.0</steeringAngle>
      <velocity>0.7999999999999998</velocity>
      <orientation>-0.46131112</orientation>
      <time>9</time>
    </ksState>
    <ksState>
      <x>-987.3482013763446</x>
      <y>-842.8418102248936</y>
      <steeringAngle>0.0</steeringAngle>
      <velocity>-3.3306690738754696e-16</velocity>
      <orientation>-0.46131112</orientation>
      <time>10</time>
    </ksState>
    <ksState>
      <x>-987.3482013763446</x>
      <y>-842.8418102248936</y>
      <steeringAngle>0.0</steeringAngle>
      <velocity>0.0</velocity>
      <orientation>-0.46131112</orientation>
      <time>11</time>
    </ksState>
    <ksState>
      <x>-987.3482013763446</x>
      <y>-842.8418102248936</y>
      <steeringAngle>0.0</steeringAngle>
      <velocity>0.0</velocity>
      <orientation>-0.46131112</orientation>
      <time>12</time>
    </ksState>
    <ksState>
      <x>-987.3482013763446</x>
      <y>-842.8418102248936</y>
      <steeringAngle>0.0</steeringAngle>
      <velocity>0.0</velocity>
      <orientation>-0.46131112</orientation>
      <time>13</time>
    </ksState>
    <ksState>
      <x>-987.3482013763446</x>
      <y>-842.8418102248936</y>
      <steeringAngle>0.0</steeringAngle>
      <velocity>0.0</velocity>
      <orientation>-0.46131112</orientation>
      <time>14</time>
    </ksState>
    <ksState>
      <x>-987.3482013763446</x>
      <y>-842.8418102248936</y>
      <steeringAngle>0.0</steeringAngle>
      <velocity>0.0</velocity>
      <orientation>-0.46131112</orientation>
      <time>15</time>
    </ksState>
    <ksState>
      <x>-987.3123825893626</x>
      <y>-842.859615127513</y>
      <steeringAngle>0.0</steeringAngle>
      <velocity>0.8</velocity>
      <orientation>-0.46131112</orientation>
      <time>16</time>
    </ksState>
    <ksState>
      <x>-987.2049262294779</x>
      <y>-842.913029834844</y>
      <steeringAngle>0.0</steeringAngle>
      <velocity>1.6</velocity>
      <orientation>-0.46131112</orientation>
      <time>17</time>
    </ksState>
    <ksState>
      <x>-987.0258322968473</x>
      <y>-843.0020543468083</y>
      <steeringAngle>0.0</steeringAngle>
      <velocity>2.4000000000000004</velocity>
      <orientation>-0.46131112</orientation>
      <time>18</time>
    </ksState>
    <ksState>
      <x>-986.7751007915182</x>
      <y>-843.1266886633827</y>
      <steeringAngle>0.0</steeringAngle>
      <velocity>3.2000000000000006</velocity>
      <orientation>-0.46131112</orientation>
      <time>19</time>
    </ksState>
    <ksState>
      <x>-986.45273171351</x>
      <y>-843.2869327845572</y>
      <steeringAngle>0.0</steeringAngle>
      <velocity>4.000000000000001</velocity>
      <orientation>-0.46131112</orientation>
      <time>20</time>
    </ksState>
    <ksState>
      <x>-986.0565463531766</x>
      <y>-843.4783871386524</y>
      <steeringAngle>0.035533333333333326</steeringAngle>
      <velocity>4.799999999999999</velocity>
      <orientation>-0.4581873413308092</orientation>
      <time>21</time>
    </ksState>
    <ksState>
      <x>-985.5823257733393</x>
      <y>-843.692258284461</y>
      <steeringAngle>0.07106666666666667</steeringAngle>
      <velocity>5.599999999999998</velocity>
      <orientation>-0.44733673026963644</orientation>
      <time>22</time>
    </ksState>
    <ksState>
      <x>-985.026346170094</x>
      <y>-843.919691947378</y>
      <steeringAngle>0.10659999999999999</steeringAngle>
      <velocity>6.3999999999999995</velocity>
      <orientation>-0.42651978126930845</orientation>
      <time>23</time>
    </ksState>
    <ksState>
      <x>-984.3841977111509</x>
      <y>-844.1480873562708</y>
      <steeringAngle>0.14213333333333333</steeringAngle>
      <velocity>7.199999999999999</velocity>
      <orientation>-0.39346021028814326</orientation>
      <time>24</time>
    </ksState>
    <ksState>
      <x>-983.6513664499795</x>
      <y>-844.3600953206582</y>
      <steeringAngle>0.17766666666666664</steeringAngle>
      <velocity>7.9999999999999964</velocity>
      <orientation>-0.34583288820659663</orientation>
      <time>25</time>
    </ksState>
    <ksState>
      <x>-982.90624790584</x>
      <y>-844.5272180290079</y>
      <steeringAngle>0.17766666666666667</steeringAngle>
      <velocity>7.2</velocity>
      <orientation>-0.2929169607622193</orientation>
      <time>26</time>
    </ksState>
    <ksState>
      <x>-982.2328918001303</x>
      <y>-844.6431562102698</y>
      <steeringAngle>0.17766666666666667</steeringAngle>
      <velocity>6.4</velocity>
      <orientation>-0.24557113096940808</orientation>
      <time>27</time>
    </ksState>
    <ksState>
      <x>-981.6347744818709</x>
      <y>-844.718888145521</y>
      <steeringAngle>0.17766666666666667</steeringAngle>
      <velocity>5.599999999999999</velocity>
      <orientation>-0.20379539881422332</orientation>
      <time>28</time>
    </ksState>
    <ksState>
      <x>-981.1142322131717</x>
      <y>-844.7642669821361</y>
      <steeringAngle>0.17766666666666667</steeringAngle>
      <velocity>4.799999999999999</velocity>
      <orientation>-0.16758976429270883</orientation>
      <time>29</time>
    </ksState>
    <ksState>
      <x>-980.6727294520048</x>
      <y>-844.787925730577</y>
      <steeringAngle>0.17766666666666667</steeringAngle>
      <velocity>4.0</velocity>
      <orientation>-0.13695422740337881</orientation>
      <time>30</time>
    </ksState>
    <ksState>
      <x>-980.3115249675578</x>
      <y>-844.8009751999974</y>
      <steeringAngle>0.1421333333333333</steeringAngle>
      <velocity>3.1999999999999993</velocity>
      <orientation>-0.1143443124299365</orientation>
      <time>31</time>
    </ksState>
    <ksState>
      <x>-980.0310474974831</x>
      <y>-844.8115966202481</y>
      <steeringAngle>0.10659999999999997</steeringAngle>
      <velocity>2.3999999999999977</velocity>
      <orientation>-0.10067667155922916</orientation>
      <time>32</time>
    </ksState>
    <ksState>
      <x>-979.8310206832311</x>
      <y>-844.8210425334466</y>
      <steeringAngle>0.07106666666666664</steeringAngle>
      <velocity>1.5999999999999976</velocity>
      <orientation>-0.09367596570601003</orientation>
      <time>33</time>
    </ksState>
  </ksTrajectory>
</CommonRoadSolution>
