<?xml version="1.0" ?>
<CommonRoadSolution benchmark_id="KS2:SM1:BEL_Nivelles-20_1_T-1:2020a" computation_time="0.3758319719999861" date="2023-11-26T00:13:30">
  <ksTrajectory planningProblem="1">
    <ksState>
      <x>-883.77781</x>
      <y>-626.00842</y>
      <steeringAngle>0.0</steeringAngle>
      <velocity>4.0</velocity>
      <orientation>-2.1064599</orientation>
      <time>0</time>
    </ksState>
    <ksState>
      <x>-883.9615582396813</x>
      <y>-626.3179948434129</y>
      <steeringAngle>0.0</steeringAngle>
      <velocity>3.2</velocity>
      <orientation>-2.1064599</orientation>
      <time>1</time>
    </ksState>
    <ksState>
      <x>-884.1044735370426</x>
      <y>-626.5587752768945</y>
      <steeringAngle>0.0</steeringAngle>
      <velocity>2.4000000000000004</velocity>
      <orientation>-2.1064599</orientation>
      <time>2</time>
    </ksState>
    <ksState>
      <x>-884.206555892136</x>
      <y>-626.7307613005324</y>
      <steeringAngle>0.0</steeringAngle>
      <velocity>1.6</velocity>
      <orientation>-2.1064599</orientation>
      <time>3</time>
    </ksState>
    <ksState>
      <x>-884.267805304982</x>
      <y>-626.8339529143615</y>
      <steeringAngle>0.0</steeringAngle>
      <velocity>0.7999999999999998</velocity>
      <orientation>-2.1064599</orientation>
      <time>4</time>
    </ksState>
    <ksState>
      <x>-884.2882217756079</x>
      <y>-626.8683501184273</y>
      <steeringAngle>0.0</steeringAngle>
      <velocity>-3.3306690738754696e-16</velocity>
      <orientation>-2.1064599</orientation>
      <time>5</time>
    </ksState>
    <ksState>
      <x>-884.2882217756079</x>
      <y>-626.8683501184273</y>
      <steeringAngle>0.0</steeringAngle>
      <velocity>0.0</velocity>
      <orientation>-2.1064599</orientation>
      <time>6</time>
    </ksState>
    <ksState>
      <x>-884.2882217756079</x>
      <y>-626.8683501184273</y>
      <steeringAngle>0.0</steeringAngle>
      <velocity>0.0</velocity>
      <orientation>-2.1064599</orientation>
      <time>7</time>
    </ksState>
    <ksState>
      <x>-884.2882217756079</x>
      <y>-626.8683501184273</y>
      <steeringAngle>0.0</steeringAngle>
      <velocity>0.0</velocity>
      <orientation>-2.1064599</orientation>
      <time>8</time>
    </ksState>
    <ksState>
      <x>-884.2882217756079</x>
      <y>-626.8683501184273</y>
      <steeringAngle>0.0</steeringAngle>
      <velocity>0.0</velocity>
      <orientation>-2.1064599</orientation>
      <time>9</time>
    </ksState>
    <ksState>
      <x>-884.2882217756079</x>
      <y>-626.8683501184273</y>
      <steeringAngle>0.0</steeringAngle>
      <velocity>0.0</velocity>
      <orientation>-2.1064599</orientation>
      <time>10</time>
    </ksState>
    <ksState>
      <x>-884.2882217756079</x>
      <y>-626.8683501184273</y>
      <steeringAngle>0.0</steeringAngle>
      <velocity>0.0</velocity>
      <orientation>-2.1064599</orientation>
      <time>11</time>
    </ksState>
    <ksState>
      <x>-884.2882217756079</x>
      <y>-626.8683501184273</y>
      <steeringAngle>0.0</steeringAngle>
      <velocity>0.0</velocity>
      <orientation>-2.1064599</orientation>
      <time>12</time>
    </ksState>
    <ksState>
      <x>-884.2882217756079</x>
      <y>-626.8683501184273</y>
      <steeringAngle>0.0</steeringAngle>
      <velocity>0.0</velocity>
      <orientation>-2.1064599</orientation>
      <time>13</time>
    </ksState>
    <ksState>
      <x>-884.2882217756079</x>
      <y>-626.8683501184273</y>
      <steeringAngle>0.0</steeringAngle>
      <velocity>0.0</velocity>
      <orientation>-2.1064599</orientation>
      <time>14</time>
    </ksState>
    <ksState>
      <x>-884.2882217756079</x>
      <y>-626.8683501184273</y>
      <steeringAngle>0.0</steeringAngle>
      <velocity>0.0</velocity>
      <orientation>-2.1064599</orientation>
      <time>15</time>
    </ksState>
    <ksState>
      <x>-884.3086382471129</x>
      <y>-626.9027473239743</y>
      <steeringAngle>0.0</steeringAngle>
      <velocity>0.8</velocity>
      <orientation>-2.1064599</orientation>
      <time>16</time>
    </ksState>
    <ksState>
      <x>-884.3698876610229</x>
      <y>-627.0059389395958</y>
      <steeringAngle>0.0</steeringAngle>
      <velocity>1.6</velocity>
      <orientation>-2.1064599</orientation>
      <time>17</time>
    </ksState>
    <ksState>
      <x>-884.4719700172486</x>
      <y>-627.1779249651415</y>
      <steeringAngle>0.0</steeringAngle>
      <velocity>2.4000000000000004</velocity>
      <orientation>-2.1064599</orientation>
      <time>18</time>
    </ksState>
    <ksState>
      <x>-884.614885315763</x>
      <y>-627.4187054005657</y>
      <steeringAngle>0.0</steeringAngle>
      <velocity>3.2000000000000006</velocity>
      <orientation>-2.1064599</orientation>
      <time>19</time>
    </ksState>
    <ksState>
      <x>-884.7986335565549</x>
      <y>-627.7282802458499</y>
      <steeringAngle>0.0</steeringAngle>
      <velocity>4.000000000000001</velocity>
      <orientation>-2.1064599</orientation>
      <time>20</time>
    </ksState>
    <ksState>
      <x>-885.0027982678947</x>
      <y>-628.0722522950683</y>
      <steeringAngle>0.0</steeringAngle>
      <velocity>4.0</velocity>
      <orientation>-2.1064599</orientation>
      <time>21</time>
    </ksState>
    <ksState>
      <x>-885.2069629792344</x>
      <y>-628.4162243442868</y>
      <steeringAngle>0.0</steeringAngle>
      <velocity>4.0</velocity>
      <orientation>-2.1064599</orientation>
      <time>22</time>
    </ksState>
    <ksState>
      <x>-885.4111276905742</x>
      <y>-628.7601963935053</y>
      <steeringAngle>0.0</steeringAngle>
      <velocity>4.0</velocity>
      <orientation>-2.1064599</orientation>
      <time>23</time>
    </ksState>
    <ksState>
      <x>-885.615292401914</x>
      <y>-629.1041684427238</y>
      <steeringAngle>0.0</steeringAngle>
      <velocity>4.0</velocity>
      <orientation>-2.1064599</orientation>
      <time>24</time>
    </ksState>
    <ksState>
      <x>-885.8194571132537</x>
      <y>-629.4481404919422</y>
      <steeringAngle>0.0</steeringAngle>
      <velocity>4.0</velocity>
      <orientation>-2.1064599</orientation>
      <time>25</time>
    </ksState>
    <ksState>
      <x>-886.044038296252</x>
      <y>-629.8265097469663</y>
      <steeringAngle>0.0</steeringAngle>
      <velocity>4.8</velocity>
      <orientation>-2.1064599</orientation>
      <time>26</time>
    </ksState>
    <ksState>
      <x>-886.3094524215413</x>
      <y>-630.2736734118729</y>
      <steeringAngle>0.0</steeringAngle>
      <velocity>5.6</velocity>
      <orientation>-2.1064599</orientation>
      <time>27</time>
    </ksState>
    <ksState>
      <x>-886.6156994891135</x>
      <y>-630.7896314866483</y>
      <steeringAngle>0.0</steeringAngle>
      <velocity>6.4</velocity>
      <orientation>-2.1064599</orientation>
      <time>28</time>
    </ksState>
    <ksState>
      <x>-886.9627794989638</x>
      <y>-631.3743839712846</y>
      <steeringAngle>0.0</steeringAngle>
      <velocity>7.199999999999999</velocity>
      <orientation>-2.1064599</orientation>
      <time>29</time>
    </ksState>
    <ksState>
      <x>-887.3506924510891</x>
      <y>-632.0279308657765</y>
      <steeringAngle>0.0</steeringAngle>
      <velocity>7.999999999999998</velocity>
      <orientation>-2.1064599</orientation>
      <time>30</time>
    </ksState>
    <ksState>
      <x>-887.7460003869393</x>
      <y>-632.6770642529553</y>
      <steeringAngle>-0.03553333333333333</steeringAngle>
      <velocity>7.199999999999999</velocity>
      <orientation>-2.111604912982492</orientation>
      <time>31</time>
    </ksState>
    <ksState>
      <x>-888.1166674768227</x>
      <y>-633.2474786490656</y>
      <steeringAngle>-0.07106666666666664</steeringAngle>
      <velocity>6.400000000000001</velocity>
      <orientation>-2.1255815851034554</orientation>
      <time>32</time>
    </ksState>
    <ksState>
      <x>-888.4624002086442</x>
      <y>-633.7386947298623</y>
      <steeringAngle>-0.10659999999999997</steeringAngle>
      <velocity>5.600000000000004</velocity>
      <orientation>-2.146213352969337</orientation>
      <time>33</time>
    </ksState>
  </ksTrajectory>
</CommonRoadSolution>
