<?xml version="1.0" ?>
<CommonRoadSolution benchmark_id="KS2:SM1:DEU_Lohmar-54_1_T-1:2020a" computation_time="2.2317361879995588" date="2023-11-26T00:13:30">
  <ksTrajectory planningProblem="123">
    <ksState>
      <x>229.44245</x>
      <y>-679.24756</y>
      <steeringAngle>0.0</steeringAngle>
      <velocity>4.0</velocity>
      <orientation>-2.9798217</orientation>
      <time>0</time>
    </ksState>
    <ksState>
      <x>229.00899285403167</x>
      <y>-679.3232733545257</y>
      <steeringAngle>0.035533333333333326</steeringAngle>
      <velocity>4.799999999999999</velocity>
      <orientation>-2.976697921330809</orientation>
      <time>1</time>
    </ksState>
    <ksState>
      <x>228.49908345716645</x>
      <y>-679.4263191324078</y>
      <steeringAngle>0.07106666666666667</steeringAngle>
      <velocity>5.599999999999998</velocity>
      <orientation>-2.9658473102696363</orientation>
      <time>2</time>
    </ksState>
    <ksState>
      <x>227.91486459933046</x>
      <y>-679.5660607382432</y>
      <steeringAngle>0.10659999999999999</steeringAngle>
      <velocity>6.3999999999999995</velocity>
      <orientation>-2.9450303612693083</orientation>
      <time>3</time>
    </ksState>
    <ksState>
      <x>227.26010819160456</x>
      <y>-679.7553043713415</y>
      <steeringAngle>0.14213333333333333</steeringAngle>
      <velocity>7.199999999999999</velocity>
      <orientation>-2.911970790288143</orientation>
      <time>4</time>
    </ksState>
    <ksState>
      <x>226.54127249215023</x>
      <y>-680.0107731003549</y>
      <steeringAngle>0.17766666666666664</steeringAngle>
      <velocity>7.9999999999999964</velocity>
      <orientation>-2.8643434682065965</orientation>
      <time>5</time>
    </ksState>
    <ksState>
      <x>225.80211924240555</x>
      <y>-680.3266297389425</y>
      <steeringAngle>0.17766666666666667</steeringAngle>
      <velocity>8.0</velocity>
      <orientation>-2.8086424918960846</orientation>
      <time>6</time>
    </ksState>
    <ksState>
      <x>225.08169673539342</x>
      <y>-680.6831467979314</y>
      <steeringAngle>0.17766666666666667</steeringAngle>
      <velocity>8.0</velocity>
      <orientation>-2.7529415155855728</orientation>
      <time>7</time>
    </ksState>
    <ksState>
      <x>224.38223960856735</x>
      <y>-681.079218423939</y>
      <steeringAngle>0.17766666666666667</steeringAngle>
      <velocity>8.0</velocity>
      <orientation>-2.6972405392750614</orientation>
      <time>8</time>
    </ksState>
    <ksState>
      <x>223.70591743560408</x>
      <y>-681.5136160833642</y>
      <steeringAngle>0.17766666666666667</steeringAngle>
      <velocity>8.0</velocity>
      <orientation>-2.6415395629645495</orientation>
      <time>9</time>
    </ksState>
    <ksState>
      <x>223.0548280299918</x>
      <y>-681.984992363795</y>
      <steeringAngle>0.17766666666666667</steeringAngle>
      <velocity>8.0</velocity>
      <orientation>-2.5858385866540377</orientation>
      <time>10</time>
    </ksState>
    <ksState>
      <x>222.425533279826</x>
      <y>-682.4840195644305</y>
      <steeringAngle>0.14213333333333336</steeringAngle>
      <velocity>8.0</velocity>
      <orientation>-2.5358037751052893</orientation>
      <time>11</time>
    </ksState>
    <ksState>
      <x>221.8096160348932</x>
      <y>-682.997529308176</y>
      <steeringAngle>0.1066000000000001</steeringAngle>
      <velocity>8.0</velocity>
      <orientation>-2.497019923098292</orientation>
      <time>12</time>
    </ksState>
    <ksState>
      <x>221.20135927260307</x>
      <y>-683.5186689683585</y>
      <steeringAngle>0.07106666666666674</steeringAngle>
      <velocity>8.0</velocity>
      <orientation>-2.4693874440686048</orientation>
      <time>13</time>
    </ksState>
    <ksState>
      <x>220.5948297397005</x>
      <y>-684.040872391025</y>
      <steeringAngle>0.035533333333333354</steeringAngle>
      <velocity>8.0</velocity>
      <orientation>-2.452835923439576</orientation>
      <time>14</time>
    </ksState>
    <ksState>
      <x>219.98407532241885</x>
      <y>-684.5576415339372</y>
      <steeringAngle>2.0816681711721685e-17</steeringAngle>
      <velocity>8.0</velocity>
      <orientation>-2.447323396981171</orientation>
      <time>15</time>
    </ksState>
    <ksState>
      <x>219.40552510258885</x>
      <y>-685.0505128778301</y>
      <steeringAngle>0.03553333333333333</steeringAngle>
      <velocity>7.199999999999999</velocity>
      <orientation>-2.442178383998679</orientation>
      <time>16</time>
    </ksState>
    <ksState>
      <x>218.90081401627444</x>
      <y>-685.5066196571745</y>
      <steeringAngle>0.07106666666666664</steeringAngle>
      <velocity>6.400000000000001</velocity>
      <orientation>-2.4282017118777155</orientation>
      <time>17</time>
    </ksState>
    <ksState>
      <x>218.4703690137114</x>
      <y>-685.925596338691</y>
      <steeringAngle>0.10659999999999997</steeringAngle>
      <velocity>5.600000000000004</velocity>
      <orientation>-2.407569944011834</orientation>
      <time>18</time>
    </ksState>
    <ksState>
      <x>218.1127442967548</x>
      <y>-686.304733044197</y>
      <steeringAngle>0.1421333333333333</steeringAngle>
      <velocity>4.800000000000003</velocity>
      <orientation>-2.382453736503186</orientation>
      <time>19</time>
    </ksState>
    <ksState>
      <x>217.82482982410528</x>
      <y>-686.639692238876</y>
      <steeringAngle>0.17766666666666653</steeringAngle>
      <velocity>4.000000000000006</velocity>
      <orientation>-2.355028839918036</orientation>
      <time>20</time>
    </ksState>
    <ksState>
      <x>217.57473315873884</x>
      <y>-686.9543527130893</y>
      <steeringAngle>0.17766666666666667</steeringAngle>
      <velocity>4.0</velocity>
      <orientation>-2.32717835176278</orientation>
      <time>21</time>
    </ksState>
    <ksState>
      <x>217.333495768982</x>
      <y>-687.2758555997593</y>
      <steeringAngle>0.17766666666666667</steeringAngle>
      <velocity>4.0</velocity>
      <orientation>-2.299327863607524</orientation>
      <time>22</time>
    </ksState>
    <ksState>
      <x>217.10130478455457</x>
      <y>-687.6039515191009</y>
      <steeringAngle>0.17766666666666667</steeringAngle>
      <velocity>4.0</velocity>
      <orientation>-2.2714773754522684</orientation>
      <time>23</time>
    </ksState>
    <ksState>
      <x>216.87834029266116</x>
      <y>-687.9383859996809</y>
      <steeringAngle>0.17766666666666667</steeringAngle>
      <velocity>4.0</velocity>
      <orientation>-2.243626887297012</orientation>
      <time>24</time>
    </ksState>
    <ksState>
      <x>216.66477522536638</x>
      <y>-688.2788996548301</y>
      <steeringAngle>0.17766666666666667</steeringAngle>
      <velocity>4.0</velocity>
      <orientation>-2.2157763991417565</orientation>
      <time>25</time>
    </ksState>
    <ksState>
      <x>216.4571847093176</x>
      <y>-688.6226699484854</y>
      <steeringAngle>0.1421333333333333</steeringAngle>
      <velocity>4.0</velocity>
      <orientation>-2.190758992797233</orientation>
      <time>26</time>
    </ksState>
    <ksState>
      <x>216.2507156993072</x>
      <y>-688.9663805268624</y>
      <steeringAngle>0.10659999999999999</steeringAngle>
      <velocity>4.0</velocity>
      <orientation>-2.1713670665064826</orientation>
      <time>27</time>
    </ksState>
    <ksState>
      <x>216.0434038857897</x>
      <y>-689.3090362038193</y>
      <steeringAngle>0.07106666666666664</steeringAngle>
      <velocity>4.0</velocity>
      <orientation>-2.1575508267715295</orientation>
      <time>28</time>
    </ksState>
    <ksState>
      <x>215.8333056973806</x>
      <y>-689.6496250974011</y>
      <steeringAngle>0.03553333333333332</steeringAngle>
      <velocity>4.0</velocity>
      <orientation>-2.149275066309264</orientation>
      <time>29</time>
    </ksState>
    <ksState>
      <x>215.61850754678147</x>
      <y>-689.9870839254331</y>
      <steeringAngle>-2.2985086056692694e-17</steeringAngle>
      <velocity>4.0</velocity>
      <orientation>-2.1465188030144238</orientation>
      <time>30</time>
    </ksState>
    <ksState>
      <x>215.40073116870957</x>
      <y>-690.3226035957266</y>
      <steeringAngle>0.0</steeringAngle>
      <velocity>4.0</velocity>
      <orientation>-2.1465188030144238</orientation>
      <time>31</time>
    </ksState>
    <ksState>
      <x>215.18295479063764</x>
      <y>-690.6581232660202</y>
      <steeringAngle>0.0</steeringAngle>
      <velocity>4.0</velocity>
      <orientation>-2.1465188030144238</orientation>
      <time>32</time>
    </ksState>
    <ksState>
      <x>214.96517841256573</x>
      <y>-690.9936429363137</y>
      <steeringAngle>0.0</steeringAngle>
      <velocity>4.0</velocity>
      <orientation>-2.1465188030144238</orientation>
      <time>33</time>
    </ksState>
    <ksState>
      <x>214.74740203449383</x>
      <y>-691.3291626066073</y>
      <steeringAngle>0.0</steeringAngle>
      <velocity>4.0</velocity>
      <orientation>-2.1465188030144238</orientation>
      <time>34</time>
    </ksState>
    <ksState>
      <x>214.52962565642193</x>
      <y>-691.6646822769007</y>
      <steeringAngle>0.0</steeringAngle>
      <velocity>4.0</velocity>
      <orientation>-2.1465188030144238</orientation>
      <time>35</time>
    </ksState>
    <ksState>
      <x>214.31544990754892</x>
      <y>-692.0025321865335</y>
      <steeringAngle>0.035533333333333326</steeringAngle>
      <velocity>4.0</velocity>
      <orientation>-2.1437625284818234</orientation>
      <time>36</time>
    </ksState>
    <ksState>
      <x>214.10975724102244</x>
      <y>-692.3457870387687</y>
      <steeringAngle>0.07106666666666711</steeringAngle>
      <velocity>4.0</velocity>
      <orientation>-2.135486767938538</orientation>
      <time>37</time>
    </ksState>
    <ksState>
      <x>213.9145566089781</x>
      <y>-692.6954629677872</y>
      <steeringAngle>0.10660000000000043</steeringAngle>
      <velocity>4.0</velocity>
      <orientation>-2.121670528119401</orientation>
      <time>38</time>
    </ksState>
    <ksState>
      <x>213.73198787892568</x>
      <y>-693.0524146204185</y>
      <steeringAngle>0.14213333333333378</steeringAngle>
      <velocity>4.0</velocity>
      <orientation>-2.1022786017338553</orientation>
      <time>39</time>
    </ksState>
    <ksState>
      <x>213.5643391153068</x>
      <y>-693.4172966486593</y>
      <steeringAngle>0.1776666666666672</steeringAngle>
      <velocity>4.0</velocity>
      <orientation>-2.077261195282458</orientation>
      <time>40</time>
    </ksState>
    <ksState>
      <x>213.41405927922608</x>
      <y>-693.7905194289566</y>
      <steeringAngle>0.21319999999999995</steeringAngle>
      <velocity>4.0</velocity>
      <orientation>-2.0465534126449576</orientation>
      <time>41</time>
    </ksState>
    <ksState>
      <x>213.28376496116408</x>
      <y>-694.1721982636401</y>
      <steeringAngle>0.24873333333333336</steeringAngle>
      <velocity>4.0</velocity>
      <orientation>-2.010074571522263</orientation>
      <time>42</time>
    </ksState>
    <ksState>
      <x>213.17623935365788</x>
      <y>-694.5620954763237</y>
      <steeringAngle>0.2842666666666667</steeringAngle>
      <velocity>4.0</velocity>
      <orientation>-1.9677273376768154</orientation>
      <time>43</time>
    </ksState>
    <ksState>
      <x>213.09442124787697</x>
      <y>-694.959554997534</y>
      <steeringAngle>0.31980000000000003</steeringAngle>
      <velocity>4.0</velocity>
      <orientation>-1.9193966563096803</orientation>
      <time>44</time>
    </ksState>
    <ksState>
      <x>213.0413813134538</x>
      <y>-695.363429377809</y>
      <steeringAngle>0.35533333333333333</steeringAngle>
      <velocity>4.0</velocity>
      <orientation>-1.864948455131402</orientation>
      <time>45</time>
    </ksState>
    <ksState>
      <x>213.0088133272759</x>
      <y>-695.8103721251326</y>
      <steeringAngle>0.31979999999999975</steeringAngle>
      <velocity>4.800000000000001</velocity>
      <orientation>-1.8051586200996534</orientation>
      <time>46</time>
    </ksState>
    <ksState>
      <x>212.99172726814808</x>
      <y>-696.3376693410129</y>
      <steeringAngle>0.28426666666666645</steeringAngle>
      <velocity>5.600000000000004</velocity>
      <orientation>-1.7424295199683297</orientation>
      <time>47</time>
    </ksState>
    <ksState>
      <x>212.99783602033668</x>
      <y>-696.944349798147</y>
      <steeringAngle>0.2487333333333331</steeringAngle>
      <velocity>6.400000000000004</velocity>
      <orientation>-1.679007383275654</orientation>
      <time>48</time>
    </ksState>
    <ksState>
      <x>213.03373683507607</x>
      <y>-697.6290537827425</y>
      <steeringAngle>0.21319999999999992</steeringAngle>
      <velocity>7.200000000000004</velocity>
      <orientation>-1.617090294597855</orientation>
      <time>49</time>
    </ksState>
    <ksState>
      <x>213.10422766265046</x>
      <y>-698.3902684712356</y>
      <steeringAngle>0.17766666666666656</steeringAngle>
      <velocity>8.000000000000004</velocity>
      <orientation>-1.5588409649968897</orientation>
      <time>50</time>
    </ksState>
    <ksState>
      <x>213.2056788152674</x>
      <y>-699.1869790166616</y>
      <steeringAngle>0.14213333333333336</steeringAngle>
      <velocity>8.0</velocity>
      <orientation>-1.5088061534481414</orientation>
      <time>51</time>
    </ksState>
    <ksState>
      <x>213.32644478967774</x>
      <y>-699.9797348989808</y>
      <steeringAngle>0.1066000000000001</steeringAngle>
      <velocity>8.0</velocity>
      <orientation>-1.470022301441144</orientation>
      <time>52</time>
    </ksState>
    <ksState>
      <x>213.45770352146923</x>
      <y>-700.7698829734678</y>
      <steeringAngle>0.07106666666666674</steeringAngle>
      <velocity>8.0</velocity>
      <orientation>-1.442389822411457</orientation>
      <time>53</time>
    </ksState>
    <ksState>
      <x>213.59076621941955</x>
      <y>-701.5591033529195</y>
      <steeringAngle>0.035533333333333354</steeringAngle>
      <velocity>8.0</velocity>
      <orientation>-1.4258383017824277</orientation>
      <time>54</time>
    </ksState>
    <ksState>
      <x>213.71699262061895</x>
      <y>-702.3491275303567</y>
      <steeringAngle>2.0816681711721685e-17</steeringAngle>
      <velocity>8.0</velocity>
      <orientation>-1.4203257753240228</orientation>
      <time>55</time>
    </ksState>
    <ksState>
      <x>213.8369153274968</x>
      <y>-703.1400880504682</y>
      <steeringAngle>0.0</steeringAngle>
      <velocity>8.0</velocity>
      <orientation>-1.4203257753240228</orientation>
      <time>56</time>
    </ksState>
    <ksState>
      <x>213.95683803437464</x>
      <y>-703.9310485705797</y>
      <steeringAngle>0.0</steeringAngle>
      <velocity>8.0</velocity>
      <orientation>-1.4203257753240228</orientation>
      <time>57</time>
    </ksState>
    <ksState>
      <x>214.0767607412525</x>
      <y>-704.7220090906912</y>
      <steeringAngle>0.0</steeringAngle>
      <velocity>8.0</velocity>
      <orientation>-1.4203257753240228</orientation>
      <time>58</time>
    </ksState>
    <ksState>
      <x>214.19668344813036</x>
      <y>-705.5129696108028</y>
      <steeringAngle>0.0</steeringAngle>
      <velocity>8.0</velocity>
      <orientation>-1.4203257753240228</orientation>
      <time>59</time>
    </ksState>
    <ksState>
      <x>214.3166061550082</x>
      <y>-706.3039301309143</y>
      <steeringAngle>0.0</steeringAngle>
      <velocity>8.0</velocity>
      <orientation>-1.4203257753240228</orientation>
      <time>60</time>
    </ksState>
    <ksState>
      <x>214.43652886188605</x>
      <y>-707.0948906510258</y>
      <steeringAngle>0.0</steeringAngle>
      <velocity>8.0</velocity>
      <orientation>-1.4203257753240228</orientation>
      <time>61</time>
    </ksState>
    <ksState>
      <x>214.5564515687639</x>
      <y>-707.8858511711373</y>
      <steeringAngle>0.0</steeringAngle>
      <velocity>8.0</velocity>
      <orientation>-1.4203257753240228</orientation>
      <time>62</time>
    </ksState>
    <ksState>
      <x>214.67637427564176</x>
      <y>-708.6768116912489</y>
      <steeringAngle>0.0</steeringAngle>
      <velocity>8.0</velocity>
      <orientation>-1.4203257753240228</orientation>
      <time>63</time>
    </ksState>
    <ksState>
      <x>214.7962969825196</x>
      <y>-709.4677722113604</y>
      <steeringAngle>0.0</steeringAngle>
      <velocity>8.0</velocity>
      <orientation>-1.4203257753240228</orientation>
      <time>64</time>
    </ksState>
    <ksState>
      <x>214.91621968939745</x>
      <y>-710.2587327314719</y>
      <steeringAngle>0.0</steeringAngle>
      <velocity>8.0</velocity>
      <orientation>-1.4203257753240228</orientation>
      <time>65</time>
    </ksState>
    <ksState>
      <x>215.0269313731871</x>
      <y>-711.0510654256374</y>
      <steeringAngle>-0.03553333333333333</steeringAngle>
      <velocity>8.0</velocity>
      <orientation>-1.4258383103268617</orientation>
      <time>66</time>
    </ksState>
    <ksState>
      <x>215.11333757978784</x>
      <y>-711.8467029319808</y>
      <steeringAngle>-0.07106666666666667</steeringAngle>
      <velocity>8.0</velocity>
      <orientation>-1.4423898312071313</orientation>
      <time>67</time>
    </ksState>
    <ksState>
      <x>215.16648804479937</x>
      <y>-712.645840836658</y>
      <steeringAngle>-0.10659999999999997</steeringAngle>
      <velocity>8.0</velocity>
      <orientation>-1.470022310497826</orientation>
      <time>68</time>
    </ksState>
    <ksState>
      <x>215.17726925528592</x>
      <y>-713.4475673233442</y>
      <steeringAngle>-0.1421333333333333</steeringAngle>
      <velocity>8.0</velocity>
      <orientation>-1.5088061627705611</orientation>
      <time>69</time>
    </ksState>
    <ksState>
      <x>215.13646174555126</x>
      <y>-714.249539956284</y>
      <steeringAngle>-0.17766666666666667</steeringAngle>
      <velocity>8.0</velocity>
      <orientation>-1.5588409750197156</orientation>
      <time>70</time>
    </ksState>
    <ksState>
      <x>215.05902137774746</x>
      <y>-715.0086027872491</y>
      <steeringAngle>-0.1421333333333334</steeringAngle>
      <velocity>7.2</velocity>
      <orientation>-1.6064682967653525</orientation>
      <time>71</time>
    </ksState>
    <ksState>
      <x>214.9760355590158</x>
      <y>-715.6851630957514</y>
      <steeringAngle>-0.10660000000000011</steeringAngle>
      <velocity>6.4</velocity>
      <orientation>-1.6395278672133204</orientation>
      <time>72</time>
    </ksState>
    <ksState>
      <x>214.8986635781729</x>
      <y>-716.2808998524026</y>
      <steeringAngle>-0.07106666666666674</steeringAngle>
      <velocity>5.600000000000001</velocity>
      <orientation>-1.660344815507209</orientation>
      <time>73</time>
    </ksState>
    <ksState>
      <x>214.83367434848142</x>
      <y>-716.7970603201533</y>
      <steeringAngle>-0.03553333333333339</steeringAngle>
      <velocity>4.800000000000001</velocity>
      <orientation>-1.671195425164872</orientation>
      <time>74</time>
    </ksState>
    <ksState>
      <x>214.7842471954982</x>
      <y>-717.2342999696796</y>
      <steeringAngle>-5.5294310796760726e-17</steeringAngle>
      <velocity>4.0</velocity>
      <orientation>-1.6743192010020373</orientation>
      <time>75</time>
    </ksState>
    <ksState>
      <x>214.74366240154924</x>
      <y>-717.6724443339531</y>
      <steeringAngle>0.035533333333333326</steeringAngle>
      <velocity>4.799999999999999</velocity>
      <orientation>-1.6711954223328465</orientation>
      <time>76</time>
    </ksState>
    <ksState>
      <x>214.70940858801637</x>
      <y>-718.1915326709529</y>
      <steeringAngle>0.07106666666666667</steeringAngle>
      <velocity>5.599999999999998</velocity>
      <orientation>-1.6603448112716737</orientation>
      <time>77</time>
    </ksState>
    <ksState>
      <x>214.6910834096463</x>
      <y>-718.79195217271</y>
      <steeringAngle>0.10659999999999999</steeringAngle>
      <velocity>6.3999999999999995</velocity>
      <orientation>-1.6395278622713458</orientation>
      <time>78</time>
    </ksState>
    <ksState>
      <x>214.70203401534002</x>
      <y>-719.4734205801666</y>
      <steeringAngle>0.14213333333333333</steeringAngle>
      <velocity>7.199999999999999</velocity>
      <orientation>-1.6064682912901806</orientation>
      <time>79</time>
    </ksState>
    <ksState>
      <x>214.76009173457493</x>
      <y>-720.2340902427343</y>
      <steeringAngle>0.17766666666666664</steeringAngle>
      <velocity>7.9999999999999964</velocity>
      <orientation>-1.558840969208634</orientation>
      <time>80</time>
    </ksState>
    <ksState>
      <x>214.8615428838363</x>
      <y>-721.0308007885875</y>
      <steeringAngle>0.14213333333333336</steeringAngle>
      <velocity>8.0</velocity>
      <orientation>-1.5088061576598857</orientation>
      <time>81</time>
    </ksState>
    <ksState>
      <x>214.98230885490779</x>
      <y>-721.8235566714155</y>
      <steeringAngle>0.1066000000000001</steeringAngle>
      <velocity>8.0</velocity>
      <orientation>-1.4700223056528883</orientation>
      <time>82</time>
    </ksState>
    <ksState>
      <x>215.1135675833714</x>
      <y>-722.6137047464551</y>
      <steeringAngle>0.07106666666666674</steeringAngle>
      <velocity>8.0</velocity>
      <orientation>-1.4423898266232014</orientation>
      <time>83</time>
    </ksState>
    <ksState>
      <x>215.2466302779977</x>
      <y>-723.4029251264674</y>
      <steeringAngle>0.035533333333333354</steeringAngle>
      <velocity>8.0</velocity>
      <orientation>-1.425838305994172</orientation>
      <time>84</time>
    </ksState>
    <ksState>
      <x>215.3728566758697</x>
      <y>-724.1929493044362</y>
      <steeringAngle>2.0816681711721685e-17</steeringAngle>
      <velocity>8.0</velocity>
      <orientation>-1.420325779535767</orientation>
      <time>85</time>
    </ksState>
    <ksState>
      <x>215.49277937941625</x>
      <y>-724.9839098250528</y>
      <steeringAngle>0.0</steeringAngle>
      <velocity>8.0</velocity>
      <orientation>-1.420325779535767</orientation>
      <time>86</time>
    </ksState>
    <ksState>
      <x>215.61270208296276</x>
      <y>-725.7748703456693</y>
      <steeringAngle>0.0</steeringAngle>
      <velocity>8.0</velocity>
      <orientation>-1.420325779535767</orientation>
      <time>87</time>
    </ksState>
    <ksState>
      <x>215.7326247865093</x>
      <y>-726.565830866286</y>
      <steeringAngle>0.0</steeringAngle>
      <velocity>8.0</velocity>
      <orientation>-1.420325779535767</orientation>
      <time>88</time>
    </ksState>
    <ksState>
      <x>215.85254749005583</x>
      <y>-727.3567913869026</y>
      <steeringAngle>0.0</steeringAngle>
      <velocity>8.0</velocity>
      <orientation>-1.420325779535767</orientation>
      <time>89</time>
    </ksState>
    <ksState>
      <x>215.97247019360233</x>
      <y>-728.1477519075193</y>
      <steeringAngle>0.0</steeringAngle>
      <velocity>8.0</velocity>
      <orientation>-1.420325779535767</orientation>
      <time>90</time>
    </ksState>
    <ksState>
      <x>216.07787907419618</x>
      <y>-728.9004347666228</y>
      <steeringAngle>-0.03553333333333333</steeringAngle>
      <velocity>7.199999999999999</velocity>
      <orientation>-1.4254707925182595</orientation>
      <time>91</time>
    </ksState>
    <ksState>
      <x>216.15248011572484</x>
      <y>-729.5766014320354</y>
      <steeringAngle>-0.07106666666666664</steeringAngle>
      <velocity>6.400000000000001</velocity>
      <orientation>-1.4394474646392226</orientation>
      <time>92</time>
    </ksState>
    <ksState>
      <x>216.19619673249463</x>
      <y>-730.1756950952504</y>
      <steeringAngle>-0.10659999999999997</steeringAngle>
      <velocity>5.600000000000004</velocity>
      <orientation>-1.460079232505104</orientation>
      <time>93</time>
    </ksState>
    <ksState>
      <x>216.2119092482806</x>
      <y>-730.6966492165393</y>
      <steeringAngle>-0.1421333333333333</steeringAngle>
      <velocity>4.800000000000003</velocity>
      <orientation>-1.4851954400137521</orientation>
      <time>94</time>
    </ksState>
    <ksState>
      <x>216.20482314856503</x>
      <y>-731.138285031269</y>
      <steeringAngle>-0.17766666666666653</steeringAngle>
      <velocity>4.000000000000006</velocity>
      <orientation>-1.512620336598902</orientation>
      <time>95</time>
    </ksState>
    <ksState>
      <x>216.18562562206134</x>
      <y>-731.4995277645631</y>
      <steeringAngle>-0.17766666666666667</steeringAngle>
      <velocity>3.2000000000000006</velocity>
      <orientation>-1.5376857758670794</orientation>
      <time>96</time>
    </ksState>
    <ksState>
      <x>216.16443817119958</x>
      <y>-731.7800948506501</y>
      <steeringAngle>-0.17766666666666667</steeringAngle>
      <velocity>2.4000000000000012</velocity>
      <orientation>-1.5571811174971093</orientation>
      <time>97</time>
    </ksState>
    <ksState>
      <x>216.14595757437323</x>
      <y>-731.9802206046105</y>
      <steeringAngle>-0.17766666666666667</steeringAngle>
      <velocity>1.6000000000000005</velocity>
      <orientation>-1.5711063614960903</orientation>
      <time>98</time>
    </ksState>
    <ksState>
      <x>216.13353219503566</x>
      <y>-732.1001657021985</y>
      <steeringAngle>-0.17766666666666667</steeringAngle>
      <velocity>0.8000000000000004</velocity>
      <orientation>-1.5794615078668444</orientation>
      <time>99</time>
    </ksState>
  </ksTrajectory>
</CommonRoadSolution>
