<?xml version="1.0" ?>
<CommonRoadSolution benchmark_id="KS2:SM1:ITA_SanGiorgioaCremano-2_1_T-1:2020a" computation_time="0.25524708600005397" date="2023-11-26T00:13:30">
  <ksTrajectory planningProblem="1">
    <ksState>
      <x>-612.15232</x>
      <y>86.333835</y>
      <steeringAngle>0.0</steeringAngle>
      <velocity>4.0</velocity>
      <orientation>0.26997546</orientation>
      <time>0</time>
    </ksState>
    <ksState>
      <x>-611.805360121991</x>
      <y>86.42984980256736</y>
      <steeringAngle>0.0</steeringAngle>
      <velocity>3.2</velocity>
      <orientation>0.26997546</orientation>
      <time>1</time>
    </ksState>
    <ksState>
      <x>-611.5355024394134</x>
      <y>86.5045279822539</y>
      <steeringAngle>0.0</steeringAngle>
      <velocity>2.4000000000000004</velocity>
      <orientation>0.26997546</orientation>
      <time>2</time>
    </ksState>
    <ksState>
      <x>-611.342746952169</x>
      <y>86.5578695390868</y>
      <steeringAngle>0.0</steeringAngle>
      <velocity>1.6</velocity>
      <orientation>0.26997546</orientation>
      <time>3</time>
    </ksState>
    <ksState>
      <x>-611.2270936602188</x>
      <y>86.58987447307683</y>
      <steeringAngle>0.0</steeringAngle>
      <velocity>0.7999999999999998</velocity>
      <orientation>0.26997546</orientation>
      <time>4</time>
    </ksState>
    <ksState>
      <x>-611.1885425635115</x>
      <y>86.60054278423816</y>
      <steeringAngle>0.0</steeringAngle>
      <velocity>-3.3306690738754696e-16</velocity>
      <orientation>0.26997546</orientation>
      <time>5</time>
    </ksState>
    <ksState>
      <x>-611.1885425635115</x>
      <y>86.60054278423816</y>
      <steeringAngle>0.0</steeringAngle>
      <velocity>0.0</velocity>
      <orientation>0.26997546</orientation>
      <time>6</time>
    </ksState>
    <ksState>
      <x>-611.1885425635115</x>
      <y>86.60054278423816</y>
      <steeringAngle>0.0</steeringAngle>
      <velocity>0.0</velocity>
      <orientation>0.26997546</orientation>
      <time>7</time>
    </ksState>
    <ksState>
      <x>-611.1885425635115</x>
      <y>86.60054278423816</y>
      <steeringAngle>0.0</steeringAngle>
      <velocity>0.0</velocity>
      <orientation>0.26997546</orientation>
      <time>8</time>
    </ksState>
    <ksState>
      <x>-611.1885425635115</x>
      <y>86.60054278423816</y>
      <steeringAngle>0.0</steeringAngle>
      <velocity>0.0</velocity>
      <orientation>0.26997546</orientation>
      <time>9</time>
    </ksState>
    <ksState>
      <x>-611.1885425635115</x>
      <y>86.60054278423816</y>
      <steeringAngle>0.0</steeringAngle>
      <velocity>0.0</velocity>
      <orientation>0.26997546</orientation>
      <time>10</time>
    </ksState>
    <ksState>
      <x>-611.1885425635115</x>
      <y>86.60054278423816</y>
      <steeringAngle>0.0</steeringAngle>
      <velocity>0.0</velocity>
      <orientation>0.26997546</orientation>
      <time>11</time>
    </ksState>
    <ksState>
      <x>-611.1885425635115</x>
      <y>86.60054278423816</y>
      <steeringAngle>0.0</steeringAngle>
      <velocity>0.0</velocity>
      <orientation>0.26997546</orientation>
      <time>12</time>
    </ksState>
    <ksState>
      <x>-611.1885425635115</x>
      <y>86.60054278423816</y>
      <steeringAngle>0.0</steeringAngle>
      <velocity>0.0</velocity>
      <orientation>0.26997546</orientation>
      <time>13</time>
    </ksState>
    <ksState>
      <x>-611.1885425635115</x>
      <y>86.60054278423816</y>
      <steeringAngle>0.0</steeringAngle>
      <velocity>0.0</velocity>
      <orientation>0.26997546</orientation>
      <time>14</time>
    </ksState>
    <ksState>
      <x>-611.1885425635115</x>
      <y>86.60054278423816</y>
      <steeringAngle>0.0</steeringAngle>
      <velocity>0.0</velocity>
      <orientation>0.26997546</orientation>
      <time>15</time>
    </ksState>
    <ksState>
      <x>-611.1885425635115</x>
      <y>86.60054278423816</y>
      <steeringAngle>0.0</steeringAngle>
      <velocity>0.0</velocity>
      <orientation>0.26997546</orientation>
      <time>16</time>
    </ksState>
    <ksState>
      <x>-611.1885425635115</x>
      <y>86.60054278423816</y>
      <steeringAngle>0.0</steeringAngle>
      <velocity>0.0</velocity>
      <orientation>0.26997546</orientation>
      <time>17</time>
    </ksState>
    <ksState>
      <x>-611.1885425635115</x>
      <y>86.60054278423816</y>
      <steeringAngle>0.0</steeringAngle>
      <velocity>0.0</velocity>
      <orientation>0.26997546</orientation>
      <time>18</time>
    </ksState>
    <ksState>
      <x>-611.1885425635115</x>
      <y>86.60054278423816</y>
      <steeringAngle>0.0</steeringAngle>
      <velocity>0.0</velocity>
      <orientation>0.26997546</orientation>
      <time>19</time>
    </ksState>
    <ksState>
      <x>-611.1885425635115</x>
      <y>86.60054278423816</y>
      <steeringAngle>0.0</steeringAngle>
      <velocity>0.0</velocity>
      <orientation>0.26997546</orientation>
      <time>20</time>
    </ksState>
    <ksState>
      <x>-611.1885425635115</x>
      <y>86.60054278423816</y>
      <steeringAngle>0.0</steeringAngle>
      <velocity>0.0</velocity>
      <orientation>0.26997546</orientation>
      <time>21</time>
    </ksState>
    <ksState>
      <x>-611.1885425635115</x>
      <y>86.60054278423816</y>
      <steeringAngle>0.0</steeringAngle>
      <velocity>0.0</velocity>
      <orientation>0.26997546</orientation>
      <time>22</time>
    </ksState>
    <ksState>
      <x>-611.1885425635115</x>
      <y>86.60054278423816</y>
      <steeringAngle>0.0</steeringAngle>
      <velocity>0.0</velocity>
      <orientation>0.26997546</orientation>
      <time>23</time>
    </ksState>
    <ksState>
      <x>-611.1885425635115</x>
      <y>86.60054278423816</y>
      <steeringAngle>0.0</steeringAngle>
      <velocity>0.0</velocity>
      <orientation>0.26997546</orientation>
      <time>24</time>
    </ksState>
    <ksState>
      <x>-611.1885425635115</x>
      <y>86.60054278423816</y>
      <steeringAngle>0.0</steeringAngle>
      <velocity>0.0</velocity>
      <orientation>0.26997546</orientation>
      <time>25</time>
    </ksState>
    <ksState>
      <x>-611.1885425635115</x>
      <y>86.60054278423816</y>
      <steeringAngle>0.0</steeringAngle>
      <velocity>0.0</velocity>
      <orientation>0.26997546</orientation>
      <time>26</time>
    </ksState>
    <ksState>
      <x>-611.1885425635115</x>
      <y>86.60054278423816</y>
      <steeringAngle>0.0</steeringAngle>
      <velocity>0.0</velocity>
      <orientation>0.26997546</orientation>
      <time>27</time>
    </ksState>
    <ksState>
      <x>-611.1885425635115</x>
      <y>86.60054278423816</y>
      <steeringAngle>0.0</steeringAngle>
      <velocity>0.0</velocity>
      <orientation>0.26997546</orientation>
      <time>28</time>
    </ksState>
    <ksState>
      <x>-611.1885425635115</x>
      <y>86.60054278423816</y>
      <steeringAngle>0.0</steeringAngle>
      <velocity>0.0</velocity>
      <orientation>0.26997546</orientation>
      <time>29</time>
    </ksState>
    <ksState>
      <x>-611.1885425635115</x>
      <y>86.60054278423816</y>
      <steeringAngle>0.0</steeringAngle>
      <velocity>0.0</velocity>
      <orientation>0.26997546</orientation>
      <time>30</time>
    </ksState>
    <ksState>
      <x>-611.1885425635115</x>
      <y>86.60054278423816</y>
      <steeringAngle>0.0</steeringAngle>
      <velocity>0.0</velocity>
      <orientation>0.26997546</orientation>
      <time>31</time>
    </ksState>
    <ksState>
      <x>-611.1885425635115</x>
      <y>86.60054278423816</y>
      <steeringAngle>0.0</steeringAngle>
      <velocity>0.0</velocity>
      <orientation>0.26997546</orientation>
      <time>32</time>
    </ksState>
    <ksState>
      <x>-611.1885425635115</x>
      <y>86.60054278423816</y>
      <steeringAngle>0.0</steeringAngle>
      <velocity>0.0</velocity>
      <orientation>0.26997546</orientation>
      <time>33</time>
    </ksState>
  </ksTrajectory>
</CommonRoadSolution>
