<?xml version="1.0" ?>
<CommonRoadSolution benchmark_id="KS2:SM1:HRV_Pula-5_2_T-1:2020a" computation_time="1.1645346200002678" date="2023-11-26T00:13:30">
  <ksTrajectory planningProblem="1">
    <ksState>
      <x>-690.16032</x>
      <y>-82.228649</y>
      <steeringAngle>0.0</steeringAngle>
      <velocity>8.0</velocity>
      <orientation>-0.033382347</orientation>
      <time>0</time>
    </ksState>
    <ksState>
      <x>-689.4003200007269</x>
      <y>-82.25401958369574</y>
      <steeringAngle>0.0</steeringAngle>
      <velocity>7.200000000000001</velocity>
      <orientation>-0.033382347</orientation>
      <time>1</time>
    </ksState>
    <ksState>
      <x>-688.7203200017481</x>
      <y>-82.27671957962166</y>
      <steeringAngle>0.0</steeringAngle>
      <velocity>6.400000000000001</velocity>
      <orientation>-0.033382347</orientation>
      <time>2</time>
    </ksState>
    <ksState>
      <x>-688.1203200028634</x>
      <y>-82.29674898778441</y>
      <steeringAngle>0.0</steeringAngle>
      <velocity>5.600000000000001</velocity>
      <orientation>-0.033382347</orientation>
      <time>3</time>
    </ksState>
    <ksState>
      <x>-687.6003200040163</x>
      <y>-82.31410780818592</y>
      <steeringAngle>0.0</steeringAngle>
      <velocity>4.800000000000001</velocity>
      <orientation>-0.033382347</orientation>
      <time>4</time>
    </ksState>
    <ksState>
      <x>-687.1603200051862</x>
      <y>-82.32879604082687</y>
      <steeringAngle>0.0</steeringAngle>
      <velocity>4.000000000000001</velocity>
      <orientation>-0.033382347</orientation>
      <time>5</time>
    </ksState>
    <ksState>
      <x>-686.7603200051863</x>
      <y>-82.34214897962687</y>
      <steeringAngle>0.0</steeringAngle>
      <velocity>4.0</velocity>
      <orientation>-0.033382347</orientation>
      <time>6</time>
    </ksState>
    <ksState>
      <x>-686.3603200051863</x>
      <y>-82.35550191842687</y>
      <steeringAngle>0.0</steeringAngle>
      <velocity>4.0</velocity>
      <orientation>-0.033382347</orientation>
      <time>7</time>
    </ksState>
    <ksState>
      <x>-685.9603200051862</x>
      <y>-82.36885485722688</y>
      <steeringAngle>0.0</steeringAngle>
      <velocity>4.0</velocity>
      <orientation>-0.033382347</orientation>
      <time>8</time>
    </ksState>
    <ksState>
      <x>-685.5603200051862</x>
      <y>-82.38220779602688</y>
      <steeringAngle>0.0</steeringAngle>
      <velocity>4.0</velocity>
      <orientation>-0.033382347</orientation>
      <time>9</time>
    </ksState>
    <ksState>
      <x>-685.1603200051862</x>
      <y>-82.39556073482687</y>
      <steeringAngle>0.0</steeringAngle>
      <velocity>4.0</velocity>
      <orientation>-0.033382347</orientation>
      <time>10</time>
    </ksState>
    <ksState>
      <x>-684.7603200051863</x>
      <y>-82.40891367362687</y>
      <steeringAngle>0.0</steeringAngle>
      <velocity>4.0</velocity>
      <orientation>-0.033382347</orientation>
      <time>11</time>
    </ksState>
    <ksState>
      <x>-684.3603200051863</x>
      <y>-82.42226661242687</y>
      <steeringAngle>0.0</steeringAngle>
      <velocity>4.0</velocity>
      <orientation>-0.033382347</orientation>
      <time>12</time>
    </ksState>
    <ksState>
      <x>-683.9603200051862</x>
      <y>-82.43561955122688</y>
      <steeringAngle>0.0</steeringAngle>
      <velocity>4.0</velocity>
      <orientation>-0.033382347</orientation>
      <time>13</time>
    </ksState>
    <ksState>
      <x>-683.5603200051862</x>
      <y>-82.44897249002688</y>
      <steeringAngle>0.0</steeringAngle>
      <velocity>4.0</velocity>
      <orientation>-0.033382347</orientation>
      <time>14</time>
    </ksState>
    <ksState>
      <x>-683.1603200051862</x>
      <y>-82.46232542882687</y>
      <steeringAngle>0.0</steeringAngle>
      <velocity>4.0</velocity>
      <orientation>-0.033382347</orientation>
      <time>15</time>
    </ksState>
    <ksState>
      <x>-682.7204912426369</x>
      <y>-82.4819204149162</y>
      <steeringAngle>-0.035533333333333326</steeringAngle>
      <velocity>4.799999999999999</velocity>
      <orientation>-0.036506125669190814</orientation>
      <time>16</time>
    </ksState>
    <ksState>
      <x>-682.2012953925558</x>
      <y>-82.5188367508641</y>
      <steeringAngle>-0.07106666666666667</steeringAngle>
      <velocity>5.599999999999998</velocity>
      <orientation>-0.0473567367303636</orientation>
      <time>17</time>
    </ksState>
    <ksState>
      <x>-681.6036588727274</x>
      <y>-82.58263869973963</y>
      <steeringAngle>-0.10659999999999999</steeringAngle>
      <velocity>6.3999999999999995</velocity>
      <orientation>-0.06817368573069159</orientation>
      <time>18</time>
    </ksState>
    <ksState>
      <x>-680.929683266717</x>
      <y>-82.68651559851386</y>
      <steeringAngle>-0.14213333333333333</steeringAngle>
      <velocity>7.199999999999999</velocity>
      <orientation>-0.10123325671185673</orientation>
      <time>19</time>
    </ksState>
    <ksState>
      <x>-680.1836334907928</x>
      <y>-82.8478877852835</y>
      <steeringAngle>-0.17766666666666664</steeringAngle>
      <velocity>7.9999999999999964</velocity>
      <orientation>-0.14886057879340336</orientation>
      <time>20</time>
    </ksState>
    <ksState>
      <x>-679.4082235240356</x>
      <y>-83.05712309065537</y>
      <steeringAngle>-0.14213333333333336</steeringAngle>
      <velocity>8.0</velocity>
      <orientation>-0.1988953903421518</orientation>
      <time>21</time>
    </ksState>
    <ksState>
      <x>-678.639367264272</x>
      <y>-83.28495276683785</y>
      <steeringAngle>-0.1066000000000001</steeringAngle>
      <velocity>8.0</velocity>
      <orientation>-0.23767924234914914</orientation>
      <time>22</time>
    </ksState>
    <ksState>
      <x>-677.8745264413603</x>
      <y>-83.52282111255563</y>
      <steeringAngle>-0.07106666666666674</steeringAngle>
      <velocity>8.0</velocity>
      <orientation>-0.2653117213788361</orientation>
      <time>23</time>
    </ksState>
    <ksState>
      <x>-677.1108508347414</x>
      <y>-83.7623499350034</y>
      <steeringAngle>-0.035533333333333354</steeringAngle>
      <velocity>8.0</velocity>
      <orientation>-0.2818632420078654</orientation>
      <time>24</time>
    </ksState>
    <ksState>
      <x>-676.345445947437</x>
      <y>-83.99521612788183</y>
      <steeringAngle>-2.0816681711721685e-17</steeringAngle>
      <velocity>8.0</velocity>
      <orientation>-0.2873757684662702</orientation>
      <time>25</time>
    </ksState>
    <ksState>
      <x>-675.6190736893892</x>
      <y>-84.21888074563479</y>
      <steeringAngle>-0.03553333333333333</steeringAngle>
      <velocity>7.199999999999999</velocity>
      <orientation>-0.29252078144876253</orientation>
      <time>26</time>
    </ksState>
    <ksState>
      <x>-674.9750618290456</x>
      <y>-84.43800490803888</y>
      <steeringAngle>-0.07106666666666664</steeringAngle>
      <velocity>6.400000000000001</velocity>
      <orientation>-0.30649745356972563</orientation>
      <time>27</time>
    </ksState>
    <ksState>
      <x>-674.4139471210053</x>
      <y>-84.65242189502248</y>
      <steeringAngle>-0.10659999999999997</steeringAngle>
      <velocity>5.600000000000004</velocity>
      <orientation>-0.327129221435607</orientation>
      <time>28</time>
    </ksState>
    <ksState>
      <x>-673.935474266728</x>
      <y>-84.85907089056764</y>
      <steeringAngle>-0.1421333333333333</steeringAngle>
      <velocity>4.800000000000003</velocity>
      <orientation>-0.35224542894425526</orientation>
      <time>29</time>
    </ksState>
    <ksState>
      <x>-673.5385037609067</x>
      <y>-85.0527376744236</y>
      <steeringAngle>-0.17766666666666653</steeringAngle>
      <velocity>4.000000000000006</velocity>
      <orientation>-0.3796703255294051</orientation>
      <time>30</time>
    </ksState>
    <ksState>
      <x>-673.2194777311885</x>
      <y>-85.22328751975888</y>
      <steeringAngle>-0.17766666666666667</steeringAngle>
      <velocity>3.2000000000000006</velocity>
      <orientation>-0.4047357647975827</orientation>
      <time>31</time>
    </ksState>
    <ksState>
      <x>-672.9743606729407</x>
      <y>-85.36143391176873</y>
      <steeringAngle>-0.17766666666666667</steeringAngle>
      <velocity>2.4000000000000012</velocity>
      <orientation>-0.42423110642761247</orientation>
      <time>32</time>
    </ksState>
    <ksState>
      <x>-672.800948988011</x>
      <y>-85.46302248094422</y>
      <steeringAngle>-0.17766666666666667</steeringAngle>
      <velocity>1.6000000000000005</velocity>
      <orientation>-0.43815635042659345</orientation>
      <time>33</time>
    </ksState>
  </ksTrajectory>
</CommonRoadSolution>
