<?xml version="1.0" ?>
<CommonRoadSolution benchmark_id="KS2:SM1:GRC_Perama-3_2_T-1:2020a" computation_time="0.2893413129995679" date="2023-11-26T00:13:30">
  <ksTrajectory planningProblem="1">
    <ksState>
      <x>-697.11671</x>
      <y>-624.91163</y>
      <steeringAngle>0.0</steeringAngle>
      <velocity>8.0</velocity>
      <orientation>-3.0450286</orientation>
      <time>0</time>
    </ksState>
    <ksState>
      <x>-697.8731693975398</x>
      <y>-624.9849046802717</y>
      <steeringAngle>0.0</steeringAngle>
      <velocity>7.200000000000001</velocity>
      <orientation>-3.0450286</orientation>
      <time>1</time>
    </ksState>
    <ksState>
      <x>-698.5500014897062</x>
      <y>-625.0504662362686</y>
      <steeringAngle>0.0</steeringAngle>
      <velocity>6.400000000000001</velocity>
      <orientation>-3.0450286</orientation>
      <time>2</time>
    </ksState>
    <ksState>
      <x>-699.1472062766986</x>
      <y>-625.1083146680098</y>
      <steeringAngle>0.0</steeringAngle>
      <velocity>5.600000000000001</velocity>
      <orientation>-3.0450286</orientation>
      <time>3</time>
    </ksState>
    <ksState>
      <x>-699.6647837585732</x>
      <y>-625.1584499755011</y>
      <steeringAngle>0.0</steeringAngle>
      <velocity>4.800000000000001</velocity>
      <orientation>-3.0450286</orientation>
      <time>4</time>
    </ksState>
    <ksState>
      <x>-700.1027339353508</x>
      <y>-625.200872158744</y>
      <steeringAngle>0.0</steeringAngle>
      <velocity>4.000000000000001</velocity>
      <orientation>-3.0450286</orientation>
      <time>5</time>
    </ksState>
    <ksState>
      <x>-700.4610568071895</x>
      <y>-625.2355812177542</y>
      <steeringAngle>0.0</steeringAngle>
      <velocity>3.2</velocity>
      <orientation>-3.0450286</orientation>
      <time>6</time>
    </ksState>
    <ksState>
      <x>-700.7397523738464</x>
      <y>-625.2625771525081</y>
      <steeringAngle>0.0</steeringAngle>
      <velocity>2.4000000000000004</velocity>
      <orientation>-3.0450286</orientation>
      <time>7</time>
    </ksState>
    <ksState>
      <x>-700.9388206354229</x>
      <y>-625.2818599630154</y>
      <steeringAngle>0.0</steeringAngle>
      <velocity>1.6</velocity>
      <orientation>-3.0450286</orientation>
      <time>8</time>
    </ksState>
    <ksState>
      <x>-701.0582615919595</x>
      <y>-625.2934296492803</y>
      <steeringAngle>0.0</steeringAngle>
      <velocity>0.7999999999999998</velocity>
      <orientation>-3.0450286</orientation>
      <time>9</time>
    </ksState>
    <ksState>
      <x>-701.0980752435088</x>
      <y>-625.2972862113076</y>
      <steeringAngle>0.0</steeringAngle>
      <velocity>-3.3306690738754696e-16</velocity>
      <orientation>-3.0450286</orientation>
      <time>10</time>
    </ksState>
    <ksState>
      <x>-701.1378888967724</x>
      <y>-625.3011427735009</y>
      <steeringAngle>0.0</steeringAngle>
      <velocity>0.8</velocity>
      <orientation>-3.0450286</orientation>
      <time>11</time>
    </ksState>
    <ksState>
      <x>-701.2573298553838</x>
      <y>-625.3127124599666</y>
      <steeringAngle>0.0</steeringAngle>
      <velocity>1.6</velocity>
      <orientation>-3.0450286</orientation>
      <time>12</time>
    </ksState>
    <ksState>
      <x>-701.4563981191686</x>
      <y>-625.3319952706879</y>
      <steeringAngle>0.0</steeringAngle>
      <velocity>2.4000000000000004</velocity>
      <orientation>-3.0450286</orientation>
      <time>13</time>
    </ksState>
    <ksState>
      <x>-701.735093688074</x>
      <y>-625.3589912056595</y>
      <steeringAngle>0.0</steeringAngle>
      <velocity>3.2000000000000006</velocity>
      <orientation>-3.0450286</orientation>
      <time>14</time>
    </ksState>
    <ksState>
      <x>-702.0934165620787</x>
      <y>-625.3937002648796</y>
      <steeringAngle>0.0</steeringAngle>
      <velocity>4.000000000000001</velocity>
      <orientation>-3.0450286</orientation>
      <time>15</time>
    </ksState>
    <ksState>
      <x>-702.4915530874804</x>
      <y>-625.4322658861122</y>
      <steeringAngle>0.0</steeringAngle>
      <velocity>4.0</velocity>
      <orientation>-3.0450286</orientation>
      <time>16</time>
    </ksState>
    <ksState>
      <x>-702.8896896128821</x>
      <y>-625.4708315073447</y>
      <steeringAngle>0.0</steeringAngle>
      <velocity>4.0</velocity>
      <orientation>-3.0450286</orientation>
      <time>17</time>
    </ksState>
    <ksState>
      <x>-703.2878261382838</x>
      <y>-625.5093971285772</y>
      <steeringAngle>0.0</steeringAngle>
      <velocity>4.0</velocity>
      <orientation>-3.0450286</orientation>
      <time>18</time>
    </ksState>
    <ksState>
      <x>-703.6859626636856</x>
      <y>-625.5479627498098</y>
      <steeringAngle>0.0</steeringAngle>
      <velocity>4.0</velocity>
      <orientation>-3.0450286</orientation>
      <time>19</time>
    </ksState>
    <ksState>
      <x>-704.0840991890873</x>
      <y>-625.5865283710424</y>
      <steeringAngle>0.0</steeringAngle>
      <velocity>4.0</velocity>
      <orientation>-3.0450286</orientation>
      <time>20</time>
    </ksState>
    <ksState>
      <x>-704.482235714489</x>
      <y>-625.625093992275</y>
      <steeringAngle>0.0</steeringAngle>
      <velocity>4.0</velocity>
      <orientation>-3.0450286</orientation>
      <time>21</time>
    </ksState>
    <ksState>
      <x>-704.8803722398907</x>
      <y>-625.6636596135074</y>
      <steeringAngle>0.0</steeringAngle>
      <velocity>4.0</velocity>
      <orientation>-3.0450286</orientation>
      <time>22</time>
    </ksState>
    <ksState>
      <x>-705.2785087652924</x>
      <y>-625.70222523474</y>
      <steeringAngle>0.0</steeringAngle>
      <velocity>4.0</velocity>
      <orientation>-3.0450286</orientation>
      <time>23</time>
    </ksState>
    <ksState>
      <x>-705.6766452906942</x>
      <y>-625.7407908559726</y>
      <steeringAngle>0.0</steeringAngle>
      <velocity>4.0</velocity>
      <orientation>-3.0450286</orientation>
      <time>24</time>
    </ksState>
    <ksState>
      <x>-706.0747818160959</x>
      <y>-625.7793564772052</y>
      <steeringAngle>0.0</steeringAngle>
      <velocity>4.0</velocity>
      <orientation>-3.0450286</orientation>
      <time>25</time>
    </ksState>
    <ksState>
      <x>-706.5127319950607</x>
      <y>-625.82177866066</y>
      <steeringAngle>0.0</steeringAngle>
      <velocity>4.8</velocity>
      <orientation>-3.0450286</orientation>
      <time>26</time>
    </ksState>
    <ksState>
      <x>-707.0303094791508</x>
      <y>-625.8719139683658</y>
      <steeringAngle>0.0</steeringAngle>
      <velocity>5.6</velocity>
      <orientation>-3.0450286</orientation>
      <time>27</time>
    </ksState>
    <ksState>
      <x>-707.6275142683503</x>
      <y>-625.9297624003209</y>
      <steeringAngle>0.0</steeringAngle>
      <velocity>6.4</velocity>
      <orientation>-3.0450286</orientation>
      <time>28</time>
    </ksState>
    <ksState>
      <x>-708.30434636265</x>
      <y>-625.9953239565244</y>
      <steeringAngle>0.0</steeringAngle>
      <velocity>7.199999999999999</velocity>
      <orientation>-3.0450286</orientation>
      <time>29</time>
    </ksState>
    <ksState>
      <x>-709.060805762044</x>
      <y>-626.0685986369758</y>
      <steeringAngle>0.0</steeringAngle>
      <velocity>7.999999999999998</velocity>
      <orientation>-3.0450286</orientation>
      <time>30</time>
    </ksState>
    <ksState>
      <x>-709.8180747431538</x>
      <y>-626.133299554628</y>
      <steeringAngle>-0.03553333333333333</steeringAngle>
      <velocity>7.199999999999999</velocity>
      <orientation>-3.0501736129824923</orientation>
      <time>31</time>
    </ksState>
    <ksState>
      <x>-710.4972787398718</x>
      <y>-626.1713601071045</y>
      <steeringAngle>-0.07106666666666664</steeringAngle>
      <velocity>6.400000000000001</velocity>
      <orientation>-3.0641502851034557</orientation>
      <time>32</time>
    </ksState>
    <ksState>
      <x>-711.0978576260457</x>
      <y>-626.18273382102</y>
      <steeringAngle>-0.10659999999999997</steeringAngle>
      <velocity>5.600000000000004</velocity>
      <orientation>-3.084782052969337</orientation>
      <time>33</time>
    </ksState>
  </ksTrajectory>
</CommonRoadSolution>
