<?xml version="1.0" ?>
<CommonRoadSolution benchmark_id="KS2:SM1:BEL_Zaventem-3_1_T-1:2020a" computation_time="0.30057963300001234" date="2023-11-26T00:13:30">
  <ksTrajectory planningProblem="1">
    <ksState>
      <x>-573.1947</x>
      <y>585.25636</y>
      <steeringAngle>0.0</steeringAngle>
      <velocity>4.0</velocity>
      <orientation>3.0518253</orientation>
      <time>0</time>
    </ksState>
    <ksState>
      <x>-573.5532505007296</x>
      <y>585.2886328630061</y>
      <steeringAngle>0.0</steeringAngle>
      <velocity>3.2</velocity>
      <orientation>3.0518253</orientation>
      <time>1</time>
    </ksState>
    <ksState>
      <x>-573.8321231120793</x>
      <y>585.313733978648</y>
      <steeringAngle>0.0</steeringAngle>
      <velocity>2.4000000000000004</velocity>
      <orientation>3.0518253</orientation>
      <time>2</time>
    </ksState>
    <ksState>
      <x>-574.0313178341505</x>
      <y>585.3316633469346</y>
      <steeringAngle>0.0</steeringAngle>
      <velocity>1.6</velocity>
      <orientation>3.0518253</orientation>
      <time>3</time>
    </ksState>
    <ksState>
      <x>-574.1508346669835</x>
      <y>585.3424209678699</y>
      <steeringAngle>0.0</steeringAngle>
      <velocity>0.7999999999999998</velocity>
      <orientation>3.0518253</orientation>
      <time>4</time>
    </ksState>
    <ksState>
      <x>-574.1906736106314</x>
      <y>585.3460068414582</y>
      <steeringAngle>0.0</steeringAngle>
      <velocity>-3.3306690738754696e-16</velocity>
      <orientation>3.0518253</orientation>
      <time>5</time>
    </ksState>
    <ksState>
      <x>-574.2305125559946</x>
      <y>585.349592715201</y>
      <steeringAngle>0.0</steeringAngle>
      <velocity>0.8</velocity>
      <orientation>3.0518253</orientation>
      <time>6</time>
    </ksState>
    <ksState>
      <x>-574.3500293909037</x>
      <y>585.360350336323</y>
      <steeringAngle>0.0</steeringAngle>
      <velocity>1.6</velocity>
      <orientation>3.0518253</orientation>
      <time>7</time>
    </ksState>
    <ksState>
      <x>-574.5492241151845</x>
      <y>585.3782797048085</y>
      <steeringAngle>0.0</steeringAngle>
      <velocity>2.4000000000000004</velocity>
      <orientation>3.0518253</orientation>
      <time>8</time>
    </ksState>
    <ksState>
      <x>-574.8280967287842</x>
      <y>585.403380820653</y>
      <steeringAngle>0.0</steeringAngle>
      <velocity>3.2000000000000006</velocity>
      <orientation>3.0518253</orientation>
      <time>9</time>
    </ksState>
    <ksState>
      <x>-575.1866472316811</x>
      <y>585.4356536838542</y>
      <steeringAngle>0.0</steeringAngle>
      <velocity>4.000000000000001</velocity>
      <orientation>3.0518253</orientation>
      <time>10</time>
    </ksState>
    <ksState>
      <x>-575.6253083923731</x>
      <y>585.4702079244759</y>
      <steeringAngle>0.035533333333333326</steeringAngle>
      <velocity>4.799999999999999</velocity>
      <orientation>3.054949078669191</orientation>
      <time>11</time>
    </ksState>
    <ksState>
      <x>-576.1448187848462</x>
      <y>585.4973183922549</y>
      <steeringAngle>0.07106666666666667</steeringAngle>
      <velocity>5.599999999999998</velocity>
      <orientation>3.0657996897303637</orientation>
      <time>12</time>
    </ksState>
    <ksState>
      <x>-576.7454335479266</x>
      <y>585.5073830145772</y>
      <steeringAngle>0.10659999999999999</steeringAngle>
      <velocity>6.3999999999999995</velocity>
      <orientation>3.0866166387306917</orientation>
      <time>13</time>
    </ksState>
    <ksState>
      <x>-577.4266868580676</x>
      <y>585.4870597877557</y>
      <steeringAngle>0.14213333333333333</steeringAngle>
      <velocity>7.199999999999999</velocity>
      <orientation>3.119676209711857</orientation>
      <time>14</time>
    </ksState>
    <ksState>
      <x>-578.1864859679937</x>
      <y>585.4185444838525</y>
      <steeringAngle>0.17766666666666664</steeringAngle>
      <velocity>7.9999999999999964</velocity>
      <orientation>3.1673035317934035</orientation>
      <time>15</time>
    </ksState>
    <ksState>
      <x>-578.9817256711352</x>
      <y>585.3061441097087</y>
      <steeringAngle>0.14213333333333336</steeringAngle>
      <velocity>8.0</velocity>
      <orientation>3.217338343342152</orientation>
      <time>16</time>
    </ksState>
    <ksState>
      <x>-579.772745408334</x>
      <y>585.1744851377802</y>
      <steeringAngle>0.1066000000000001</steeringAngle>
      <velocity>8.0</velocity>
      <orientation>3.2561221953491493</orientation>
      <time>17</time>
    </ksState>
    <ksState>
      <x>-580.5610132556687</x>
      <y>585.0323702717565</y>
      <steeringAngle>0.07106666666666674</steeringAngle>
      <velocity>8.0</velocity>
      <orientation>3.2837546743788364</orientation>
      <time>18</time>
    </ksState>
    <ksState>
      <x>-581.3483286820301</x>
      <y>584.8884643707612</y>
      <steeringAngle>0.035533333333333354</steeringAngle>
      <velocity>8.0</velocity>
      <orientation>3.3003061950078654</orientation>
      <time>19</time>
    </ksState>
    <ksState>
      <x>-582.1365418641597</x>
      <y>584.751383063457</y>
      <steeringAngle>2.0816681711721685e-17</steeringAngle>
      <velocity>8.0</velocity>
      <orientation>3.30581872146627</orientation>
      <time>20</time>
    </ksState>
    <ksState>
      <x>-582.8877036068826</x>
      <y>584.6356309370589</y>
      <steeringAngle>-0.03553333333333333</steeringAngle>
      <velocity>7.199999999999999</velocity>
      <orientation>3.300673708483778</orientation>
      <time>21</time>
    </ksState>
    <ksState>
      <x>-583.562780159283</x>
      <y>584.5517362220176</y>
      <steeringAngle>-0.07106666666666664</steeringAngle>
      <velocity>6.400000000000001</velocity>
      <orientation>3.2866970363628147</orientation>
      <time>22</time>
    </ksState>
    <ksState>
      <x>-584.1612158189736</x>
      <y>584.4997831557305</y>
      <steeringAngle>-0.10659999999999997</steeringAngle>
      <velocity>5.600000000000004</velocity>
      <orientation>3.2660652684969333</orientation>
      <time>23</time>
    </ksState>
    <ksState>
      <x>-584.6819045280236</x>
      <y>584.4769063572645</y>
      <steeringAngle>-0.1421333333333333</steeringAngle>
      <velocity>4.800000000000003</velocity>
      <orientation>3.240949060988285</orientation>
      <time>24</time>
    </ksState>
    <ksState>
      <x>-585.1235960314126</x>
      <y>584.4779170476154</y>
      <steeringAngle>-0.17766666666666653</steeringAngle>
      <velocity>4.000000000000006</velocity>
      <orientation>3.213524164403135</orientation>
      <time>25</time>
    </ksState>
    <ksState>
      <x>-585.4850686527358</x>
      <y>584.4921438327605</y>
      <steeringAngle>-0.17766666666666667</steeringAngle>
      <velocity>3.2000000000000006</velocity>
      <orientation>3.1884587251349576</orientation>
      <time>26</time>
    </ksState>
    <ksState>
      <x>-585.7659006308085</x>
      <y>584.5094700545378</y>
      <steeringAngle>-0.17766666666666667</steeringAngle>
      <velocity>2.4000000000000012</velocity>
      <orientation>3.1689633835049276</orientation>
      <time>27</time>
    </ksState>
    <ksState>
      <x>-585.9662616539495</x>
      <y>584.5251961558719</y>
      <steeringAngle>-0.17766666666666667</steeringAngle>
      <velocity>1.6000000000000005</velocity>
      <orientation>3.155038139505947</orientation>
      <time>28</time>
    </ksState>
    <ksState>
      <x>-586.0863663162215</x>
      <y>584.5359705044656</y>
      <steeringAngle>-0.17766666666666667</steeringAngle>
      <velocity>0.8000000000000004</velocity>
      <orientation>3.1466829931351925</orientation>
      <time>29</time>
    </ksState>
    <ksState>
      <x>-586.1263806809218</x>
      <y>584.5397849159032</y>
      <steeringAngle>-0.17766666666666667</steeringAngle>
      <velocity>2.7755575615628914e-16</velocity>
      <orientation>3.143897944388977</orientation>
      <time>30</time>
    </ksState>
    <ksState>
      <x>-586.1263806809218</x>
      <y>584.5397849159032</y>
      <steeringAngle>-0.14213333333333336</steeringAngle>
      <velocity>0.0</velocity>
      <orientation>3.143897944388977</orientation>
      <time>31</time>
    </ksState>
    <ksState>
      <x>-586.1263806809218</x>
      <y>584.5397849159032</y>
      <steeringAngle>-0.10660000000000001</steeringAngle>
      <velocity>0.0</velocity>
      <orientation>3.143897944388977</orientation>
      <time>32</time>
    </ksState>
    <ksState>
      <x>-586.1263806809218</x>
      <y>584.5397849159032</y>
      <steeringAngle>-0.07106666666666668</steeringAngle>
      <velocity>0.0</velocity>
      <orientation>3.143897944388977</orientation>
      <time>33</time>
    </ksState>
  </ksTrajectory>
</CommonRoadSolution>
