<?xml version="1.0" ?>
<CommonRoadSolution benchmark_id="KS2:SM1:DEU_Flensburg-16_1_T-1:2020a" computation_time="7.008562575000042" date="2023-11-26T00:13:30">
  <ksTrajectory planningProblem="123">
    <ksState>
      <x>24.082499</x>
      <y>145.39155</y>
      <steeringAngle>0.0</steeringAngle>
      <velocity>8.0</velocity>
      <orientation>-1.2853609</orientation>
      <time>0</time>
    </ksState>
    <ksState>
      <x>24.307759229621166</x>
      <y>144.62391868944067</y>
      <steeringAngle>0.0</steeringAngle>
      <velocity>8.0</velocity>
      <orientation>-1.2853609</orientation>
      <time>1</time>
    </ksState>
    <ksState>
      <x>24.533019459242333</x>
      <y>143.85628737888135</y>
      <steeringAngle>0.0</steeringAngle>
      <velocity>8.0</velocity>
      <orientation>-1.2853609</orientation>
      <time>2</time>
    </ksState>
    <ksState>
      <x>24.7582796888635</x>
      <y>143.08865606832202</y>
      <steeringAngle>0.0</steeringAngle>
      <velocity>8.0</velocity>
      <orientation>-1.2853609</orientation>
      <time>3</time>
    </ksState>
    <ksState>
      <x>24.983539918484666</x>
      <y>142.32102475776273</y>
      <steeringAngle>0.0</steeringAngle>
      <velocity>8.0</velocity>
      <orientation>-1.2853609</orientation>
      <time>4</time>
    </ksState>
    <ksState>
      <x>25.208800148105833</x>
      <y>141.5533934472034</y>
      <steeringAngle>0.0</steeringAngle>
      <velocity>8.0</velocity>
      <orientation>-1.2853609</orientation>
      <time>5</time>
    </ksState>
    <ksState>
      <x>25.425117752722155</x>
      <y>140.7831630471905</y>
      <steeringAngle>-0.03553333333333333</steeringAngle>
      <velocity>8.0</velocity>
      <orientation>-1.2908734350028388</orientation>
      <time>6</time>
    </ksState>
    <ksState>
      <x>25.61779559342281</x>
      <y>140.006387452992</y>
      <steeringAngle>-0.07106666666666667</steeringAngle>
      <velocity>8.0</velocity>
      <orientation>-1.3074249558831084</orientation>
      <time>7</time>
    </ksState>
    <ksState>
      <x>25.777991116186772</x>
      <y>139.22166854974748</y>
      <steeringAngle>-0.10659999999999997</steeringAngle>
      <velocity>8.0</velocity>
      <orientation>-1.3350574351738032</orientation>
      <time>8</time>
    </ksState>
    <ksState>
      <x>25.896550995929157</x>
      <y>138.42868358843415</y>
      <steeringAngle>-0.1421333333333333</steeringAngle>
      <velocity>8.0</velocity>
      <orientation>-1.3738412874465382</orientation>
      <time>9</time>
    </ksState>
    <ksState>
      <x>25.964024420611747</x>
      <y>137.62851317296196</y>
      <steeringAngle>-0.17766666666666667</steeringAngle>
      <velocity>8.0</velocity>
      <orientation>-1.423876099695693</orientation>
      <time>10</time>
    </ksState>
    <ksState>
      <x>25.97172707824166</x>
      <y>136.8642297507856</y>
      <steeringAngle>-0.21320000000000014</steeringAngle>
      <velocity>7.200000000000003</velocity>
      <orientation>-1.4821254267671857</orientation>
      <time>11</time>
    </ksState>
    <ksState>
      <x>25.923572523819505</x>
      <y>136.18042252328664</y>
      <steeringAngle>-0.24873333333333347</steeringAngle>
      <velocity>6.400000000000004</velocity>
      <orientation>-1.5440425142529652</orientation>
      <time>12</time>
    </ksState>
    <ksState>
      <x>25.8308268170532</x>
      <y>135.58097559469724</y>
      <steeringAngle>-0.2842666666666668</steeringAngle>
      <velocity>5.600000000000001</velocity>
      <orientation>-1.6074646570168862</orientation>
      <time>13</time>
    </ksState>
    <ksState>
      <x>25.706797470897044</x>
      <y>135.06830651280436</y>
      <steeringAngle>-0.3198</steeringAngle>
      <velocity>4.800000000000002</velocity>
      <orientation>-1.670193756758839</orientation>
      <time>14</time>
    </ksState>
    <ksState>
      <x>25.565981332917175</x>
      <y>134.6429777974515</y>
      <steeringAngle>-0.3553333333333332</steeringAngle>
      <velocity>4.000000000000001</velocity>
      <orientation>-1.7299835908070538</orientation>
      <time>15</time>
    </ksState>
    <ksState>
      <x>25.410813873460377</x>
      <y>134.2653768206181</y>
      <steeringAngle>-0.35533333333333333</steeringAngle>
      <velocity>4.0</velocity>
      <orientation>-1.7875402975637678</orientation>
      <time>16</time>
    </ksState>
    <ksState>
      <x>25.23418188581519</x>
      <y>133.89732708951445</y>
      <steeringAngle>-0.35533333333333333</steeringAngle>
      <velocity>4.0</velocity>
      <orientation>-1.8450970043204817</orientation>
      <time>17</time>
    </ksState>
    <ksState>
      <x>25.03667035286827</x>
      <y>133.54004756465548</y>
      <steeringAngle>-0.35533333333333333</steeringAngle>
      <velocity>4.0</velocity>
      <orientation>-1.9026537110771957</orientation>
      <time>18</time>
    </ksState>
    <ksState>
      <x>24.81893340482239</x>
      <y>133.19472150584073</y>
      <steeringAngle>-0.35533333333333333</steeringAngle>
      <velocity>4.0</velocity>
      <orientation>-1.9602104178339097</orientation>
      <time>19</time>
    </ksState>
    <ksState>
      <x>24.58169215597727</x>
      <y>132.86249258438977</y>
      <steeringAngle>-0.35533333333333333</steeringAngle>
      <velocity>4.0</velocity>
      <orientation>-2.0177671245906237</orientation>
      <time>20</time>
    </ksState>
    <ksState>
      <x>24.321424506076614</x>
      <y>132.54684155675642</y>
      <steeringAngle>-0.39086666666666653</steeringAngle>
      <velocity>4.0</velocity>
      <orientation>-2.078487490896611</orientation>
      <time>21</time>
    </ksState>
    <ksState>
      <x>24.03367089785887</x>
      <y>132.25320071268106</y>
      <steeringAngle>-0.42639999999999995</steeringAngle>
      <velocity>4.0</velocity>
      <orientation>-2.1456571043530146</orientation>
      <time>22</time>
    </ksState>
    <ksState>
      <x>23.718222283267306</x>
      <y>131.9859973826251</y>
      <steeringAngle>-0.4619333333333333</steeringAngle>
      <velocity>4.0</velocity>
      <orientation>-2.2194776879853584</orientation>
      <time>23</time>
    </ksState>
    <ksState>
      <x>23.37555894097509</x>
      <y>131.7501657801862</y>
      <steeringAngle>-0.49746666666666667</steeringAngle>
      <velocity>4.0</velocity>
      <orientation>-2.3001782297985787</orientation>
      <time>24</time>
    </ksState>
    <ksState>
      <x>23.00701995061154</x>
      <y>131.55110968727615</y>
      <steeringAngle>-0.533</steeringAngle>
      <velocity>4.0</velocity>
      <orientation>-2.3880180963983877</orientation>
      <time>25</time>
    </ksState>
    <ksState>
      <x>22.62212309333726</x>
      <y>131.385519934847</y>
      <steeringAngle>-0.4974666666666666</steeringAngle>
      <velocity>4.0</velocity>
      <orientation>-2.475857963237837</orientation>
      <time>26</time>
    </ksState>
    <ksState>
      <x>22.23058429459416</x>
      <y>131.24466802980896</y>
      <steeringAngle>-0.4619333333333334</steeringAngle>
      <velocity>4.0</velocity>
      <orientation>-2.556558505025007</orientation>
      <time>27</time>
    </ksState>
    <ksState>
      <x>21.83442784014988</x>
      <y>131.12609251172248</y>
      <steeringAngle>-0.42640000000000017</steeringAngle>
      <velocity>4.0</velocity>
      <orientation>-2.630379088274812</orientation>
      <time>28</time>
    </ksState>
    <ksState>
      <x>21.435239620429307</x>
      <y>131.02730367103104</y>
      <steeringAngle>-0.3908666666666668</steeringAngle>
      <velocity>4.0</velocity>
      <orientation>-2.697548701137675</orientation>
      <time>29</time>
    </ksState>
    <ksState>
      <x>21.034230990533086</x>
      <y>130.945816953662</y>
      <steeringAngle>-0.3553333333333335</steeringAngle>
      <velocity>4.0</velocity>
      <orientation>-2.7582690690159604</orientation>
      <time>30</time>
    </ksState>
    <ksState>
      <x>20.591964297113197</x>
      <y>130.87357662558782</y>
      <steeringAngle>-0.31979999999999975</steeringAngle>
      <velocity>4.800000000000001</velocity>
      <orientation>-2.818058904047709</orientation>
      <time>31</time>
    </ksState>
    <ksState>
      <x>20.06828367760508</x>
      <y>130.80960087984565</y>
      <steeringAngle>-0.28426666666666645</steeringAngle>
      <velocity>5.600000000000004</velocity>
      <orientation>-2.8807880041790326</orientation>
      <time>32</time>
    </ksState>
    <ksState>
      <x>19.46346964247659</x>
      <y>130.7616584473524</y>
      <steeringAngle>-0.2487333333333331</steeringAngle>
      <velocity>6.400000000000004</velocity>
      <orientation>-2.9442101408717085</orientation>
      <time>33</time>
    </ksState>
    <ksState>
      <x>18.778288996007937</x>
      <y>130.73644145457433</y>
      <steeringAngle>-0.21319999999999992</steeringAngle>
      <velocity>7.200000000000004</velocity>
      <orientation>-3.006127229549507</orientation>
      <time>34</time>
    </ksState>
    <ksState>
      <x>18.01382127766198</x>
      <y>130.73886351083803</y>
      <steeringAngle>-0.17766666666666656</steeringAngle>
      <velocity>8.000000000000004</velocity>
      <orientation>-3.064376559150473</orientation>
      <time>35</time>
    </ksState>
    <ksState>
      <x>17.211241612429642</x>
      <y>130.76896185823108</y>
      <steeringAngle>-0.14213333333333336</steeringAngle>
      <velocity>8.0</velocity>
      <orientation>-3.114411370699221</orientation>
      <time>36</time>
    </ksState>
    <ksState>
      <x>16.41088084871082</x>
      <y>130.8186504628269</y>
      <steeringAngle>-0.1066000000000001</steeringAngle>
      <velocity>8.0</velocity>
      <orientation>-3.1531952227062185</orientation>
      <time>37</time>
    </ksState>
    <ksState>
      <x>15.61218311667265</x>
      <y>130.87902236957046</y>
      <steeringAngle>-0.07106666666666674</steeringAngle>
      <velocity>8.0</velocity>
      <orientation>-3.1808277017359057</orientation>
      <time>38</time>
    </ksState>
    <ksState>
      <x>14.814248744616773</x>
      <y>130.94127368939203</y>
      <steeringAngle>-0.035533333333333354</steeringAngle>
      <velocity>8.0</velocity>
      <orientation>-3.1973792223649347</orientation>
      <time>39</time>
    </ksState>
    <ksState>
      <x>14.016122563154733</x>
      <y>130.99664429314478</y>
      <steeringAngle>-2.0816681711721685e-17</steeringAngle>
      <velocity>8.0</velocity>
      <orientation>-3.2028917488233395</orientation>
      <time>40</time>
    </ksState>
    <ksState>
      <x>13.217625124197575</x>
      <y>131.04565286360813</y>
      <steeringAngle>0.0</steeringAngle>
      <velocity>8.0</velocity>
      <orientation>-3.2028917488233395</orientation>
      <time>41</time>
    </ksState>
    <ksState>
      <x>12.419127685240417</x>
      <y>131.09466143407147</y>
      <steeringAngle>0.0</steeringAngle>
      <velocity>8.0</velocity>
      <orientation>-3.2028917488233395</orientation>
      <time>42</time>
    </ksState>
    <ksState>
      <x>11.62063024628326</x>
      <y>131.1436700045348</y>
      <steeringAngle>0.0</steeringAngle>
      <velocity>8.0</velocity>
      <orientation>-3.2028917488233395</orientation>
      <time>43</time>
    </ksState>
    <ksState>
      <x>10.822132807326103</x>
      <y>131.19267857499815</y>
      <steeringAngle>0.0</steeringAngle>
      <velocity>8.0</velocity>
      <orientation>-3.2028917488233395</orientation>
      <time>44</time>
    </ksState>
    <ksState>
      <x>10.023635368368945</x>
      <y>131.2416871454615</y>
      <steeringAngle>0.0</steeringAngle>
      <velocity>8.0</velocity>
      <orientation>-3.2028917488233395</orientation>
      <time>45</time>
    </ksState>
    <ksState>
      <x>9.225137929411787</x>
      <y>131.29069571592484</y>
      <steeringAngle>0.0</steeringAngle>
      <velocity>8.0</velocity>
      <orientation>-3.2028917488233395</orientation>
      <time>46</time>
    </ksState>
    <ksState>
      <x>8.426640490454629</x>
      <y>131.33970428638818</y>
      <steeringAngle>0.0</steeringAngle>
      <velocity>8.0</velocity>
      <orientation>-3.2028917488233395</orientation>
      <time>47</time>
    </ksState>
    <ksState>
      <x>7.6281430514974735</x>
      <y>131.38871285685153</y>
      <steeringAngle>0.0</steeringAngle>
      <velocity>8.0</velocity>
      <orientation>-3.2028917488233395</orientation>
      <time>48</time>
    </ksState>
    <ksState>
      <x>6.8296456125403155</x>
      <y>131.43772142731487</y>
      <steeringAngle>0.0</steeringAngle>
      <velocity>8.0</velocity>
      <orientation>-3.2028917488233395</orientation>
      <time>49</time>
    </ksState>
    <ksState>
      <x>6.031148173583158</x>
      <y>131.4867299977782</y>
      <steeringAngle>0.0</steeringAngle>
      <velocity>8.0</velocity>
      <orientation>-3.2028917488233395</orientation>
      <time>50</time>
    </ksState>
    <ksState>
      <x>5.232650734626</x>
      <y>131.53573856824156</y>
      <steeringAngle>0.0</steeringAngle>
      <velocity>8.0</velocity>
      <orientation>-3.2028917488233395</orientation>
      <time>51</time>
    </ksState>
    <ksState>
      <x>4.4341532956688425</x>
      <y>131.5847471387049</y>
      <steeringAngle>0.0</steeringAngle>
      <velocity>8.0</velocity>
      <orientation>-3.2028917488233395</orientation>
      <time>52</time>
    </ksState>
    <ksState>
      <x>3.6356558567116846</x>
      <y>131.63375570916824</y>
      <steeringAngle>0.0</steeringAngle>
      <velocity>8.0</velocity>
      <orientation>-3.2028917488233395</orientation>
      <time>53</time>
    </ksState>
    <ksState>
      <x>2.8371584177545275</x>
      <y>131.68276427963158</y>
      <steeringAngle>0.0</steeringAngle>
      <velocity>8.0</velocity>
      <orientation>-3.2028917488233395</orientation>
      <time>54</time>
    </ksState>
    <ksState>
      <x>2.0386609787973686</x>
      <y>131.73177285009493</y>
      <steeringAngle>0.0</steeringAngle>
      <velocity>8.0</velocity>
      <orientation>-3.2028917488233395</orientation>
      <time>55</time>
    </ksState>
    <ksState>
      <x>1.2401635398402113</x>
      <y>131.78078142055827</y>
      <steeringAngle>0.0</steeringAngle>
      <velocity>8.0</velocity>
      <orientation>-3.2028917488233395</orientation>
      <time>56</time>
    </ksState>
    <ksState>
      <x>0.4416661008830538</x>
      <y>131.8297899910216</y>
      <steeringAngle>0.0</steeringAngle>
      <velocity>8.0</velocity>
      <orientation>-3.2028917488233395</orientation>
      <time>57</time>
    </ksState>
    <ksState>
      <x>-0.35683133807410417</x>
      <y>131.87879856148496</y>
      <steeringAngle>0.0</steeringAngle>
      <velocity>8.0</velocity>
      <orientation>-3.2028917488233395</orientation>
      <time>58</time>
    </ksState>
    <ksState>
      <x>-1.1553287770312617</x>
      <y>131.9278071319483</y>
      <steeringAngle>0.0</steeringAngle>
      <velocity>8.0</velocity>
      <orientation>-3.2028917488233395</orientation>
      <time>59</time>
    </ksState>
    <ksState>
      <x>-1.9538262159884197</x>
      <y>131.97681570241164</y>
      <steeringAngle>0.0</steeringAngle>
      <velocity>8.0</velocity>
      <orientation>-3.2028917488233395</orientation>
      <time>60</time>
    </ksState>
    <ksState>
      <x>-2.712905571771444</x>
      <y>132.0147768683611</y>
      <steeringAngle>0.03553333333333333</steeringAngle>
      <velocity>7.199999999999999</velocity>
      <orientation>-3.1977467358408473</orientation>
      <time>61</time>
    </ksState>
    <ksState>
      <x>-3.3930292029575075</x>
      <y>132.0288666204825</y>
      <steeringAngle>0.07106666666666664</steeringAngle>
      <velocity>6.400000000000001</velocity>
      <orientation>-3.183770063719884</orientation>
      <time>62</time>
    </ksState>
    <ksState>
      <x>-3.993635693107165</x>
      <y>132.01905826301615</y>
      <steeringAngle>0.10659999999999997</steeringAngle>
      <velocity>5.600000000000004</velocity>
      <orientation>-3.1631382958540026</orientation>
      <time>63</time>
    </ksState>
    <ksState>
      <x>-4.513919242409874</x>
      <y>131.98831565471482</y>
      <steeringAngle>0.1421333333333333</steeringAngle>
      <velocity>4.800000000000003</velocity>
      <orientation>-3.1380220883453545</orientation>
      <time>64</time>
    </ksState>
    <ksState>
      <x>-4.9531693354138575</x>
      <y>131.9419285718459</y>
      <steeringAngle>0.17766666666666653</steeringAngle>
      <velocity>4.000000000000006</velocity>
      <orientation>-3.1105971917602044</orientation>
      <time>65</time>
    </ksState>
    <ksState>
      <x>-5.351224297185537</x>
      <y>131.8887864551939</y>
      <steeringAngle>0.1421333333333333</steeringAngle>
      <velocity>4.0</velocity>
      <orientation>-3.085579785415681</orientation>
      <time>66</time>
    </ksState>
    <ksState>
      <x>-5.7485309953228345</x>
      <y>131.8348068164574</y>
      <steeringAngle>0.10659999999999999</steeringAngle>
      <velocity>4.0</velocity>
      <orientation>-3.0661878591249305</orientation>
      <time>67</time>
    </ksState>
    <ksState>
      <x>-6.145542075341537</x>
      <y>131.78214465435647</y>
      <steeringAngle>0.07106666666666664</steeringAngle>
      <velocity>4.0</velocity>
      <orientation>-3.0523716193899775</orientation>
      <time>68</time>
    </ksState>
    <ksState>
      <x>-6.542684183394435</x>
      <y>131.73294923571459</y>
      <steeringAngle>0.03553333333333332</steeringAngle>
      <velocity>4.0</velocity>
      <orientation>-3.044095858927712</orientation>
      <time>69</time>
    </ksState>
    <ksState>
      <x>-6.940325108676831</x>
      <y>131.689378595851</y>
      <steeringAngle>-2.2985086056692694e-17</steeringAngle>
      <velocity>4.0</velocity>
      <orientation>-3.0413395956328717</orientation>
      <time>70</time>
    </ksState>
    <ksState>
      <x>-7.378599835281051</x>
      <y>131.65022666787135</y>
      <steeringAngle>-0.035533333333333326</steeringAngle>
      <velocity>4.799999999999999</velocity>
      <orientation>-3.0444633743020626</orientation>
      <time>71</time>
    </ksState>
    <ksState>
      <x>-7.897797400791933</x>
      <y>131.6176703579091</y>
      <steeringAngle>-0.07106666666666667</steeringAngle>
      <velocity>5.599999999999998</velocity>
      <orientation>-3.0553139853632354</orientation>
      <time>72</time>
    </ksState>
    <ksState>
      <x>-8.498273612659151</x>
      <y>131.60130853544794</y>
      <steeringAngle>-0.10659999999999999</steeringAngle>
      <velocity>6.3999999999999995</velocity>
      <orientation>-3.0761309343635634</orientation>
      <time>73</time>
    </ksState>
    <ksState>
      <x>-9.179702570686935</x>
      <y>131.61448735510345</y>
      <steeringAngle>-0.14213333333333333</steeringAngle>
      <velocity>7.199999999999999</velocity>
      <orientation>-3.1091905053447286</orientation>
      <time>74</time>
    </ksState>
    <ksState>
      <x>-9.940178329097497</x>
      <y>131.6750320095624</y>
      <steeringAngle>-0.17766666666666664</steeringAngle>
      <velocity>7.9999999999999964</velocity>
      <orientation>-3.1568178274262753</orientation>
      <time>75</time>
    </ksState>
    <ksState>
      <x>-10.736552889834803</x>
      <y>131.77908770892913</y>
      <steeringAngle>-0.14213333333333336</steeringAngle>
      <velocity>8.0</velocity>
      <orientation>-3.2068526389750236</orientation>
      <time>76</time>
    </ksState>
    <ksState>
      <x>-11.528909652882202</x>
      <y>131.90244519585355</y>
      <steeringAngle>-0.1066000000000001</steeringAngle>
      <velocity>8.0</velocity>
      <orientation>-3.245636490982021</orientation>
      <time>77</time>
    </ksState>
    <ksState>
      <x>-12.318624312754698</x>
      <y>132.03628685704035</y>
      <steeringAngle>-0.07106666666666674</steeringAngle>
      <velocity>8.0</velocity>
      <orientation>-3.273268970011708</orientation>
      <time>78</time>
    </ksState>
    <ksState>
      <x>-13.107405383931628</x>
      <y>132.17192944135923</y>
      <steeringAngle>-0.035533333333333354</steeringAngle>
      <velocity>8.0</velocity>
      <orientation>-3.289820490640737</orientation>
      <time>79</time>
    </ksState>
    <ksState>
      <x>-13.897012602162674</x>
      <y>132.30073839373657</y>
      <steeringAngle>-2.0816681711721685e-17</steeringAngle>
      <velocity>8.0</velocity>
      <orientation>-3.295333017099142</orientation>
      <time>80</time>
    </ksState>
    <ksState>
      <x>-14.64804856081509</x>
      <y>132.41712132936794</y>
      <steeringAngle>0.0</steeringAngle>
      <velocity>7.200000000000001</velocity>
      <orientation>-3.295333017099142</orientation>
      <time>81</time>
    </ksState>
    <ksState>
      <x>-15.320028102400803</x>
      <y>132.52125342961293</y>
      <steeringAngle>0.0</steeringAngle>
      <velocity>6.400000000000001</velocity>
      <orientation>-3.295333017099142</orientation>
      <time>82</time>
    </ksState>
    <ksState>
      <x>-15.912951227117595</x>
      <y>132.61313469450215</y>
      <steeringAngle>0.0</steeringAngle>
      <velocity>5.600000000000001</velocity>
      <orientation>-3.295333017099142</orientation>
      <time>83</time>
    </ksState>
    <ksState>
      <x>-16.426817935021354</x>
      <y>132.69276512404426</y>
      <steeringAngle>0.0</steeringAngle>
      <velocity>4.800000000000001</velocity>
      <orientation>-3.295333017099142</orientation>
      <time>84</time>
    </ksState>
    <ksState>
      <x>-16.861628226132577</x>
      <y>132.7601447182425</y>
      <steeringAngle>0.0</steeringAngle>
      <velocity>4.000000000000001</velocity>
      <orientation>-3.295333017099142</orientation>
      <time>85</time>
    </ksState>
    <ksState>
      <x>-17.29643851941539</x>
      <y>132.8275243127772</y>
      <steeringAngle>0.0</steeringAngle>
      <velocity>4.8</velocity>
      <orientation>-3.295333017099142</orientation>
      <time>86</time>
    </ksState>
    <ksState>
      <x>-17.81030522951875</x>
      <y>132.9071547426602</y>
      <steeringAngle>0.0</steeringAngle>
      <velocity>5.6</velocity>
      <orientation>-3.295333017099142</orientation>
      <time>87</time>
    </ksState>
    <ksState>
      <x>-18.403228356426876</x>
      <y>132.99903600788898</y>
      <steeringAngle>0.0</steeringAngle>
      <velocity>6.4</velocity>
      <orientation>-3.295333017099142</orientation>
      <time>88</time>
    </ksState>
    <ksState>
      <x>-19.07520790013048</x>
      <y>133.10316810846217</y>
      <steeringAngle>0.0</steeringAngle>
      <velocity>7.199999999999999</velocity>
      <orientation>-3.295333017099142</orientation>
      <time>89</time>
    </ksState>
    <ksState>
      <x>-19.826243860623805</x>
      <y>133.21955104437882</y>
      <steeringAngle>0.0</steeringAngle>
      <velocity>7.999999999999998</velocity>
      <orientation>-3.295333017099142</orientation>
      <time>90</time>
    </ksState>
    <ksState>
      <x>-20.61680802838247</x>
      <y>133.34205939779218</y>
      <steeringAngle>0.0</steeringAngle>
      <velocity>8.0</velocity>
      <orientation>-3.295333017099142</orientation>
      <time>91</time>
    </ksState>
    <ksState>
      <x>-21.40737219614113</x>
      <y>133.46456775120555</y>
      <steeringAngle>0.0</steeringAngle>
      <velocity>8.0</velocity>
      <orientation>-3.295333017099142</orientation>
      <time>92</time>
    </ksState>
    <ksState>
      <x>-22.197936363899792</x>
      <y>133.58707610461892</y>
      <steeringAngle>0.0</steeringAngle>
      <velocity>8.0</velocity>
      <orientation>-3.295333017099142</orientation>
      <time>93</time>
    </ksState>
    <ksState>
      <x>-22.988500531658456</x>
      <y>133.70958445803225</y>
      <steeringAngle>0.0</steeringAngle>
      <velocity>8.0</velocity>
      <orientation>-3.295333017099142</orientation>
      <time>94</time>
    </ksState>
    <ksState>
      <x>-23.77906469941712</x>
      <y>133.83209281144562</y>
      <steeringAngle>0.0</steeringAngle>
      <velocity>8.0</velocity>
      <orientation>-3.295333017099142</orientation>
      <time>95</time>
    </ksState>
    <ksState>
      <x>-24.569628867175783</x>
      <y>133.95460116485899</y>
      <steeringAngle>0.0</steeringAngle>
      <velocity>8.0</velocity>
      <orientation>-3.295333017099142</orientation>
      <time>96</time>
    </ksState>
    <ksState>
      <x>-25.360193034934444</x>
      <y>134.07710951827235</y>
      <steeringAngle>0.0</steeringAngle>
      <velocity>8.0</velocity>
      <orientation>-3.295333017099142</orientation>
      <time>97</time>
    </ksState>
    <ksState>
      <x>-26.150757202693107</x>
      <y>134.19961787168572</y>
      <steeringAngle>0.0</steeringAngle>
      <velocity>8.0</velocity>
      <orientation>-3.295333017099142</orientation>
      <time>98</time>
    </ksState>
    <ksState>
      <x>-26.94132137045177</x>
      <y>134.32212622509905</y>
      <steeringAngle>0.0</steeringAngle>
      <velocity>8.0</velocity>
      <orientation>-3.295333017099142</orientation>
      <time>99</time>
    </ksState>
  </ksTrajectory>
</CommonRoadSolution>
