<?xml version="1.0" ?>
<CommonRoadSolution benchmark_id="KS2:SM1:ITA_Siderno-3_2_T-1:2020a" computation_time="0.21879960499973095" date="2023-11-26T00:13:30">
  <ksTrajectory planningProblem="1">
    <ksState>
      <x>313.3861</x>
      <y>1031.4664</y>
      <steeringAngle>0.0</steeringAngle>
      <velocity>4.0</velocity>
      <orientation>0.80573434</orientation>
      <time>0</time>
    </ksState>
    <ksState>
      <x>313.63542941611695</x>
      <y>1031.7260821933035</y>
      <steeringAngle>0.0</steeringAngle>
      <velocity>3.2</velocity>
      <orientation>0.80573434</orientation>
      <time>1</time>
    </ksState>
    <ksState>
      <x>313.82935229509036</x>
      <y>1031.9280572323012</y>
      <steeringAngle>0.0</steeringAngle>
      <velocity>2.4000000000000004</velocity>
      <orientation>0.80573434</orientation>
      <time>2</time>
    </ksState>
    <ksState>
      <x>313.96786863699066</x>
      <y>1032.0723251170666</y>
      <steeringAngle>0.0</steeringAngle>
      <velocity>1.6</velocity>
      <orientation>0.80573434</orientation>
      <time>3</time>
    </ksState>
    <ksState>
      <x>314.050978441846</x>
      <y>1032.1588858476293</y>
      <steeringAngle>0.0</steeringAngle>
      <velocity>0.7999999999999998</velocity>
      <orientation>0.80573434</orientation>
      <time>4</time>
    </ksState>
    <ksState>
      <x>314.0786817096931</x>
      <y>1032.1877394240273</y>
      <steeringAngle>0.0</steeringAngle>
      <velocity>-3.3306690738754696e-16</velocity>
      <orientation>0.80573434</orientation>
      <time>5</time>
    </ksState>
    <ksState>
      <x>314.0786817096931</x>
      <y>1032.1877394240273</y>
      <steeringAngle>0.0</steeringAngle>
      <velocity>0.0</velocity>
      <orientation>0.80573434</orientation>
      <time>6</time>
    </ksState>
    <ksState>
      <x>314.0786817096931</x>
      <y>1032.1877394240273</y>
      <steeringAngle>0.0</steeringAngle>
      <velocity>0.0</velocity>
      <orientation>0.80573434</orientation>
      <time>7</time>
    </ksState>
    <ksState>
      <x>314.0786817096931</x>
      <y>1032.1877394240273</y>
      <steeringAngle>0.0</steeringAngle>
      <velocity>0.0</velocity>
      <orientation>0.80573434</orientation>
      <time>8</time>
    </ksState>
    <ksState>
      <x>314.0786817096931</x>
      <y>1032.1877394240273</y>
      <steeringAngle>0.0</steeringAngle>
      <velocity>0.0</velocity>
      <orientation>0.80573434</orientation>
      <time>9</time>
    </ksState>
    <ksState>
      <x>314.0786817096931</x>
      <y>1032.1877394240273</y>
      <steeringAngle>0.0</steeringAngle>
      <velocity>0.0</velocity>
      <orientation>0.80573434</orientation>
      <time>10</time>
    </ksState>
    <ksState>
      <x>314.10638497873305</x>
      <y>1032.2165930016677</y>
      <steeringAngle>0.0</steeringAngle>
      <velocity>0.8</velocity>
      <orientation>0.80573434</orientation>
      <time>11</time>
    </ksState>
    <ksState>
      <x>314.1894947850321</x>
      <y>1032.303153733734</y>
      <steeringAngle>0.0</steeringAngle>
      <velocity>1.6</velocity>
      <orientation>0.80573434</orientation>
      <time>12</time>
    </ksState>
    <ksState>
      <x>314.3280111284689</x>
      <y>1032.4474216201</y>
      <steeringAngle>0.0</steeringAngle>
      <velocity>2.4000000000000004</velocity>
      <orientation>0.80573434</orientation>
      <time>13</time>
    </ksState>
    <ksState>
      <x>314.5219340090069</x>
      <y>1032.6493966607272</y>
      <steeringAngle>0.0</steeringAngle>
      <velocity>3.2000000000000006</velocity>
      <orientation>0.80573434</orientation>
      <time>14</time>
    </ksState>
    <ksState>
      <x>314.771263426631</x>
      <y>1032.9090788556002</y>
      <steeringAngle>0.0</steeringAngle>
      <velocity>4.000000000000001</velocity>
      <orientation>0.80573434</orientation>
      <time>15</time>
    </ksState>
    <ksState>
      <x>315.04829611199625</x>
      <y>1033.197614626761</y>
      <steeringAngle>0.0</steeringAngle>
      <velocity>4.0</velocity>
      <orientation>0.80573434</orientation>
      <time>16</time>
    </ksState>
    <ksState>
      <x>315.32532879736146</x>
      <y>1033.4861503979216</y>
      <steeringAngle>0.0</steeringAngle>
      <velocity>4.0</velocity>
      <orientation>0.80573434</orientation>
      <time>17</time>
    </ksState>
    <ksState>
      <x>315.60236148272674</x>
      <y>1033.7746861690825</y>
      <steeringAngle>0.0</steeringAngle>
      <velocity>4.0</velocity>
      <orientation>0.80573434</orientation>
      <time>18</time>
    </ksState>
    <ksState>
      <x>315.87939416809195</x>
      <y>1034.0632219402432</y>
      <steeringAngle>0.0</steeringAngle>
      <velocity>4.0</velocity>
      <orientation>0.80573434</orientation>
      <time>19</time>
    </ksState>
    <ksState>
      <x>316.1564268534572</x>
      <y>1034.351757711404</y>
      <steeringAngle>0.0</steeringAngle>
      <velocity>4.0</velocity>
      <orientation>0.80573434</orientation>
      <time>20</time>
    </ksState>
    <ksState>
      <x>316.46116280807075</x>
      <y>1034.6691470604221</y>
      <steeringAngle>0.0</steeringAngle>
      <velocity>4.8</velocity>
      <orientation>0.80573434</orientation>
      <time>21</time>
    </ksState>
    <ksState>
      <x>316.8213052997886</x>
      <y>1035.0442435637049</y>
      <steeringAngle>0.0</steeringAngle>
      <velocity>5.6</velocity>
      <orientation>0.80573434</orientation>
      <time>22</time>
    </ksState>
    <ksState>
      <x>317.2368543285998</x>
      <y>1035.477047221241</y>
      <steeringAngle>0.0</steeringAngle>
      <velocity>6.4</velocity>
      <orientation>0.80573434</orientation>
      <time>23</time>
    </ksState>
    <ksState>
      <x>317.70780989449776</x>
      <y>1035.9675580330236</y>
      <steeringAngle>0.0</steeringAngle>
      <velocity>7.199999999999999</velocity>
      <orientation>0.80573434</orientation>
      <time>24</time>
    </ksState>
    <ksState>
      <x>318.23417199747854</x>
      <y>1036.5157759990484</y>
      <steeringAngle>0.0</steeringAngle>
      <velocity>7.999999999999998</velocity>
      <orientation>0.80573434</orientation>
      <time>25</time>
    </ksState>
    <ksState>
      <x>318.79493825404535</x>
      <y>1037.0863803984942</y>
      <steeringAngle>-0.03553333333333333</steeringAngle>
      <velocity>8.0</velocity>
      <orientation>0.8002218049971612</orientation>
      <time>26</time>
    </ksState>
    <ksState>
      <x>319.3731358441335</x>
      <y>1037.6397271440849</y>
      <steeringAngle>-0.07106666666666667</steeringAngle>
      <velocity>8.0</velocity>
      <orientation>0.7836702841168915</orientation>
      <time>27</time>
    </ksState>
    <ksState>
      <x>319.9743738539724</x>
      <y>1038.1688388696664</y>
      <steeringAngle>-0.10659999999999997</steeringAngle>
      <velocity>8.0</velocity>
      <orientation>0.7560378048261966</orientation>
      <time>28</time>
    </ksState>
    <ksState>
      <x>320.60348280302907</x>
      <y>1038.6659339553094</y>
      <steeringAngle>-0.1421333333333333</steeringAngle>
      <velocity>8.0</velocity>
      <orientation>0.7172539525534618</orientation>
      <time>29</time>
    </ksState>
    <ksState>
      <x>321.26422345518597</x>
      <y>1039.122274998196</y>
      <steeringAngle>-0.17766666666666667</steeringAngle>
      <velocity>8.0</velocity>
      <orientation>0.6672191403043071</orientation>
      <time>30</time>
    </ksState>
    <ksState>
      <x>321.94786381071145</x>
      <y>1039.5437911827692</y>
      <steeringAngle>-0.14213333333333336</steeringAngle>
      <velocity>8.0</velocity>
      <orientation>0.6171843287555586</orientation>
      <time>31</time>
    </ksState>
    <ksState>
      <x>322.6405596995847</x>
      <y>1039.9477945429846</y>
      <steeringAngle>-0.1066000000000001</steeringAngle>
      <velocity>8.0</velocity>
      <orientation>0.5784004767485613</orientation>
      <time>32</time>
    </ksState>
    <ksState>
      <x>323.33781751055164</x>
      <y>1040.3419954807464</y>
      <steeringAngle>-0.07106666666666674</steeringAngle>
      <velocity>8.0</velocity>
      <orientation>0.5507679977188744</orientation>
      <time>33</time>
    </ksState>
  </ksTrajectory>
</CommonRoadSolution>
