<?xml version="1.0" ?>
<CommonRoadSolution benchmark_id="KS2:SM1:ESP_PriegodeCordoba-3_1_T-1:2020a" computation_time="0.5775562079998053" date="2023-11-26T00:13:30">
  <ksTrajectory planningProblem="1">
    <ksState>
      <x>-328.42736</x>
      <y>-398.80706</y>
      <steeringAngle>0.0</steeringAngle>
      <velocity>12.0</velocity>
      <orientation>-1.7856413</orientation>
      <time>0</time>
    </ksState>
    <ksState>
      <x>-328.67466732302944</x>
      <y>-399.94039096968294</y>
      <steeringAngle>0.0</steeringAngle>
      <velocity>11.200000000000001</velocity>
      <orientation>-1.7856413</orientation>
      <time>1</time>
    </ksState>
    <ksState>
      <x>-328.90491896850517</x>
      <y>-400.99556118236256</y>
      <steeringAngle>0.0</steeringAngle>
      <velocity>10.4</velocity>
      <orientation>-1.7856413</orientation>
      <time>2</time>
    </ksState>
    <ksState>
      <x>-329.1181149364934</x>
      <y>-401.97257063834144</y>
      <steeringAngle>0.0</steeringAngle>
      <velocity>9.599999999999998</velocity>
      <orientation>-1.7856413</orientation>
      <time>3</time>
    </ksState>
    <ksState>
      <x>-329.3142552270127</x>
      <y>-402.8714193377055</y>
      <steeringAngle>0.0</steeringAngle>
      <velocity>8.799999999999999</velocity>
      <orientation>-1.7856413</orientation>
      <time>4</time>
    </ksState>
    <ksState>
      <x>-329.4933398400693</x>
      <y>-403.69210728048296</y>
      <steeringAngle>0.0</steeringAngle>
      <velocity>7.999999999999997</velocity>
      <orientation>-1.7856413</orientation>
      <time>5</time>
    </ksState>
    <ksState>
      <x>-329.6637782208744</x>
      <y>-404.4327781094244</y>
      <steeringAngle>-0.03553333333333333</steeringAngle>
      <velocity>7.199999999999999</velocity>
      <orientation>-1.7907863129824924</orientation>
      <time>6</time>
    </ksState>
    <ksState>
      <x>-329.83565651301427</x>
      <y>-405.09097604888</y>
      <steeringAngle>-0.07106666666666664</steeringAngle>
      <velocity>6.400000000000001</velocity>
      <orientation>-1.8047629851034555</orientation>
      <time>7</time>
    </ksState>
    <ksState>
      <x>-330.00884733187104</x>
      <y>-405.6661536737489</y>
      <steeringAngle>-0.10659999999999997</steeringAngle>
      <velocity>5.600000000000004</velocity>
      <orientation>-1.8253947529693368</orientation>
      <time>8</time>
    </ksState>
    <ksState>
      <x>-330.1802794081653</x>
      <y>-406.15834380251795</y>
      <steeringAngle>-0.1421333333333333</steeringAngle>
      <velocity>4.800000000000003</velocity>
      <orientation>-1.850510960477985</orientation>
      <time>9</time>
    </ksState>
    <ksState>
      <x>-330.3446696541217</x>
      <y>-406.5683050844647</y>
      <steeringAngle>-0.17766666666666653</steeringAngle>
      <velocity>4.000000000000006</velocity>
      <orientation>-1.8779358570631348</orientation>
      <time>10</time>
    </ksState>
    <ksState>
      <x>-330.4916521600739</x>
      <y>-406.89885160210747</y>
      <steeringAngle>-0.17766666666666667</steeringAngle>
      <velocity>3.2000000000000006</velocity>
      <orientation>-1.9030012963313123</orientation>
      <time>11</time>
    </ksState>
    <ksState>
      <x>-330.61167238557624</x>
      <y>-407.15333528201586</y>
      <steeringAngle>-0.17766666666666667</steeringAngle>
      <velocity>2.4000000000000012</velocity>
      <orientation>-1.9224966379613422</orientation>
      <time>12</time>
    </ksState>
    <ksState>
      <x>-330.70042719518204</x>
      <y>-407.33365287302996</y>
      <steeringAngle>-0.17766666666666667</steeringAngle>
      <velocity>1.6000000000000005</velocity>
      <orientation>-1.9364218819603232</orientation>
      <time>13</time>
    </ksState>
    <ksState>
      <x>-330.7548823051452</x>
      <y>-407.44124403198816</y>
      <steeringAngle>-0.17766666666666667</steeringAngle>
      <velocity>0.8000000000000004</velocity>
      <orientation>-1.9447770283310772</orientation>
      <time>14</time>
    </ksState>
    <ksState>
      <x>-330.77323354745005</x>
      <y>-407.47700617709796</y>
      <steeringAngle>-0.17766666666666667</steeringAngle>
      <velocity>2.7755575615628914e-16</velocity>
      <orientation>-1.9475620770772926</orientation>
      <time>15</time>
    </ksState>
    <ksState>
      <x>-330.77323354745005</x>
      <y>-407.47700617709796</y>
      <steeringAngle>-0.14213333333333336</steeringAngle>
      <velocity>0.0</velocity>
      <orientation>-1.9475620770772926</orientation>
      <time>16</time>
    </ksState>
    <ksState>
      <x>-330.77323354745005</x>
      <y>-407.47700617709796</y>
      <steeringAngle>-0.10660000000000001</steeringAngle>
      <velocity>0.0</velocity>
      <orientation>-1.9475620770772926</orientation>
      <time>17</time>
    </ksState>
    <ksState>
      <x>-330.77323354745005</x>
      <y>-407.47700617709796</y>
      <steeringAngle>-0.07106666666666668</steeringAngle>
      <velocity>0.0</velocity>
      <orientation>-1.9475620770772926</orientation>
      <time>18</time>
    </ksState>
    <ksState>
      <x>-330.77323354745005</x>
      <y>-407.47700617709796</y>
      <steeringAngle>-0.03553333333333333</steeringAngle>
      <velocity>0.0</velocity>
      <orientation>-1.9475620770772926</orientation>
      <time>19</time>
    </ksState>
    <ksState>
      <x>-330.77323354745005</x>
      <y>-407.47700617709796</y>
      <steeringAngle>-0.0</steeringAngle>
      <velocity>0.0</velocity>
      <orientation>-1.9475620770772926</orientation>
      <time>20</time>
    </ksState>
    <ksState>
      <x>-330.77323354745005</x>
      <y>-407.47700617709796</y>
      <steeringAngle>0.0</steeringAngle>
      <velocity>0.0</velocity>
      <orientation>-1.9475620770772926</orientation>
      <time>21</time>
    </ksState>
    <ksState>
      <x>-330.77323354745005</x>
      <y>-407.47700617709796</y>
      <steeringAngle>0.0</steeringAngle>
      <velocity>0.0</velocity>
      <orientation>-1.9475620770772926</orientation>
      <time>22</time>
    </ksState>
    <ksState>
      <x>-330.77323354745005</x>
      <y>-407.47700617709796</y>
      <steeringAngle>0.0</steeringAngle>
      <velocity>0.0</velocity>
      <orientation>-1.9475620770772926</orientation>
      <time>23</time>
    </ksState>
    <ksState>
      <x>-330.77323354745005</x>
      <y>-407.47700617709796</y>
      <steeringAngle>0.0</steeringAngle>
      <velocity>0.0</velocity>
      <orientation>-1.9475620770772926</orientation>
      <time>24</time>
    </ksState>
    <ksState>
      <x>-330.77323354745005</x>
      <y>-407.47700617709796</y>
      <steeringAngle>0.0</steeringAngle>
      <velocity>0.0</velocity>
      <orientation>-1.9475620770772926</orientation>
      <time>25</time>
    </ksState>
    <ksState>
      <x>-330.77323354745005</x>
      <y>-407.47700617709796</y>
      <steeringAngle>0.0</steeringAngle>
      <velocity>0.0</velocity>
      <orientation>-1.9475620770772926</orientation>
      <time>26</time>
    </ksState>
    <ksState>
      <x>-330.77323354745005</x>
      <y>-407.47700617709796</y>
      <steeringAngle>0.0</steeringAngle>
      <velocity>0.0</velocity>
      <orientation>-1.9475620770772926</orientation>
      <time>27</time>
    </ksState>
    <ksState>
      <x>-330.77323354745005</x>
      <y>-407.47700617709796</y>
      <steeringAngle>0.0</steeringAngle>
      <velocity>0.0</velocity>
      <orientation>-1.9475620770772926</orientation>
      <time>28</time>
    </ksState>
    <ksState>
      <x>-330.77323354745005</x>
      <y>-407.47700617709796</y>
      <steeringAngle>0.0</steeringAngle>
      <velocity>0.0</velocity>
      <orientation>-1.9475620770772926</orientation>
      <time>29</time>
    </ksState>
    <ksState>
      <x>-330.77323354745005</x>
      <y>-407.47700617709796</y>
      <steeringAngle>0.0</steeringAngle>
      <velocity>0.0</velocity>
      <orientation>-1.9475620770772926</orientation>
      <time>30</time>
    </ksState>
    <ksState>
      <x>-330.77323354745005</x>
      <y>-407.47700617709796</y>
      <steeringAngle>0.0</steeringAngle>
      <velocity>0.0</velocity>
      <orientation>-1.9475620770772926</orientation>
      <time>31</time>
    </ksState>
    <ksState>
      <x>-330.77323354745005</x>
      <y>-407.47700617709796</y>
      <steeringAngle>0.0</steeringAngle>
      <velocity>0.0</velocity>
      <orientation>-1.9475620770772926</orientation>
      <time>32</time>
    </ksState>
    <ksState>
      <x>-330.77323354745005</x>
      <y>-407.47700617709796</y>
      <steeringAngle>0.0</steeringAngle>
      <velocity>0.0</velocity>
      <orientation>-1.9475620770772926</orientation>
      <time>33</time>
    </ksState>
  </ksTrajectory>
</CommonRoadSolution>
