<?xml version="1.0" ?>
<CommonRoadSolution benchmark_id="KS2:SM1:DEU_Guetersloh-41_1_T-1:2020a" computation_time="0.376310230999934" date="2023-11-26T00:13:30">
  <ksTrajectory planningProblem="1">
    <ksState>
      <x>-641.75639</x>
      <y>486.48184</y>
      <steeringAngle>0.0</steeringAngle>
      <velocity>4.0</velocity>
      <orientation>1.4616091</orientation>
      <time>0</time>
    </ksState>
    <ksState>
      <x>-641.7171606547502</x>
      <y>486.839696197</y>
      <steeringAngle>0.0</steeringAngle>
      <velocity>3.2</velocity>
      <orientation>1.4616091</orientation>
      <time>1</time>
    </ksState>
    <ksState>
      <x>-641.686648941814</x>
      <y>487.11802879433844</y>
      <steeringAngle>0.0</steeringAngle>
      <velocity>2.4000000000000004</velocity>
      <orientation>1.4616091</orientation>
      <time>2</time>
    </ksState>
    <ksState>
      <x>-641.6648548611805</x>
      <y>487.31683779211653</y>
      <steeringAngle>0.0</steeringAngle>
      <velocity>1.6</velocity>
      <orientation>1.4616091</orientation>
      <time>3</time>
    </ksState>
    <ksState>
      <x>-641.6517784128453</x>
      <y>487.43612319037453</y>
      <steeringAngle>0.0</steeringAngle>
      <velocity>0.7999999999999998</velocity>
      <orientation>1.4616091</orientation>
      <time>4</time>
    </ksState>
    <ksState>
      <x>-641.6474195968025</x>
      <y>487.4758849891652</y>
      <steeringAngle>0.0</steeringAngle>
      <velocity>-3.3306690738754696e-16</velocity>
      <orientation>1.4616091</orientation>
      <time>5</time>
    </ksState>
    <ksState>
      <x>-641.6474195968025</x>
      <y>487.4758849891652</y>
      <steeringAngle>0.0</steeringAngle>
      <velocity>0.0</velocity>
      <orientation>1.4616091</orientation>
      <time>6</time>
    </ksState>
    <ksState>
      <x>-641.6474195968025</x>
      <y>487.4758849891652</y>
      <steeringAngle>0.0</steeringAngle>
      <velocity>0.0</velocity>
      <orientation>1.4616091</orientation>
      <time>7</time>
    </ksState>
    <ksState>
      <x>-641.6474195968025</x>
      <y>487.4758849891652</y>
      <steeringAngle>0.0</steeringAngle>
      <velocity>0.0</velocity>
      <orientation>1.4616091</orientation>
      <time>8</time>
    </ksState>
    <ksState>
      <x>-641.6474195968025</x>
      <y>487.4758849891652</y>
      <steeringAngle>0.0</steeringAngle>
      <velocity>0.0</velocity>
      <orientation>1.4616091</orientation>
      <time>9</time>
    </ksState>
    <ksState>
      <x>-641.6474195968025</x>
      <y>487.4758849891652</y>
      <steeringAngle>0.0</steeringAngle>
      <velocity>0.0</velocity>
      <orientation>1.4616091</orientation>
      <time>10</time>
    </ksState>
    <ksState>
      <x>-641.643060780572</x>
      <y>487.5156467896679</y>
      <steeringAngle>0.0</steeringAngle>
      <velocity>0.8</velocity>
      <orientation>1.4616091</orientation>
      <time>11</time>
    </ksState>
    <ksState>
      <x>-641.6299843320095</x>
      <y>487.634932189998</y>
      <steeringAngle>0.0</steeringAngle>
      <velocity>1.6</velocity>
      <orientation>1.4616091</orientation>
      <time>12</time>
    </ksState>
    <ksState>
      <x>-641.6081902511343</x>
      <y>487.8337411899814</y>
      <steeringAngle>0.0</steeringAngle>
      <velocity>2.4000000000000004</velocity>
      <orientation>1.4616091</orientation>
      <time>13</time>
    </ksState>
    <ksState>
      <x>-641.577678537952</x>
      <y>488.1120737895655</y>
      <steeringAngle>0.0</steeringAngle>
      <velocity>3.2000000000000006</velocity>
      <orientation>1.4616091</orientation>
      <time>14</time>
    </ksState>
    <ksState>
      <x>-641.538449192465</x>
      <y>488.46992998872867</y>
      <steeringAngle>0.0</steeringAngle>
      <velocity>4.000000000000001</velocity>
      <orientation>1.4616091</orientation>
      <time>15</time>
    </ksState>
    <ksState>
      <x>-641.4905022146886</x>
      <y>488.90730978733217</y>
      <steeringAngle>0.0</steeringAngle>
      <velocity>4.8</velocity>
      <orientation>1.4616091</orientation>
      <time>16</time>
    </ksState>
    <ksState>
      <x>-641.4338376046046</x>
      <y>489.424213185541</y>
      <steeringAngle>0.0</steeringAngle>
      <velocity>5.6</velocity>
      <orientation>1.4616091</orientation>
      <time>17</time>
    </ksState>
    <ksState>
      <x>-641.3684553622147</x>
      <y>490.02064018333925</y>
      <steeringAngle>0.0</steeringAngle>
      <velocity>6.4</velocity>
      <orientation>1.4616091</orientation>
      <time>18</time>
    </ksState>
    <ksState>
      <x>-641.2943554875201</x>
      <y>490.6965907807176</y>
      <steeringAngle>0.0</steeringAngle>
      <velocity>7.199999999999999</velocity>
      <orientation>1.4616091</orientation>
      <time>19</time>
    </ksState>
    <ksState>
      <x>-641.2115379805214</x>
      <y>491.4520649776702</y>
      <steeringAngle>0.0</steeringAngle>
      <velocity>7.999999999999998</velocity>
      <orientation>1.4616091</orientation>
      <time>20</time>
    </ksState>
    <ksState>
      <x>-641.1243616574951</x>
      <y>492.2473009732738</y>
      <steeringAngle>0.0</steeringAngle>
      <velocity>8.0</velocity>
      <orientation>1.4616091</orientation>
      <time>21</time>
    </ksState>
    <ksState>
      <x>-641.0371853344687</x>
      <y>493.04253696887736</y>
      <steeringAngle>0.0</steeringAngle>
      <velocity>8.0</velocity>
      <orientation>1.4616091</orientation>
      <time>22</time>
    </ksState>
    <ksState>
      <x>-640.9500090114425</x>
      <y>493.83777296448096</y>
      <steeringAngle>0.0</steeringAngle>
      <velocity>8.0</velocity>
      <orientation>1.4616091</orientation>
      <time>23</time>
    </ksState>
    <ksState>
      <x>-640.8628326884162</x>
      <y>494.6330089600845</y>
      <steeringAngle>0.0</steeringAngle>
      <velocity>8.0</velocity>
      <orientation>1.4616091</orientation>
      <time>24</time>
    </ksState>
    <ksState>
      <x>-640.7756563653899</x>
      <y>495.4282449556881</y>
      <steeringAngle>0.0</steeringAngle>
      <velocity>8.0</velocity>
      <orientation>1.4616091</orientation>
      <time>25</time>
    </ksState>
    <ksState>
      <x>-640.6884800423636</x>
      <y>496.2234809512917</y>
      <steeringAngle>0.0</steeringAngle>
      <velocity>8.0</velocity>
      <orientation>1.4616091</orientation>
      <time>26</time>
    </ksState>
    <ksState>
      <x>-640.6013037193372</x>
      <y>497.01871694689527</y>
      <steeringAngle>0.0</steeringAngle>
      <velocity>8.0</velocity>
      <orientation>1.4616091</orientation>
      <time>27</time>
    </ksState>
    <ksState>
      <x>-640.514127396311</x>
      <y>497.8139529424989</y>
      <steeringAngle>0.0</steeringAngle>
      <velocity>8.0</velocity>
      <orientation>1.4616091</orientation>
      <time>28</time>
    </ksState>
    <ksState>
      <x>-640.4269510732847</x>
      <y>498.6091889381024</y>
      <steeringAngle>0.0</steeringAngle>
      <velocity>8.0</velocity>
      <orientation>1.4616091</orientation>
      <time>29</time>
    </ksState>
    <ksState>
      <x>-640.3397747502584</x>
      <y>499.404424933706</y>
      <steeringAngle>0.0</steeringAngle>
      <velocity>8.0</velocity>
      <orientation>1.4616091</orientation>
      <time>30</time>
    </ksState>
    <ksState>
      <x>-640.2483989205268</x>
      <y>500.1589399940177</y>
      <steeringAngle>-0.03553333333333333</steeringAngle>
      <velocity>7.199999999999999</velocity>
      <orientation>1.4564640870175076</orientation>
      <time>31</time>
    </ksState>
    <ksState>
      <x>-640.1468935135865</x>
      <y>500.8315939371225</y>
      <steeringAngle>-0.07106666666666664</steeringAngle>
      <velocity>6.400000000000001</velocity>
      <orientation>1.4424874148965445</orientation>
      <time>32</time>
    </ksState>
    <ksState>
      <x>-640.0353274715371</x>
      <y>501.4218289565406</y>
      <steeringAngle>-0.10659999999999997</steeringAngle>
      <velocity>5.600000000000004</velocity>
      <orientation>1.4218556470306631</orientation>
      <time>33</time>
    </ksState>
  </ksTrajectory>
</CommonRoadSolution>
