<?xml version="1.0" ?>
<CommonRoadSolution benchmark_id="KS2:SM1:BEL_Putte-11_2_T-1:2020a" computation_time="0.17668334600000435" date="2023-11-26T00:13:30">
  <ksTrajectory planningProblem="1">
    <ksState>
      <x>313.42285</x>
      <y>-473.63943</y>
      <steeringAngle>0.0</steeringAngle>
      <velocity>8.0</velocity>
      <orientation>2.8892961</orientation>
      <time>0</time>
    </ksState>
    <ksState>
      <x>312.686910315801</x>
      <y>-473.44971236740827</y>
      <steeringAngle>0.0</steeringAngle>
      <velocity>7.200000000000001</velocity>
      <orientation>2.8892961</orientation>
      <time>1</time>
    </ksState>
    <ksState>
      <x>312.02843796713995</x>
      <y>-473.279965012024</y>
      <steeringAngle>0.0</steeringAngle>
      <velocity>6.400000000000001</velocity>
      <orientation>2.8892961</orientation>
      <time>2</time>
    </ksState>
    <ksState>
      <x>311.44743295382295</x>
      <y>-473.13018793379723</y>
      <steeringAngle>0.0</steeringAngle>
      <velocity>5.600000000000001</velocity>
      <orientation>2.8892961</orientation>
      <time>3</time>
    </ksState>
    <ksState>
      <x>310.9438952757954</x>
      <y>-473.0003811327139</y>
      <steeringAngle>0.0</steeringAngle>
      <velocity>4.800000000000001</velocity>
      <orientation>2.8892961</orientation>
      <time>4</time>
    </ksState>
    <ksState>
      <x>310.51782493303705</x>
      <y>-472.89054460876883</y>
      <steeringAngle>0.0</steeringAngle>
      <velocity>4.000000000000001</velocity>
      <orientation>2.8892961</orientation>
      <time>5</time>
    </ksState>
    <ksState>
      <x>310.16922192539397</x>
      <y>-472.8006783619223</y>
      <steeringAngle>0.0</steeringAngle>
      <velocity>3.2</velocity>
      <orientation>2.8892961</orientation>
      <time>6</time>
    </ksState>
    <ksState>
      <x>309.8980862531025</x>
      <y>-472.73078239223514</y>
      <steeringAngle>0.0</steeringAngle>
      <velocity>2.4000000000000004</velocity>
      <orientation>2.8892961</orientation>
      <time>7</time>
    </ksState>
    <ksState>
      <x>309.70441791606396</x>
      <y>-472.68085669968207</y>
      <steeringAngle>0.0</steeringAngle>
      <velocity>1.6</velocity>
      <orientation>2.8892961</orientation>
      <time>8</time>
    </ksState>
    <ksState>
      <x>309.5882169142391</x>
      <y>-472.6509012842529</y>
      <steeringAngle>0.0</steeringAngle>
      <velocity>0.7999999999999998</velocity>
      <orientation>2.8892961</orientation>
      <time>9</time>
    </ksState>
    <ksState>
      <x>309.5494832475766</x>
      <y>-472.6409161459344</y>
      <steeringAngle>0.0</steeringAngle>
      <velocity>-3.3306690738754696e-16</velocity>
      <orientation>2.8892961</orientation>
      <time>10</time>
    </ksState>
    <ksState>
      <x>309.5494832475766</x>
      <y>-472.6409161459344</y>
      <steeringAngle>0.0</steeringAngle>
      <velocity>0.0</velocity>
      <orientation>2.8892961</orientation>
      <time>11</time>
    </ksState>
    <ksState>
      <x>309.5494832475766</x>
      <y>-472.6409161459344</y>
      <steeringAngle>0.0</steeringAngle>
      <velocity>0.0</velocity>
      <orientation>2.8892961</orientation>
      <time>12</time>
    </ksState>
    <ksState>
      <x>309.5494832475766</x>
      <y>-472.6409161459344</y>
      <steeringAngle>0.0</steeringAngle>
      <velocity>0.0</velocity>
      <orientation>2.8892961</orientation>
      <time>13</time>
    </ksState>
    <ksState>
      <x>309.5494832475766</x>
      <y>-472.6409161459344</y>
      <steeringAngle>0.0</steeringAngle>
      <velocity>0.0</velocity>
      <orientation>2.8892961</orientation>
      <time>14</time>
    </ksState>
    <ksState>
      <x>309.5494832475766</x>
      <y>-472.6409161459344</y>
      <steeringAngle>0.0</steeringAngle>
      <velocity>0.0</velocity>
      <orientation>2.8892961</orientation>
      <time>15</time>
    </ksState>
    <ksState>
      <x>309.5494832475766</x>
      <y>-472.6409161459344</y>
      <steeringAngle>0.0</steeringAngle>
      <velocity>0.0</velocity>
      <orientation>2.8892961</orientation>
      <time>16</time>
    </ksState>
    <ksState>
      <x>309.5494832475766</x>
      <y>-472.6409161459344</y>
      <steeringAngle>0.0</steeringAngle>
      <velocity>0.0</velocity>
      <orientation>2.8892961</orientation>
      <time>17</time>
    </ksState>
    <ksState>
      <x>309.5494832475766</x>
      <y>-472.6409161459344</y>
      <steeringAngle>0.0</steeringAngle>
      <velocity>0.0</velocity>
      <orientation>2.8892961</orientation>
      <time>18</time>
    </ksState>
    <ksState>
      <x>309.5494832475766</x>
      <y>-472.6409161459344</y>
      <steeringAngle>0.0</steeringAngle>
      <velocity>0.0</velocity>
      <orientation>2.8892961</orientation>
      <time>19</time>
    </ksState>
    <ksState>
      <x>309.5494832475766</x>
      <y>-472.6409161459344</y>
      <steeringAngle>0.0</steeringAngle>
      <velocity>0.0</velocity>
      <orientation>2.8892961</orientation>
      <time>20</time>
    </ksState>
    <ksState>
      <x>309.5494832475766</x>
      <y>-472.6409161459344</y>
      <steeringAngle>0.0</steeringAngle>
      <velocity>0.0</velocity>
      <orientation>2.8892961</orientation>
      <time>21</time>
    </ksState>
    <ksState>
      <x>309.5494832475766</x>
      <y>-472.6409161459344</y>
      <steeringAngle>0.0</steeringAngle>
      <velocity>0.0</velocity>
      <orientation>2.8892961</orientation>
      <time>22</time>
    </ksState>
    <ksState>
      <x>309.5494832475766</x>
      <y>-472.6409161459344</y>
      <steeringAngle>0.0</steeringAngle>
      <velocity>0.0</velocity>
      <orientation>2.8892961</orientation>
      <time>23</time>
    </ksState>
    <ksState>
      <x>309.5494832475766</x>
      <y>-472.6409161459344</y>
      <steeringAngle>0.0</steeringAngle>
      <velocity>0.0</velocity>
      <orientation>2.8892961</orientation>
      <time>24</time>
    </ksState>
    <ksState>
      <x>309.5494832475766</x>
      <y>-472.6409161459344</y>
      <steeringAngle>0.0</steeringAngle>
      <velocity>0.0</velocity>
      <orientation>2.8892961</orientation>
      <time>25</time>
    </ksState>
    <ksState>
      <x>309.5494832475766</x>
      <y>-472.6409161459344</y>
      <steeringAngle>0.0</steeringAngle>
      <velocity>0.0</velocity>
      <orientation>2.8892961</orientation>
      <time>26</time>
    </ksState>
    <ksState>
      <x>309.5494832475766</x>
      <y>-472.6409161459344</y>
      <steeringAngle>0.0</steeringAngle>
      <velocity>0.0</velocity>
      <orientation>2.8892961</orientation>
      <time>27</time>
    </ksState>
    <ksState>
      <x>309.5494832475766</x>
      <y>-472.6409161459344</y>
      <steeringAngle>0.0</steeringAngle>
      <velocity>0.0</velocity>
      <orientation>2.8892961</orientation>
      <time>28</time>
    </ksState>
    <ksState>
      <x>309.5494832475766</x>
      <y>-472.6409161459344</y>
      <steeringAngle>0.0</steeringAngle>
      <velocity>0.0</velocity>
      <orientation>2.8892961</orientation>
      <time>29</time>
    </ksState>
    <ksState>
      <x>309.5494832475766</x>
      <y>-472.6409161459344</y>
      <steeringAngle>0.0</steeringAngle>
      <velocity>0.0</velocity>
      <orientation>2.8892961</orientation>
      <time>30</time>
    </ksState>
    <ksState>
      <x>309.5494832475766</x>
      <y>-472.6409161459344</y>
      <steeringAngle>0.0</steeringAngle>
      <velocity>0.0</velocity>
      <orientation>2.8892961</orientation>
      <time>31</time>
    </ksState>
    <ksState>
      <x>309.5494832475766</x>
      <y>-472.6409161459344</y>
      <steeringAngle>0.0</steeringAngle>
      <velocity>0.0</velocity>
      <orientation>2.8892961</orientation>
      <time>32</time>
    </ksState>
    <ksState>
      <x>309.5494832475766</x>
      <y>-472.6409161459344</y>
      <steeringAngle>0.0</steeringAngle>
      <velocity>0.0</velocity>
      <orientation>2.8892961</orientation>
      <time>33</time>
    </ksState>
  </ksTrajectory>
</CommonRoadSolution>
