<?xml version="1.0" ?>
<CommonRoadSolution benchmark_id="KS2:SM1:DEU_Ibbenbueren-10_2_T-1:2020a" computation_time="0.31159310400016693" date="2023-11-26T00:13:30">
  <ksTrajectory planningProblem="1">
    <ksState>
      <x>622.20064</x>
      <y>950.48436</y>
      <steeringAngle>0.0</steeringAngle>
      <velocity>8.0</velocity>
      <orientation>-0.233851</orientation>
      <time>0</time>
    </ksState>
    <ksState>
      <x>622.9399537385823</x>
      <y>950.3082486862274</y>
      <steeringAngle>0.0</steeringAngle>
      <velocity>7.200000000000001</velocity>
      <orientation>-0.233851</orientation>
      <time>1</time>
    </ksState>
    <ksState>
      <x>623.6014449780056</x>
      <y>950.1506754055695</y>
      <steeringAngle>0.0</steeringAngle>
      <velocity>6.400000000000001</velocity>
      <orientation>-0.233851</orientation>
      <time>2</time>
    </ksState>
    <ksState>
      <x>624.1851137184648</x>
      <y>950.0116401579796</y>
      <steeringAngle>0.0</steeringAngle>
      <velocity>5.600000000000001</velocity>
      <orientation>-0.233851</orientation>
      <time>3</time>
    </ksState>
    <ksState>
      <x>624.6909599600149</x>
      <y>949.8911429434451</y>
      <steeringAngle>0.0</steeringAngle>
      <velocity>4.800000000000001</velocity>
      <orientation>-0.233851</orientation>
      <time>4</time>
    </ksState>
    <ksState>
      <x>625.1189837026759</x>
      <y>949.7891837619608</y>
      <steeringAngle>0.0</steeringAngle>
      <velocity>4.000000000000001</velocity>
      <orientation>-0.233851</orientation>
      <time>5</time>
    </ksState>
    <ksState>
      <x>625.5080961970388</x>
      <y>949.6964935967286</y>
      <steeringAngle>0.0</steeringAngle>
      <velocity>4.0</velocity>
      <orientation>-0.233851</orientation>
      <time>6</time>
    </ksState>
    <ksState>
      <x>625.8972086914015</x>
      <y>949.6038034314965</y>
      <steeringAngle>0.0</steeringAngle>
      <velocity>4.0</velocity>
      <orientation>-0.233851</orientation>
      <time>7</time>
    </ksState>
    <ksState>
      <x>626.2863211857643</x>
      <y>949.5111132662644</y>
      <steeringAngle>0.0</steeringAngle>
      <velocity>4.0</velocity>
      <orientation>-0.233851</orientation>
      <time>8</time>
    </ksState>
    <ksState>
      <x>626.6754336801271</x>
      <y>949.4184231010322</y>
      <steeringAngle>0.0</steeringAngle>
      <velocity>4.0</velocity>
      <orientation>-0.233851</orientation>
      <time>9</time>
    </ksState>
    <ksState>
      <x>627.0645461744899</x>
      <y>949.3257329358</y>
      <steeringAngle>0.0</steeringAngle>
      <velocity>4.0</velocity>
      <orientation>-0.233851</orientation>
      <time>10</time>
    </ksState>
    <ksState>
      <x>627.4925699192887</x>
      <y>949.2237737538065</y>
      <steeringAngle>0.0</steeringAngle>
      <velocity>4.8</velocity>
      <orientation>-0.233851</orientation>
      <time>11</time>
    </ksState>
    <ksState>
      <x>627.998416163004</x>
      <y>949.1032765387562</y>
      <steeringAngle>0.0</steeringAngle>
      <velocity>5.6</velocity>
      <orientation>-0.233851</orientation>
      <time>12</time>
    </ksState>
    <ksState>
      <x>628.5820849056204</x>
      <y>948.9642412906526</y>
      <steeringAngle>0.0</steeringAngle>
      <velocity>6.4</velocity>
      <orientation>-0.233851</orientation>
      <time>13</time>
    </ksState>
    <ksState>
      <x>629.2435761471286</x>
      <y>948.8066680094979</y>
      <steeringAngle>0.0</steeringAngle>
      <velocity>7.199999999999999</velocity>
      <orientation>-0.233851</orientation>
      <time>14</time>
    </ksState>
    <ksState>
      <x>629.9828898875229</x>
      <y>948.6305566952936</y>
      <steeringAngle>0.0</steeringAngle>
      <velocity>7.999999999999998</velocity>
      <orientation>-0.233851</orientation>
      <time>15</time>
    </ksState>
    <ksState>
      <x>630.7611148762485</x>
      <y>948.4451763648294</y>
      <steeringAngle>0.0</steeringAngle>
      <velocity>8.0</velocity>
      <orientation>-0.233851</orientation>
      <time>16</time>
    </ksState>
    <ksState>
      <x>631.5393398649741</x>
      <y>948.2597960343651</y>
      <steeringAngle>0.0</steeringAngle>
      <velocity>8.0</velocity>
      <orientation>-0.233851</orientation>
      <time>17</time>
    </ksState>
    <ksState>
      <x>632.3175648536997</x>
      <y>948.0744157039009</y>
      <steeringAngle>0.0</steeringAngle>
      <velocity>8.0</velocity>
      <orientation>-0.233851</orientation>
      <time>18</time>
    </ksState>
    <ksState>
      <x>633.0957898424253</x>
      <y>947.8890353734365</y>
      <steeringAngle>0.0</steeringAngle>
      <velocity>8.0</velocity>
      <orientation>-0.233851</orientation>
      <time>19</time>
    </ksState>
    <ksState>
      <x>633.8740148311509</x>
      <y>947.7036550429723</y>
      <steeringAngle>0.0</steeringAngle>
      <velocity>8.0</velocity>
      <orientation>-0.233851</orientation>
      <time>20</time>
    </ksState>
    <ksState>
      <x>634.6500584066425</x>
      <y>947.5092211361832</y>
      <steeringAngle>-0.03553333333333333</steeringAngle>
      <velocity>8.0</velocity>
      <orientation>-0.23936353500283877</orientation>
      <time>21</time>
    </ksState>
    <ksState>
      <x>635.4200528592227</x>
      <y>947.2910156893323</y>
      <steeringAngle>-0.07106666666666667</steeringAngle>
      <velocity>8.0</velocity>
      <orientation>-0.2559150558831084</orientation>
      <time>22</time>
    </ksState>
    <ksState>
      <x>636.1808237826207</x>
      <y>947.0406680016358</y>
      <steeringAngle>-0.10659999999999997</steeringAngle>
      <velocity>8.0</velocity>
      <orientation>-0.2835475351738033</orientation>
      <time>23</time>
    </ksState>
    <ksState>
      <x>636.9281089429388</x>
      <y>946.7500712309688</y>
      <steeringAngle>-0.1421333333333333</steeringAngle>
      <velocity>8.0</velocity>
      <orientation>-0.3223313874465382</orientation>
      <time>24</time>
    </ksState>
    <ksState>
      <x>637.6562801213234</x>
      <y>946.4115566939026</y>
      <steeringAngle>-0.17766666666666667</steeringAngle>
      <velocity>8.0</velocity>
      <orientation>-0.37236619969569296</orientation>
      <time>25</time>
    </ksState>
    <ksState>
      <x>638.3660259890997</x>
      <y>946.0356566636622</y>
      <steeringAngle>-0.14213333333333336</steeringAngle>
      <velocity>8.0</velocity>
      <orientation>-0.4224010112444414</orientation>
      <time>26</time>
    </ksState>
    <ksState>
      <x>639.0652597328481</x>
      <y>945.6430773963403</y>
      <steeringAngle>-0.1066000000000001</steeringAngle>
      <velocity>8.0</velocity>
      <orientation>-0.4611848632514387</orientation>
      <time>27</time>
    </ksState>
    <ksState>
      <x>639.7583528529225</x>
      <y>945.2415991762684</y>
      <steeringAngle>-0.07106666666666674</steeringAngle>
      <velocity>8.0</velocity>
      <orientation>-0.4888173422811256</orientation>
      <time>28</time>
    </ksState>
    <ksState>
      <x>640.4499416961264</x>
      <y>944.8387600509546</y>
      <steeringAngle>-0.035533333333333354</steeringAngle>
      <velocity>8.0</velocity>
      <orientation>-0.5053688629101549</orientation>
      <time>29</time>
    </ksState>
    <ksState>
      <x>641.1446935744788</x>
      <y>944.4420345377581</y>
      <steeringAngle>-2.0816681711721685e-17</steeringAngle>
      <velocity>8.0</velocity>
      <orientation>-0.5108813893685598</orientation>
      <time>30</time>
    </ksState>
    <ksState>
      <x>641.807652133643</x>
      <y>944.0704353615939</y>
      <steeringAngle>0.0</steeringAngle>
      <velocity>7.200000000000001</velocity>
      <orientation>-0.5108813893685598</orientation>
      <time>31</time>
    </ksState>
    <ksState>
      <x>642.4008255809929</x>
      <y>943.737951888365</y>
      <steeringAngle>0.0</steeringAngle>
      <velocity>6.400000000000001</velocity>
      <orientation>-0.5108813893685598</orientation>
      <time>32</time>
    </ksState>
    <ksState>
      <x>642.9242139167029</x>
      <y>943.4445841179739</y>
      <steeringAngle>0.0</steeringAngle>
      <velocity>5.600000000000001</velocity>
      <orientation>-0.5108813893685598</orientation>
      <time>33</time>
    </ksState>
  </ksTrajectory>
</CommonRoadSolution>
