<?xml version="1.0" ?>
<CommonRoadSolution benchmark_id="KS2:SM1:HRV_Pula-7_2_T-1:2020a" computation_time="0.8174012910003512" date="2023-11-26T00:13:30">
  <ksTrajectory planningProblem="1">
    <ksState>
      <x>-196.54887</x>
      <y>-290.12111</y>
      <steeringAngle>0.0</steeringAngle>
      <velocity>4.0</velocity>
      <orientation>-0.64610409</orientation>
      <time>0</time>
    </ksState>
    <ksState>
      <x>-196.2614332197993</x>
      <y>-290.3378589253674</y>
      <steeringAngle>0.0</steeringAngle>
      <velocity>3.2</velocity>
      <orientation>-0.64610409</orientation>
      <time>1</time>
    </ksState>
    <ksState>
      <x>-196.0378712799069</x>
      <y>-290.50644142267663</y>
      <steeringAngle>0.0</steeringAngle>
      <velocity>2.4000000000000004</velocity>
      <orientation>-0.64610409</orientation>
      <time>2</time>
    </ksState>
    <ksState>
      <x>-195.87818418024148</x>
      <y>-290.62685749198886</y>
      <steeringAngle>0.0</steeringAngle>
      <velocity>1.6</velocity>
      <orientation>-0.64610409</orientation>
      <time>3</time>
    </ksState>
    <ksState>
      <x>-195.78237192077054</x>
      <y>-290.6991071333286</y>
      <steeringAngle>0.0</steeringAngle>
      <velocity>0.7999999999999998</velocity>
      <orientation>-0.64610409</orientation>
      <time>4</time>
    </ksState>
    <ksState>
      <x>-195.7504345014519</x>
      <y>-290.7231903467277</y>
      <steeringAngle>0.0</steeringAngle>
      <velocity>-3.3306690738754696e-16</velocity>
      <orientation>-0.64610409</orientation>
      <time>5</time>
    </ksState>
    <ksState>
      <x>-195.71849708075806</x>
      <y>-290.7472735611638</y>
      <steeringAngle>0.0</steeringAngle>
      <velocity>0.8</velocity>
      <orientation>-0.64610409</orientation>
      <time>6</time>
    </ksState>
    <ksState>
      <x>-195.62268481962286</x>
      <y>-290.81952320375854</y>
      <steeringAngle>0.0</steeringAngle>
      <velocity>1.6</velocity>
      <orientation>-0.64610409</orientation>
      <time>7</time>
    </ksState>
    <ksState>
      <x>-195.46299771818602</x>
      <y>-290.9399392744065</y>
      <steeringAngle>0.0</steeringAngle>
      <velocity>2.4000000000000004</velocity>
      <orientation>-0.64610409</orientation>
      <time>8</time>
    </ksState>
    <ksState>
      <x>-195.23943577648987</x>
      <y>-291.1085217730759</y>
      <steeringAngle>0.0</steeringAngle>
      <velocity>3.2000000000000006</velocity>
      <orientation>-0.64610409</orientation>
      <time>9</time>
    </ksState>
    <ksState>
      <x>-194.95199899455176</x>
      <y>-291.32527069975345</y>
      <steeringAngle>0.0</steeringAngle>
      <velocity>4.000000000000001</velocity>
      <orientation>-0.64610409</orientation>
      <time>10</time>
    </ksState>
    <ksState>
      <x>-194.6006873724831</x>
      <y>-291.5901860543553</y>
      <steeringAngle>0.0</steeringAngle>
      <velocity>4.8</velocity>
      <orientation>-0.64610409</orientation>
      <time>11</time>
    </ksState>
    <ksState>
      <x>-194.18550091015138</x>
      <y>-291.90326783698134</y>
      <steeringAngle>0.0</steeringAngle>
      <velocity>5.6</velocity>
      <orientation>-0.64610409</orientation>
      <time>12</time>
    </ksState>
    <ksState>
      <x>-193.7064396075694</x>
      <y>-292.2645160476219</y>
      <steeringAngle>0.0</steeringAngle>
      <velocity>6.4</velocity>
      <orientation>-0.64610409</orientation>
      <time>13</time>
    </ksState>
    <ksState>
      <x>-193.16350346474462</x>
      <y>-292.6739306862713</y>
      <steeringAngle>0.0</steeringAngle>
      <velocity>7.199999999999999</velocity>
      <orientation>-0.64610409</orientation>
      <time>14</time>
    </ksState>
    <ksState>
      <x>-192.55669248168172</x>
      <y>-293.1315117529261</y>
      <steeringAngle>0.0</steeringAngle>
      <velocity>7.999999999999998</velocity>
      <orientation>-0.64610409</orientation>
      <time>15</time>
    </ksState>
    <ksState>
      <x>-191.9550831638619</x>
      <y>-293.5959563106599</y>
      <steeringAngle>-0.03553333333333333</steeringAngle>
      <velocity>7.199999999999999</velocity>
      <orientation>-0.6512491029824924</orientation>
      <time>16</time>
    </ksState>
    <ksState>
      <x>-191.42899743382137</x>
      <y>-294.0272340395774</y>
      <steeringAngle>-0.07106666666666664</steeringAngle>
      <velocity>6.400000000000001</velocity>
      <orientation>-0.6652257751034555</orientation>
      <time>17</time>
    </ksState>
    <ksState>
      <x>-190.97887934581897</x>
      <y>-294.42500038649376</y>
      <steeringAngle>-0.10659999999999997</steeringAngle>
      <velocity>5.600000000000004</velocity>
      <orientation>-0.6858575429693368</orientation>
      <time>18</time>
    </ksState>
    <ksState>
      <x>-190.6034152497013</x>
      <y>-294.7864790057325</y>
      <steeringAngle>-0.1421333333333333</steeringAngle>
      <velocity>4.800000000000003</velocity>
      <orientation>-0.7109737504779851</orientation>
      <time>19</time>
    </ksState>
    <ksState>
      <x>-190.29970754825683</x>
      <y>-295.10718765504583</y>
      <steeringAngle>-0.17766666666666653</steeringAngle>
      <velocity>4.000000000000006</velocity>
      <orientation>-0.7383986470631348</orientation>
      <time>20</time>
    </ksState>
    <ksState>
      <x>-190.00521943817822</x>
      <y>-295.4364363348953</y>
      <steeringAngle>-0.14213333333333333</steeringAngle>
      <velocity>4.8000000000000025</velocity>
      <orientation>-0.7658235467814872</orientation>
      <time>21</time>
    </ksState>
    <ksState>
      <x>-189.66027262774767</x>
      <y>-295.8272007067825</y>
      <steeringAngle>-0.10660000000000003</steeringAngle>
      <velocity>5.600000000000005</velocity>
      <orientation>-0.7909397590604051</orientation>
      <time>22</time>
    </ksState>
    <ksState>
      <x>-189.26417781763737</x>
      <y>-296.27884452423484</y>
      <steeringAngle>-0.07106666666666671</steeringAngle>
      <velocity>6.400000000000004</velocity>
      <orientation>-0.8115715286598646</orientation>
      <time>23</time>
    </ksState>
    <ksState>
      <x>-188.81446336699477</x>
      <y>-296.7893010969345</y>
      <steeringAngle>-0.035533333333333375</steeringAngle>
      <velocity>7.200000000000006</velocity>
      <orientation>-0.8255481967526569</orientation>
      <time>24</time>
    </ksState>
    <ksState>
      <x>-188.30638627734248</x>
      <y>-297.35456175131793</y>
      <steeringAngle>-2.6346112791397758e-17</steeringAngle>
      <velocity>8.000000000000007</velocity>
      <orientation>-0.8306932095322254</orientation>
      <time>25</time>
    </ksState>
    <ksState>
      <x>-187.8002426347064</x>
      <y>-297.92153717540197</y>
      <steeringAngle>-0.03553333333333333</steeringAngle>
      <velocity>7.199999999999999</velocity>
      <orientation>-0.8358382225147177</orientation>
      <time>26</time>
    </ksState>
    <ksState>
      <x>-187.3622520384752</x>
      <y>-298.44204741778503</y>
      <steeringAngle>-0.07106666666666664</steeringAngle>
      <velocity>6.400000000000001</velocity>
      <orientation>-0.8498148946356808</orientation>
      <time>27</time>
    </ksState>
    <ksState>
      <x>-186.992787758998</x>
      <y>-298.91567227574376</y>
      <steeringAngle>-0.10659999999999997</steeringAngle>
      <velocity>5.600000000000004</velocity>
      <orientation>-0.8704466625015621</orientation>
      <time>28</time>
    </ksState>
    <ksState>
      <x>-186.69004888490227</x>
      <y>-299.3399236796913</y>
      <steeringAngle>-0.1421333333333333</steeringAngle>
      <velocity>4.800000000000003</velocity>
      <orientation>-0.8955628700102104</orientation>
      <time>29</time>
    </ksState>
    <ksState>
      <x>-186.45036436147478</x>
      <y>-299.7109273655092</y>
      <steeringAngle>-0.17766666666666653</steeringAngle>
      <velocity>4.000000000000006</velocity>
      <orientation>-0.9229877665953602</orientation>
      <time>30</time>
    </ksState>
    <ksState>
      <x>-186.26544921941988</x>
      <y>-300.02184736747193</y>
      <steeringAngle>-0.17766666666666667</steeringAngle>
      <velocity>3.2000000000000006</velocity>
      <orientation>-0.9480532058635378</orientation>
      <time>31</time>
    </ksState>
    <ksState>
      <x>-186.12704814442762</x>
      <y>-300.2668207135942</y>
      <steeringAngle>-0.17766666666666667</steeringAngle>
      <velocity>2.4000000000000012</velocity>
      <orientation>-0.9675485474935676</orientation>
      <time>32</time>
    </ksState>
    <ksState>
      <x>-186.0311271401708</x>
      <y>-300.4434304834249</y>
      <steeringAngle>-0.17766666666666667</steeringAngle>
      <velocity>1.6000000000000005</velocity>
      <orientation>-0.9814737914925485</orientation>
      <time>33</time>
    </ksState>
  </ksTrajectory>
</CommonRoadSolution>
