<?xml version="1.0" ?>
<CommonRoadSolution benchmark_id="KS2:SM1:HRV_Pula-8_3_T-1:2020a" computation_time="0.4889267979997385" date="2023-11-26T00:13:30">
  <ksTrajectory planningProblem="1">
    <ksState>
      <x>868.24669</x>
      <y>412.04546</y>
      <steeringAngle>0.0</steeringAngle>
      <velocity>0.0</velocity>
      <orientation>-3.5170055</orientation>
      <time>0</time>
    </ksState>
    <ksState>
      <x>868.24669</x>
      <y>412.04546</y>
      <steeringAngle>0.0</steeringAngle>
      <velocity>0.0</velocity>
      <orientation>-3.5170055</orientation>
      <time>1</time>
    </ksState>
    <ksState>
      <x>868.24669</x>
      <y>412.04546</y>
      <steeringAngle>0.0</steeringAngle>
      <velocity>0.0</velocity>
      <orientation>-3.5170055</orientation>
      <time>2</time>
    </ksState>
    <ksState>
      <x>868.24669</x>
      <y>412.04546</y>
      <steeringAngle>0.0</steeringAngle>
      <velocity>0.0</velocity>
      <orientation>-3.5170055</orientation>
      <time>3</time>
    </ksState>
    <ksState>
      <x>868.24669</x>
      <y>412.04546</y>
      <steeringAngle>0.0</steeringAngle>
      <velocity>0.0</velocity>
      <orientation>-3.5170055</orientation>
      <time>4</time>
    </ksState>
    <ksState>
      <x>868.24669</x>
      <y>412.04546</y>
      <steeringAngle>0.0</steeringAngle>
      <velocity>0.0</velocity>
      <orientation>-3.5170055</orientation>
      <time>5</time>
    </ksState>
    <ksState>
      <x>868.24669</x>
      <y>412.04546</y>
      <steeringAngle>0.0</steeringAngle>
      <velocity>0.0</velocity>
      <orientation>-3.5170055</orientation>
      <time>6</time>
    </ksState>
    <ksState>
      <x>868.24669</x>
      <y>412.04546</y>
      <steeringAngle>0.0</steeringAngle>
      <velocity>0.0</velocity>
      <orientation>-3.5170055</orientation>
      <time>7</time>
    </ksState>
    <ksState>
      <x>868.24669</x>
      <y>412.04546</y>
      <steeringAngle>0.0</steeringAngle>
      <velocity>0.0</velocity>
      <orientation>-3.5170055</orientation>
      <time>8</time>
    </ksState>
    <ksState>
      <x>868.24669</x>
      <y>412.04546</y>
      <steeringAngle>0.0</steeringAngle>
      <velocity>0.0</velocity>
      <orientation>-3.5170055</orientation>
      <time>9</time>
    </ksState>
    <ksState>
      <x>868.24669</x>
      <y>412.04546</y>
      <steeringAngle>0.0</steeringAngle>
      <velocity>0.0</velocity>
      <orientation>-3.5170055</orientation>
      <time>10</time>
    </ksState>
    <ksState>
      <x>868.209475746191</x>
      <y>412.0601262664502</y>
      <steeringAngle>0.0</steeringAngle>
      <velocity>0.8</velocity>
      <orientation>-3.5170055</orientation>
      <time>11</time>
    </ksState>
    <ksState>
      <x>868.0978329858665</x>
      <y>412.1041250653663</y>
      <steeringAngle>0.0</steeringAngle>
      <velocity>1.6</velocity>
      <orientation>-3.5170055</orientation>
      <time>12</time>
    </ksState>
    <ksState>
      <x>867.9117617191896</x>
      <y>412.177456396684</y>
      <steeringAngle>0.0</steeringAngle>
      <velocity>2.4000000000000004</velocity>
      <orientation>-3.5170055</orientation>
      <time>13</time>
    </ksState>
    <ksState>
      <x>867.6512619462094</x>
      <y>412.2801202603841</y>
      <steeringAngle>0.0</steeringAngle>
      <velocity>3.2000000000000006</velocity>
      <orientation>-3.5170055</orientation>
      <time>14</time>
    </ksState>
    <ksState>
      <x>867.3163336669461</x>
      <y>412.4121166564584</y>
      <steeringAngle>0.0</steeringAngle>
      <velocity>4.000000000000001</velocity>
      <orientation>-3.5170055</orientation>
      <time>15</time>
    </ksState>
    <ksState>
      <x>866.9441911356186</x>
      <y>412.55877931829536</y>
      <steeringAngle>0.0</steeringAngle>
      <velocity>4.0</velocity>
      <orientation>-3.5170055</orientation>
      <time>16</time>
    </ksState>
    <ksState>
      <x>866.5720486042909</x>
      <y>412.7054419801323</y>
      <steeringAngle>0.0</steeringAngle>
      <velocity>4.0</velocity>
      <orientation>-3.5170055</orientation>
      <time>17</time>
    </ksState>
    <ksState>
      <x>866.1999060729634</x>
      <y>412.8521046419693</y>
      <steeringAngle>0.0</steeringAngle>
      <velocity>4.0</velocity>
      <orientation>-3.5170055</orientation>
      <time>18</time>
    </ksState>
    <ksState>
      <x>865.8277635416358</x>
      <y>412.9987673038062</y>
      <steeringAngle>0.0</steeringAngle>
      <velocity>4.0</velocity>
      <orientation>-3.5170055</orientation>
      <time>19</time>
    </ksState>
    <ksState>
      <x>865.4556210103082</x>
      <y>413.14542996564313</y>
      <steeringAngle>0.0</steeringAngle>
      <velocity>4.0</velocity>
      <orientation>-3.5170055</orientation>
      <time>20</time>
    </ksState>
    <ksState>
      <x>865.0834784789806</x>
      <y>413.2920926274801</y>
      <steeringAngle>0.0</steeringAngle>
      <velocity>4.0</velocity>
      <orientation>-3.5170055</orientation>
      <time>21</time>
    </ksState>
    <ksState>
      <x>864.711335947653</x>
      <y>413.43875528931704</y>
      <steeringAngle>0.0</steeringAngle>
      <velocity>4.0</velocity>
      <orientation>-3.5170055</orientation>
      <time>22</time>
    </ksState>
    <ksState>
      <x>864.3391934163254</x>
      <y>413.585417951154</y>
      <steeringAngle>0.0</steeringAngle>
      <velocity>4.0</velocity>
      <orientation>-3.5170055</orientation>
      <time>23</time>
    </ksState>
    <ksState>
      <x>863.9670508849979</x>
      <y>413.7320806129909</y>
      <steeringAngle>0.0</steeringAngle>
      <velocity>4.0</velocity>
      <orientation>-3.5170055</orientation>
      <time>24</time>
    </ksState>
    <ksState>
      <x>863.5949083536702</x>
      <y>413.87874327482785</y>
      <steeringAngle>0.0</steeringAngle>
      <velocity>4.0</velocity>
      <orientation>-3.5170055</orientation>
      <time>25</time>
    </ksState>
    <ksState>
      <x>863.1855515682538</x>
      <y>414.0400722032253</y>
      <steeringAngle>0.0</steeringAngle>
      <velocity>4.8</velocity>
      <orientation>-3.5170055</orientation>
      <time>26</time>
    </ksState>
    <ksState>
      <x>862.7017662765297</x>
      <y>414.2307336640067</y>
      <steeringAngle>0.0</steeringAngle>
      <velocity>5.6</velocity>
      <orientation>-3.5170055</orientation>
      <time>27</time>
    </ksState>
    <ksState>
      <x>862.143552478513</x>
      <y>414.4507276571662</y>
      <steeringAngle>0.0</steeringAngle>
      <velocity>6.4</velocity>
      <orientation>-3.5170055</orientation>
      <time>28</time>
    </ksState>
    <ksState>
      <x>861.5109101742123</x>
      <y>414.70005418270046</y>
      <steeringAngle>0.0</steeringAngle>
      <velocity>7.199999999999999</velocity>
      <orientation>-3.5170055</orientation>
      <time>29</time>
    </ksState>
    <ksState>
      <x>860.803839363633</x>
      <y>414.97871324060714</y>
      <steeringAngle>0.0</steeringAngle>
      <velocity>7.999999999999998</velocity>
      <orientation>-3.5170055</orientation>
      <time>30</time>
    </ksState>
    <ksState>
      <x>860.0999455255063</x>
      <y>415.2653767770808</y>
      <steeringAngle>-0.03553333333333333</steeringAngle>
      <velocity>7.199999999999999</velocity>
      <orientation>-3.522150512982492</orientation>
      <time>31</time>
    </ksState>
    <ksState>
      <x>859.4776939106569</x>
      <y>415.5402760361372</y>
      <steeringAngle>-0.07106666666666664</steeringAngle>
      <velocity>6.400000000000001</velocity>
      <orientation>-3.5361271851034553</orientation>
      <time>32</time>
    </ksState>
    <ksState>
      <x>858.9376045363658</x>
      <y>415.8031977500826</y>
      <steeringAngle>-0.10659999999999997</steeringAngle>
      <velocity>5.600000000000004</velocity>
      <orientation>-3.5567589529693366</orientation>
      <time>33</time>
    </ksState>
  </ksTrajectory>
</CommonRoadSolution>
