<?xml version="1.0" ?>
<CommonRoadSolution benchmark_id="KS2:SM1:DEU_Guetersloh-31_4_T-1:2020a" computation_time="0.29159642100012206" date="2023-11-26T00:13:30">
  <ksTrajectory planningProblem="1">
    <ksState>
      <x>-292.5189</x>
      <y>-402.31972</y>
      <steeringAngle>0.0</steeringAngle>
      <velocity>8.0</velocity>
      <orientation>3.0579614</orientation>
      <time>0</time>
    </ksState>
    <ksState>
      <x>-293.2762437571057</x>
      <y>-402.2562343128879</y>
      <steeringAngle>0.0</steeringAngle>
      <velocity>7.200000000000001</velocity>
      <orientation>3.0579614</orientation>
      <time>1</time>
    </ksState>
    <ksState>
      <x>-293.9538671183571</x>
      <y>-402.19943132971326</y>
      <steeringAngle>0.0</steeringAngle>
      <velocity>6.400000000000001</velocity>
      <orientation>3.0579614</orientation>
      <time>2</time>
    </ksState>
    <ksState>
      <x>-294.5517700839536</x>
      <y>-402.14931105045946</y>
      <steeringAngle>0.0</steeringAngle>
      <velocity>5.600000000000001</velocity>
      <orientation>3.0579614</orientation>
      <time>3</time>
    </ksState>
    <ksState>
      <x>-295.0699526539516</x>
      <y>-402.1058734751217</y>
      <steeringAngle>0.0</steeringAngle>
      <velocity>4.800000000000001</velocity>
      <orientation>3.0579614</orientation>
      <time>4</time>
    </ksState>
    <ksState>
      <x>-295.50841482837166</x>
      <y>-402.0691186036983</y>
      <steeringAngle>0.0</steeringAngle>
      <velocity>4.000000000000001</velocity>
      <orientation>3.0579614</orientation>
      <time>5</time>
    </ksState>
    <ksState>
      <x>-295.86715660737235</x>
      <y>-402.03904643617597</y>
      <steeringAngle>0.0</steeringAngle>
      <velocity>3.2</velocity>
      <orientation>3.0579614</orientation>
      <time>6</time>
    </ksState>
    <ksState>
      <x>-296.14617799071044</x>
      <y>-402.0156569725751</y>
      <steeringAngle>0.0</steeringAngle>
      <velocity>2.4000000000000004</velocity>
      <orientation>3.0579614</orientation>
      <time>7</time>
    </ksState>
    <ksState>
      <x>-296.3454789784875</x>
      <y>-401.9989502128871</y>
      <steeringAngle>0.0</steeringAngle>
      <velocity>1.6</velocity>
      <orientation>3.0579614</orientation>
      <time>8</time>
    </ksState>
    <ksState>
      <x>-296.4650595707439</x>
      <y>-401.98892615710866</y>
      <steeringAngle>0.0</steeringAngle>
      <velocity>0.7999999999999998</velocity>
      <orientation>3.0579614</orientation>
      <time>9</time>
    </ksState>
    <ksState>
      <x>-296.50491976753244</x>
      <y>-401.98558480523536</y>
      <steeringAngle>0.0</steeringAngle>
      <velocity>-3.3306690738754696e-16</velocity>
      <orientation>3.0579614</orientation>
      <time>10</time>
    </ksState>
    <ksState>
      <x>-296.50491976753244</x>
      <y>-401.98558480523536</y>
      <steeringAngle>0.0</steeringAngle>
      <velocity>0.0</velocity>
      <orientation>3.0579614</orientation>
      <time>11</time>
    </ksState>
    <ksState>
      <x>-296.50491976753244</x>
      <y>-401.98558480523536</y>
      <steeringAngle>0.0</steeringAngle>
      <velocity>0.0</velocity>
      <orientation>3.0579614</orientation>
      <time>12</time>
    </ksState>
    <ksState>
      <x>-296.50491976753244</x>
      <y>-401.98558480523536</y>
      <steeringAngle>0.0</steeringAngle>
      <velocity>0.0</velocity>
      <orientation>3.0579614</orientation>
      <time>13</time>
    </ksState>
    <ksState>
      <x>-296.50491976753244</x>
      <y>-401.98558480523536</y>
      <steeringAngle>0.0</steeringAngle>
      <velocity>0.0</velocity>
      <orientation>3.0579614</orientation>
      <time>14</time>
    </ksState>
    <ksState>
      <x>-296.50491976753244</x>
      <y>-401.98558480523536</y>
      <steeringAngle>0.0</steeringAngle>
      <velocity>0.0</velocity>
      <orientation>3.0579614</orientation>
      <time>15</time>
    </ksState>
    <ksState>
      <x>-296.50491976753244</x>
      <y>-401.98558480523536</y>
      <steeringAngle>0.0</steeringAngle>
      <velocity>0.0</velocity>
      <orientation>3.0579614</orientation>
      <time>16</time>
    </ksState>
    <ksState>
      <x>-296.50491976753244</x>
      <y>-401.98558480523536</y>
      <steeringAngle>0.0</steeringAngle>
      <velocity>0.0</velocity>
      <orientation>3.0579614</orientation>
      <time>17</time>
    </ksState>
    <ksState>
      <x>-296.50491976753244</x>
      <y>-401.98558480523536</y>
      <steeringAngle>0.0</steeringAngle>
      <velocity>0.0</velocity>
      <orientation>3.0579614</orientation>
      <time>18</time>
    </ksState>
    <ksState>
      <x>-296.50491976753244</x>
      <y>-401.98558480523536</y>
      <steeringAngle>0.0</steeringAngle>
      <velocity>0.0</velocity>
      <orientation>3.0579614</orientation>
      <time>19</time>
    </ksState>
    <ksState>
      <x>-296.50491976753244</x>
      <y>-401.98558480523536</y>
      <steeringAngle>0.0</steeringAngle>
      <velocity>0.0</velocity>
      <orientation>3.0579614</orientation>
      <time>20</time>
    </ksState>
    <ksState>
      <x>-296.50491976753244</x>
      <y>-401.98558480523536</y>
      <steeringAngle>0.0</steeringAngle>
      <velocity>0.0</velocity>
      <orientation>3.0579614</orientation>
      <time>21</time>
    </ksState>
    <ksState>
      <x>-296.50491976753244</x>
      <y>-401.98558480523536</y>
      <steeringAngle>0.0</steeringAngle>
      <velocity>0.0</velocity>
      <orientation>3.0579614</orientation>
      <time>22</time>
    </ksState>
    <ksState>
      <x>-296.50491976753244</x>
      <y>-401.98558480523536</y>
      <steeringAngle>0.0</steeringAngle>
      <velocity>0.0</velocity>
      <orientation>3.0579614</orientation>
      <time>23</time>
    </ksState>
    <ksState>
      <x>-296.50491976753244</x>
      <y>-401.98558480523536</y>
      <steeringAngle>0.0</steeringAngle>
      <velocity>0.0</velocity>
      <orientation>3.0579614</orientation>
      <time>24</time>
    </ksState>
    <ksState>
      <x>-296.50491976753244</x>
      <y>-401.98558480523536</y>
      <steeringAngle>0.0</steeringAngle>
      <velocity>0.0</velocity>
      <orientation>3.0579614</orientation>
      <time>25</time>
    </ksState>
    <ksState>
      <x>-296.50491976753244</x>
      <y>-401.98558480523536</y>
      <steeringAngle>0.0</steeringAngle>
      <velocity>0.0</velocity>
      <orientation>3.0579614</orientation>
      <time>26</time>
    </ksState>
    <ksState>
      <x>-296.50491976753244</x>
      <y>-401.98558480523536</y>
      <steeringAngle>0.0</steeringAngle>
      <velocity>0.0</velocity>
      <orientation>3.0579614</orientation>
      <time>27</time>
    </ksState>
    <ksState>
      <x>-296.50491976753244</x>
      <y>-401.98558480523536</y>
      <steeringAngle>0.0</steeringAngle>
      <velocity>0.0</velocity>
      <orientation>3.0579614</orientation>
      <time>28</time>
    </ksState>
    <ksState>
      <x>-296.50491976753244</x>
      <y>-401.98558480523536</y>
      <steeringAngle>0.0</steeringAngle>
      <velocity>0.0</velocity>
      <orientation>3.0579614</orientation>
      <time>29</time>
    </ksState>
    <ksState>
      <x>-296.50491976753244</x>
      <y>-401.98558480523536</y>
      <steeringAngle>0.0</steeringAngle>
      <velocity>0.0</velocity>
      <orientation>3.0579614</orientation>
      <time>30</time>
    </ksState>
    <ksState>
      <x>-296.50491976753244</x>
      <y>-401.98558480523536</y>
      <steeringAngle>0.0</steeringAngle>
      <velocity>0.0</velocity>
      <orientation>3.0579614</orientation>
      <time>31</time>
    </ksState>
    <ksState>
      <x>-296.50491976753244</x>
      <y>-401.98558480523536</y>
      <steeringAngle>0.0</steeringAngle>
      <velocity>0.0</velocity>
      <orientation>3.0579614</orientation>
      <time>32</time>
    </ksState>
    <ksState>
      <x>-296.50491976753244</x>
      <y>-401.98558480523536</y>
      <steeringAngle>0.0</steeringAngle>
      <velocity>0.0</velocity>
      <orientation>3.0579614</orientation>
      <time>33</time>
    </ksState>
  </ksTrajectory>
</CommonRoadSolution>
