<?xml version="1.0" ?>
<CommonRoadSolution benchmark_id="KS2:SM1:DEU_Flensburg-12_1_T-1:2020a" computation_time="47.473902425000006" date="2023-11-26T00:13:30">
  <ksTrajectory planningProblem="123">
    <ksState>
      <x>127.70945000000002</x>
      <y>155.28575</y>
      <steeringAngle>0.0</steeringAngle>
      <velocity>12.0</velocity>
      <orientation>-2.7365845</orientation>
      <time>0</time>
    </ksState>
    <ksState>
      <x>126.60653097863856</x>
      <y>154.81291849479007</y>
      <steeringAngle>0.0</steeringAngle>
      <velocity>12.0</velocity>
      <orientation>-2.7365845</orientation>
      <time>1</time>
    </ksState>
    <ksState>
      <x>125.5036119572771</x>
      <y>154.34008698958016</y>
      <steeringAngle>0.0</steeringAngle>
      <velocity>12.0</velocity>
      <orientation>-2.7365845</orientation>
      <time>2</time>
    </ksState>
    <ksState>
      <x>124.40069293591564</x>
      <y>153.86725548437022</y>
      <steeringAngle>0.0</steeringAngle>
      <velocity>12.0</velocity>
      <orientation>-2.7365845</orientation>
      <time>3</time>
    </ksState>
    <ksState>
      <x>123.29777391455418</x>
      <y>153.39442397916028</y>
      <steeringAngle>0.0</steeringAngle>
      <velocity>12.0</velocity>
      <orientation>-2.7365845</orientation>
      <time>4</time>
    </ksState>
    <ksState>
      <x>122.19485489319274</x>
      <y>152.92159247395037</y>
      <steeringAngle>0.0</steeringAngle>
      <velocity>12.0</velocity>
      <orientation>-2.7365845</orientation>
      <time>5</time>
    </ksState>
    <ksState>
      <x>121.09193587183128</x>
      <y>152.44876096874043</y>
      <steeringAngle>0.0</steeringAngle>
      <velocity>12.0</velocity>
      <orientation>-2.7365845</orientation>
      <time>6</time>
    </ksState>
    <ksState>
      <x>119.98901685046982</x>
      <y>151.97592946353052</y>
      <steeringAngle>0.0</steeringAngle>
      <velocity>12.0</velocity>
      <orientation>-2.7365845</orientation>
      <time>7</time>
    </ksState>
    <ksState>
      <x>118.88609782910837</x>
      <y>151.50309795832058</y>
      <steeringAngle>0.0</steeringAngle>
      <velocity>12.0</velocity>
      <orientation>-2.7365845</orientation>
      <time>8</time>
    </ksState>
    <ksState>
      <x>117.78317880774692</x>
      <y>151.03026645311064</y>
      <steeringAngle>0.0</steeringAngle>
      <velocity>12.0</velocity>
      <orientation>-2.7365845</orientation>
      <time>9</time>
    </ksState>
    <ksState>
      <x>116.68025978638546</x>
      <y>150.55743494790073</y>
      <steeringAngle>0.0</steeringAngle>
      <velocity>12.0</velocity>
      <orientation>-2.7365845</orientation>
      <time>10</time>
    </ksState>
    <ksState>
      <x>115.60852599523979</x>
      <y>150.11350832036734</y>
      <steeringAngle>-0.03553333333333333</steeringAngle>
      <velocity>11.200000000000001</velocity>
      <orientation>-2.744485773772344</orientation>
      <time>11</time>
    </ksState>
    <ksState>
      <x>114.59659065218291</x>
      <y>149.7350169968394</y>
      <steeringAngle>-0.07106666666666667</steeringAngle>
      <velocity>10.400000000000007</velocity>
      <orientation>-2.766738204570834</orientation>
      <time>12</time>
    </ksState>
    <ksState>
      <x>113.64315843644455</x>
      <y>149.4298018261141</y>
      <steeringAngle>-0.10660000000000001</steeringAngle>
      <velocity>9.60000000000001</velocity>
      <orientation>-2.801186215455506</orientation>
      <time>13</time>
    </ksState>
    <ksState>
      <x>112.74990352725489</x>
      <y>149.20124108860813</y>
      <steeringAngle>-0.14213333333333344</steeringAngle>
      <velocity>8.800000000000008</velocity>
      <orientation>-2.8456943475763508</orientation>
      <time>14</time>
    </ksState>
    <ksState>
      <x>111.92070271793395</x>
      <y>149.04857867842566</y>
      <steeringAngle>-0.17766666666666675</steeringAngle>
      <velocity>8.000000000000009</velocity>
      <orientation>-2.8981366453913324</orientation>
      <time>15</time>
    </ksState>
    <ksState>
      <x>111.1223743582178</x>
      <y>148.95485155950598</y>
      <steeringAngle>-0.17766666666666667</steeringAngle>
      <velocity>8.0</velocity>
      <orientation>-2.9538376217018443</orientation>
      <time>16</time>
    </ksState>
    <ksState>
      <x>110.32006609541008</x>
      <y>148.90571447178039</y>
      <steeringAngle>-0.17766666666666667</steeringAngle>
      <velocity>8.0</velocity>
      <orientation>-3.009538598012356</orientation>
      <time>17</time>
    </ksState>
    <ksState>
      <x>109.51626656046598</x>
      <y>148.90131983644406</y>
      <steeringAngle>-0.17766666666666667</steeringAngle>
      <velocity>8.0</velocity>
      <orientation>-3.0652395743228675</orientation>
      <time>18</time>
    </ksState>
    <ksState>
      <x>108.71346897598625</x>
      <y>148.94168128475042</y>
      <steeringAngle>-0.17766666666666667</steeringAngle>
      <velocity>8.0</velocity>
      <orientation>-3.1209405506333794</orientation>
      <time>19</time>
    </ksState>
    <ksState>
      <x>107.91416345612046</x>
      <y>149.02667362420166</y>
      <steeringAngle>-0.17766666666666667</steeringAngle>
      <velocity>8.0</velocity>
      <orientation>-3.1766415269438912</orientation>
      <time>20</time>
    </ksState>
    <ksState>
      <x>107.16110499691608</x>
      <y>149.1574078483701</y>
      <steeringAngle>-0.21320000000000014</steeringAngle>
      <velocity>7.200000000000003</velocity>
      <orientation>-3.2348908540153842</orientation>
      <time>21</time>
    </ksState>
    <ksState>
      <x>106.4973022955813</x>
      <y>149.32851354433618</y>
      <steeringAngle>-0.24873333333333347</steeringAngle>
      <velocity>6.400000000000004</velocity>
      <orientation>-3.2968079415011635</orientation>
      <time>22</time>
    </ksState>
    <ksState>
      <x>105.92453654737602</x>
      <y>149.52820777059654</y>
      <steeringAngle>-0.2842666666666668</steeringAngle>
      <velocity>5.600000000000001</velocity>
      <orientation>-3.3602300842650847</orientation>
      <time>23</time>
    </ksState>
    <ksState>
      <x>105.44277717037575</x>
      <y>149.74296523591286</y>
      <steeringAngle>-0.3198</steeringAngle>
      <velocity>4.800000000000002</velocity>
      <orientation>-3.4229591840070372</orientation>
      <time>24</time>
    </ksState>
    <ksState>
      <x>105.04995395286292</x>
      <y>149.95842664916856</y>
      <steeringAngle>-0.3553333333333332</steeringAngle>
      <velocity>4.000000000000001</velocity>
      <orientation>-3.482749018055252</orientation>
      <time>25</time>
    </ksState>
    <ksState>
      <x>104.70666756210636</x>
      <y>150.17936531056844</y>
      <steeringAngle>-0.35533333333333333</steeringAngle>
      <velocity>4.0</velocity>
      <orientation>-3.540305724811966</orientation>
      <time>26</time>
    </ksState>
    <ksState>
      <x>104.37665907973114</x>
      <y>150.41968564925273</y>
      <steeringAngle>-0.35533333333333333</steeringAngle>
      <velocity>4.0</velocity>
      <orientation>-3.59786243156868</orientation>
      <time>27</time>
    </ksState>
    <ksState>
      <x>104.06102147799741</x>
      <y>150.67859174980325</y>
      <steeringAngle>-0.35533333333333333</steeringAngle>
      <velocity>4.0</velocity>
      <orientation>-3.655419138325394</orientation>
      <time>28</time>
    </ksState>
    <ksState>
      <x>103.76080010454666</x>
      <y>150.955226151793</y>
      <steeringAngle>-0.35533333333333333</steeringAngle>
      <velocity>4.0</velocity>
      <orientation>-3.712975845082108</orientation>
      <time>29</time>
    </ksState>
    <ksState>
      <x>103.47698925029732</x>
      <y>151.24867268084438</y>
      <steeringAngle>-0.35533333333333333</steeringAngle>
      <velocity>4.0</velocity>
      <orientation>-3.770532551838822</orientation>
      <time>30</time>
    </ksState>
    <ksState>
      <x>103.18135108105906</x>
      <y>151.58544644169618</y>
      <steeringAngle>-0.31979999999999975</steeringAngle>
      <velocity>4.800000000000001</velocity>
      <orientation>-3.8303223868705705</orientation>
      <time>31</time>
    </ksState>
    <ksState>
      <x>102.84957684944088</x>
      <y>151.99564169584454</y>
      <steeringAngle>-0.28426666666666645</steeringAngle>
      <velocity>5.600000000000004</velocity>
      <orientation>-3.893051487001894</orientation>
      <time>32</time>
    </ksState>
    <ksState>
      <x>102.48840335419914</x>
      <y>152.48313754224392</y>
      <steeringAngle>-0.2487333333333331</steeringAngle>
      <velocity>6.400000000000004</velocity>
      <orientation>-3.95647362369457</orientation>
      <time>33</time>
    </ksState>
    <ksState>
      <x>102.1039121052088</x>
      <y>153.05083014785882</y>
      <steeringAngle>-0.21319999999999992</steeringAngle>
      <velocity>7.200000000000004</velocity>
      <orientation>-4.018390712372369</orientation>
      <time>34</time>
    </ksState>
    <ksState>
      <x>101.70084210186005</x>
      <y>153.70040795778618</y>
      <steeringAngle>-0.17766666666666656</steeringAngle>
      <velocity>8.000000000000004</velocity>
      <orientation>-4.076640041973334</orientation>
      <time>35</time>
    </ksState>
    <ksState>
      <x>101.30104537830005</x>
      <y>154.39697282152176</y>
      <steeringAngle>-0.14213333333333336</steeringAngle>
      <velocity>8.0</velocity>
      <orientation>-4.126674853522083</orientation>
      <time>36</time>
    </ksState>
    <ksState>
      <x>100.91903774011966</x>
      <y>155.1020376936428</y>
      <steeringAngle>-0.1066000000000001</steeringAngle>
      <velocity>8.0</velocity>
      <orientation>-4.165458705529081</orientation>
      <time>37</time>
    </ksState>
    <ksState>
      <x>100.54697121167673</x>
      <y>155.81135379574343</y>
      <steeringAngle>-0.07106666666666674</steeringAngle>
      <velocity>8.0</velocity>
      <orientation>-4.193091184558767</orientation>
      <time>38</time>
    </ksState>
    <ksState>
      <x>100.17690302549599</x>
      <y>156.52101852398107</y>
      <steeringAngle>-0.035533333333333354</steeringAngle>
      <velocity>8.0</velocity>
      <orientation>-4.209642705187797</orientation>
      <time>39</time>
    </ksState>
    <ksState>
      <x>99.80089811339562</x>
      <y>157.22719952866154</y>
      <steeringAngle>-2.0816681711721685e-17</steeringAngle>
      <velocity>8.0</velocity>
      <orientation>-4.215155231646201</orientation>
      <time>40</time>
    </ksState>
    <ksState>
      <x>99.41112780339759</x>
      <y>157.9258605914202</y>
      <steeringAngle>0.03553333333333333</steeringAngle>
      <velocity>8.0</velocity>
      <orientation>-4.209642696643362</orientation>
      <time>41</time>
    </ksState>
    <ksState>
      <x>98.99998059720667</x>
      <y>158.61249226042543</y>
      <steeringAngle>0.07106666666666667</steeringAngle>
      <velocity>8.0</velocity>
      <orientation>-4.193091175763093</orientation>
      <time>42</time>
    </ksState>
    <ksState>
      <x>98.5602009099662</x>
      <y>159.28185030311525</y>
      <steeringAngle>0.10659999999999997</steeringAngle>
      <velocity>8.0</velocity>
      <orientation>-4.165458696472398</orientation>
      <time>43</time>
    </ksState>
    <ksState>
      <x>98.08507113015011</x>
      <y>159.92770886834884</y>
      <steeringAngle>0.1421333333333333</steeringAngle>
      <velocity>8.0</velocity>
      <orientation>-4.126674844199663</orientation>
      <time>44</time>
    </ksState>
    <ksState>
      <x>97.56865232657132</x>
      <y>160.5426373000753</y>
      <steeringAngle>0.17766666666666667</steeringAngle>
      <velocity>8.0</velocity>
      <orientation>-4.076640031950508</orientation>
      <time>45</time>
    </ksState>
    <ksState>
      <x>97.0209342707383</x>
      <y>161.13004257829022</y>
      <steeringAngle>0.14213333333333336</steeringAngle>
      <velocity>8.0</velocity>
      <orientation>-4.02660522040176</orientation>
      <time>46</time>
    </ksState>
    <ksState>
      <x>96.4598489762806</x>
      <y>161.70295583688227</y>
      <steeringAngle>0.1066000000000001</steeringAngle>
      <velocity>8.0</velocity>
      <orientation>-3.9878213683947625</orientation>
      <time>47</time>
    </ksState>
    <ksState>
      <x>95.89177031102008</x>
      <y>162.2676234066635</y>
      <steeringAngle>0.07106666666666674</steeringAngle>
      <velocity>8.0</velocity>
      <orientation>-3.9601888893650754</orientation>
      <time>48</time>
    </ksState>
    <ksState>
      <x>95.32276930726047</x>
      <y>162.8304842657115</y>
      <steeringAngle>0.035533333333333354</steeringAngle>
      <velocity>8.0</velocity>
      <orientation>-3.9436373687360464</orientation>
      <time>49</time>
    </ksState>
    <ksState>
      <x>94.75884759626925</x>
      <y>163.3979907495228</y>
      <steeringAngle>2.0816681711721685e-17</steeringAngle>
      <velocity>8.0</velocity>
      <orientation>-3.9381248422776416</orientation>
      <time>50</time>
    </ksState>
    <ksState>
      <x>94.20617024380194</x>
      <y>163.97643341672563</y>
      <steeringAngle>-0.03553333333333333</steeringAngle>
      <velocity>8.0</velocity>
      <orientation>-3.9436373772804805</orientation>
      <time>51</time>
    </ksState>
    <ksState>
      <x>93.6712904771745</x>
      <y>164.57175577418593</y>
      <steeringAngle>-0.07106666666666667</steeringAngle>
      <velocity>8.0</velocity>
      <orientation>-3.96018889816075</orientation>
      <time>52</time>
    </ksState>
    <ksState>
      <x>93.16135869766732</x>
      <y>165.18934458793788</y>
      <steeringAngle>-0.10659999999999997</steeringAngle>
      <velocity>8.0</velocity>
      <orientation>-3.987821377451445</orientation>
      <time>53</time>
    </ksState>
    <ksState>
      <x>92.68430466450384</x>
      <y>165.83378313690596</y>
      <steeringAngle>-0.1421333333333333</steeringAngle>
      <velocity>8.0</velocity>
      <orientation>-4.02660522972418</orientation>
      <time>54</time>
    </ksState>
    <ksState>
      <x>92.24897978667714</x>
      <y>166.50855540039973</y>
      <steeringAngle>-0.17766666666666667</steeringAngle>
      <velocity>8.0</velocity>
      <orientation>-4.076640041973334</orientation>
      <time>55</time>
    </ksState>
    <ksState>
      <x>91.84918306311714</x>
      <y>167.2051202641353</y>
      <steeringAngle>-0.14213333333333336</steeringAngle>
      <velocity>8.0</velocity>
      <orientation>-4.126674853522083</orientation>
      <time>56</time>
    </ksState>
    <ksState>
      <x>91.46717542493676</x>
      <y>167.91018513625636</y>
      <steeringAngle>-0.1066000000000001</steeringAngle>
      <velocity>8.0</velocity>
      <orientation>-4.165458705529081</orientation>
      <time>57</time>
    </ksState>
    <ksState>
      <x>91.09510889649383</x>
      <y>168.61950123835697</y>
      <steeringAngle>-0.07106666666666674</steeringAngle>
      <velocity>8.0</velocity>
      <orientation>-4.193091184558767</orientation>
      <time>58</time>
    </ksState>
    <ksState>
      <x>90.72504071031308</x>
      <y>169.32916596659462</y>
      <steeringAngle>-0.035533333333333354</steeringAngle>
      <velocity>8.0</velocity>
      <orientation>-4.209642705187797</orientation>
      <time>59</time>
    </ksState>
    <ksState>
      <x>90.34903579821271</x>
      <y>170.0353469712751</y>
      <steeringAngle>-2.0816681711721685e-17</steeringAngle>
      <velocity>8.0</velocity>
      <orientation>-4.215155231646201</orientation>
      <time>60</time>
    </ksState>
    <ksState>
      <x>89.95926548821468</x>
      <y>170.73400803403374</y>
      <steeringAngle>0.03553333333333333</steeringAngle>
      <velocity>8.0</velocity>
      <orientation>-4.209642696643362</orientation>
      <time>61</time>
    </ksState>
    <ksState>
      <x>89.54811828202376</x>
      <y>171.42063970303897</y>
      <steeringAngle>0.07106666666666667</steeringAngle>
      <velocity>8.0</velocity>
      <orientation>-4.193091175763093</orientation>
      <time>62</time>
    </ksState>
    <ksState>
      <x>89.10833859478329</x>
      <y>172.0899977457288</y>
      <steeringAngle>0.10659999999999997</steeringAngle>
      <velocity>8.0</velocity>
      <orientation>-4.165458696472398</orientation>
      <time>63</time>
    </ksState>
    <ksState>
      <x>88.6332088149672</x>
      <y>172.7358563109624</y>
      <steeringAngle>0.1421333333333333</steeringAngle>
      <velocity>8.0</velocity>
      <orientation>-4.126674844199663</orientation>
      <time>64</time>
    </ksState>
    <ksState>
      <x>88.1167900113884</x>
      <y>173.35078474268886</y>
      <steeringAngle>0.17766666666666667</steeringAngle>
      <velocity>8.0</velocity>
      <orientation>-4.076640031950508</orientation>
      <time>65</time>
    </ksState>
    <ksState>
      <x>87.56907195555537</x>
      <y>173.93819002090376</y>
      <steeringAngle>0.14213333333333336</steeringAngle>
      <velocity>8.0</velocity>
      <orientation>-4.02660522040176</orientation>
      <time>66</time>
    </ksState>
    <ksState>
      <x>87.00798666109768</x>
      <y>174.5111032794958</y>
      <steeringAngle>0.1066000000000001</steeringAngle>
      <velocity>8.0</velocity>
      <orientation>-3.9878213683947625</orientation>
      <time>67</time>
    </ksState>
    <ksState>
      <x>86.43990799583716</x>
      <y>175.07577084927703</y>
      <steeringAngle>0.07106666666666674</steeringAngle>
      <velocity>8.0</velocity>
      <orientation>-3.9601888893650754</orientation>
      <time>68</time>
    </ksState>
    <ksState>
      <x>85.87090699207755</x>
      <y>175.63863170832505</y>
      <steeringAngle>0.035533333333333354</steeringAngle>
      <velocity>8.0</velocity>
      <orientation>-3.9436373687360464</orientation>
      <time>69</time>
    </ksState>
    <ksState>
      <x>85.30698528108633</x>
      <y>176.20613819213634</y>
      <steeringAngle>2.0816681711721685e-17</steeringAngle>
      <velocity>8.0</velocity>
      <orientation>-3.9381248422776416</orientation>
      <time>70</time>
    </ksState>
    <ksState>
      <x>84.75430792861901</x>
      <y>176.78458085933917</y>
      <steeringAngle>-0.03553333333333333</steeringAngle>
      <velocity>8.0</velocity>
      <orientation>-3.9436373772804805</orientation>
      <time>71</time>
    </ksState>
    <ksState>
      <x>84.21942816199157</x>
      <y>177.37990321679948</y>
      <steeringAngle>-0.07106666666666667</steeringAngle>
      <velocity>8.0</velocity>
      <orientation>-3.96018889816075</orientation>
      <time>72</time>
    </ksState>
    <ksState>
      <x>83.7094963824844</x>
      <y>177.99749203055143</y>
      <steeringAngle>-0.10659999999999997</steeringAngle>
      <velocity>8.0</velocity>
      <orientation>-3.987821377451445</orientation>
      <time>73</time>
    </ksState>
    <ksState>
      <x>83.23244234932092</x>
      <y>178.6419305795195</y>
      <steeringAngle>-0.1421333333333333</steeringAngle>
      <velocity>8.0</velocity>
      <orientation>-4.02660522972418</orientation>
      <time>74</time>
    </ksState>
    <ksState>
      <x>82.79711747149422</x>
      <y>179.31670284301327</y>
      <steeringAngle>-0.17766666666666667</steeringAngle>
      <velocity>8.0</velocity>
      <orientation>-4.076640041973334</orientation>
      <time>75</time>
    </ksState>
    <ksState>
      <x>82.39732074793422</x>
      <y>180.01326770674885</y>
      <steeringAngle>-0.14213333333333336</steeringAngle>
      <velocity>8.0</velocity>
      <orientation>-4.126674853522083</orientation>
      <time>76</time>
    </ksState>
    <ksState>
      <x>82.01531310975383</x>
      <y>180.7183325788699</y>
      <steeringAngle>-0.1066000000000001</steeringAngle>
      <velocity>8.0</velocity>
      <orientation>-4.165458705529081</orientation>
      <time>77</time>
    </ksState>
    <ksState>
      <x>81.6432465813109</x>
      <y>181.42764868097052</y>
      <steeringAngle>-0.07106666666666674</steeringAngle>
      <velocity>8.0</velocity>
      <orientation>-4.193091184558767</orientation>
      <time>78</time>
    </ksState>
    <ksState>
      <x>81.27317839513016</x>
      <y>182.13731340920816</y>
      <steeringAngle>-0.035533333333333354</steeringAngle>
      <velocity>8.0</velocity>
      <orientation>-4.209642705187797</orientation>
      <time>79</time>
    </ksState>
    <ksState>
      <x>80.89717348302979</x>
      <y>182.84349441388864</y>
      <steeringAngle>-2.0816681711721685e-17</steeringAngle>
      <velocity>8.0</velocity>
      <orientation>-4.215155231646201</orientation>
      <time>80</time>
    </ksState>
    <ksState>
      <x>80.51557660821746</x>
      <y>183.54661874509432</y>
      <steeringAngle>0.0</steeringAngle>
      <velocity>8.0</velocity>
      <orientation>-4.215155231646201</orientation>
      <time>81</time>
    </ksState>
    <ksState>
      <x>80.13397973340511</x>
      <y>184.24974307630004</y>
      <steeringAngle>0.0</steeringAngle>
      <velocity>8.0</velocity>
      <orientation>-4.215155231646201</orientation>
      <time>82</time>
    </ksState>
    <ksState>
      <x>79.75238285859278</x>
      <y>184.95286740750572</y>
      <steeringAngle>0.0</steeringAngle>
      <velocity>8.0</velocity>
      <orientation>-4.215155231646201</orientation>
      <time>83</time>
    </ksState>
    <ksState>
      <x>79.37078598378045</x>
      <y>185.65599173871144</y>
      <steeringAngle>0.0</steeringAngle>
      <velocity>8.0</velocity>
      <orientation>-4.215155231646201</orientation>
      <time>84</time>
    </ksState>
    <ksState>
      <x>78.9891891089681</x>
      <y>186.35911606991712</y>
      <steeringAngle>0.0</steeringAngle>
      <velocity>8.0</velocity>
      <orientation>-4.215155231646201</orientation>
      <time>85</time>
    </ksState>
    <ksState>
      <x>78.59941879897008</x>
      <y>187.05777713267577</y>
      <steeringAngle>0.03553333333333333</steeringAngle>
      <velocity>8.0</velocity>
      <orientation>-4.209642696643362</orientation>
      <time>86</time>
    </ksState>
    <ksState>
      <x>78.18827159277916</x>
      <y>187.744408801681</y>
      <steeringAngle>0.07106666666666667</steeringAngle>
      <velocity>8.0</velocity>
      <orientation>-4.193091175763093</orientation>
      <time>87</time>
    </ksState>
    <ksState>
      <x>77.74849190553869</x>
      <y>188.41376684437083</y>
      <steeringAngle>0.10659999999999997</steeringAngle>
      <velocity>8.0</velocity>
      <orientation>-4.165458696472398</orientation>
      <time>88</time>
    </ksState>
    <ksState>
      <x>77.2733621257226</x>
      <y>189.05962540960442</y>
      <steeringAngle>0.1421333333333333</steeringAngle>
      <velocity>8.0</velocity>
      <orientation>-4.126674844199663</orientation>
      <time>89</time>
    </ksState>
    <ksState>
      <x>76.75694332214381</x>
      <y>189.6745538413309</y>
      <steeringAngle>0.17766666666666667</steeringAngle>
      <velocity>8.0</velocity>
      <orientation>-4.076640031950508</orientation>
      <time>90</time>
    </ksState>
    <ksState>
      <x>76.20922526631078</x>
      <y>190.2619591195458</y>
      <steeringAngle>0.14213333333333336</steeringAngle>
      <velocity>8.0</velocity>
      <orientation>-4.02660522040176</orientation>
      <time>91</time>
    </ksState>
    <ksState>
      <x>75.64813997185308</x>
      <y>190.83487237813785</y>
      <steeringAngle>0.1066000000000001</steeringAngle>
      <velocity>8.0</velocity>
      <orientation>-3.9878213683947625</orientation>
      <time>92</time>
    </ksState>
    <ksState>
      <x>75.08006130659257</x>
      <y>191.39953994791907</y>
      <steeringAngle>0.07106666666666674</steeringAngle>
      <velocity>8.0</velocity>
      <orientation>-3.9601888893650754</orientation>
      <time>93</time>
    </ksState>
    <ksState>
      <x>74.51106030283296</x>
      <y>191.96240080696708</y>
      <steeringAngle>0.035533333333333354</steeringAngle>
      <velocity>8.0</velocity>
      <orientation>-3.9436373687360464</orientation>
      <time>94</time>
    </ksState>
    <ksState>
      <x>73.94713859184174</x>
      <y>192.52990729077837</y>
      <steeringAngle>2.0816681711721685e-17</steeringAngle>
      <velocity>8.0</velocity>
      <orientation>-3.9381248422776416</orientation>
      <time>95</time>
    </ksState>
    <ksState>
      <x>73.42192555664823</x>
      <y>193.07926490304843</y>
      <steeringAngle>-0.03553333333333333</steeringAngle>
      <velocity>7.199999999999999</velocity>
      <orientation>-3.9432698552601337</orientation>
      <time>96</time>
    </ksState>
    <ksState>
      <x>72.9664127946</x>
      <y>193.58451216768597</y>
      <steeringAngle>-0.07106666666666664</steeringAngle>
      <velocity>6.400000000000001</velocity>
      <orientation>-3.957246527381097</orientation>
      <time>97</time>
    </ksState>
    <ksState>
      <x>72.5809877100308</x>
      <y>194.04524187594333</y>
      <steeringAngle>-0.10659999999999997</steeringAngle>
      <velocity>5.600000000000004</velocity>
      <orientation>-3.9778782952469784</orientation>
      <time>98</time>
    </ksState>
    <ksState>
      <x>72.26393542074243</x>
      <y>194.4589059008442</y>
      <steeringAngle>-0.1421333333333333</steeringAngle>
      <velocity>4.800000000000003</velocity>
      <orientation>-4.002994502755627</orientation>
      <time>99</time>
    </ksState>
  </ksTrajectory>
</CommonRoadSolution>
