<?xml version="1.0" ?>
<CommonRoadSolution benchmark_id="KS2:SM1:DEU_Guetersloh-8_1_T-1:2020a" computation_time="0.17901009199977125" date="2023-11-26T00:13:30">
  <ksTrajectory planningProblem="1">
    <ksState>
      <x>843.88805</x>
      <y>106.52272</y>
      <steeringAngle>0.0</steeringAngle>
      <velocity>4.0</velocity>
      <orientation>-0.68178509</orientation>
      <time>0</time>
    </ksState>
    <ksState>
      <x>844.1675716493982</x>
      <y>106.29585517950589</y>
      <steeringAngle>0.0</steeringAngle>
      <velocity>3.2</velocity>
      <orientation>-0.68178509</orientation>
      <time>1</time>
    </ksState>
    <ksState>
      <x>844.3849773764514</x>
      <y>106.11940476377416</y>
      <steeringAngle>0.0</steeringAngle>
      <velocity>2.4000000000000004</velocity>
      <orientation>-0.68178509</orientation>
      <time>2</time>
    </ksState>
    <ksState>
      <x>844.5402671812388</x>
      <y>105.99336875274057</y>
      <steeringAngle>0.0</steeringAngle>
      <velocity>1.6</velocity>
      <orientation>-0.68178509</orientation>
      <time>3</time>
    </ksState>
    <ksState>
      <x>844.6334410637919</x>
      <y>105.91774714637958</y>
      <steeringAngle>0.0</steeringAngle>
      <velocity>0.7999999999999998</velocity>
      <orientation>-0.68178509</orientation>
      <time>4</time>
    </ksState>
    <ksState>
      <x>844.664499024152</x>
      <y>105.89253994465783</y>
      <steeringAngle>0.0</steeringAngle>
      <velocity>-3.3306690738754696e-16</velocity>
      <orientation>-0.68178509</orientation>
      <time>5</time>
    </ksState>
    <ksState>
      <x>844.664499024152</x>
      <y>105.89253994465783</y>
      <steeringAngle>0.0</steeringAngle>
      <velocity>0.0</velocity>
      <orientation>-0.68178509</orientation>
      <time>6</time>
    </ksState>
    <ksState>
      <x>844.664499024152</x>
      <y>105.89253994465783</y>
      <steeringAngle>0.0</steeringAngle>
      <velocity>0.0</velocity>
      <orientation>-0.68178509</orientation>
      <time>7</time>
    </ksState>
    <ksState>
      <x>844.664499024152</x>
      <y>105.89253994465783</y>
      <steeringAngle>0.0</steeringAngle>
      <velocity>0.0</velocity>
      <orientation>-0.68178509</orientation>
      <time>8</time>
    </ksState>
    <ksState>
      <x>844.664499024152</x>
      <y>105.89253994465783</y>
      <steeringAngle>0.0</steeringAngle>
      <velocity>0.0</velocity>
      <orientation>-0.68178509</orientation>
      <time>9</time>
    </ksState>
    <ksState>
      <x>844.664499024152</x>
      <y>105.89253994465783</y>
      <steeringAngle>0.0</steeringAngle>
      <velocity>0.0</velocity>
      <orientation>-0.68178509</orientation>
      <time>10</time>
    </ksState>
    <ksState>
      <x>844.664499024152</x>
      <y>105.89253994465783</y>
      <steeringAngle>0.0</steeringAngle>
      <velocity>0.0</velocity>
      <orientation>-0.68178509</orientation>
      <time>11</time>
    </ksState>
    <ksState>
      <x>844.664499024152</x>
      <y>105.89253994465783</y>
      <steeringAngle>0.0</steeringAngle>
      <velocity>0.0</velocity>
      <orientation>-0.68178509</orientation>
      <time>12</time>
    </ksState>
    <ksState>
      <x>844.664499024152</x>
      <y>105.89253994465783</y>
      <steeringAngle>0.0</steeringAngle>
      <velocity>0.0</velocity>
      <orientation>-0.68178509</orientation>
      <time>13</time>
    </ksState>
    <ksState>
      <x>844.664499024152</x>
      <y>105.89253994465783</y>
      <steeringAngle>0.0</steeringAngle>
      <velocity>0.0</velocity>
      <orientation>-0.68178509</orientation>
      <time>14</time>
    </ksState>
    <ksState>
      <x>844.664499024152</x>
      <y>105.89253994465783</y>
      <steeringAngle>0.0</steeringAngle>
      <velocity>0.0</velocity>
      <orientation>-0.68178509</orientation>
      <time>15</time>
    </ksState>
    <ksState>
      <x>844.664499024152</x>
      <y>105.89253994465783</y>
      <steeringAngle>0.0</steeringAngle>
      <velocity>0.0</velocity>
      <orientation>-0.68178509</orientation>
      <time>16</time>
    </ksState>
    <ksState>
      <x>844.664499024152</x>
      <y>105.89253994465783</y>
      <steeringAngle>0.0</steeringAngle>
      <velocity>0.0</velocity>
      <orientation>-0.68178509</orientation>
      <time>17</time>
    </ksState>
    <ksState>
      <x>844.664499024152</x>
      <y>105.89253994465783</y>
      <steeringAngle>0.0</steeringAngle>
      <velocity>0.0</velocity>
      <orientation>-0.68178509</orientation>
      <time>18</time>
    </ksState>
    <ksState>
      <x>844.664499024152</x>
      <y>105.89253994465783</y>
      <steeringAngle>0.0</steeringAngle>
      <velocity>0.0</velocity>
      <orientation>-0.68178509</orientation>
      <time>19</time>
    </ksState>
    <ksState>
      <x>844.664499024152</x>
      <y>105.89253994465783</y>
      <steeringAngle>0.0</steeringAngle>
      <velocity>0.0</velocity>
      <orientation>-0.68178509</orientation>
      <time>20</time>
    </ksState>
    <ksState>
      <x>844.6955569858493</x>
      <y>105.86733274185067</y>
      <steeringAngle>0.0</steeringAngle>
      <velocity>0.8</velocity>
      <orientation>-0.68178509</orientation>
      <time>21</time>
    </ksState>
    <ksState>
      <x>844.7887308700208</x>
      <y>105.79171113417611</y>
      <steeringAngle>0.0</steeringAngle>
      <velocity>1.6</velocity>
      <orientation>-0.68178509</orientation>
      <time>22</time>
    </ksState>
    <ksState>
      <x>844.9440206765308</x>
      <y>105.66567512174444</y>
      <steeringAngle>0.0</steeringAngle>
      <velocity>2.4000000000000004</velocity>
      <orientation>-0.68178509</orientation>
      <time>23</time>
    </ksState>
    <ksState>
      <x>845.1614264053381</x>
      <y>105.48922470458905</y>
      <steeringAngle>0.0</steeringAngle>
      <velocity>3.2000000000000006</velocity>
      <orientation>-0.68178509</orientation>
      <time>24</time>
    </ksState>
    <ksState>
      <x>845.4409480564259</x>
      <y>105.26235988272363</y>
      <steeringAngle>0.0</steeringAngle>
      <velocity>4.000000000000001</velocity>
      <orientation>-0.68178509</orientation>
      <time>25</time>
    </ksState>
    <ksState>
      <x>845.7515276677549</x>
      <y>105.01028785923282</y>
      <steeringAngle>0.0</steeringAngle>
      <velocity>4.0</velocity>
      <orientation>-0.68178509</orientation>
      <time>26</time>
    </ksState>
    <ksState>
      <x>846.0621072790838</x>
      <y>104.758215835742</y>
      <steeringAngle>0.0</steeringAngle>
      <velocity>4.0</velocity>
      <orientation>-0.68178509</orientation>
      <time>27</time>
    </ksState>
    <ksState>
      <x>846.3726868904128</x>
      <y>104.5061438122512</y>
      <steeringAngle>0.0</steeringAngle>
      <velocity>4.0</velocity>
      <orientation>-0.68178509</orientation>
      <time>28</time>
    </ksState>
    <ksState>
      <x>846.6832665017417</x>
      <y>104.25407178876038</y>
      <steeringAngle>0.0</steeringAngle>
      <velocity>4.0</velocity>
      <orientation>-0.68178509</orientation>
      <time>29</time>
    </ksState>
    <ksState>
      <x>846.9938461130707</x>
      <y>104.00199976526957</y>
      <steeringAngle>0.0</steeringAngle>
      <velocity>4.0</velocity>
      <orientation>-0.68178509</orientation>
      <time>30</time>
    </ksState>
    <ksState>
      <x>847.3354836863305</x>
      <y>103.72472053878207</y>
      <steeringAngle>0.0</steeringAngle>
      <velocity>4.8</velocity>
      <orientation>-0.68178509</orientation>
      <time>31</time>
    </ksState>
    <ksState>
      <x>847.7392371818912</x>
      <y>103.39702690756789</y>
      <steeringAngle>0.0</steeringAngle>
      <velocity>5.6</velocity>
      <orientation>-0.68178509</orientation>
      <time>32</time>
    </ksState>
    <ksState>
      <x>848.2051065997404</x>
      <y>103.01891887163714</y>
      <steeringAngle>0.0</steeringAngle>
      <velocity>6.4</velocity>
      <orientation>-0.68178509</orientation>
      <time>33</time>
    </ksState>
  </ksTrajectory>
</CommonRoadSolution>
