<?xml version="1.0" ?>
<CommonRoadSolution benchmark_id="KS2:SM1:USA_US101-21_2_T-1:2020a" computation_time="0.37030029100060347" date="2023-11-26T00:13:30">
  <ksTrajectory planningProblem="656">
    <ksState>
      <x>0.0</x>
      <y>0.0</y>
      <steeringAngle>0.0</steeringAngle>
      <velocity>12.0</velocity>
      <orientation>-0.76607</orientation>
      <time>0</time>
    </ksState>
    <ksState>
      <x>0.8359434784876516</x>
      <y>-0.8042378377324078</y>
      <steeringAngle>0.0</steeringAngle>
      <velocity>11.200000000000001</velocity>
      <orientation>-0.76607</orientation>
      <time>1</time>
    </ksState>
    <ksState>
      <x>1.6142356822475994</x>
      <y>-1.5530109966645125</y>
      <steeringAngle>0.0</steeringAngle>
      <velocity>10.4</velocity>
      <orientation>-0.76607</orientation>
      <time>2</time>
    </ksState>
    <ksState>
      <x>2.334876611503022</x>
      <y>-2.246319477011028</y>
      <steeringAngle>0.0</steeringAngle>
      <velocity>9.599999999999998</velocity>
      <orientation>-0.76607</orientation>
      <time>3</time>
    </ksState>
    <ksState>
      <x>2.9978662663173514</x>
      <y>-2.8841632788329816</y>
      <steeringAngle>0.0</steeringAngle>
      <velocity>8.799999999999999</velocity>
      <orientation>-0.76607</orientation>
      <time>4</time>
    </ksState>
    <ksState>
      <x>3.6032046467113283</x>
      <y>-3.4665424021503255</y>
      <steeringAngle>0.0</steeringAngle>
      <velocity>7.999999999999997</velocity>
      <orientation>-0.76607</orientation>
      <time>5</time>
    </ksState>
    <ksState>
      <x>4.150891753013534</x>
      <y>-3.9934568472791794</y>
      <steeringAngle>0.0</steeringAngle>
      <velocity>7.200000000000001</velocity>
      <orientation>-0.76607</orientation>
      <time>6</time>
    </ksState>
    <ksState>
      <x>4.6409275847009095</x>
      <y>-4.464906613716324</y>
      <steeringAngle>0.0</steeringAngle>
      <velocity>6.400000000000001</velocity>
      <orientation>-0.76607</orientation>
      <time>7</time>
    </ksState>
    <ksState>
      <x>5.073312141917685</x>
      <y>-4.880891701600517</y>
      <steeringAngle>0.0</steeringAngle>
      <velocity>5.600000000000001</velocity>
      <orientation>-0.76607</orientation>
      <time>8</time>
    </ksState>
    <ksState>
      <x>5.448045424704618</x>
      <y>-5.241412110970971</y>
      <steeringAngle>0.0</steeringAngle>
      <velocity>4.800000000000001</velocity>
      <orientation>-0.76607</orientation>
      <time>9</time>
    </ksState>
    <ksState>
      <x>5.765127433076653</x>
      <y>-5.546467841842064</y>
      <steeringAngle>0.0</steeringAngle>
      <velocity>4.000000000000001</velocity>
      <orientation>-0.76607</orientation>
      <time>10</time>
    </ksState>
    <ksState>
      <x>6.024558167148403</x>
      <y>-5.796058894324062</y>
      <steeringAngle>0.0</steeringAngle>
      <velocity>3.2</velocity>
      <orientation>-0.76607</orientation>
      <time>11</time>
    </ksState>
    <ksState>
      <x>6.2263376267439865</x>
      <y>-5.990185268247754</y>
      <steeringAngle>0.0</steeringAngle>
      <velocity>2.4000000000000004</velocity>
      <orientation>-0.76607</orientation>
      <time>12</time>
    </ksState>
    <ksState>
      <x>6.370465811936829</x>
      <y>-6.128846963683782</y>
      <steeringAngle>0.0</steeringAngle>
      <velocity>1.6</velocity>
      <orientation>-0.76607</orientation>
      <time>13</time>
    </ksState>
    <ksState>
      <x>6.456942722756165</x>
      <y>-6.212043980660268</y>
      <steeringAngle>0.0</steeringAngle>
      <velocity>0.7999999999999998</velocity>
      <orientation>-0.76607</orientation>
      <time>14</time>
    </ksState>
    <ksState>
      <x>6.485768359240164</x>
      <y>-6.239776319213938</y>
      <steeringAngle>0.0</steeringAngle>
      <velocity>-3.3306690738754696e-16</velocity>
      <orientation>-0.76607</orientation>
      <time>15</time>
    </ksState>
    <ksState>
      <x>6.485768359240164</x>
      <y>-6.239776319213938</y>
      <steeringAngle>0.0</steeringAngle>
      <velocity>0.0</velocity>
      <orientation>-0.76607</orientation>
      <time>16</time>
    </ksState>
    <ksState>
      <x>6.485768359240164</x>
      <y>-6.239776319213938</y>
      <steeringAngle>0.0</steeringAngle>
      <velocity>0.0</velocity>
      <orientation>-0.76607</orientation>
      <time>17</time>
    </ksState>
    <ksState>
      <x>6.485768359240164</x>
      <y>-6.239776319213938</y>
      <steeringAngle>0.0</steeringAngle>
      <velocity>0.0</velocity>
      <orientation>-0.76607</orientation>
      <time>18</time>
    </ksState>
    <ksState>
      <x>6.485768359240164</x>
      <y>-6.239776319213938</y>
      <steeringAngle>0.0</steeringAngle>
      <velocity>0.0</velocity>
      <orientation>-0.76607</orientation>
      <time>19</time>
    </ksState>
    <ksState>
      <x>6.485768359240164</x>
      <y>-6.239776319213938</y>
      <steeringAngle>0.0</steeringAngle>
      <velocity>0.0</velocity>
      <orientation>-0.76607</orientation>
      <time>20</time>
    </ksState>
    <ksState>
      <x>6.514593996965359</x>
      <y>-6.267508658961727</y>
      <steeringAngle>0.0</steeringAngle>
      <velocity>0.8</velocity>
      <orientation>-0.76607</orientation>
      <time>21</time>
    </ksState>
    <ksState>
      <x>6.60107090928684</x>
      <y>-6.350705677383386</y>
      <steeringAngle>0.0</steeringAngle>
      <velocity>1.6</velocity>
      <orientation>-0.76607</orientation>
      <time>22</time>
    </ksState>
    <ksState>
      <x>6.745199096078465</x>
      <y>-6.489367374357557</y>
      <steeringAngle>0.0</steeringAngle>
      <velocity>2.4000000000000004</velocity>
      <orientation>-0.76607</orientation>
      <time>23</time>
    </ksState>
    <ksState>
      <x>6.946978557302062</x>
      <y>-6.683493749847516</y>
      <steeringAngle>0.0</steeringAngle>
      <velocity>3.2000000000000006</velocity>
      <orientation>-0.76607</orientation>
      <time>24</time>
    </ksState>
    <ksState>
      <x>7.206409292941958</x>
      <y>-6.933084803838183</y>
      <steeringAngle>0.0</steeringAngle>
      <velocity>4.000000000000001</velocity>
      <orientation>-0.76607</orientation>
      <time>25</time>
    </ksState>
    <ksState>
      <x>7.526889765693965</x>
      <y>-7.234597450387507</y>
      <steeringAngle>0.035533333333333326</steeringAngle>
      <velocity>4.799999999999999</velocity>
      <orientation>-0.7629462213308092</orientation>
      <time>26</time>
    </ksState>
    <ksState>
      <x>7.915083089178015</x>
      <y>-7.580909403622147</y>
      <steeringAngle>0.07106666666666667</steeringAngle>
      <velocity>5.599999999999998</velocity>
      <orientation>-0.7520956102696364</orientation>
      <time>27</time>
    </ksState>
    <ksState>
      <x>8.377198313674738</x>
      <y>-7.964691776251478</y>
      <steeringAngle>0.10659999999999999</steeringAngle>
      <velocity>6.3999999999999995</velocity>
      <orientation>-0.7312786612693084</orientation>
      <time>28</time>
    </ksState>
    <ksState>
      <x>8.921223090846537</x>
      <y>-8.375247677377642</y>
      <steeringAngle>0.14213333333333333</steeringAngle>
      <velocity>7.199999999999999</velocity>
      <orientation>-0.6982190902881433</orientation>
      <time>29</time>
    </ksState>
    <ksState>
      <x>9.556669214727991</x>
      <y>-8.797381847941589</y>
      <steeringAngle>0.17766666666666664</steeringAngle>
      <velocity>7.9999999999999964</velocity>
      <orientation>-0.6505917682065967</orientation>
      <time>30</time>
    </ksState>
    <ksState>
      <x>10.252627090523806</x>
      <y>-9.199570333437913</y>
      <steeringAngle>0.17766666666666667</steeringAngle>
      <velocity>8.0</velocity>
      <orientation>-0.594890791896085</orientation>
      <time>31</time>
    </ksState>
    <ksState>
      <x>10.96989634535895</x>
      <y>-9.56238959702231</y>
      <steeringAngle>0.17766666666666667</steeringAngle>
      <velocity>8.0</velocity>
      <orientation>-0.5391898155855732</orientation>
      <time>32</time>
    </ksState>
    <ksState>
      <x>11.706252127901646</x>
      <y>-9.8847142264133</y>
      <steeringAngle>0.17766666666666667</steeringAngle>
      <velocity>8.0</velocity>
      <orientation>-0.4834888392750615</orientation>
      <time>33</time>
    </ksState>
    <ksState>
      <x>12.459410412343248</x>
      <y>-10.16554443620716</y>
      <steeringAngle>0.17766666666666667</steeringAngle>
      <velocity>8.0</velocity>
      <orientation>-0.4277878629645496</orientation>
      <time>34</time>
    </ksState>
    <ksState>
      <x>13.22703505569173</x>
      <y>-10.404009148014655</y>
      <steeringAngle>0.17766666666666667</steeringAngle>
      <velocity>8.0</velocity>
      <orientation>-0.37208688665403783</orientation>
      <time>35</time>
    </ksState>
    <ksState>
      <x>13.970305839947468</x>
      <y>-10.582158022891965</y>
      <steeringAngle>0.21320000000000014</steeringAngle>
      <velocity>7.200000000000003</velocity>
      <orientation>-0.313837559582545</orientation>
      <time>36</time>
    </ksState>
    <ksState>
      <x>14.647603070992172</x>
      <y>-10.6878918694623</y>
      <steeringAngle>0.24873333333333347</steeringAngle>
      <velocity>6.400000000000004</velocity>
      <orientation>-0.2519204720967656</orientation>
      <time>37</time>
    </ksState>
    <ksState>
      <x>15.252625331551563</x>
      <y>-10.731325157922523</y>
      <steeringAngle>0.2842666666666668</steeringAngle>
      <velocity>5.600000000000001</velocity>
      <orientation>-0.1884983293328445</orientation>
      <time>38</time>
    </ksState>
    <ksState>
      <x>15.780044947528278</x>
      <y>-10.724889715453056</y>
      <steeringAngle>0.3198</steeringAngle>
      <velocity>4.800000000000002</velocity>
      <orientation>-0.12576922959089187</orientation>
      <time>39</time>
    </ksState>
    <ksState>
      <x>16.226076904799772</x>
      <y>-10.682590851262278</y>
      <steeringAngle>0.3553333333333332</steeringAngle>
      <velocity>4.000000000000001</velocity>
      <orientation>-0.06597939554267712</orientation>
      <time>40</time>
    </ksState>
    <ksState>
      <x>16.588631839792818</x>
      <y>-10.627534056813428</y>
      <steeringAngle>0.31979999999999975</steeringAngle>
      <velocity>3.2</velocity>
      <orientation>-0.01687283548488877</orientation>
      <time>41</time>
    </ksState>
    <ksState>
      <x>16.868613851493837</x>
      <y>-10.579135860377983</y>
      <steeringAngle>0.2842666666666663</steeringAngle>
      <velocity>2.4000000000000004</velocity>
      <orientation>0.017059419881325602</orientation>
      <time>42</time>
    </ksState>
    <ksState>
      <x>17.06769394072085</x>
      <y>-10.543296264845859</y>
      <steeringAngle>0.24873333333333292</steeringAngle>
      <velocity>1.6000000000000008</velocity>
      <orientation>0.03833174082826435</orientation>
      <time>43</time>
    </ksState>
    <ksState>
      <x>17.186888629174184</x>
      <y>-10.522326211731782</y>
      <steeringAngle>0.21319999999999967</steeringAngle>
      <velocity>0.8000000000000008</velocity>
      <orientation>0.04937233156931918</orientation>
      <time>44</time>
    </ksState>
    <ksState>
      <x>17.226607177838183</x>
      <y>-10.515788539661164</y>
      <steeringAngle>0.1776666666666663</steeringAngle>
      <velocity>6.661338147750939e-16</velocity>
      <orientation>0.05253856911119746</orientation>
      <time>45</time>
    </ksState>
    <ksState>
      <x>17.226607177838183</x>
      <y>-10.515788539661164</y>
      <steeringAngle>0.14213333333333336</steeringAngle>
      <velocity>0.0</velocity>
      <orientation>0.05253856911119746</orientation>
      <time>46</time>
    </ksState>
    <ksState>
      <x>17.226607177838183</x>
      <y>-10.515788539661164</y>
      <steeringAngle>0.10660000000000001</steeringAngle>
      <velocity>0.0</velocity>
      <orientation>0.05253856911119746</orientation>
      <time>47</time>
    </ksState>
    <ksState>
      <x>17.226607177838183</x>
      <y>-10.515788539661164</y>
      <steeringAngle>0.07106666666666668</steeringAngle>
      <velocity>0.0</velocity>
      <orientation>0.05253856911119746</orientation>
      <time>48</time>
    </ksState>
    <ksState>
      <x>17.226607177838183</x>
      <y>-10.515788539661164</y>
      <steeringAngle>0.03553333333333333</steeringAngle>
      <velocity>0.0</velocity>
      <orientation>0.05253856911119746</orientation>
      <time>49</time>
    </ksState>
    <ksState>
      <x>17.226607177838183</x>
      <y>-10.515788539661164</y>
      <steeringAngle>0.0</steeringAngle>
      <velocity>0.0</velocity>
      <orientation>0.05253856911119746</orientation>
      <time>50</time>
    </ksState>
    <ksState>
      <x>17.226607177838183</x>
      <y>-10.515788539661164</y>
      <steeringAngle>0.0</steeringAngle>
      <velocity>0.0</velocity>
      <orientation>0.05253856911119746</orientation>
      <time>51</time>
    </ksState>
    <ksState>
      <x>17.226607177838183</x>
      <y>-10.515788539661164</y>
      <steeringAngle>0.0</steeringAngle>
      <velocity>0.0</velocity>
      <orientation>0.05253856911119746</orientation>
      <time>52</time>
    </ksState>
    <ksState>
      <x>17.226607177838183</x>
      <y>-10.515788539661164</y>
      <steeringAngle>0.0</steeringAngle>
      <velocity>0.0</velocity>
      <orientation>0.05253856911119746</orientation>
      <time>53</time>
    </ksState>
    <ksState>
      <x>17.226607177838183</x>
      <y>-10.515788539661164</y>
      <steeringAngle>0.0</steeringAngle>
      <velocity>0.0</velocity>
      <orientation>0.05253856911119746</orientation>
      <time>54</time>
    </ksState>
    <ksState>
      <x>17.226607177838183</x>
      <y>-10.515788539661164</y>
      <steeringAngle>0.0</steeringAngle>
      <velocity>0.0</velocity>
      <orientation>0.05253856911119746</orientation>
      <time>55</time>
    </ksState>
    <ksState>
      <x>17.226607177838183</x>
      <y>-10.515788539661164</y>
      <steeringAngle>0.0</steeringAngle>
      <velocity>0.0</velocity>
      <orientation>0.05253856911119746</orientation>
      <time>56</time>
    </ksState>
    <ksState>
      <x>17.226607177838183</x>
      <y>-10.515788539661164</y>
      <steeringAngle>0.0</steeringAngle>
      <velocity>0.0</velocity>
      <orientation>0.05253856911119746</orientation>
      <time>57</time>
    </ksState>
    <ksState>
      <x>17.226607177838183</x>
      <y>-10.515788539661164</y>
      <steeringAngle>0.0</steeringAngle>
      <velocity>0.0</velocity>
      <orientation>0.05253856911119746</orientation>
      <time>58</time>
    </ksState>
    <ksState>
      <x>17.226607177838183</x>
      <y>-10.515788539661164</y>
      <steeringAngle>0.0</steeringAngle>
      <velocity>0.0</velocity>
      <orientation>0.05253856911119746</orientation>
      <time>59</time>
    </ksState>
    <ksState>
      <x>17.226607177838183</x>
      <y>-10.515788539661164</y>
      <steeringAngle>0.0</steeringAngle>
      <velocity>0.0</velocity>
      <orientation>0.05253856911119746</orientation>
      <time>60</time>
    </ksState>
    <ksState>
      <x>17.226607177838183</x>
      <y>-10.515788539661164</y>
      <steeringAngle>0.0</steeringAngle>
      <velocity>0.0</velocity>
      <orientation>0.05253856911119746</orientation>
      <time>61</time>
    </ksState>
    <ksState>
      <x>17.226607177838183</x>
      <y>-10.515788539661164</y>
      <steeringAngle>0.0</steeringAngle>
      <velocity>0.0</velocity>
      <orientation>0.05253856911119746</orientation>
      <time>62</time>
    </ksState>
    <ksState>
      <x>17.226607177838183</x>
      <y>-10.515788539661164</y>
      <steeringAngle>0.0</steeringAngle>
      <velocity>0.0</velocity>
      <orientation>0.05253856911119746</orientation>
      <time>63</time>
    </ksState>
    <ksState>
      <x>17.226607177838183</x>
      <y>-10.515788539661164</y>
      <steeringAngle>0.0</steeringAngle>
      <velocity>0.0</velocity>
      <orientation>0.05253856911119746</orientation>
      <time>64</time>
    </ksState>
    <ksState>
      <x>17.226607177838183</x>
      <y>-10.515788539661164</y>
      <steeringAngle>0.0</steeringAngle>
      <velocity>0.0</velocity>
      <orientation>0.05253856911119746</orientation>
      <time>65</time>
    </ksState>
    <ksState>
      <x>17.226607177838183</x>
      <y>-10.515788539661164</y>
      <steeringAngle>0.0</steeringAngle>
      <velocity>0.0</velocity>
      <orientation>0.05253856911119746</orientation>
      <time>66</time>
    </ksState>
    <ksState>
      <x>17.226607177838183</x>
      <y>-10.515788539661164</y>
      <steeringAngle>0.0</steeringAngle>
      <velocity>0.0</velocity>
      <orientation>0.05253856911119746</orientation>
      <time>67</time>
    </ksState>
    <ksState>
      <x>17.226607177838183</x>
      <y>-10.515788539661164</y>
      <steeringAngle>0.0</steeringAngle>
      <velocity>0.0</velocity>
      <orientation>0.05253856911119746</orientation>
      <time>68</time>
    </ksState>
    <ksState>
      <x>17.226607177838183</x>
      <y>-10.515788539661164</y>
      <steeringAngle>0.0</steeringAngle>
      <velocity>0.0</velocity>
      <orientation>0.05253856911119746</orientation>
      <time>69</time>
    </ksState>
    <ksState>
      <x>17.226607177838183</x>
      <y>-10.515788539661164</y>
      <steeringAngle>0.0</steeringAngle>
      <velocity>0.0</velocity>
      <orientation>0.05253856911119746</orientation>
      <time>70</time>
    </ksState>
    <ksState>
      <x>17.226607177838183</x>
      <y>-10.515788539661164</y>
      <steeringAngle>0.0</steeringAngle>
      <velocity>0.0</velocity>
      <orientation>0.05253856911119746</orientation>
      <time>71</time>
    </ksState>
    <ksState>
      <x>17.226607177838183</x>
      <y>-10.515788539661164</y>
      <steeringAngle>0.0</steeringAngle>
      <velocity>0.0</velocity>
      <orientation>0.05253856911119746</orientation>
      <time>72</time>
    </ksState>
    <ksState>
      <x>17.226607177838183</x>
      <y>-10.515788539661164</y>
      <steeringAngle>0.0</steeringAngle>
      <velocity>0.0</velocity>
      <orientation>0.05253856911119746</orientation>
      <time>73</time>
    </ksState>
    <ksState>
      <x>17.226607177838183</x>
      <y>-10.515788539661164</y>
      <steeringAngle>0.0</steeringAngle>
      <velocity>0.0</velocity>
      <orientation>0.05253856911119746</orientation>
      <time>74</time>
    </ksState>
    <ksState>
      <x>17.226607177838183</x>
      <y>-10.515788539661164</y>
      <steeringAngle>0.0</steeringAngle>
      <velocity>0.0</velocity>
      <orientation>0.05253856911119746</orientation>
      <time>75</time>
    </ksState>
    <ksState>
      <x>17.226607177838183</x>
      <y>-10.515788539661164</y>
      <steeringAngle>0.0</steeringAngle>
      <velocity>0.0</velocity>
      <orientation>0.05253856911119746</orientation>
      <time>76</time>
    </ksState>
    <ksState>
      <x>17.226607177838183</x>
      <y>-10.515788539661164</y>
      <steeringAngle>0.0</steeringAngle>
      <velocity>0.0</velocity>
      <orientation>0.05253856911119746</orientation>
      <time>77</time>
    </ksState>
    <ksState>
      <x>17.226607177838183</x>
      <y>-10.515788539661164</y>
      <steeringAngle>0.0</steeringAngle>
      <velocity>0.0</velocity>
      <orientation>0.05253856911119746</orientation>
      <time>78</time>
    </ksState>
    <ksState>
      <x>17.226607177838183</x>
      <y>-10.515788539661164</y>
      <steeringAngle>0.0</steeringAngle>
      <velocity>0.0</velocity>
      <orientation>0.05253856911119746</orientation>
      <time>79</time>
    </ksState>
    <ksState>
      <x>17.226607177838183</x>
      <y>-10.515788539661164</y>
      <steeringAngle>0.0</steeringAngle>
      <velocity>0.0</velocity>
      <orientation>0.05253856911119746</orientation>
      <time>80</time>
    </ksState>
  </ksTrajectory>
</CommonRoadSolution>
