<?xml version="1.0" ?>
<CommonRoadSolution benchmark_id="KS2:SM1:DEU_Flensburg-68_1_T-1:2020a" computation_time="0.5361050659998909" date="2023-11-26T00:13:30">
  <ksTrajectory planningProblem="123">
    <ksState>
      <x>439.71788</x>
      <y>-402.00899</y>
      <steeringAngle>0.0</steeringAngle>
      <velocity>4.0</velocity>
      <orientation>-0.15915037</orientation>
      <time>0</time>
    </ksState>
    <ksState>
      <x>440.15231940798185</x>
      <y>-402.07872092353256</y>
      <steeringAngle>0.0</steeringAngle>
      <velocity>4.8</velocity>
      <orientation>-0.15915037</orientation>
      <time>1</time>
    </ksState>
    <ksState>
      <x>440.6657477990933</x>
      <y>-402.16113019677584</y>
      <steeringAngle>0.0</steeringAngle>
      <velocity>5.6</velocity>
      <orientation>-0.15915037</orientation>
      <time>2</time>
    </ksState>
    <ksState>
      <x>441.2581651733186</x>
      <y>-402.2562178197274</y>
      <steeringAngle>0.0</steeringAngle>
      <velocity>6.4</velocity>
      <orientation>-0.15915037</orientation>
      <time>3</time>
    </ksState>
    <ksState>
      <x>441.92957153064845</x>
      <y>-402.3639837923857</y>
      <steeringAngle>0.0</steeringAngle>
      <velocity>7.199999999999999</velocity>
      <orientation>-0.15915037</orientation>
      <time>4</time>
    </ksState>
    <ksState>
      <x>442.67996687107706</x>
      <y>-402.48442811474973</y>
      <steeringAngle>0.0</steeringAngle>
      <velocity>7.999999999999998</velocity>
      <orientation>-0.15915037</orientation>
      <time>5</time>
    </ksState>
    <ksState>
      <x>443.4713087732964</x>
      <y>-402.60201284574316</y>
      <steeringAngle>0.03553333333333333</steeringAngle>
      <velocity>8.0</velocity>
      <orientation>-0.15363783499716124</orientation>
      <time>6</time>
    </ksState>
    <ksState>
      <x>444.2661663276858</x>
      <y>-402.69532169993</y>
      <steeringAngle>0.07106666666666667</steeringAngle>
      <velocity>8.0</velocity>
      <orientation>-0.1370863141168916</orientation>
      <time>7</time>
    </ksState>
    <ksState>
      <x>445.0648127987287</x>
      <y>-402.7554064476918</y>
      <steeringAngle>0.10659999999999997</steeringAngle>
      <velocity>8.0</velocity>
      <orientation>-0.1094538348261967</orientation>
      <time>8</time>
    </ksState>
    <ksState>
      <x>445.86641550709294</x>
      <y>-402.7731460050926</y>
      <steeringAngle>0.1421333333333333</steeringAngle>
      <velocity>8.0</velocity>
      <orientation>-0.07066998255346177</orientation>
      <time>9</time>
    </ksState>
    <ksState>
      <x>446.6687121275459</x>
      <y>-402.73930092206564</y>
      <steeringAngle>0.17766666666666667</steeringAngle>
      <velocity>8.0</velocity>
      <orientation>-0.020635170304307088</orientation>
      <time>10</time>
    </ksState>
    <ksState>
      <x>447.4280411744309</x>
      <y>-402.65067755092866</y>
      <steeringAngle>0.21320000000000014</steeringAngle>
      <velocity>7.200000000000003</velocity>
      <orientation>0.03761415676718576</orientation>
      <time>11</time>
    </ksState>
    <ksState>
      <x>448.10048221498465</x>
      <y>-402.5167693957361</y>
      <steeringAngle>0.24873333333333347</steeringAngle>
      <velocity>6.400000000000004</velocity>
      <orientation>0.09953124425296511</orientation>
      <time>12</time>
    </ksState>
    <ksState>
      <x>448.68360063144877</x>
      <y>-402.3492437588639</y>
      <steeringAngle>0.2842666666666668</steeringAngle>
      <velocity>5.600000000000001</velocity>
      <orientation>0.16295338701688625</orientation>
      <time>13</time>
    </ksState>
    <ksState>
      <x>449.1766740063191</x>
      <y>-402.161608811667</y>
      <steeringAngle>0.3198</steeringAngle>
      <velocity>4.800000000000002</velocity>
      <orientation>0.22568248675883887</orientation>
      <time>14</time>
    </ksState>
    <ksState>
      <x>449.58097022922755</x>
      <y>-401.96831916520426</y>
      <steeringAngle>0.3553333333333332</steeringAngle>
      <velocity>4.000000000000001</velocity>
      <orientation>0.28547232080705365</orientation>
      <time>15</time>
    </ksState>
    <ksState>
      <x>449.9343641812418</x>
      <y>-401.76219411696763</y>
      <steeringAngle>0.39086666666666653</steeringAngle>
      <velocity>4.0</velocity>
      <orientation>0.34619268711304085</orientation>
      <time>16</time>
    </ksState>
    <ksState>
      <x>450.27045402818266</x>
      <y>-401.5254015935745</y>
      <steeringAngle>0.42639999999999995</steeringAngle>
      <velocity>4.0</velocity>
      <orientation>0.41336230056944445</orientation>
      <time>17</time>
    </ksState>
    <ksState>
      <x>450.5849036648667</x>
      <y>-401.2570233641482</y>
      <steeringAngle>0.4619333333333333</steeringAngle>
      <velocity>4.0</velocity>
      <orientation>0.48718288420178846</orientation>
      <time>18</time>
    </ksState>
    <ksState>
      <x>450.87276585689983</x>
      <y>-400.9567400491644</y>
      <steeringAngle>0.49746666666666667</steeringAngle>
      <velocity>4.0</velocity>
      <orientation>0.5678834260150087</orientation>
      <time>19</time>
    </ksState>
    <ksState>
      <x>451.128491818929</x>
      <y>-400.6250043895089</y>
      <steeringAngle>0.533</steeringAngle>
      <velocity>4.0</velocity>
      <orientation>0.6557232926148174</orientation>
      <time>20</time>
    </ksState>
    <ksState>
      <x>451.35381722511556</x>
      <y>-400.2717424213097</y>
      <steeringAngle>0.4974666666666666</steeringAngle>
      <velocity>4.0</velocity>
      <orientation>0.7435631594542667</orientation>
      <time>21</time>
    </ksState>
    <ksState>
      <x>451.55579469330786</x>
      <y>-399.90794715963534</y>
      <steeringAngle>0.4619333333333334</steeringAngle>
      <velocity>4.0</velocity>
      <orientation>0.8242637012414368</orientation>
      <time>22</time>
    </ksState>
    <ksState>
      <x>451.7365281542281</x>
      <y>-399.5360123454661</y>
      <steeringAngle>0.42640000000000017</steeringAngle>
      <velocity>4.0</velocity>
      <orientation>0.8980842844912419</orientation>
      <time>23</time>
    </ksState>
    <ksState>
      <x>451.89821991293815</x>
      <y>-399.1579035714683</y>
      <steeringAngle>0.3908666666666668</steeringAngle>
      <velocity>4.0</velocity>
      <orientation>0.9652538973541045</orientation>
      <time>24</time>
    </ksState>
    <ksState>
      <x>452.043127410395</x>
      <y>-398.7752159396593</y>
      <steeringAngle>0.3553333333333335</steeringAngle>
      <velocity>4.0</velocity>
      <orientation>1.0259742652323902</orientation>
      <time>25</time>
    </ksState>
    <ksState>
      <x>452.18554302562995</x>
      <y>-398.35032032230595</y>
      <steeringAngle>0.31979999999999975</steeringAngle>
      <velocity>4.800000000000001</velocity>
      <orientation>1.0857641002641387</orientation>
      <time>26</time>
    </ksState>
    <ksState>
      <x>452.3328927466562</x>
      <y>-397.8437412593699</y>
      <steeringAngle>0.28426666666666645</steeringAngle>
      <velocity>5.600000000000004</velocity>
      <orientation>1.1484932003954622</orientation>
      <time>27</time>
    </ksState>
    <ksState>
      <x>452.47746382828683</x>
      <y>-397.2545064197024</y>
      <steeringAngle>0.2487333333333331</steeringAngle>
      <velocity>6.400000000000004</velocity>
      <orientation>1.2119153370881381</orientation>
      <time>28</time>
    </ksState>
    <ksState>
      <x>452.61252792564244</x>
      <y>-396.5822965531983</y>
      <steeringAngle>0.21319999999999992</steeringAngle>
      <velocity>7.200000000000004</velocity>
      <orientation>1.2738324257659372</orientation>
      <time>29</time>
    </ksState>
    <ksState>
      <x>452.73306178093003</x>
      <y>-395.8273870563186</y>
      <steeringAngle>0.17766666666666656</steeringAngle>
      <velocity>8.000000000000004</velocity>
      <orientation>1.3320817553669024</orientation>
      <time>30</time>
    </ksState>
    <ksState>
      <x>452.8282570618206</x>
      <y>-395.07034594091306</y>
      <steeringAngle>0.1421333333333334</steeringAngle>
      <velocity>7.2</velocity>
      <orientation>1.3797090771125393</orientation>
      <time>31</time>
    </ksState>
    <ksState>
      <x>452.8995005639694</x>
      <y>-394.3924485588907</y>
      <steeringAngle>0.10660000000000011</steeringAngle>
      <velocity>6.4</velocity>
      <orientation>1.4127686475605072</orientation>
      <time>32</time>
    </ksState>
    <ksState>
      <x>452.9580433672515</x>
      <y>-393.79456776238624</y>
      <steeringAngle>0.07106666666666674</steeringAngle>
      <velocity>5.600000000000001</velocity>
      <orientation>1.4335855958543957</orientation>
      <time>33</time>
    </ksState>
    <ksState>
      <x>453.01076151223623</x>
      <y>-393.27701001137297</y>
      <steeringAngle>0.03553333333333339</steeringAngle>
      <velocity>4.800000000000001</velocity>
      <orientation>1.4444362055120588</orientation>
      <time>34</time>
    </ksState>
    <ksState>
      <x>453.0609002975851</x>
      <y>-392.83985139396555</y>
      <steeringAngle>5.5294310796760726e-17</steeringAngle>
      <velocity>4.0</velocity>
      <orientation>1.4475599813492241</orientation>
      <time>35</time>
    </ksState>
    <ksState>
      <x>453.1198584772894</x>
      <y>-392.4037991694666</y>
      <steeringAngle>-0.035533333333333326</steeringAngle>
      <velocity>4.799999999999999</velocity>
      <orientation>1.4444362026800333</orientation>
      <time>36</time>
    </ksState>
    <ksState>
      <x>453.2031834612084</x>
      <y>-391.8902984660536</y>
      <steeringAngle>-0.07106666666666667</steeringAngle>
      <velocity>5.599999999999998</velocity>
      <orientation>1.4335855916188605</orientation>
      <time>37</time>
    </ksState>
    <ksState>
      <x>453.32031425400066</x>
      <y>-391.3011297570809</y>
      <steeringAngle>-0.10659999999999999</steeringAngle>
      <velocity>6.3999999999999995</velocity>
      <orientation>1.4127686426185326</orientation>
      <time>38</time>
    </ksState>
    <ksState>
      <x>453.48419286123305</x>
      <y>-390.63956879373893</y>
      <steeringAngle>-0.14213333333333333</steeringAngle>
      <velocity>7.199999999999999</velocity>
      <orientation>1.3797090716373674</orientation>
      <time>39</time>
    </ksState>
    <ksState>
      <x>453.71177874177914</x>
      <y>-389.9114247823719</y>
      <steeringAngle>-0.17766666666666664</steeringAngle>
      <velocity>7.9999999999999964</velocity>
      <orientation>1.3320817495558208</orientation>
      <time>40</time>
    </ksState>
    <ksState>
      <x>453.97508664118305</x>
      <y>-389.19529466707877</y>
      <steeringAngle>-0.1421333333333334</steeringAngle>
      <velocity>7.2</velocity>
      <orientation>1.284454427810184</orientation>
      <time>41</time>
    </ksState>
    <ksState>
      <x>454.2233016778305</x>
      <y>-388.5604641442356</y>
      <steeringAngle>-0.10660000000000011</steeringAngle>
      <velocity>6.4</velocity>
      <orientation>1.251394857362216</orientation>
      <time>42</time>
    </ksState>
    <ksState>
      <x>454.44602980387856</x>
      <y>-388.00253862186537</y>
      <steeringAngle>-0.07106666666666674</steeringAngle>
      <velocity>5.600000000000001</velocity>
      <orientation>1.2305779090683275</orientation>
      <time>43</time>
    </ksState>
    <ksState>
      <x>454.63702304588213</x>
      <y>-387.518630769115</y>
      <steeringAngle>-0.03553333333333339</steeringAngle>
      <velocity>4.800000000000001</velocity>
      <orientation>1.2197272994106645</orientation>
      <time>44</time>
    </ksState>
    <ksState>
      <x>454.7933640349307</x>
      <y>-387.10731695982435</y>
      <steeringAngle>-5.5294310796760726e-17</steeringAngle>
      <velocity>4.0</velocity>
      <orientation>1.216603523573499</orientation>
      <time>45</time>
    </ksState>
    <ksState>
      <x>454.92807274564643</x>
      <y>-386.7306641009458</y>
      <steeringAngle>0.035533333333333326</steeringAngle>
      <velocity>4.0</velocity>
      <orientation>1.2193597981060995</orientation>
      <time>46</time>
    </ksState>
    <ksState>
      <x>455.05331809372086</x>
      <y>-386.3506023040869</y>
      <steeringAngle>0.07106666666666711</steeringAngle>
      <velocity>4.0</velocity>
      <orientation>1.227635558649385</orientation>
      <time>47</time>
    </ksState>
    <ksState>
      <x>455.1669169536023</x>
      <y>-385.96658167818373</y>
      <steeringAngle>0.10660000000000043</steeringAngle>
      <velocity>4.0</velocity>
      <orientation>1.2414517984685218</orientation>
      <time>48</time>
    </ksState>
    <ksState>
      <x>455.2665939659626</x>
      <y>-385.5782386381842</y>
      <steeringAngle>0.14213333333333378</steeringAngle>
      <velocity>4.0</velocity>
      <orientation>1.2608437248540676</orientation>
      <time>49</time>
    </ksState>
    <ksState>
      <x>455.3499731394049</x>
      <y>-385.1854372686447</y>
      <steeringAngle>0.1776666666666672</steeringAngle>
      <velocity>4.0</velocity>
      <orientation>1.2858611313054649</orientation>
      <time>50</time>
    </ksState>
    <ksState>
      <x>455.4300399885772</x>
      <y>-384.7510212930822</y>
      <steeringAngle>0.14213333333333333</steeringAngle>
      <velocity>4.8000000000000025</velocity>
      <orientation>1.3132860310238172</orientation>
      <time>51</time>
    </ksState>
    <ksState>
      <x>455.5211706166465</x>
      <y>-384.23781538412334</y>
      <steeringAngle>0.10660000000000003</steeringAngle>
      <velocity>5.600000000000005</velocity>
      <orientation>1.3384022433027352</orientation>
      <time>52</time>
    </ksState>
    <ksState>
      <x>455.62428476098444</x>
      <y>-383.64600400397194</y>
      <steeringAngle>0.07106666666666671</steeringAngle>
      <velocity>6.400000000000004</velocity>
      <orientation>1.3590340129021947</orientation>
      <time>53</time>
    </ksState>
    <ksState>
      <x>455.74256858574694</x>
      <y>-382.9760652481677</y>
      <steeringAngle>0.035533333333333375</steeringAngle>
      <velocity>7.200000000000006</velocity>
      <orientation>1.373010680994987</orientation>
      <time>54</time>
    </ksState>
    <ksState>
      <x>455.88215849498545</x>
      <y>-382.2289530787698</y>
      <steeringAngle>2.6346112791397758e-17</steeringAngle>
      <velocity>8.000000000000007</velocity>
      <orientation>1.3781556937745554</orientation>
      <time>55</time>
    </ksState>
    <ksState>
      <x>456.0353195720427</x>
      <y>-381.44375139482185</y>
      <steeringAngle>0.0</steeringAngle>
      <velocity>8.0</velocity>
      <orientation>1.3781556937745554</orientation>
      <time>56</time>
    </ksState>
    <ksState>
      <x>456.18848064909986</x>
      <y>-380.6585497108739</y>
      <steeringAngle>0.0</steeringAngle>
      <velocity>8.0</velocity>
      <orientation>1.3781556937745554</orientation>
      <time>57</time>
    </ksState>
    <ksState>
      <x>456.3416417261571</x>
      <y>-379.873348026926</y>
      <steeringAngle>0.0</steeringAngle>
      <velocity>8.0</velocity>
      <orientation>1.3781556937745554</orientation>
      <time>58</time>
    </ksState>
    <ksState>
      <x>456.49480280321427</x>
      <y>-379.08814634297806</y>
      <steeringAngle>0.0</steeringAngle>
      <velocity>8.0</velocity>
      <orientation>1.3781556937745554</orientation>
      <time>59</time>
    </ksState>
    <ksState>
      <x>456.6479638802715</x>
      <y>-378.3029446590301</y>
      <steeringAngle>0.0</steeringAngle>
      <velocity>8.0</velocity>
      <orientation>1.3781556937745554</orientation>
      <time>60</time>
    </ksState>
    <ksState>
      <x>456.80112495732874</x>
      <y>-377.5177429750822</y>
      <steeringAngle>0.0</steeringAngle>
      <velocity>8.0</velocity>
      <orientation>1.3781556937745554</orientation>
      <time>61</time>
    </ksState>
    <ksState>
      <x>456.9542860343859</x>
      <y>-376.7325412911342</y>
      <steeringAngle>0.0</steeringAngle>
      <velocity>8.0</velocity>
      <orientation>1.3781556937745554</orientation>
      <time>62</time>
    </ksState>
    <ksState>
      <x>457.10744711144315</x>
      <y>-375.94733960718634</y>
      <steeringAngle>0.0</steeringAngle>
      <velocity>8.0</velocity>
      <orientation>1.3781556937745554</orientation>
      <time>63</time>
    </ksState>
    <ksState>
      <x>457.2606081885003</x>
      <y>-375.1621379232384</y>
      <steeringAngle>0.0</steeringAngle>
      <velocity>8.0</velocity>
      <orientation>1.3781556937745554</orientation>
      <time>64</time>
    </ksState>
    <ksState>
      <x>457.41376926555756</x>
      <y>-374.37693623929044</y>
      <steeringAngle>0.0</steeringAngle>
      <velocity>8.0</velocity>
      <orientation>1.3781556937745554</orientation>
      <time>65</time>
    </ksState>
    <ksState>
      <x>457.5669303426148</x>
      <y>-373.5917345553425</y>
      <steeringAngle>0.0</steeringAngle>
      <velocity>8.0</velocity>
      <orientation>1.3781556937745554</orientation>
      <time>66</time>
    </ksState>
    <ksState>
      <x>457.720091419672</x>
      <y>-372.80653287139455</y>
      <steeringAngle>0.0</steeringAngle>
      <velocity>8.0</velocity>
      <orientation>1.3781556937745554</orientation>
      <time>67</time>
    </ksState>
    <ksState>
      <x>457.8732524967292</x>
      <y>-372.02133118744666</y>
      <steeringAngle>0.0</steeringAngle>
      <velocity>8.0</velocity>
      <orientation>1.3781556937745554</orientation>
      <time>68</time>
    </ksState>
    <ksState>
      <x>458.0264135737864</x>
      <y>-371.2361295034987</y>
      <steeringAngle>0.0</steeringAngle>
      <velocity>8.0</velocity>
      <orientation>1.3781556937745554</orientation>
      <time>69</time>
    </ksState>
    <ksState>
      <x>458.1795746508436</x>
      <y>-370.45092781955077</y>
      <steeringAngle>0.0</steeringAngle>
      <velocity>8.0</velocity>
      <orientation>1.3781556937745554</orientation>
      <time>70</time>
    </ksState>
    <ksState>
      <x>458.33273572790085</x>
      <y>-369.6657261356028</y>
      <steeringAngle>0.0</steeringAngle>
      <velocity>8.0</velocity>
      <orientation>1.3781556937745554</orientation>
      <time>71</time>
    </ksState>
    <ksState>
      <x>458.48589680495803</x>
      <y>-368.8805244516549</y>
      <steeringAngle>0.0</steeringAngle>
      <velocity>8.0</velocity>
      <orientation>1.3781556937745554</orientation>
      <time>72</time>
    </ksState>
    <ksState>
      <x>458.63905788201527</x>
      <y>-368.095322767707</y>
      <steeringAngle>0.0</steeringAngle>
      <velocity>8.0</velocity>
      <orientation>1.3781556937745554</orientation>
      <time>73</time>
    </ksState>
    <ksState>
      <x>458.79221895907244</x>
      <y>-367.31012108375904</y>
      <steeringAngle>0.0</steeringAngle>
      <velocity>8.0</velocity>
      <orientation>1.3781556937745554</orientation>
      <time>74</time>
    </ksState>
    <ksState>
      <x>458.9453800361297</x>
      <y>-366.5249193998111</y>
      <steeringAngle>0.0</steeringAngle>
      <velocity>8.0</velocity>
      <orientation>1.3781556937745554</orientation>
      <time>75</time>
    </ksState>
    <ksState>
      <x>459.0985411131869</x>
      <y>-365.73971771586315</y>
      <steeringAngle>0.0</steeringAngle>
      <velocity>8.0</velocity>
      <orientation>1.3781556937745554</orientation>
      <time>76</time>
    </ksState>
    <ksState>
      <x>459.2517021902441</x>
      <y>-364.9545160319152</y>
      <steeringAngle>0.0</steeringAngle>
      <velocity>8.0</velocity>
      <orientation>1.3781556937745554</orientation>
      <time>77</time>
    </ksState>
    <ksState>
      <x>459.4048632673013</x>
      <y>-364.1693143479673</y>
      <steeringAngle>0.0</steeringAngle>
      <velocity>8.0</velocity>
      <orientation>1.3781556937745554</orientation>
      <time>78</time>
    </ksState>
    <ksState>
      <x>459.5580243443585</x>
      <y>-363.38411266401937</y>
      <steeringAngle>0.0</steeringAngle>
      <velocity>8.0</velocity>
      <orientation>1.3781556937745554</orientation>
      <time>79</time>
    </ksState>
    <ksState>
      <x>459.71118542141573</x>
      <y>-362.5989109800714</y>
      <steeringAngle>0.0</steeringAngle>
      <velocity>8.0</velocity>
      <orientation>1.3781556937745554</orientation>
      <time>80</time>
    </ksState>
    <ksState>
      <x>459.86434649847297</x>
      <y>-361.8137092961235</y>
      <steeringAngle>0.0</steeringAngle>
      <velocity>8.0</velocity>
      <orientation>1.3781556937745554</orientation>
      <time>81</time>
    </ksState>
    <ksState>
      <x>460.01750757553015</x>
      <y>-361.02850761217553</y>
      <steeringAngle>0.0</steeringAngle>
      <velocity>8.0</velocity>
      <orientation>1.3781556937745554</orientation>
      <time>82</time>
    </ksState>
    <ksState>
      <x>460.1706686525874</x>
      <y>-360.24330592822764</y>
      <steeringAngle>0.0</steeringAngle>
      <velocity>8.0</velocity>
      <orientation>1.3781556937745554</orientation>
      <time>83</time>
    </ksState>
    <ksState>
      <x>460.32382972964456</x>
      <y>-359.4581042442797</y>
      <steeringAngle>0.0</steeringAngle>
      <velocity>8.0</velocity>
      <orientation>1.3781556937745554</orientation>
      <time>84</time>
    </ksState>
    <ksState>
      <x>460.4769908067018</x>
      <y>-358.67290256033175</y>
      <steeringAngle>0.0</steeringAngle>
      <velocity>8.0</velocity>
      <orientation>1.3781556937745554</orientation>
      <time>85</time>
    </ksState>
    <ksState>
      <x>460.621006897054</x>
      <y>-357.8859416077485</y>
      <steeringAngle>0.03553333333333333</steeringAngle>
      <velocity>8.0</velocity>
      <orientation>1.3836682287773943</orientation>
      <time>86</time>
    </ksState>
    <ksState>
      <x>460.7408784413187</x>
      <y>-357.0946541208545</y>
      <steeringAngle>0.07106666666666667</steeringAngle>
      <velocity>8.0</velocity>
      <orientation>1.4002197496576638</orientation>
      <time>87</time>
    </ksState>
    <ksState>
      <x>460.8276713775545</x>
      <y>-356.2984673658513</y>
      <steeringAngle>0.10659999999999997</steeringAngle>
      <velocity>8.0</velocity>
      <orientation>1.4278522289483586</orientation>
      <time>88</time>
    </ksState>
    <ksState>
      <x>460.8722418550032</x>
      <y>-355.49790814474795</y>
      <steeringAngle>0.1421333333333333</steeringAngle>
      <velocity>8.0</velocity>
      <orientation>1.4666360812210937</orientation>
      <time>89</time>
    </ksState>
    <ksState>
      <x>460.86527985288234</x>
      <y>-354.69492814041297</y>
      <steeringAngle>0.17766666666666667</steeringAngle>
      <velocity>8.0</velocity>
      <orientation>1.5166708934702484</orientation>
      <time>90</time>
    </ksState>
    <ksState>
      <x>460.8166590807388</x>
      <y>-353.8932573538201</y>
      <steeringAngle>0.14213333333333336</steeringAngle>
      <velocity>8.0</velocity>
      <orientation>1.5667057050189968</orientation>
      <time>91</time>
    </ksState>
    <ksState>
      <x>460.74850450506375</x>
      <y>-353.09425718902554</y>
      <steeringAngle>0.1066000000000001</steeringAngle>
      <velocity>8.0</velocity>
      <orientation>1.6054895570259942</orientation>
      <time>92</time>
    </ksState>
    <ksState>
      <x>460.6697078722573</x>
      <y>-352.29716627517365</y>
      <steeringAngle>0.07106666666666674</steeringAngle>
      <velocity>8.0</velocity>
      <orientation>1.633122036055681</orientation>
      <time>93</time>
    </ksState>
    <ksState>
      <x>460.5890499523024</x>
      <y>-351.50088191084376</y>
      <steeringAngle>0.035533333333333354</steeringAngle>
      <velocity>8.0</velocity>
      <orientation>1.6496735566847105</orientation>
      <time>94</time>
    </ksState>
    <ksState>
      <x>460.5152664855599</x>
      <y>-350.704246922075</y>
      <steeringAngle>2.0816681711721685e-17</steeringAngle>
      <velocity>8.0</velocity>
      <orientation>1.6551860831431153</orientation>
      <time>95</time>
    </ksState>
    <ksState>
      <x>460.4597893525579</x>
      <y>-349.9462463902744</y>
      <steeringAngle>-0.03553333333333333</steeringAngle>
      <velocity>7.199999999999999</velocity>
      <orientation>1.650041070160623</orientation>
      <time>96</time>
    </ksState>
    <ksState>
      <x>460.430000247677</x>
      <y>-349.26662937750694</y>
      <steeringAngle>-0.07106666666666664</steeringAngle>
      <velocity>6.400000000000001</velocity>
      <orientation>1.6360643980396599</orientation>
      <time>97</time>
    </ksState>
    <ksState>
      <x>460.4259388218852</x>
      <y>-348.6659565341832</y>
      <steeringAngle>-0.10659999999999997</steeringAngle>
      <velocity>5.600000000000004</velocity>
      <orientation>1.6154326301737785</orientation>
      <time>98</time>
    </ksState>
    <ksState>
      <x>460.44466061132476</x>
      <y>-348.14510187668225</y>
      <steeringAngle>-0.1421333333333333</steeringAngle>
      <velocity>4.800000000000003</velocity>
      <orientation>1.5903164226651303</orientation>
      <time>99</time>
    </ksState>
  </ksTrajectory>
</CommonRoadSolution>
