<?xml version="1.0" ?>
<CommonRoadSolution benchmark_id="KS2:SM1:DEU_Speyer-5_2_T-1:2020a" computation_time="0.31028346300081466" date="2023-11-26T00:13:30">
  <ksTrajectory planningProblem="1">
    <ksState>
      <x>-406.35439</x>
      <y>-705.78114</y>
      <steeringAngle>0.0</steeringAngle>
      <velocity>4.0</velocity>
      <orientation>2.6278367</orientation>
      <time>0</time>
    </ksState>
    <ksState>
      <x>-406.6679157216676</x>
      <y>-705.6042173583938</y>
      <steeringAngle>0.0</steeringAngle>
      <velocity>3.2</velocity>
      <orientation>2.6278367</orientation>
      <time>1</time>
    </ksState>
    <ksState>
      <x>-406.91176906045473</x>
      <y>-705.4666108595292</y>
      <steeringAngle>0.0</steeringAngle>
      <velocity>2.4000000000000004</velocity>
      <orientation>2.6278367</orientation>
      <time>2</time>
    </ksState>
    <ksState>
      <x>-407.0859500164502</x>
      <y>-705.3683205033558</y>
      <steeringAngle>0.0</steeringAngle>
      <velocity>1.6</velocity>
      <orientation>2.6278367</orientation>
      <time>3</time>
    </ksState>
    <ksState>
      <x>-407.19045858968934</x>
      <y>-705.3093462898539</y>
      <steeringAngle>0.0</steeringAngle>
      <velocity>0.7999999999999998</velocity>
      <orientation>2.6278367</orientation>
      <time>4</time>
    </ksState>
    <ksState>
      <x>-407.22529478021823</x>
      <y>-705.2896882189975</y>
      <steeringAngle>0.0</steeringAngle>
      <velocity>-3.3306690738754696e-16</velocity>
      <orientation>2.6278367</orientation>
      <time>5</time>
    </ksState>
    <ksState>
      <x>-407.22529478021823</x>
      <y>-705.2896882189975</y>
      <steeringAngle>0.0</steeringAngle>
      <velocity>0.0</velocity>
      <orientation>2.6278367</orientation>
      <time>6</time>
    </ksState>
    <ksState>
      <x>-407.22529478021823</x>
      <y>-705.2896882189975</y>
      <steeringAngle>0.0</steeringAngle>
      <velocity>0.0</velocity>
      <orientation>2.6278367</orientation>
      <time>7</time>
    </ksState>
    <ksState>
      <x>-407.22529478021823</x>
      <y>-705.2896882189975</y>
      <steeringAngle>0.0</steeringAngle>
      <velocity>0.0</velocity>
      <orientation>2.6278367</orientation>
      <time>8</time>
    </ksState>
    <ksState>
      <x>-407.22529478021823</x>
      <y>-705.2896882189975</y>
      <steeringAngle>0.0</steeringAngle>
      <velocity>0.0</velocity>
      <orientation>2.6278367</orientation>
      <time>9</time>
    </ksState>
    <ksState>
      <x>-407.22529478021823</x>
      <y>-705.2896882189975</y>
      <steeringAngle>0.0</steeringAngle>
      <velocity>0.0</velocity>
      <orientation>2.6278367</orientation>
      <time>10</time>
    </ksState>
    <ksState>
      <x>-407.2601309722471</x>
      <y>-705.2700301472946</y>
      <steeringAngle>0.0</steeringAngle>
      <velocity>0.8</velocity>
      <orientation>2.6278367</orientation>
      <time>11</time>
    </ksState>
    <ksState>
      <x>-407.3646395473016</x>
      <y>-705.2110559327683</y>
      <steeringAngle>0.0</steeringAngle>
      <velocity>1.6</velocity>
      <orientation>2.6278367</orientation>
      <time>12</time>
    </ksState>
    <ksState>
      <x>-407.53882050522924</x>
      <y>-705.1127655755047</y>
      <steeringAngle>0.0</steeringAngle>
      <velocity>2.4000000000000004</velocity>
      <orientation>2.6278367</orientation>
      <time>13</time>
    </ksState>
    <ksState>
      <x>-407.7826738459839</x>
      <y>-704.9751590755297</y>
      <steeringAngle>0.0</steeringAngle>
      <velocity>3.2000000000000006</velocity>
      <orientation>2.6278367</orientation>
      <time>14</time>
    </ksState>
    <ksState>
      <x>-408.09619956954657</x>
      <y>-704.7982364328541</y>
      <steeringAngle>0.0</steeringAngle>
      <velocity>4.000000000000001</velocity>
      <orientation>2.6278367</orientation>
      <time>15</time>
    </ksState>
    <ksState>
      <x>-408.44456148350497</x>
      <y>-704.6016557193972</y>
      <steeringAngle>0.0</steeringAngle>
      <velocity>4.0</velocity>
      <orientation>2.6278367</orientation>
      <time>16</time>
    </ksState>
    <ksState>
      <x>-408.7929233974634</x>
      <y>-704.4050750059403</y>
      <steeringAngle>0.0</steeringAngle>
      <velocity>4.0</velocity>
      <orientation>2.6278367</orientation>
      <time>17</time>
    </ksState>
    <ksState>
      <x>-409.1412853114218</x>
      <y>-704.2084942924834</y>
      <steeringAngle>0.0</steeringAngle>
      <velocity>4.0</velocity>
      <orientation>2.6278367</orientation>
      <time>18</time>
    </ksState>
    <ksState>
      <x>-409.4896472253802</x>
      <y>-704.0119135790264</y>
      <steeringAngle>0.0</steeringAngle>
      <velocity>4.0</velocity>
      <orientation>2.6278367</orientation>
      <time>19</time>
    </ksState>
    <ksState>
      <x>-409.8380091393387</x>
      <y>-703.8153328655695</y>
      <steeringAngle>0.0</steeringAngle>
      <velocity>4.0</velocity>
      <orientation>2.6278367</orientation>
      <time>20</time>
    </ksState>
    <ksState>
      <x>-410.1863710532971</x>
      <y>-703.6187521521126</y>
      <steeringAngle>0.0</steeringAngle>
      <velocity>4.0</velocity>
      <orientation>2.6278367</orientation>
      <time>21</time>
    </ksState>
    <ksState>
      <x>-410.53473296725554</x>
      <y>-703.4221714386557</y>
      <steeringAngle>0.0</steeringAngle>
      <velocity>4.0</velocity>
      <orientation>2.6278367</orientation>
      <time>22</time>
    </ksState>
    <ksState>
      <x>-410.88309488121394</x>
      <y>-703.2255907251988</y>
      <steeringAngle>0.0</steeringAngle>
      <velocity>4.0</velocity>
      <orientation>2.6278367</orientation>
      <time>23</time>
    </ksState>
    <ksState>
      <x>-411.23145679517233</x>
      <y>-703.0290100117419</y>
      <steeringAngle>0.0</steeringAngle>
      <velocity>4.0</velocity>
      <orientation>2.6278367</orientation>
      <time>24</time>
    </ksState>
    <ksState>
      <x>-411.5798187091308</x>
      <y>-702.832429298285</y>
      <steeringAngle>0.0</steeringAngle>
      <velocity>4.0</velocity>
      <orientation>2.6278367</orientation>
      <time>25</time>
    </ksState>
    <ksState>
      <x>-411.8933444307984</x>
      <y>-702.6555066566788</y>
      <steeringAngle>0.0</steeringAngle>
      <velocity>3.2</velocity>
      <orientation>2.6278367</orientation>
      <time>26</time>
    </ksState>
    <ksState>
      <x>-412.1371977695855</x>
      <y>-702.5179001578141</y>
      <steeringAngle>0.0</steeringAngle>
      <velocity>2.4000000000000004</velocity>
      <orientation>2.6278367</orientation>
      <time>27</time>
    </ksState>
    <ksState>
      <x>-412.311378725581</x>
      <y>-702.4196098016407</y>
      <steeringAngle>0.0</steeringAngle>
      <velocity>1.6</velocity>
      <orientation>2.6278367</orientation>
      <time>28</time>
    </ksState>
    <ksState>
      <x>-412.4158872988201</x>
      <y>-702.3606355881388</y>
      <steeringAngle>0.0</steeringAngle>
      <velocity>0.7999999999999998</velocity>
      <orientation>2.6278367</orientation>
      <time>29</time>
    </ksState>
    <ksState>
      <x>-412.450723489349</x>
      <y>-702.3409775172825</y>
      <steeringAngle>0.0</steeringAngle>
      <velocity>-3.3306690738754696e-16</velocity>
      <orientation>2.6278367</orientation>
      <time>30</time>
    </ksState>
    <ksState>
      <x>-412.4855596813779</x>
      <y>-702.3213194455795</y>
      <steeringAngle>0.0</steeringAngle>
      <velocity>0.8</velocity>
      <orientation>2.6278367</orientation>
      <time>31</time>
    </ksState>
    <ksState>
      <x>-412.59006825643235</x>
      <y>-702.2623452310532</y>
      <steeringAngle>0.0</steeringAngle>
      <velocity>1.6</velocity>
      <orientation>2.6278367</orientation>
      <time>32</time>
    </ksState>
    <ksState>
      <x>-412.76424921436</x>
      <y>-702.1640548737896</y>
      <steeringAngle>0.0</steeringAngle>
      <velocity>2.4000000000000004</velocity>
      <orientation>2.6278367</orientation>
      <time>33</time>
    </ksState>
  </ksTrajectory>
</CommonRoadSolution>
