<?xml version="1.0" ?>
<CommonRoadSolution benchmark_id="KS2:SM1:DEU_Meckenheim-5_1_T-1:2020a" computation_time="0.2217604269999356" date="2023-11-26T00:13:30">
  <ksTrajectory planningProblem="1">
    <ksState>
      <x>-333.89853</x>
      <y>571.7787</y>
      <steeringAngle>0.0</steeringAngle>
      <velocity>4.0</velocity>
      <orientation>0.40730915</orientation>
      <time>0</time>
    </ksState>
    <ksState>
      <x>-333.56798156525025</x>
      <y>571.9213104187799</y>
      <steeringAngle>0.0</steeringAngle>
      <velocity>3.2</velocity>
      <orientation>0.40730915</orientation>
      <time>1</time>
    </ksState>
    <ksState>
      <x>-333.31088833852596</x>
      <y>572.0322296332557</y>
      <steeringAngle>0.0</steeringAngle>
      <velocity>2.4000000000000004</velocity>
      <orientation>0.40730915</orientation>
      <time>2</time>
    </ksState>
    <ksState>
      <x>-333.1272503197335</x>
      <y>572.1114576434677</y>
      <steeringAngle>0.0</steeringAngle>
      <velocity>1.6</velocity>
      <orientation>0.40730915</orientation>
      <time>3</time>
    </ksState>
    <ksState>
      <x>-333.0170675088356</x>
      <y>572.1589944494319</y>
      <steeringAngle>0.0</steeringAngle>
      <velocity>0.7999999999999998</velocity>
      <orientation>0.40730915</orientation>
      <time>4</time>
    </ksState>
    <ksState>
      <x>-332.9803399057837</x>
      <y>572.1748400511694</y>
      <steeringAngle>0.0</steeringAngle>
      <velocity>-3.3306690738754696e-16</velocity>
      <orientation>0.40730915</orientation>
      <time>5</time>
    </ksState>
    <ksState>
      <x>-332.9436123011503</x>
      <y>572.1906856535893</y>
      <steeringAngle>0.0</steeringAngle>
      <velocity>0.8</velocity>
      <orientation>0.40730915</orientation>
      <time>6</time>
    </ksState>
    <ksState>
      <x>-332.83342948833854</x>
      <y>572.2382224603793</y>
      <steeringAngle>0.0</steeringAngle>
      <velocity>1.6</velocity>
      <orientation>0.40730915</orientation>
      <time>7</time>
    </ksState>
    <ksState>
      <x>-332.64979146750903</x>
      <y>572.3174504714701</y>
      <steeringAngle>0.0</steeringAngle>
      <velocity>2.4000000000000004</velocity>
      <orientation>0.40730915</orientation>
      <time>8</time>
    </ksState>
    <ksState>
      <x>-332.3926982387104</x>
      <y>572.4283696868408</y>
      <steeringAngle>0.0</steeringAngle>
      <velocity>3.2000000000000006</velocity>
      <orientation>0.40730915</orientation>
      <time>9</time>
    </ksState>
    <ksState>
      <x>-332.0621498019627</x>
      <y>572.5709801064828</y>
      <steeringAngle>0.0</steeringAngle>
      <velocity>4.000000000000001</velocity>
      <orientation>0.40730915</orientation>
      <time>10</time>
    </ksState>
    <ksState>
      <x>-331.6948737623034</x>
      <y>572.7294361278017</y>
      <steeringAngle>0.0</steeringAngle>
      <velocity>4.0</velocity>
      <orientation>0.40730915</orientation>
      <time>11</time>
    </ksState>
    <ksState>
      <x>-331.3275977226442</x>
      <y>572.8878921491206</y>
      <steeringAngle>0.0</steeringAngle>
      <velocity>4.0</velocity>
      <orientation>0.40730915</orientation>
      <time>12</time>
    </ksState>
    <ksState>
      <x>-330.96032168298495</x>
      <y>573.0463481704396</y>
      <steeringAngle>0.0</steeringAngle>
      <velocity>4.0</velocity>
      <orientation>0.40730915</orientation>
      <time>13</time>
    </ksState>
    <ksState>
      <x>-330.5930456433257</x>
      <y>573.2048041917585</y>
      <steeringAngle>0.0</steeringAngle>
      <velocity>4.0</velocity>
      <orientation>0.40730915</orientation>
      <time>14</time>
    </ksState>
    <ksState>
      <x>-330.22576960366644</x>
      <y>573.3632602130774</y>
      <steeringAngle>0.0</steeringAngle>
      <velocity>4.0</velocity>
      <orientation>0.40730915</orientation>
      <time>15</time>
    </ksState>
    <ksState>
      <x>-329.8584935640072</x>
      <y>573.5217162343963</y>
      <steeringAngle>0.0</steeringAngle>
      <velocity>4.0</velocity>
      <orientation>0.40730915</orientation>
      <time>16</time>
    </ksState>
    <ksState>
      <x>-329.491217524348</x>
      <y>573.6801722557152</y>
      <steeringAngle>0.0</steeringAngle>
      <velocity>4.0</velocity>
      <orientation>0.40730915</orientation>
      <time>17</time>
    </ksState>
    <ksState>
      <x>-329.1239414846887</x>
      <y>573.8386282770342</y>
      <steeringAngle>0.0</steeringAngle>
      <velocity>4.0</velocity>
      <orientation>0.40730915</orientation>
      <time>18</time>
    </ksState>
    <ksState>
      <x>-328.75666544502945</x>
      <y>573.9970842983531</y>
      <steeringAngle>0.0</steeringAngle>
      <velocity>4.0</velocity>
      <orientation>0.40730915</orientation>
      <time>19</time>
    </ksState>
    <ksState>
      <x>-328.3893894053702</x>
      <y>574.155540319672</y>
      <steeringAngle>0.0</steeringAngle>
      <velocity>4.0</velocity>
      <orientation>0.40730915</orientation>
      <time>20</time>
    </ksState>
    <ksState>
      <x>-327.9853857608014</x>
      <y>574.3298419435299</y>
      <steeringAngle>0.0</steeringAngle>
      <velocity>4.8</velocity>
      <orientation>0.40730915</orientation>
      <time>21</time>
    </ksState>
    <ksState>
      <x>-327.5079269082593</x>
      <y>574.5358347716696</y>
      <steeringAngle>0.0</steeringAngle>
      <velocity>5.6</velocity>
      <orientation>0.40730915</orientation>
      <time>22</time>
    </ksState>
    <ksState>
      <x>-326.9570128477585</x>
      <y>574.7735188040846</y>
      <steeringAngle>0.0</steeringAngle>
      <velocity>6.4</velocity>
      <orientation>0.40730915</orientation>
      <time>23</time>
    </ksState>
    <ksState>
      <x>-326.33264357930756</x>
      <y>575.0428940407711</y>
      <steeringAngle>0.0</steeringAngle>
      <velocity>7.199999999999999</velocity>
      <orientation>0.40730915</orientation>
      <time>24</time>
    </ksState>
    <ksState>
      <x>-325.63481910291193</x>
      <y>575.3439604817271</y>
      <steeringAngle>0.0</steeringAngle>
      <velocity>7.999999999999998</velocity>
      <orientation>0.40730915</orientation>
      <time>25</time>
    </ksState>
    <ksState>
      <x>-324.8966000376685</x>
      <y>575.6523122076541</y>
      <steeringAngle>-0.03553333333333333</steeringAngle>
      <velocity>8.0</velocity>
      <orientation>0.40179661499716124</orientation>
      <time>26</time>
    </ksState>
    <ksState>
      <x>-324.1490103874949</x>
      <y>575.9379952295382</y>
      <steeringAngle>-0.07106666666666667</steeringAngle>
      <velocity>8.0</velocity>
      <orientation>0.38524509411689156</orientation>
      <time>27</time>
    </ksState>
    <ksState>
      <x>-323.38958739878734</x>
      <y>576.1924025542073</y>
      <steeringAngle>-0.10659999999999997</steeringAngle>
      <velocity>8.0</velocity>
      <orientation>0.35761261482619666</orientation>
      <time>28</time>
    </ksState>
    <ksState>
      <x>-322.61689792620973</x>
      <y>576.4064879879046</y>
      <steeringAngle>-0.1421333333333333</steeringAngle>
      <velocity>8.0</velocity>
      <orientation>0.31882876255346176</orientation>
      <time>29</time>
    </ksState>
    <ksState>
      <x>-321.830865601952</x>
      <y>576.5707394477378</y>
      <steeringAngle>-0.17766666666666667</steeringAngle>
      <velocity>8.0</velocity>
      <orientation>0.2687939503043071</orientation>
      <time>30</time>
    </ksState>
    <ksState>
      <x>-321.0770299175573</x>
      <y>576.6886595598962</y>
      <steeringAngle>-0.1421333333333334</steeringAngle>
      <velocity>7.2</velocity>
      <orientation>0.22116662855867014</orientation>
      <time>31</time>
    </ksState>
    <ksState>
      <x>-320.40158181985396</x>
      <y>576.7802584925325</y>
      <steeringAngle>-0.10660000000000011</steeringAngle>
      <velocity>6.4</velocity>
      <orientation>0.1881070581107022</orientation>
      <time>32</time>
    </ksState>
    <ksState>
      <x>-319.80573214060547</x>
      <y>576.8567559852005</y>
      <steeringAngle>-0.07106666666666674</steeringAngle>
      <velocity>5.600000000000001</velocity>
      <orientation>0.16729010981681372</orientation>
      <time>33</time>
    </ksState>
  </ksTrajectory>
</CommonRoadSolution>
