<?xml version="1.0" ?>
<CommonRoadSolution benchmark_id="KS2:SM1:GRC_Perama-4_3_T-1:2020a" computation_time="0.5116024819999438" date="2023-11-26T00:13:30">
  <ksTrajectory planningProblem="1">
    <ksState>
      <x>-162.58377</x>
      <y>-735.50537</y>
      <steeringAngle>0.0</steeringAngle>
      <velocity>8.0</velocity>
      <orientation>2.5631539</orientation>
      <time>0</time>
    </ksState>
    <ksState>
      <x>-163.22482192394392</x>
      <y>-735.0970870719905</y>
      <steeringAngle>0.03553333333333333</steeringAngle>
      <velocity>7.199999999999999</velocity>
      <orientation>2.5682989129824922</orientation>
      <time>1</time>
    </ksState>
    <ksState>
      <x>-163.80904454851714</x>
      <y>-734.7485894396466</y>
      <steeringAngle>0.07106666666666664</steeringAngle>
      <velocity>6.400000000000001</velocity>
      <orientation>2.5822755851034556</orientation>
      <time>2</time>
    </ksState>
    <ksState>
      <x>-164.33596306812126</x>
      <y>-734.4601778698643</y>
      <steeringAngle>0.10659999999999997</steeringAngle>
      <velocity>5.600000000000004</velocity>
      <orientation>2.602907352969337</orientation>
      <time>3</time>
    </ksState>
    <ksState>
      <x>-164.8034117323822</x>
      <y>-734.2296744514061</y>
      <steeringAngle>0.1421333333333333</steeringAngle>
      <velocity>4.800000000000003</velocity>
      <orientation>2.628023560477985</orientation>
      <time>4</time>
    </ksState>
    <ksState>
      <x>-165.20815769163906</x>
      <y>-734.0528323915721</y>
      <steeringAngle>0.17766666666666653</steeringAngle>
      <velocity>4.000000000000006</velocity>
      <orientation>2.655448457063135</orientation>
      <time>5</time>
    </ksState>
    <ksState>
      <x>-165.5430988407534</x>
      <y>-733.9169891183977</y>
      <steeringAngle>0.1421333333333333</steeringAngle>
      <velocity>3.1999999999999993</velocity>
      <orientation>2.6780583720365776</orientation>
      <time>6</time>
    </ksState>
    <ksState>
      <x>-165.8030155626096</x>
      <y>-733.8110470423032</y>
      <steeringAngle>0.10659999999999997</steeringAngle>
      <velocity>2.3999999999999977</velocity>
      <orientation>2.6917260129072846</orientation>
      <time>7</time>
    </ksState>
    <ksState>
      <x>-165.98773899684403</x>
      <y>-733.7337346594621</y>
      <steeringAngle>0.07106666666666664</steeringAngle>
      <velocity>1.5999999999999976</velocity>
      <orientation>2.6987267187605037</orientation>
      <time>8</time>
    </ksState>
    <ksState>
      <x>-166.09780083974854</x>
      <y>-733.6857771707137</y>
      <steeringAngle>0.0355333333333333</steeringAngle>
      <velocity>0.7999999999999972</velocity>
      <orientation>2.701301563234471</orientation>
      <time>9</time>
    </ksState>
    <ksState>
      <x>-166.13421245987396</x>
      <y>-733.6692100725913</y>
      <steeringAngle>-2.5153490401663703e-17</steeringAngle>
      <velocity>-2.914335439641036e-15</velocity>
      <orientation>2.7016690748130023</orientation>
      <time>10</time>
    </ksState>
    <ksState>
      <x>-166.13421245987396</x>
      <y>-733.6692100725913</y>
      <steeringAngle>0.0</steeringAngle>
      <velocity>0.0</velocity>
      <orientation>2.7016690748130023</orientation>
      <time>11</time>
    </ksState>
    <ksState>
      <x>-166.13421245987396</x>
      <y>-733.6692100725913</y>
      <steeringAngle>0.0</steeringAngle>
      <velocity>0.0</velocity>
      <orientation>2.7016690748130023</orientation>
      <time>12</time>
    </ksState>
    <ksState>
      <x>-166.13421245987396</x>
      <y>-733.6692100725913</y>
      <steeringAngle>0.0</steeringAngle>
      <velocity>0.0</velocity>
      <orientation>2.7016690748130023</orientation>
      <time>13</time>
    </ksState>
    <ksState>
      <x>-166.13421245987396</x>
      <y>-733.6692100725913</y>
      <steeringAngle>0.0</steeringAngle>
      <velocity>0.0</velocity>
      <orientation>2.7016690748130023</orientation>
      <time>14</time>
    </ksState>
    <ksState>
      <x>-166.13421245987396</x>
      <y>-733.6692100725913</y>
      <steeringAngle>0.0</steeringAngle>
      <velocity>0.0</velocity>
      <orientation>2.7016690748130023</orientation>
      <time>15</time>
    </ksState>
    <ksState>
      <x>-166.17062893414527</x>
      <y>-733.6526537345828</y>
      <steeringAngle>0.03553333333333333</steeringAngle>
      <velocity>0.8</velocity>
      <orientation>2.7020366065912444</orientation>
      <time>16</time>
    </ksState>
    <ksState>
      <x>-166.2808351515715</x>
      <y>-733.6050314438038</y>
      <steeringAngle>0.0710666666666667</steeringAngle>
      <velocity>1.6</velocity>
      <orientation>2.70461145318323</orientation>
      <time>17</time>
    </ksState>
    <ksState>
      <x>-166.46650084302857</x>
      <y>-733.5300222887411</y>
      <steeringAngle>0.10660000000000003</steeringAngle>
      <velocity>2.4000000000000004</velocity>
      <orientation>2.7116121574200673</orientation>
      <time>18</time>
    </ksState>
    <ksState>
      <x>-166.72975055897203</x>
      <y>-733.4326933132672</y>
      <steeringAngle>0.14213333333333342</steeringAngle>
      <velocity>3.2000000000000015</velocity>
      <orientation>2.725279798360887</orientation>
      <time>19</time>
    </ksState>
    <ksState>
      <x>-167.07323375300584</x>
      <y>-733.3202714957757</y>
      <steeringAngle>0.17766666666666683</steeringAngle>
      <velocity>4.0000000000000036</velocity>
      <orientation>2.7478897142341077</orientation>
      <time>20</time>
    </ksState>
    <ksState>
      <x>-167.49819403136962</x>
      <y>-733.1982338597699</y>
      <steeringAngle>0.17766666666666667</steeringAngle>
      <velocity>4.800000000000002</velocity>
      <orientation>2.778525251276442</orientation>
      <time>21</time>
    </ksState>
    <ksState>
      <x>-168.00495073240867</x>
      <y>-733.0708716317217</y>
      <steeringAngle>0.17766666666666667</steeringAngle>
      <velocity>5.600000000000001</velocity>
      <orientation>2.814730885952982</orientation>
      <time>22</time>
    </ksState>
    <ksState>
      <x>-168.59494340184852</x>
      <y>-732.946822007311</y>
      <steeringAngle>0.17766666666666667</steeringAngle>
      <velocity>6.3999999999999995</velocity>
      <orientation>2.856506618262622</orientation>
      <time>23</time>
    </ksState>
    <ksState>
      <x>-169.2691867660503</x>
      <y>-732.8361603585693</y>
      <steeringAngle>0.17766666666666667</steeringAngle>
      <velocity>7.200000000000002</velocity>
      <orientation>2.9038524482047188</orientation>
      <time>24</time>
    </ksState>
    <ksState>
      <x>-170.02798614723773</x>
      <y>-732.7503981770121</y>
      <steeringAngle>0.17766666666666667</steeringAngle>
      <velocity>8.0</velocity>
      <orientation>2.9567683757788688</orientation>
      <time>25</time>
    </ksState>
    <ksState>
      <x>-170.82915613198983</x>
      <y>-732.6941248699071</y>
      <steeringAngle>0.14213333333333336</steeringAngle>
      <velocity>8.0</velocity>
      <orientation>3.006803187327617</orientation>
      <time>26</time>
    </ksState>
    <ksState>
      <x>-171.6302240556785</x>
      <y>-732.6575668179295</y>
      <steeringAngle>0.1066000000000001</steeringAngle>
      <velocity>8.0</velocity>
      <orientation>3.0455870393346145</orientation>
      <time>27</time>
    </ksState>
    <ksState>
      <x>-172.4307859603179</x>
      <y>-732.6318088846489</y>
      <steeringAngle>0.07106666666666674</steeringAngle>
      <velocity>8.0</velocity>
      <orientation>3.0732195183643016</orientation>
      <time>28</time>
    </ksState>
    <ksState>
      <x>-173.23079077052896</x>
      <y>-732.6080014789325</y>
      <steeringAngle>0.035533333333333354</steeringAngle>
      <velocity>8.0</velocity>
      <orientation>3.0897710389933306</orientation>
      <time>29</time>
    </ksState>
    <ksState>
      <x>-174.03024728745734</x>
      <y>-732.577332555968</y>
      <steeringAngle>2.0816681711721685e-17</steeringAngle>
      <velocity>8.0</velocity>
      <orientation>3.0952835654517354</orientation>
      <time>30</time>
    </ksState>
    <ksState>
      <x>-174.7890130478525</x>
      <y>-732.5335485480635</y>
      <steeringAngle>-0.03553333333333333</steeringAngle>
      <velocity>7.199999999999999</velocity>
      <orientation>3.0901385524692433</orientation>
      <time>31</time>
    </ksState>
    <ksState>
      <x>-175.4667159725995</x>
      <y>-732.4745110972212</y>
      <steeringAngle>-0.07106666666666664</steeringAngle>
      <velocity>6.400000000000001</velocity>
      <orientation>3.07616188034828</orientation>
      <time>32</time>
    </ksState>
    <ksState>
      <x>-176.06279502544888</x>
      <y>-732.4002539585728</y>
      <steeringAngle>-0.10659999999999997</steeringAngle>
      <velocity>5.600000000000004</velocity>
      <orientation>3.0555301124823986</orientation>
      <time>33</time>
    </ksState>
  </ksTrajectory>
</CommonRoadSolution>
