<?xml version="1.0" ?>
<CommonRoadSolution benchmark_id="KS2:SM1:DEU_Guetersloh-11_3_T-1:2020a" computation_time="0.32909654300010516" date="2023-11-26T00:13:30">
  <ksTrajectory planningProblem="1">
    <ksState>
      <x>-491.1526</x>
      <y>-703.79038</y>
      <steeringAngle>0.0</steeringAngle>
      <velocity>4.0</velocity>
      <orientation>0.54941313</orientation>
      <time>0</time>
    </ksState>
    <ksState>
      <x>-490.8455807959901</x>
      <y>-703.6023927460991</y>
      <steeringAngle>0.0</steeringAngle>
      <velocity>3.2</velocity>
      <orientation>0.54941313</orientation>
      <time>1</time>
    </ksState>
    <ksState>
      <x>-490.6067880820419</x>
      <y>-703.456180437682</y>
      <steeringAngle>0.0</steeringAngle>
      <velocity>2.4000000000000004</velocity>
      <orientation>0.54941313</orientation>
      <time>2</time>
    </ksState>
    <ksState>
      <x>-490.43622185806834</x>
      <y>-703.3517430746954</y>
      <steeringAngle>0.0</steeringAngle>
      <velocity>1.6</velocity>
      <orientation>0.54941313</orientation>
      <time>3</time>
    </ksState>
    <ksState>
      <x>-490.333882124035</x>
      <y>-703.2890806571182</y>
      <steeringAngle>0.0</steeringAngle>
      <velocity>0.7999999999999998</velocity>
      <orientation>0.54941313</orientation>
      <time>4</time>
    </ksState>
    <ksState>
      <x>-490.29976887989653</x>
      <y>-703.2681931849228</y>
      <steeringAngle>0.0</steeringAngle>
      <velocity>-3.3306690738754696e-16</velocity>
      <orientation>0.54941313</orientation>
      <time>5</time>
    </ksState>
    <ksState>
      <x>-490.29976887989653</x>
      <y>-703.2681931849228</y>
      <steeringAngle>0.0</steeringAngle>
      <velocity>0.0</velocity>
      <orientation>0.54941313</orientation>
      <time>6</time>
    </ksState>
    <ksState>
      <x>-490.29976887989653</x>
      <y>-703.2681931849228</y>
      <steeringAngle>0.0</steeringAngle>
      <velocity>0.0</velocity>
      <orientation>0.54941313</orientation>
      <time>7</time>
    </ksState>
    <ksState>
      <x>-490.29976887989653</x>
      <y>-703.2681931849228</y>
      <steeringAngle>0.0</steeringAngle>
      <velocity>0.0</velocity>
      <orientation>0.54941313</orientation>
      <time>8</time>
    </ksState>
    <ksState>
      <x>-490.29976887989653</x>
      <y>-703.2681931849228</y>
      <steeringAngle>0.0</steeringAngle>
      <velocity>0.0</velocity>
      <orientation>0.54941313</orientation>
      <time>9</time>
    </ksState>
    <ksState>
      <x>-490.29976887989653</x>
      <y>-703.2681931849228</y>
      <steeringAngle>0.0</steeringAngle>
      <velocity>0.0</velocity>
      <orientation>0.54941313</orientation>
      <time>10</time>
    </ksState>
    <ksState>
      <x>-490.26565563428926</x>
      <y>-703.247305711828</y>
      <steeringAngle>0.0</steeringAngle>
      <velocity>0.8</velocity>
      <orientation>0.54941313</orientation>
      <time>11</time>
    </ksState>
    <ksState>
      <x>-490.1633158984782</x>
      <y>-703.1846432931623</y>
      <steeringAngle>0.0</steeringAngle>
      <velocity>1.6</velocity>
      <orientation>0.54941313</orientation>
      <time>12</time>
    </ksState>
    <ksState>
      <x>-489.9927496726126</x>
      <y>-703.0802059290172</y>
      <steeringAngle>0.0</steeringAngle>
      <velocity>2.4000000000000004</velocity>
      <orientation>0.54941313</orientation>
      <time>13</time>
    </ksState>
    <ksState>
      <x>-489.7539569567377</x>
      <y>-702.9339936194203</y>
      <steeringAngle>0.0</steeringAngle>
      <velocity>3.2000000000000006</velocity>
      <orientation>0.54941313</orientation>
      <time>14</time>
    </ksState>
    <ksState>
      <x>-489.446937750872</x>
      <y>-702.7460063643831</y>
      <steeringAngle>0.0</steeringAngle>
      <velocity>4.000000000000001</velocity>
      <orientation>0.54941313</orientation>
      <time>15</time>
    </ksState>
    <ksState>
      <x>-489.1058053009983</x>
      <y>-702.5371316372302</y>
      <steeringAngle>0.0</steeringAngle>
      <velocity>4.0</velocity>
      <orientation>0.54941313</orientation>
      <time>16</time>
    </ksState>
    <ksState>
      <x>-488.7646728511246</x>
      <y>-702.3282569100775</y>
      <steeringAngle>0.0</steeringAngle>
      <velocity>4.0</velocity>
      <orientation>0.54941313</orientation>
      <time>17</time>
    </ksState>
    <ksState>
      <x>-488.42354040125093</x>
      <y>-702.1193821829246</y>
      <steeringAngle>0.0</steeringAngle>
      <velocity>4.0</velocity>
      <orientation>0.54941313</orientation>
      <time>18</time>
    </ksState>
    <ksState>
      <x>-488.0824079513772</x>
      <y>-701.9105074557717</y>
      <steeringAngle>0.0</steeringAngle>
      <velocity>4.0</velocity>
      <orientation>0.54941313</orientation>
      <time>19</time>
    </ksState>
    <ksState>
      <x>-487.74127550150354</x>
      <y>-701.701632728619</y>
      <steeringAngle>0.0</steeringAngle>
      <velocity>4.0</velocity>
      <orientation>0.54941313</orientation>
      <time>20</time>
    </ksState>
    <ksState>
      <x>-487.36602980576606</x>
      <y>-701.4718705282143</y>
      <steeringAngle>0.0</steeringAngle>
      <velocity>4.8</velocity>
      <orientation>0.54941313</orientation>
      <time>21</time>
    </ksState>
    <ksState>
      <x>-486.92255762001525</x>
      <y>-701.2003333823552</y>
      <steeringAngle>0.0</steeringAngle>
      <velocity>5.6</velocity>
      <orientation>0.54941313</orientation>
      <time>22</time>
    </ksState>
    <ksState>
      <x>-486.4108589442648</x>
      <y>-700.8870212910505</y>
      <steeringAngle>0.0</steeringAngle>
      <velocity>6.4</velocity>
      <orientation>0.54941313</orientation>
      <time>23</time>
    </ksState>
    <ksState>
      <x>-485.83093377852265</x>
      <y>-700.5319342543048</y>
      <steeringAngle>0.0</steeringAngle>
      <velocity>7.199999999999999</velocity>
      <orientation>0.54941313</orientation>
      <time>24</time>
    </ksState>
    <ksState>
      <x>-485.1827821227938</x>
      <y>-700.1350722721212</y>
      <steeringAngle>0.0</steeringAngle>
      <velocity>7.999999999999998</velocity>
      <orientation>0.54941313</orientation>
      <time>25</time>
    </ksState>
    <ksState>
      <x>-484.5005172230464</x>
      <y>-699.7173228178156</y>
      <steeringAngle>0.0</steeringAngle>
      <velocity>8.0</velocity>
      <orientation>0.54941313</orientation>
      <time>26</time>
    </ksState>
    <ksState>
      <x>-483.818252323299</x>
      <y>-699.2995733635098</y>
      <steeringAngle>0.0</steeringAngle>
      <velocity>8.0</velocity>
      <orientation>0.54941313</orientation>
      <time>27</time>
    </ksState>
    <ksState>
      <x>-483.1359874235516</x>
      <y>-698.8818239092042</y>
      <steeringAngle>0.0</steeringAngle>
      <velocity>8.0</velocity>
      <orientation>0.54941313</orientation>
      <time>28</time>
    </ksState>
    <ksState>
      <x>-482.4537225238043</x>
      <y>-698.4640744548985</y>
      <steeringAngle>0.0</steeringAngle>
      <velocity>8.0</velocity>
      <orientation>0.54941313</orientation>
      <time>29</time>
    </ksState>
    <ksState>
      <x>-481.7714576240569</x>
      <y>-698.0463250005928</y>
      <steeringAngle>0.0</steeringAngle>
      <velocity>8.0</velocity>
      <orientation>0.54941313</orientation>
      <time>30</time>
    </ksState>
    <ksState>
      <x>-481.11882671740324</x>
      <y>-697.6568183662762</y>
      <steeringAngle>-0.03553333333333333</steeringAngle>
      <velocity>7.199999999999999</velocity>
      <orientation>0.5442681170175077</orientation>
      <time>31</time>
    </ksState>
    <ksState>
      <x>-480.5247362346693</x>
      <y>-697.3254225709836</y>
      <steeringAngle>-0.07106666666666664</steeringAngle>
      <velocity>6.400000000000001</velocity>
      <orientation>0.5302914448965446</orientation>
      <time>32</time>
    </ksState>
    <ksState>
      <x>-479.98966951017997</x>
      <y>-697.0524244753306</y>
      <steeringAngle>-0.10659999999999997</steeringAngle>
      <velocity>5.600000000000004</velocity>
      <orientation>0.5096596770306632</orientation>
      <time>33</time>
    </ksState>
  </ksTrajectory>
</CommonRoadSolution>
