<?xml version="1.0" ?>
<CommonRoadSolution benchmark_id="KS2:SM1:ITA_Empoli-2_5_T-1:2020a" computation_time="0.3001634820002437" date="2023-11-26T00:13:30">
  <ksTrajectory planningProblem="1">
    <ksState>
      <x>65.077778</x>
      <y>484.13371</y>
      <steeringAngle>0.0</steeringAngle>
      <velocity>4.0</velocity>
      <orientation>1.2585693</orientation>
      <time>0</time>
    </ksState>
    <ksState>
      <x>65.18836234989192</x>
      <y>484.4763046596476</y>
      <steeringAngle>0.0</steeringAngle>
      <velocity>3.2</velocity>
      <orientation>1.2585693</orientation>
      <time>1</time>
    </ksState>
    <ksState>
      <x>65.27437239970641</x>
      <y>484.7427671723926</y>
      <steeringAngle>0.0</steeringAngle>
      <velocity>2.4000000000000004</velocity>
      <orientation>1.2585693</orientation>
      <time>2</time>
    </ksState>
    <ksState>
      <x>65.33580814947476</x>
      <y>484.9330975383318</y>
      <steeringAngle>0.0</steeringAngle>
      <velocity>1.6</velocity>
      <orientation>1.2585693</orientation>
      <time>3</time>
    </ksState>
    <ksState>
      <x>65.37266959920944</x>
      <y>485.047295757504</y>
      <steeringAngle>0.0</steeringAngle>
      <velocity>0.7999999999999998</velocity>
      <orientation>1.2585693</orientation>
      <time>4</time>
    </ksState>
    <ksState>
      <x>65.38495674892673</x>
      <y>485.08536182995954</y>
      <steeringAngle>0.0</steeringAngle>
      <velocity>-3.3306690738754696e-16</velocity>
      <orientation>1.2585693</orientation>
      <time>5</time>
    </ksState>
    <ksState>
      <x>65.38495674892673</x>
      <y>485.08536182995954</y>
      <steeringAngle>0.0</steeringAngle>
      <velocity>0.0</velocity>
      <orientation>1.2585693</orientation>
      <time>6</time>
    </ksState>
    <ksState>
      <x>65.38495674892673</x>
      <y>485.08536182995954</y>
      <steeringAngle>0.0</steeringAngle>
      <velocity>0.0</velocity>
      <orientation>1.2585693</orientation>
      <time>7</time>
    </ksState>
    <ksState>
      <x>65.38495674892673</x>
      <y>485.08536182995954</y>
      <steeringAngle>0.0</steeringAngle>
      <velocity>0.0</velocity>
      <orientation>1.2585693</orientation>
      <time>8</time>
    </ksState>
    <ksState>
      <x>65.38495674892673</x>
      <y>485.08536182995954</y>
      <steeringAngle>0.0</steeringAngle>
      <velocity>0.0</velocity>
      <orientation>1.2585693</orientation>
      <time>9</time>
    </ksState>
    <ksState>
      <x>65.38495674892673</x>
      <y>485.08536182995954</y>
      <steeringAngle>0.0</steeringAngle>
      <velocity>0.0</velocity>
      <orientation>1.2585693</orientation>
      <time>10</time>
    </ksState>
    <ksState>
      <x>65.39724389917308</x>
      <y>485.12342790405415</y>
      <steeringAngle>0.0</steeringAngle>
      <velocity>0.8</velocity>
      <orientation>1.2585693</orientation>
      <time>11</time>
    </ksState>
    <ksState>
      <x>65.43410534954806</x>
      <y>485.23762612521</y>
      <steeringAngle>0.0</steeringAngle>
      <velocity>1.6</velocity>
      <orientation>1.2585693</orientation>
      <time>12</time>
    </ksState>
    <ksState>
      <x>65.49554109999791</x>
      <y>485.4279564932605</y>
      <steeringAngle>0.0</steeringAngle>
      <velocity>2.4000000000000004</velocity>
      <orientation>1.2585693</orientation>
      <time>13</time>
    </ksState>
    <ksState>
      <x>65.58155115050636</x>
      <y>485.6944190081554</y>
      <steeringAngle>0.0</steeringAngle>
      <velocity>3.2000000000000006</velocity>
      <orientation>1.2585693</orientation>
      <time>14</time>
    </ksState>
    <ksState>
      <x>65.6921355010667</x>
      <y>486.03701366987383</y>
      <steeringAngle>0.0</steeringAngle>
      <velocity>4.000000000000001</velocity>
      <orientation>1.2585693</orientation>
      <time>15</time>
    </ksState>
    <ksState>
      <x>65.81500700129736</x>
      <y>486.41767440390225</y>
      <steeringAngle>0.0</steeringAngle>
      <velocity>4.0</velocity>
      <orientation>1.2585693</orientation>
      <time>16</time>
    </ksState>
    <ksState>
      <x>65.93787850152803</x>
      <y>486.7983351379307</y>
      <steeringAngle>0.0</steeringAngle>
      <velocity>4.0</velocity>
      <orientation>1.2585693</orientation>
      <time>17</time>
    </ksState>
    <ksState>
      <x>66.06075000175869</x>
      <y>487.1789958719591</y>
      <steeringAngle>0.0</steeringAngle>
      <velocity>4.0</velocity>
      <orientation>1.2585693</orientation>
      <time>18</time>
    </ksState>
    <ksState>
      <x>66.18362150198936</x>
      <y>487.5596566059876</y>
      <steeringAngle>0.0</steeringAngle>
      <velocity>4.0</velocity>
      <orientation>1.2585693</orientation>
      <time>19</time>
    </ksState>
    <ksState>
      <x>66.30649300222002</x>
      <y>487.940317340016</y>
      <steeringAngle>0.0</steeringAngle>
      <velocity>4.0</velocity>
      <orientation>1.2585693</orientation>
      <time>20</time>
    </ksState>
    <ksState>
      <x>66.42936450245068</x>
      <y>488.32097807404443</y>
      <steeringAngle>0.0</steeringAngle>
      <velocity>4.0</velocity>
      <orientation>1.2585693</orientation>
      <time>21</time>
    </ksState>
    <ksState>
      <x>66.55223600268135</x>
      <y>488.70163880807286</y>
      <steeringAngle>0.0</steeringAngle>
      <velocity>4.0</velocity>
      <orientation>1.2585693</orientation>
      <time>22</time>
    </ksState>
    <ksState>
      <x>66.67510750291201</x>
      <y>489.0822995421013</y>
      <steeringAngle>0.0</steeringAngle>
      <velocity>4.0</velocity>
      <orientation>1.2585693</orientation>
      <time>23</time>
    </ksState>
    <ksState>
      <x>66.79797900314269</x>
      <y>489.46296027612976</y>
      <steeringAngle>0.0</steeringAngle>
      <velocity>4.0</velocity>
      <orientation>1.2585693</orientation>
      <time>24</time>
    </ksState>
    <ksState>
      <x>66.92085050337334</x>
      <y>489.8436210101582</y>
      <steeringAngle>0.0</steeringAngle>
      <velocity>4.0</velocity>
      <orientation>1.2585693</orientation>
      <time>25</time>
    </ksState>
    <ksState>
      <x>67.043722003604</x>
      <y>490.2242817441866</y>
      <steeringAngle>0.0</steeringAngle>
      <velocity>4.0</velocity>
      <orientation>1.2585693</orientation>
      <time>26</time>
    </ksState>
    <ksState>
      <x>67.16659350383468</x>
      <y>490.60494247821504</y>
      <steeringAngle>0.0</steeringAngle>
      <velocity>4.0</velocity>
      <orientation>1.2585693</orientation>
      <time>27</time>
    </ksState>
    <ksState>
      <x>67.28946500406533</x>
      <y>490.98560321224346</y>
      <steeringAngle>0.0</steeringAngle>
      <velocity>4.0</velocity>
      <orientation>1.2585693</orientation>
      <time>28</time>
    </ksState>
    <ksState>
      <x>67.41233650429601</x>
      <y>491.36626394627194</y>
      <steeringAngle>0.0</steeringAngle>
      <velocity>4.0</velocity>
      <orientation>1.2585693</orientation>
      <time>29</time>
    </ksState>
    <ksState>
      <x>67.53520800452667</x>
      <y>491.74692468030037</y>
      <steeringAngle>0.0</steeringAngle>
      <velocity>4.0</velocity>
      <orientation>1.2585693</orientation>
      <time>30</time>
    </ksState>
    <ksState>
      <x>67.64579235441859</x>
      <y>492.08951933994797</y>
      <steeringAngle>0.0</steeringAngle>
      <velocity>3.2</velocity>
      <orientation>1.2585693</orientation>
      <time>31</time>
    </ksState>
    <ksState>
      <x>67.73180240423308</x>
      <y>492.35598185269293</y>
      <steeringAngle>0.0</steeringAngle>
      <velocity>2.4000000000000004</velocity>
      <orientation>1.2585693</orientation>
      <time>32</time>
    </ksState>
    <ksState>
      <x>67.79323815400143</x>
      <y>492.5463122186322</y>
      <steeringAngle>0.0</steeringAngle>
      <velocity>1.6</velocity>
      <orientation>1.2585693</orientation>
      <time>33</time>
    </ksState>
  </ksTrajectory>
</CommonRoadSolution>
