<?xml version="1.0" ?>
<CommonRoadSolution benchmark_id="KS2:SM1:DEU_Flensburg-73_1_T-1:2020a" computation_time="5.983117071999914" date="2023-11-26T00:13:30">
  <ksTrajectory planningProblem="123">
    <ksState>
      <x>-103.32631</x>
      <y>464.74219</y>
      <steeringAngle>0.0</steeringAngle>
      <velocity>12.0</velocity>
      <orientation>-0.15095809</orientation>
      <time>0</time>
    </ksState>
    <ksState>
      <x>-102.13995706124425</x>
      <y>464.56172752549196</y>
      <steeringAngle>0.0</steeringAngle>
      <velocity>12.0</velocity>
      <orientation>-0.15095809</orientation>
      <time>1</time>
    </ksState>
    <ksState>
      <x>-100.95360412248849</x>
      <y>464.38126505098387</y>
      <steeringAngle>0.0</steeringAngle>
      <velocity>12.0</velocity>
      <orientation>-0.15095809</orientation>
      <time>2</time>
    </ksState>
    <ksState>
      <x>-99.76725118373272</x>
      <y>464.20080257647584</y>
      <steeringAngle>0.0</steeringAngle>
      <velocity>12.0</velocity>
      <orientation>-0.15095809</orientation>
      <time>3</time>
    </ksState>
    <ksState>
      <x>-98.58089824497696</x>
      <y>464.0203401019678</y>
      <steeringAngle>0.0</steeringAngle>
      <velocity>12.0</velocity>
      <orientation>-0.15095809</orientation>
      <time>4</time>
    </ksState>
    <ksState>
      <x>-97.3945453062212</x>
      <y>463.8398776274597</y>
      <steeringAngle>0.0</steeringAngle>
      <velocity>12.0</velocity>
      <orientation>-0.15095809</orientation>
      <time>5</time>
    </ksState>
    <ksState>
      <x>-96.20819236746544</x>
      <y>463.6594151529517</y>
      <steeringAngle>0.0</steeringAngle>
      <velocity>12.0</velocity>
      <orientation>-0.15095809</orientation>
      <time>6</time>
    </ksState>
    <ksState>
      <x>-95.02183942870968</x>
      <y>463.4789526784436</y>
      <steeringAngle>0.0</steeringAngle>
      <velocity>12.0</velocity>
      <orientation>-0.15095809</orientation>
      <time>7</time>
    </ksState>
    <ksState>
      <x>-93.83548648995392</x>
      <y>463.29849020393556</y>
      <steeringAngle>0.0</steeringAngle>
      <velocity>12.0</velocity>
      <orientation>-0.15095809</orientation>
      <time>8</time>
    </ksState>
    <ksState>
      <x>-92.64913355119816</x>
      <y>463.1180277294275</y>
      <steeringAngle>0.0</steeringAngle>
      <velocity>12.0</velocity>
      <orientation>-0.15095809</orientation>
      <time>9</time>
    </ksState>
    <ksState>
      <x>-91.4627806124424</x>
      <y>462.93756525491943</y>
      <steeringAngle>0.0</steeringAngle>
      <velocity>12.0</velocity>
      <orientation>-0.15095809</orientation>
      <time>10</time>
    </ksState>
    <ksState>
      <x>-90.27642767368664</x>
      <y>462.7571027804114</y>
      <steeringAngle>0.0</steeringAngle>
      <velocity>12.0</velocity>
      <orientation>-0.15095809</orientation>
      <time>11</time>
    </ksState>
    <ksState>
      <x>-89.09007473493088</x>
      <y>462.5766403059033</y>
      <steeringAngle>0.0</steeringAngle>
      <velocity>12.0</velocity>
      <orientation>-0.15095809</orientation>
      <time>12</time>
    </ksState>
    <ksState>
      <x>-87.90372179617512</x>
      <y>462.3961778313953</y>
      <steeringAngle>0.0</steeringAngle>
      <velocity>12.0</velocity>
      <orientation>-0.15095809</orientation>
      <time>13</time>
    </ksState>
    <ksState>
      <x>-86.71736885741936</x>
      <y>462.21571535688724</y>
      <steeringAngle>0.0</steeringAngle>
      <velocity>12.0</velocity>
      <orientation>-0.15095809</orientation>
      <time>14</time>
    </ksState>
    <ksState>
      <x>-85.5310159186636</x>
      <y>462.03525288237915</y>
      <steeringAngle>0.0</steeringAngle>
      <velocity>12.0</velocity>
      <orientation>-0.15095809</orientation>
      <time>15</time>
    </ksState>
    <ksState>
      <x>-84.34466297990784</x>
      <y>461.8547904078711</y>
      <steeringAngle>0.0</steeringAngle>
      <velocity>12.0</velocity>
      <orientation>-0.15095809</orientation>
      <time>16</time>
    </ksState>
    <ksState>
      <x>-83.15831004115208</x>
      <y>461.67432793336303</y>
      <steeringAngle>0.0</steeringAngle>
      <velocity>12.0</velocity>
      <orientation>-0.15095809</orientation>
      <time>17</time>
    </ksState>
    <ksState>
      <x>-81.97195710239632</x>
      <y>461.493865458855</y>
      <steeringAngle>0.0</steeringAngle>
      <velocity>12.0</velocity>
      <orientation>-0.15095809</orientation>
      <time>18</time>
    </ksState>
    <ksState>
      <x>-80.78560416364056</x>
      <y>461.31340298434696</y>
      <steeringAngle>0.0</steeringAngle>
      <velocity>12.0</velocity>
      <orientation>-0.15095809</orientation>
      <time>19</time>
    </ksState>
    <ksState>
      <x>-79.5992512248848</x>
      <y>461.1329405098389</y>
      <steeringAngle>0.0</steeringAngle>
      <velocity>12.0</velocity>
      <orientation>-0.15095809</orientation>
      <time>20</time>
    </ksState>
    <ksState>
      <x>-78.45244338457057</x>
      <y>460.9584934512212</y>
      <steeringAngle>0.0</steeringAngle>
      <velocity>11.200000000000001</velocity>
      <orientation>-0.15095809</orientation>
      <time>21</time>
    </ksState>
    <ksState>
      <x>-77.3847257406192</x>
      <y>460.7960772243053</y>
      <steeringAngle>0.0</steeringAngle>
      <velocity>10.4</velocity>
      <orientation>-0.15095809</orientation>
      <time>22</time>
    </ksState>
    <ksState>
      <x>-76.39609829272452</x>
      <y>460.64569182904444</y>
      <steeringAngle>0.0</steeringAngle>
      <velocity>9.599999999999998</velocity>
      <orientation>-0.15095809</orientation>
      <time>23</time>
    </ksState>
    <ksState>
      <x>-75.4865610407995</x>
      <y>460.50733726542546</y>
      <steeringAngle>0.0</steeringAngle>
      <velocity>8.799999999999999</velocity>
      <orientation>-0.15095809</orientation>
      <time>24</time>
    </ksState>
    <ksState>
      <x>-74.6561139848157</x>
      <y>460.381013533444</y>
      <steeringAngle>0.0</steeringAngle>
      <velocity>7.999999999999997</velocity>
      <orientation>-0.15095809</orientation>
      <time>25</time>
    </ksState>
    <ksState>
      <x>-73.86383536102589</x>
      <y>460.2699155701111</y>
      <steeringAngle>0.03553333333333333</steeringAngle>
      <velocity>8.0</velocity>
      <orientation>-0.14544555499716122</orientation>
      <time>26</time>
    </ksState>
    <ksState>
      <x>-73.06824007559472</x>
      <y>460.1831214698553</y>
      <steeringAngle>0.07106666666666667</steeringAngle>
      <velocity>8.0</velocity>
      <orientation>-0.12889403411689157</orientation>
      <time>27</time>
    </ksState>
    <ksState>
      <x>-72.26912817879105</x>
      <y>460.1295814006574</y>
      <steeringAngle>0.10659999999999997</steeringAngle>
      <velocity>8.0</velocity>
      <orientation>-0.10126155482619667</orientation>
      <time>28</time>
    </ksState>
    <ksState>
      <x>-71.46740704364294</x>
      <y>460.1184093189155</y>
      <steeringAngle>0.1421333333333333</steeringAngle>
      <velocity>8.0</velocity>
      <orientation>-0.062477702553461745</orientation>
      <time>29</time>
    </ksState>
    <ksState>
      <x>-70.66541461078248</x>
      <y>460.15882583125796</y>
      <steeringAngle>0.17766666666666667</steeringAngle>
      <velocity>8.0</velocity>
      <orientation>-0.012442890304307064</orientation>
      <time>30</time>
    </ksState>
    <ksState>
      <x>-69.86640429043366</x>
      <y>460.24081172403834</y>
      <steeringAngle>0.14213333333333336</steeringAngle>
      <velocity>8.0</velocity>
      <orientation>0.03759192124444137</orientation>
      <time>31</time>
    </ksState>
    <ksState>
      <x>-69.07087637344056</x>
      <y>460.3422059140487</y>
      <steeringAngle>0.1066000000000001</steeringAngle>
      <velocity>8.0</velocity>
      <orientation>0.07637577325143871</orientation>
      <time>32</time>
    </ksState>
    <ksState>
      <x>-68.27769967675555</x>
      <y>460.454155407261</y>
      <steeringAngle>0.07106666666666674</steeringAngle>
      <velocity>8.0</velocity>
      <orientation>0.10400825228112562</orientation>
      <time>33</time>
    </ksState>
    <ksState>
      <x>-67.48540653926932</x>
      <y>460.5679323212351</y>
      <steeringAngle>0.035533333333333354</steeringAngle>
      <velocity>8.0</velocity>
      <orientation>0.12055977291015496</orientation>
      <time>34</time>
    </ksState>
    <ksState>
      <x>-66.69247670607288</x>
      <y>460.67485604141194</y>
      <steeringAngle>2.0816681711721685e-17</steeringAngle>
      <velocity>8.0</velocity>
      <orientation>0.1260722993685598</orientation>
      <time>35</time>
    </ksState>
    <ksState>
      <x>-65.8976789244249</x>
      <y>460.76620515995427</y>
      <steeringAngle>-0.03553333333333333</steeringAngle>
      <velocity>8.0</velocity>
      <orientation>0.12055976436572101</orientation>
      <time>36</time>
    </ksState>
    <ksState>
      <x>-65.10017026651325</x>
      <y>460.83317541152536</y>
      <steeringAngle>-0.07106666666666667</steeringAngle>
      <velocity>8.0</velocity>
      <orientation>0.10400824348545137</orientation>
      <time>37</time>
    </ksState>
    <ksState>
      <x>-64.29997355353576</x>
      <y>460.866814424039</y>
      <steeringAngle>-0.10659999999999997</steeringAngle>
      <velocity>8.0</velocity>
      <orientation>0.07637576419475647</orientation>
      <time>38</time>
    </ksState>
    <ksState>
      <x>-63.49822266216675</x>
      <y>460.85803364146426</y>
      <steeringAngle>-0.1421333333333333</steeringAngle>
      <velocity>8.0</velocity>
      <orientation>0.03759191192202155</orientation>
      <time>39</time>
    </ksState>
    <ksState>
      <x>-62.69748424753174</x>
      <y>460.7976734876941</y>
      <steeringAngle>-0.17766666666666667</steeringAngle>
      <velocity>8.0</velocity>
      <orientation>-0.012442900327133133</orientation>
      <time>40</time>
    </ksState>
    <ksState>
      <x>-61.90136688155728</x>
      <y>460.68627751014895</y>
      <steeringAngle>-0.17766666666666667</steeringAngle>
      <velocity>8.0</velocity>
      <orientation>-0.06814387663764493</orientation>
      <time>41</time>
    </ksState>
    <ksState>
      <x>-61.11268583201188</x>
      <y>460.53073270783096</y>
      <steeringAngle>-0.17766666666666667</steeringAngle>
      <velocity>8.0</velocity>
      <orientation>-0.12384485294815667</orientation>
      <time>42</time>
    </ksState>
    <ksState>
      <x>-60.33388746191593</x>
      <y>460.3315215499782</y>
      <steeringAngle>-0.17766666666666667</steeringAngle>
      <velocity>8.0</velocity>
      <orientation>-0.17954582925866835</orientation>
      <time>43</time>
    </ksState>
    <ksState>
      <x>-59.56738744534124</x>
      <y>460.0892619490779</y>
      <steeringAngle>-0.17766666666666667</steeringAngle>
      <velocity>8.0</velocity>
      <orientation>-0.23524680556918018</orientation>
      <time>44</time>
    </ksState>
    <ksState>
      <x>-58.815563308914285</x>
      <y>459.80470534447824</y>
      <steeringAngle>-0.17766666666666667</steeringAngle>
      <velocity>8.0</velocity>
      <orientation>-0.290947781879692</orientation>
      <time>45</time>
    </ksState>
    <ksState>
      <x>-58.0808060670326</x>
      <y>459.4787532954734</y>
      <steeringAngle>-0.17766666666666667</steeringAngle>
      <velocity>8.0</velocity>
      <orientation>-0.3466487581902038</orientation>
      <time>46</time>
    </ksState>
    <ksState>
      <x>-57.365334783757106</x>
      <y>459.1124012178652</y>
      <steeringAngle>-0.17766666666666667</steeringAngle>
      <velocity>8.0</velocity>
      <orientation>-0.40234973450071554</orientation>
      <time>47</time>
    </ksState>
    <ksState>
      <x>-56.67136873871253</x>
      <y>458.70678547171957</y>
      <steeringAngle>-0.17766666666666667</steeringAngle>
      <velocity>8.0</velocity>
      <orientation>-0.4580507108112272</orientation>
      <time>48</time>
    </ksState>
    <ksState>
      <x>-56.00106047335713</x>
      <y>458.26316419455617</y>
      <steeringAngle>-0.17766666666666667</steeringAngle>
      <velocity>8.0</velocity>
      <orientation>-0.513751687121739</orientation>
      <time>49</time>
    </ksState>
    <ksState>
      <x>-55.356489147271446</x>
      <y>457.7829134085688</y>
      <steeringAngle>-0.17766666666666667</steeringAngle>
      <velocity>8.0</velocity>
      <orientation>-0.5694526634322509</orientation>
      <time>50</time>
    </ksState>
    <ksState>
      <x>-54.739654134832364</x>
      <y>457.26752277014265</y>
      <steeringAngle>-0.17766666666666667</steeringAngle>
      <velocity>8.0</velocity>
      <orientation>-0.6251536397427626</orientation>
      <time>51</time>
    </ksState>
    <ksState>
      <x>-54.152468658916554</x>
      <y>456.718590881077</y>
      <steeringAngle>-0.17766666666666667</steeringAngle>
      <velocity>8.0</velocity>
      <orientation>-0.6808546160532745</orientation>
      <time>52</time>
    </ksState>
    <ksState>
      <x>-53.59675407851782</x>
      <y>456.13782043560957</y>
      <steeringAngle>-0.17766666666666667</steeringAngle>
      <velocity>8.0</velocity>
      <orientation>-0.7365555923637861</orientation>
      <time>53</time>
    </ksState>
    <ksState>
      <x>-53.07423410717998</x>
      <y>455.52701286549524</y>
      <steeringAngle>-0.17766666666666667</steeringAngle>
      <velocity>8.0</velocity>
      <orientation>-0.792256568674298</orientation>
      <time>54</time>
    </ksState>
    <ksState>
      <x>-52.58652949548111</x>
      <y>454.8880627707453</y>
      <steeringAngle>-0.17766666666666667</steeringAngle>
      <velocity>8.0</velocity>
      <orientation>-0.8479575449848098</orientation>
      <time>55</time>
    </ksState>
    <ksState>
      <x>-52.135153042979496</x>
      <y>454.22295207253404</y>
      <steeringAngle>-0.17766666666666667</steeringAngle>
      <velocity>8.0</velocity>
      <orientation>-0.9036585212953215</orientation>
      <time>56</time>
    </ksState>
    <ksState>
      <x>-51.721504766257546</x>
      <y>453.53374375487914</y>
      <steeringAngle>-0.17766666666666667</steeringAngle>
      <velocity>8.0</velocity>
      <orientation>-0.9593594976058333</orientation>
      <time>57</time>
    </ksState>
    <ksState>
      <x>-51.346867740823676</x>
      <y>452.82257562822406</y>
      <steeringAngle>-0.17766666666666667</steeringAngle>
      <velocity>8.0</velocity>
      <orientation>-1.015060473916345</orientation>
      <time>58</time>
    </ksState>
    <ksState>
      <x>-51.01240401448997</x>
      <y>452.0916535913947</y>
      <steeringAngle>-0.17766666666666667</steeringAngle>
      <velocity>8.0</velocity>
      <orientation>-1.0707614502268568</orientation>
      <time>59</time>
    </ksState>
    <ksState>
      <x>-50.71915102584565</x>
      <y>451.3432448150535</y>
      <steeringAngle>-0.17766666666666667</steeringAngle>
      <velocity>8.0</velocity>
      <orientation>-1.1264624265373686</orientation>
      <time>60</time>
    </ksState>
    <ksState>
      <x>-50.468018415879</x>
      <y>450.57967074860056</y>
      <steeringAngle>-0.17766666666666667</steeringAngle>
      <velocity>8.0</velocity>
      <orientation>-1.1821634028478805</orientation>
      <time>61</time>
    </ksState>
    <ksState>
      <x>-50.25978510273581</x>
      <y>449.80329977460866</y>
      <steeringAngle>-0.17766666666666667</steeringAngle>
      <velocity>8.0</velocity>
      <orientation>-1.237864379158392</orientation>
      <time>62</time>
    </ksState>
    <ksState>
      <x>-50.09509699834931</x>
      <y>449.0165400695718</y>
      <steeringAngle>-0.17766666666666667</steeringAngle>
      <velocity>8.0</velocity>
      <orientation>-1.2935653554689037</orientation>
      <time>63</time>
    </ksState>
    <ksState>
      <x>-49.97446493169776</x>
      <y>448.2218320020079</y>
      <steeringAngle>-0.17766666666666667</steeringAngle>
      <velocity>8.0</velocity>
      <orientation>-1.3492663317794156</orientation>
      <time>64</time>
    </ksState>
    <ksState>
      <x>-49.898263079277136</x>
      <y>447.4216405939429</y>
      <steeringAngle>-0.17766666666666667</steeringAngle>
      <velocity>8.0</velocity>
      <orientation>-1.4049673080899274</orientation>
      <time>65</time>
    </ksState>
    <ksState>
      <x>-49.85721744040986</x>
      <y>446.6195462821003</y>
      <steeringAngle>-0.14213333333333336</steeringAngle>
      <velocity>8.0</velocity>
      <orientation>-1.4550021196386758</orientation>
      <time>66</time>
    </ksState>
    <ksState>
      <x>-49.83588156138926</x>
      <y>445.81792848676787</y>
      <steeringAngle>-0.1066000000000001</steeringAngle>
      <velocity>8.0</velocity>
      <orientation>-1.4937859716456732</orientation>
      <time>67</time>
    </ksState>
    <ksState>
      <x>-49.825334241290776</x>
      <y>445.0170217579127</y>
      <steeringAngle>-0.07106666666666674</steeringAngle>
      <velocity>8.0</velocity>
      <orientation>-1.52141845067536</orientation>
      <time>68</time>
    </ksState>
    <ksState>
      <x>-49.81672651535572</x>
      <y>444.21670907153197</y>
      <steeringAngle>-0.035533333333333354</steeringAngle>
      <velocity>8.0</velocity>
      <orientation>-1.5379699713043895</orientation>
      <time>69</time>
    </ksState>
    <ksState>
      <x>-49.801248095674694</x>
      <y>443.4168142510591</y>
      <steeringAngle>-2.0816681711721685e-17</steeringAngle>
      <velocity>8.0</velocity>
      <orientation>-1.5434824977627943</orientation>
      <time>70</time>
    </ksState>
    <ksState>
      <x>-49.77939974932801</x>
      <y>442.6171126506094</y>
      <steeringAngle>0.0</steeringAngle>
      <velocity>8.0</velocity>
      <orientation>-1.5434824977627943</orientation>
      <time>71</time>
    </ksState>
    <ksState>
      <x>-49.75755140298132</x>
      <y>441.8174110501596</y>
      <steeringAngle>0.0</steeringAngle>
      <velocity>8.0</velocity>
      <orientation>-1.5434824977627943</orientation>
      <time>72</time>
    </ksState>
    <ksState>
      <x>-49.73570305663464</x>
      <y>441.01770944970986</y>
      <steeringAngle>0.0</steeringAngle>
      <velocity>8.0</velocity>
      <orientation>-1.5434824977627943</orientation>
      <time>73</time>
    </ksState>
    <ksState>
      <x>-49.713854710287954</x>
      <y>440.21800784926006</y>
      <steeringAngle>0.0</steeringAngle>
      <velocity>8.0</velocity>
      <orientation>-1.5434824977627943</orientation>
      <time>74</time>
    </ksState>
    <ksState>
      <x>-49.69200636394127</x>
      <y>439.4183062488103</y>
      <steeringAngle>0.0</steeringAngle>
      <velocity>8.0</velocity>
      <orientation>-1.5434824977627943</orientation>
      <time>75</time>
    </ksState>
    <ksState>
      <x>-49.66084951117566</x>
      <y>438.61888306569847</y>
      <steeringAngle>0.03553333333333333</steeringAngle>
      <velocity>8.0</velocity>
      <orientation>-1.5379699627599555</orientation>
      <time>76</time>
    </ksState>
    <ksState>
      <x>-49.60518583187231</x>
      <y>437.8205055679907</y>
      <steeringAngle>0.07106666666666667</steeringAngle>
      <velocity>8.0</velocity>
      <orientation>-1.521418441879686</orientation>
      <time>77</time>
    </ksState>
    <ksState>
      <x>-49.51617154696685</x>
      <y>437.02456410047847</y>
      <steeringAngle>0.10659999999999997</steeringAngle>
      <velocity>8.0</velocity>
      <orientation>-1.493785962588991</orientation>
      <time>78</time>
    </ksState>
    <ksState>
      <x>-49.38499804536006</x>
      <y>436.2335678258792</y>
      <steeringAngle>0.1421333333333333</steeringAngle>
      <velocity>8.0</velocity>
      <orientation>-1.455002110316256</orientation>
      <time>79</time>
    </ksState>
    <ksState>
      <x>-49.20300543728877</x>
      <y>435.4514527145032</y>
      <steeringAngle>0.17766666666666667</steeringAngle>
      <velocity>8.0</velocity>
      <orientation>-1.4049672980671013</orientation>
      <time>80</time>
    </ksState>
    <ksState>
      <x>-48.980643379770704</x>
      <y>434.6797046047313</y>
      <steeringAngle>0.14213333333333336</steeringAngle>
      <velocity>8.0</velocity>
      <orientation>-1.354932486518353</orientation>
      <time>81</time>
    </ksState>
    <ksState>
      <x>-48.73980082921301</x>
      <y>433.9148247609858</y>
      <steeringAngle>0.1066000000000001</steeringAngle>
      <velocity>8.0</velocity>
      <orientation>-1.3161486345113556</orientation>
      <time>82</time>
    </ksState>
    <ksState>
      <x>-48.488989186763376</x>
      <y>433.15413010851444</y>
      <steeringAngle>0.07106666666666674</steeringAngle>
      <velocity>8.0</velocity>
      <orientation>-1.2885161554816686</orientation>
      <time>83</time>
    </ksState>
    <ksState>
      <x>-48.23653707759266</x>
      <y>432.3946286789549</y>
      <steeringAngle>0.035533333333333354</steeringAngle>
      <velocity>8.0</velocity>
      <orientation>-1.2719646348526392</orientation>
      <time>84</time>
    </ksState>
    <ksState>
      <x>-47.99071729702987</x>
      <y>431.6332851685871</y>
      <steeringAngle>2.0816681711721685e-17</steeringAngle>
      <velocity>8.0</velocity>
      <orientation>-1.2664521083942344</orientation>
      <time>85</time>
    </ksState>
    <ksState>
      <x>-47.75987510436341</x>
      <y>430.86728252025233</y>
      <steeringAngle>-0.03553333333333333</steeringAngle>
      <velocity>8.0</velocity>
      <orientation>-1.2719646433970733</orientation>
      <time>86</time>
    </ksState>
    <ksState>
      <x>-47.55254469529158</x>
      <y>430.0942888750561</y>
      <steeringAngle>-0.07106666666666667</steeringAngle>
      <velocity>8.0</velocity>
      <orientation>-1.2885161642773428</orientation>
      <time>87</time>
    </ksState>
    <ksState>
      <x>-47.37754060800131</x>
      <y>429.31273917602573</y>
      <steeringAngle>-0.10659999999999997</steeringAngle>
      <velocity>8.0</velocity>
      <orientation>-1.3161486435680376</orientation>
      <time>88</time>
    </ksState>
    <ksState>
      <x>-47.24400842884498</x>
      <y>428.52213766383176</y>
      <steeringAngle>-0.1421333333333333</steeringAngle>
      <velocity>8.0</velocity>
      <orientation>-1.3549324958407727</orientation>
      <time>89</time>
    </ksState>
    <ksState>
      <x>-47.16141771207471</x>
      <y>427.72338605642256</y>
      <steeringAngle>-0.17766666666666667</steeringAngle>
      <velocity>8.0</velocity>
      <orientation>-1.4049673080899274</orientation>
      <time>90</time>
    </ksState>
    <ksState>
      <x>-47.120372073207434</x>
      <y>426.92129174457995</y>
      <steeringAngle>-0.14213333333333336</steeringAngle>
      <velocity>8.0</velocity>
      <orientation>-1.4550021196386758</orientation>
      <time>91</time>
    </ksState>
    <ksState>
      <x>-47.09903619418683</x>
      <y>426.1196739492475</y>
      <steeringAngle>-0.1066000000000001</steeringAngle>
      <velocity>8.0</velocity>
      <orientation>-1.4937859716456732</orientation>
      <time>92</time>
    </ksState>
    <ksState>
      <x>-47.08848887408835</x>
      <y>425.3187672203923</y>
      <steeringAngle>-0.07106666666666674</steeringAngle>
      <velocity>8.0</velocity>
      <orientation>-1.52141845067536</orientation>
      <time>93</time>
    </ksState>
    <ksState>
      <x>-47.07988114815329</x>
      <y>424.5184545340116</y>
      <steeringAngle>-0.035533333333333354</steeringAngle>
      <velocity>8.0</velocity>
      <orientation>-1.5379699713043895</orientation>
      <time>94</time>
    </ksState>
    <ksState>
      <x>-47.06440272847227</x>
      <y>423.71855971353875</y>
      <steeringAngle>-2.0816681711721685e-17</steeringAngle>
      <velocity>8.0</velocity>
      <orientation>-1.5434824977627943</orientation>
      <time>95</time>
    </ksState>
    <ksState>
      <x>-47.04364679946277</x>
      <y>422.9588431938381</y>
      <steeringAngle>0.0</steeringAngle>
      <velocity>7.200000000000001</velocity>
      <orientation>-1.5434824977627943</orientation>
      <time>96</time>
    </ksState>
    <ksState>
      <x>-47.02507570509597</x>
      <y>422.2790968344766</y>
      <steeringAngle>0.0</steeringAngle>
      <velocity>6.400000000000001</velocity>
      <orientation>-1.5434824977627943</orientation>
      <time>97</time>
    </ksState>
    <ksState>
      <x>-47.00868944536642</x>
      <y>421.6793206352542</y>
      <steeringAngle>0.0</steeringAngle>
      <velocity>5.600000000000001</velocity>
      <orientation>-1.5434824977627943</orientation>
      <time>98</time>
    </ksState>
    <ksState>
      <x>-46.99448802027256</x>
      <y>421.15951459611443</y>
      <steeringAngle>0.0</steeringAngle>
      <velocity>4.800000000000001</velocity>
      <orientation>-1.5434824977627943</orientation>
      <time>99</time>
    </ksState>
  </ksTrajectory>
</CommonRoadSolution>
