<?xml version="1.0" ?>
<CommonRoadSolution benchmark_id="KS2:SM1:ITA_Foggia-1_1_T-1:2020a" computation_time="0.284692183999141" date="2023-11-26T00:13:30">
  <ksTrajectory planningProblem="1">
    <ksState>
      <x>-833.16125</x>
      <y>731.27434</y>
      <steeringAngle>0.0</steeringAngle>
      <velocity>16.0</velocity>
      <orientation>0.1466941</orientation>
      <time>0</time>
    </ksState>
    <ksState>
      <x>-831.6180048660909</x>
      <y>731.5023629278409</y>
      <steeringAngle>0.0</steeringAngle>
      <velocity>15.2</velocity>
      <orientation>0.1466941</orientation>
      <time>1</time>
    </ksState>
    <ksState>
      <x>-830.1539005088373</x>
      <y>731.7186923721202</y>
      <steeringAngle>0.0</steeringAngle>
      <velocity>14.400000000000002</velocity>
      <orientation>0.1466941</orientation>
      <time>2</time>
    </ksState>
    <ksState>
      <x>-828.768936927873</x>
      <y>731.9233283328923</y>
      <steeringAngle>0.0</steeringAngle>
      <velocity>13.600000000000001</velocity>
      <orientation>0.1466941</orientation>
      <time>3</time>
    </ksState>
    <ksState>
      <x>-827.4631141230873</x>
      <y>732.1162708101734</y>
      <steeringAngle>0.0</steeringAngle>
      <velocity>12.800000000000004</velocity>
      <orientation>0.1466941</orientation>
      <time>4</time>
    </ksState>
    <ksState>
      <x>-826.2364320944449</x>
      <y>732.297519803969</y>
      <steeringAngle>0.0</steeringAngle>
      <velocity>12.000000000000002</velocity>
      <orientation>0.1466941</orientation>
      <time>5</time>
    </ksState>
    <ksState>
      <x>-825.0888908412624</x>
      <y>732.4670753143796</y>
      <steeringAngle>0.0</steeringAngle>
      <velocity>11.200000000000001</velocity>
      <orientation>0.1466941</orientation>
      <time>6</time>
    </ksState>
    <ksState>
      <x>-824.0204903646408</x>
      <y>732.6249373412429</y>
      <steeringAngle>0.0</steeringAngle>
      <velocity>10.4</velocity>
      <orientation>0.1466941</orientation>
      <time>7</time>
    </ksState>
    <ksState>
      <x>-823.0312306642737</x>
      <y>732.771105884604</y>
      <steeringAngle>0.0</steeringAngle>
      <velocity>9.599999999999998</velocity>
      <orientation>0.1466941</orientation>
      <time>8</time>
    </ksState>
    <ksState>
      <x>-822.1211117400742</x>
      <y>732.9055809444758</y>
      <steeringAngle>0.0</steeringAngle>
      <velocity>8.799999999999999</velocity>
      <orientation>0.1466941</orientation>
      <time>9</time>
    </ksState>
    <ksState>
      <x>-821.2901335920138</x>
      <y>733.0283625208625</y>
      <steeringAngle>0.0</steeringAngle>
      <velocity>7.999999999999997</velocity>
      <orientation>0.1466941</orientation>
      <time>10</time>
    </ksState>
    <ksState>
      <x>-820.5370580299856</x>
      <y>733.1309281894462</y>
      <steeringAngle>-0.03553333333333333</steeringAngle>
      <velocity>7.199999999999999</velocity>
      <orientation>0.14154908701750768</orientation>
      <time>11</time>
    </ksState>
    <ksState>
      <x>-819.8606144599315</x>
      <y>733.2029751973313</y>
      <steeringAngle>-0.07106666666666664</steeringAngle>
      <velocity>6.400000000000001</velocity>
      <orientation>0.12757241489654456</orientation>
      <time>12</time>
    </ksState>
    <ksState>
      <x>-819.2613599756096</x>
      <y>733.2444290621231</y>
      <steeringAngle>-0.10659999999999997</steeringAngle>
      <velocity>5.600000000000004</velocity>
      <orientation>0.1069406470306632</orientation>
      <time>13</time>
    </ksState>
    <ksState>
      <x>-818.7403502317779</x>
      <y>733.2581741147796</y>
      <steeringAngle>-0.1421333333333333</steeringAngle>
      <velocity>4.800000000000003</velocity>
      <orientation>0.08182443952201493</orientation>
      <time>14</time>
    </ksState>
    <ksState>
      <x>-818.2987443264692</x>
      <y>733.2494202551957</y>
      <steeringAngle>-0.17766666666666653</steeringAngle>
      <velocity>4.000000000000006</velocity>
      <orientation>0.05439954293686512</orientation>
      <time>15</time>
    </ksState>
    <ksState>
      <x>-817.9375766673872</x>
      <y>733.2288586546977</y>
      <steeringAngle>-0.17766666666666667</steeringAngle>
      <velocity>3.2000000000000006</velocity>
      <orientation>0.02933410366868753</orientation>
      <time>16</time>
    </ksState>
    <ksState>
      <x>-817.6570915950598</x>
      <y>733.206611810634</y>
      <steeringAngle>-0.17766666666666667</steeringAngle>
      <velocity>2.4000000000000012</velocity>
      <orientation>0.009838762038657752</orientation>
      <time>17</time>
    </ksState>
    <ksState>
      <x>-817.4570370589832</x>
      <y>733.1873755830297</y>
      <steeringAngle>-0.17766666666666667</steeringAngle>
      <velocity>1.6000000000000005</velocity>
      <orientation>-0.00408648196032322</orientation>
      <time>18</time>
    </ksState>
    <ksState>
      <x>-817.3371397403741</x>
      <y>733.1744973270363</y>
      <steeringAngle>-0.17766666666666667</steeringAngle>
      <velocity>0.8000000000000004</velocity>
      <orientation>-0.012441628331077328</orientation>
      <time>19</time>
    </ksState>
    <ksState>
      <x>-817.2971983958348</x>
      <y>733.1699820071825</y>
      <steeringAngle>-0.17766666666666667</steeringAngle>
      <velocity>2.7755575615628914e-16</velocity>
      <orientation>-0.015226677077292694</orientation>
      <time>20</time>
    </ksState>
    <ksState>
      <x>-817.2971983958348</x>
      <y>733.1699820071825</y>
      <steeringAngle>-0.14213333333333336</steeringAngle>
      <velocity>0.0</velocity>
      <orientation>-0.015226677077292694</orientation>
      <time>21</time>
    </ksState>
    <ksState>
      <x>-817.2971983958348</x>
      <y>733.1699820071825</y>
      <steeringAngle>-0.10660000000000001</steeringAngle>
      <velocity>0.0</velocity>
      <orientation>-0.015226677077292694</orientation>
      <time>22</time>
    </ksState>
    <ksState>
      <x>-817.2971983958348</x>
      <y>733.1699820071825</y>
      <steeringAngle>-0.07106666666666668</steeringAngle>
      <velocity>0.0</velocity>
      <orientation>-0.015226677077292694</orientation>
      <time>23</time>
    </ksState>
    <ksState>
      <x>-817.2971983958348</x>
      <y>733.1699820071825</y>
      <steeringAngle>-0.03553333333333333</steeringAngle>
      <velocity>0.0</velocity>
      <orientation>-0.015226677077292694</orientation>
      <time>24</time>
    </ksState>
    <ksState>
      <x>-817.2971983958348</x>
      <y>733.1699820071825</y>
      <steeringAngle>-0.0</steeringAngle>
      <velocity>0.0</velocity>
      <orientation>-0.015226677077292694</orientation>
      <time>25</time>
    </ksState>
    <ksState>
      <x>-817.2971983958348</x>
      <y>733.1699820071825</y>
      <steeringAngle>0.0</steeringAngle>
      <velocity>0.0</velocity>
      <orientation>-0.015226677077292694</orientation>
      <time>26</time>
    </ksState>
    <ksState>
      <x>-817.2971983958348</x>
      <y>733.1699820071825</y>
      <steeringAngle>0.0</steeringAngle>
      <velocity>0.0</velocity>
      <orientation>-0.015226677077292694</orientation>
      <time>27</time>
    </ksState>
    <ksState>
      <x>-817.2971983958348</x>
      <y>733.1699820071825</y>
      <steeringAngle>0.0</steeringAngle>
      <velocity>0.0</velocity>
      <orientation>-0.015226677077292694</orientation>
      <time>28</time>
    </ksState>
    <ksState>
      <x>-817.2971983958348</x>
      <y>733.1699820071825</y>
      <steeringAngle>0.0</steeringAngle>
      <velocity>0.0</velocity>
      <orientation>-0.015226677077292694</orientation>
      <time>29</time>
    </ksState>
    <ksState>
      <x>-817.2971983958348</x>
      <y>733.1699820071825</y>
      <steeringAngle>0.0</steeringAngle>
      <velocity>0.0</velocity>
      <orientation>-0.015226677077292694</orientation>
      <time>30</time>
    </ksState>
    <ksState>
      <x>-817.2971983958348</x>
      <y>733.1699820071825</y>
      <steeringAngle>0.0</steeringAngle>
      <velocity>0.0</velocity>
      <orientation>-0.015226677077292694</orientation>
      <time>31</time>
    </ksState>
    <ksState>
      <x>-817.2971983958348</x>
      <y>733.1699820071825</y>
      <steeringAngle>0.0</steeringAngle>
      <velocity>0.0</velocity>
      <orientation>-0.015226677077292694</orientation>
      <time>32</time>
    </ksState>
    <ksState>
      <x>-817.2971983958348</x>
      <y>733.1699820071825</y>
      <steeringAngle>0.0</steeringAngle>
      <velocity>0.0</velocity>
      <orientation>-0.015226677077292694</orientation>
      <time>33</time>
    </ksState>
  </ksTrajectory>
</CommonRoadSolution>
