<?xml version="1.0" ?>
<CommonRoadSolution benchmark_id="KS2:SM1:ESP_Cambre-2_1_T-1:2020a" computation_time="0.36685809700065874" date="2023-11-26T00:13:30">
  <ksTrajectory planningProblem="1">
    <ksState>
      <x>-417.80088</x>
      <y>-884.05324</y>
      <steeringAngle>0.0</steeringAngle>
      <velocity>8.0</velocity>
      <orientation>0.046537792</orientation>
      <time>0</time>
    </ksState>
    <ksState>
      <x>-417.0408800007269</x>
      <y>-884.0178712781138</y>
      <steeringAngle>0.0</steeringAngle>
      <velocity>7.200000000000001</velocity>
      <orientation>0.046537792</orientation>
      <time>1</time>
    </ksState>
    <ksState>
      <x>-416.3608800017481</x>
      <y>-883.9862255796013</y>
      <steeringAngle>0.0</steeringAngle>
      <velocity>6.400000000000001</velocity>
      <orientation>0.046537792</orientation>
      <time>2</time>
    </ksState>
    <ksState>
      <x>-415.7608800028635</x>
      <y>-883.9583029044533</y>
      <steeringAngle>0.0</steeringAngle>
      <velocity>5.600000000000001</velocity>
      <orientation>0.046537792</orientation>
      <time>3</time>
    </ksState>
    <ksState>
      <x>-415.24088000401645</x>
      <y>-883.9341032526669</y>
      <steeringAngle>0.0</steeringAngle>
      <velocity>4.800000000000001</velocity>
      <orientation>0.046537792</orientation>
      <time>4</time>
    </ksState>
    <ksState>
      <x>-414.8008800051863</x>
      <y>-883.9136266242413</y>
      <steeringAngle>0.0</steeringAngle>
      <velocity>4.000000000000001</velocity>
      <orientation>0.046537792</orientation>
      <time>5</time>
    </ksState>
    <ksState>
      <x>-414.44088000621394</x>
      <y>-883.8968730191691</y>
      <steeringAngle>0.0</steeringAngle>
      <velocity>3.2</velocity>
      <orientation>0.046537792</orientation>
      <time>6</time>
    </ksState>
    <ksState>
      <x>-414.1608800073435</x>
      <y>-883.8838424374617</y>
      <steeringAngle>0.0</steeringAngle>
      <velocity>2.4000000000000004</velocity>
      <orientation>0.046537792</orientation>
      <time>7</time>
    </ksState>
    <ksState>
      <x>-413.96088000847305</x>
      <y>-883.8745348791142</y>
      <steeringAngle>0.0</steeringAngle>
      <velocity>1.6</velocity>
      <orientation>0.046537792</orientation>
      <time>8</time>
    </ksState>
    <ksState>
      <x>-413.84088000956206</x>
      <y>-883.8689503441249</y>
      <steeringAngle>0.0</steeringAngle>
      <velocity>0.7999999999999998</velocity>
      <orientation>0.046537792</orientation>
      <time>9</time>
    </ksState>
    <ksState>
      <x>-413.80088001055753</x>
      <y>-883.8670888324913</y>
      <steeringAngle>0.0</steeringAngle>
      <velocity>-3.3306690738754696e-16</velocity>
      <orientation>0.046537792</orientation>
      <time>10</time>
    </ksState>
    <ksState>
      <x>-413.80088001055753</x>
      <y>-883.8670888324913</y>
      <steeringAngle>0.0</steeringAngle>
      <velocity>0.0</velocity>
      <orientation>0.046537792</orientation>
      <time>11</time>
    </ksState>
    <ksState>
      <x>-413.80088001055753</x>
      <y>-883.8670888324913</y>
      <steeringAngle>0.0</steeringAngle>
      <velocity>0.0</velocity>
      <orientation>0.046537792</orientation>
      <time>12</time>
    </ksState>
    <ksState>
      <x>-413.80088001055753</x>
      <y>-883.8670888324913</y>
      <steeringAngle>0.0</steeringAngle>
      <velocity>0.0</velocity>
      <orientation>0.046537792</orientation>
      <time>13</time>
    </ksState>
    <ksState>
      <x>-413.80088001055753</x>
      <y>-883.8670888324913</y>
      <steeringAngle>0.0</steeringAngle>
      <velocity>0.0</velocity>
      <orientation>0.046537792</orientation>
      <time>14</time>
    </ksState>
    <ksState>
      <x>-413.80088001055753</x>
      <y>-883.8670888324913</y>
      <steeringAngle>0.0</steeringAngle>
      <velocity>0.0</velocity>
      <orientation>0.046537792</orientation>
      <time>15</time>
    </ksState>
    <ksState>
      <x>-413.80088001055753</x>
      <y>-883.8670888324913</y>
      <steeringAngle>0.0</steeringAngle>
      <velocity>0.0</velocity>
      <orientation>0.046537792</orientation>
      <time>16</time>
    </ksState>
    <ksState>
      <x>-413.80088001055753</x>
      <y>-883.8670888324913</y>
      <steeringAngle>0.0</steeringAngle>
      <velocity>0.0</velocity>
      <orientation>0.046537792</orientation>
      <time>17</time>
    </ksState>
    <ksState>
      <x>-413.80088001055753</x>
      <y>-883.8670888324913</y>
      <steeringAngle>0.0</steeringAngle>
      <velocity>0.0</velocity>
      <orientation>0.046537792</orientation>
      <time>18</time>
    </ksState>
    <ksState>
      <x>-413.80088001055753</x>
      <y>-883.8670888324913</y>
      <steeringAngle>0.0</steeringAngle>
      <velocity>0.0</velocity>
      <orientation>0.046537792</orientation>
      <time>19</time>
    </ksState>
    <ksState>
      <x>-413.80088001055753</x>
      <y>-883.8670888324913</y>
      <steeringAngle>0.0</steeringAngle>
      <velocity>0.0</velocity>
      <orientation>0.046537792</orientation>
      <time>20</time>
    </ksState>
    <ksState>
      <x>-413.80088001055753</x>
      <y>-883.8670888324913</y>
      <steeringAngle>0.0</steeringAngle>
      <velocity>0.0</velocity>
      <orientation>0.046537792</orientation>
      <time>21</time>
    </ksState>
    <ksState>
      <x>-413.80088001055753</x>
      <y>-883.8670888324913</y>
      <steeringAngle>0.0</steeringAngle>
      <velocity>0.0</velocity>
      <orientation>0.046537792</orientation>
      <time>22</time>
    </ksState>
    <ksState>
      <x>-413.80088001055753</x>
      <y>-883.8670888324913</y>
      <steeringAngle>0.0</steeringAngle>
      <velocity>0.0</velocity>
      <orientation>0.046537792</orientation>
      <time>23</time>
    </ksState>
    <ksState>
      <x>-413.80088001055753</x>
      <y>-883.8670888324913</y>
      <steeringAngle>0.0</steeringAngle>
      <velocity>0.0</velocity>
      <orientation>0.046537792</orientation>
      <time>24</time>
    </ksState>
    <ksState>
      <x>-413.80088001055753</x>
      <y>-883.8670888324913</y>
      <steeringAngle>0.0</steeringAngle>
      <velocity>0.0</velocity>
      <orientation>0.046537792</orientation>
      <time>25</time>
    </ksState>
    <ksState>
      <x>-413.80088001055753</x>
      <y>-883.8670888324913</y>
      <steeringAngle>0.0</steeringAngle>
      <velocity>0.0</velocity>
      <orientation>0.046537792</orientation>
      <time>26</time>
    </ksState>
    <ksState>
      <x>-413.80088001055753</x>
      <y>-883.8670888324913</y>
      <steeringAngle>0.0</steeringAngle>
      <velocity>0.0</velocity>
      <orientation>0.046537792</orientation>
      <time>27</time>
    </ksState>
    <ksState>
      <x>-413.80088001055753</x>
      <y>-883.8670888324913</y>
      <steeringAngle>0.0</steeringAngle>
      <velocity>0.0</velocity>
      <orientation>0.046537792</orientation>
      <time>28</time>
    </ksState>
    <ksState>
      <x>-413.80088001055753</x>
      <y>-883.8670888324913</y>
      <steeringAngle>0.0</steeringAngle>
      <velocity>0.0</velocity>
      <orientation>0.046537792</orientation>
      <time>29</time>
    </ksState>
    <ksState>
      <x>-413.80088001055753</x>
      <y>-883.8670888324913</y>
      <steeringAngle>0.0</steeringAngle>
      <velocity>0.0</velocity>
      <orientation>0.046537792</orientation>
      <time>30</time>
    </ksState>
    <ksState>
      <x>-413.80088001055753</x>
      <y>-883.8670888324913</y>
      <steeringAngle>0.0</steeringAngle>
      <velocity>0.0</velocity>
      <orientation>0.046537792</orientation>
      <time>31</time>
    </ksState>
    <ksState>
      <x>-413.80088001055753</x>
      <y>-883.8670888324913</y>
      <steeringAngle>0.0</steeringAngle>
      <velocity>0.0</velocity>
      <orientation>0.046537792</orientation>
      <time>32</time>
    </ksState>
    <ksState>
      <x>-413.80088001055753</x>
      <y>-883.8670888324913</y>
      <steeringAngle>0.0</steeringAngle>
      <velocity>0.0</velocity>
      <orientation>0.046537792</orientation>
      <time>33</time>
    </ksState>
  </ksTrajectory>
</CommonRoadSolution>
