<?xml version="1.0" ?>
<CommonRoadSolution benchmark_id="KS2:SM1:DEU_Flensburg-28_1_T-1:2020a" computation_time="0.6234516519999715" date="2023-11-26T00:13:30">
  <ksTrajectory planningProblem="123">
    <ksState>
      <x>535.151</x>
      <y>-75.312622</y>
      <steeringAngle>0.0</steeringAngle>
      <velocity>12.0</velocity>
      <orientation>-2.423864</orientation>
      <time>0</time>
    </ksState>
    <ksState>
      <x>534.247038224512</x>
      <y>-76.10183243357065</y>
      <steeringAngle>0.0</steeringAngle>
      <velocity>12.0</velocity>
      <orientation>-2.423864</orientation>
      <time>1</time>
    </ksState>
    <ksState>
      <x>533.3430764490241</x>
      <y>-76.89104286714128</y>
      <steeringAngle>0.0</steeringAngle>
      <velocity>12.0</velocity>
      <orientation>-2.423864</orientation>
      <time>2</time>
    </ksState>
    <ksState>
      <x>532.4391146735362</x>
      <y>-77.68025330071193</y>
      <steeringAngle>0.0</steeringAngle>
      <velocity>12.0</velocity>
      <orientation>-2.423864</orientation>
      <time>3</time>
    </ksState>
    <ksState>
      <x>531.5351528980483</x>
      <y>-78.46946373428256</y>
      <steeringAngle>0.0</steeringAngle>
      <velocity>12.0</velocity>
      <orientation>-2.423864</orientation>
      <time>4</time>
    </ksState>
    <ksState>
      <x>530.6311911225604</x>
      <y>-79.2586741678532</y>
      <steeringAngle>0.0</steeringAngle>
      <velocity>12.0</velocity>
      <orientation>-2.423864</orientation>
      <time>5</time>
    </ksState>
    <ksState>
      <x>529.7272293470725</x>
      <y>-80.04788460142385</y>
      <steeringAngle>0.0</steeringAngle>
      <velocity>12.0</velocity>
      <orientation>-2.423864</orientation>
      <time>6</time>
    </ksState>
    <ksState>
      <x>528.8232675715846</x>
      <y>-80.83709503499448</y>
      <steeringAngle>0.0</steeringAngle>
      <velocity>12.0</velocity>
      <orientation>-2.423864</orientation>
      <time>7</time>
    </ksState>
    <ksState>
      <x>527.9193057960966</x>
      <y>-81.62630546856512</y>
      <steeringAngle>0.0</steeringAngle>
      <velocity>12.0</velocity>
      <orientation>-2.423864</orientation>
      <time>8</time>
    </ksState>
    <ksState>
      <x>527.0153440206087</x>
      <y>-82.41551590213575</y>
      <steeringAngle>0.0</steeringAngle>
      <velocity>12.0</velocity>
      <orientation>-2.423864</orientation>
      <time>9</time>
    </ksState>
    <ksState>
      <x>526.1113822451208</x>
      <y>-83.2047263357064</y>
      <steeringAngle>0.0</steeringAngle>
      <velocity>12.0</velocity>
      <orientation>-2.423864</orientation>
      <time>10</time>
    </ksState>
    <ksState>
      <x>525.228200683101</x>
      <y>-83.95683969034452</y>
      <steeringAngle>-0.03553333333333333</steeringAngle>
      <velocity>11.200000000000001</velocity>
      <orientation>-2.431765273772344</orientation>
      <time>11</time>
    </ksState>
    <ksState>
      <x>524.3817862906352</x>
      <y>-84.62829445184401</y>
      <steeringAngle>-0.07106666666666667</steeringAngle>
      <velocity>10.400000000000007</velocity>
      <orientation>-2.454017704570834</orientation>
      <time>12</time>
    </ksState>
    <ksState>
      <x>523.5684943458147</x>
      <y>-85.21202855478698</y>
      <steeringAngle>-0.10660000000000001</steeringAngle>
      <velocity>9.60000000000001</velocity>
      <orientation>-2.4884657154555057</orientation>
      <time>13</time>
    </ksState>
    <ksState>
      <x>522.7888785080812</x>
      <y>-85.70431250646114</y>
      <steeringAngle>-0.14213333333333344</steeringAngle>
      <velocity>8.800000000000008</velocity>
      <orientation>-2.5329738475763506</orientation>
      <time>14</time>
    </ksState>
    <ksState>
      <x>522.0468601615157</x>
      <y>-86.10467305274595</y>
      <steeringAngle>-0.17766666666666675</steeringAngle>
      <velocity>8.000000000000009</velocity>
      <orientation>-2.5854161453913322</orientation>
      <time>15</time>
    </ksState>
    <ksState>
      <x>521.3207201436444</x>
      <y>-86.44783584794085</y>
      <steeringAngle>-0.14213333333333336</steeringAngle>
      <velocity>8.0</velocity>
      <orientation>-2.6354509569400806</orientation>
      <time>16</time>
    </ksState>
    <ksState>
      <x>520.5875210406829</x>
      <y>-86.77259019347566</y>
      <steeringAngle>-0.1066000000000001</steeringAngle>
      <velocity>8.0</velocity>
      <orientation>-2.674234808947078</orientation>
      <time>17</time>
    </ksState>
    <ksState>
      <x>519.8508743632967</x>
      <y>-87.08709696126074</y>
      <steeringAngle>-0.07106666666666674</steeringAngle>
      <velocity>8.0</velocity>
      <orientation>-2.701867287976765</orientation>
      <time>18</time>
    </ksState>
    <ksState>
      <x>519.1140390080994</x>
      <y>-87.39958399820634</y>
      <steeringAngle>-0.035533333333333354</steeringAngle>
      <velocity>8.0</velocity>
      <orientation>-2.718418808605794</orientation>
      <time>19</time>
    </ksState>
    <ksState>
      <x>518.380204451861</x>
      <y>-87.71826589189578</y>
      <steeringAngle>-2.0816681711721685e-17</steeringAngle>
      <velocity>8.0</velocity>
      <orientation>-2.723931335064199</orientation>
      <time>20</time>
    </ksState>
    <ksState>
      <x>517.6527718522102</x>
      <y>-88.05126737558065</y>
      <steeringAngle>0.03553333333333333</steeringAngle>
      <velocity>8.0</velocity>
      <orientation>-2.71841880006136</orientation>
      <time>21</time>
    </ksState>
    <ksState>
      <x>516.935631365637</x>
      <y>-88.40653431262527</y>
      <steeringAngle>0.07106666666666667</steeringAngle>
      <velocity>8.0</velocity>
      <orientation>-2.7018672791810907</orientation>
      <time>22</time>
    </ksState>
    <ksState>
      <x>516.2334338953767</x>
      <y>-88.79171618574887</y>
      <steeringAngle>0.10659999999999997</steeringAngle>
      <velocity>8.0</velocity>
      <orientation>-2.6742347998903955</orientation>
      <time>23</time>
    </ksState>
    <ksState>
      <x>515.5518516198755</x>
      <y>-89.21400423397674</y>
      <steeringAngle>0.1421333333333333</steeringAngle>
      <velocity>8.0</velocity>
      <orientation>-2.635450947617661</orientation>
      <time>24</time>
    </ksState>
    <ksState>
      <x>514.8978196063465</x>
      <y>-89.67990924802416</y>
      <steeringAngle>0.17766666666666667</steeringAngle>
      <velocity>8.0</velocity>
      <orientation>-2.585416135368506</orientation>
      <time>25</time>
    </ksState>
    <ksState>
      <x>514.2687357270104</x>
      <y>-90.17920225049838</y>
      <steeringAngle>0.14213333333333336</steeringAngle>
      <velocity>8.0</velocity>
      <orientation>-2.535381323819758</orientation>
      <time>26</time>
    </ksState>
    <ksState>
      <x>513.6530354698824</x>
      <y>-90.69297214344635</y>
      <steeringAngle>0.1066000000000001</steeringAngle>
      <velocity>8.0</velocity>
      <orientation>-2.4965974718127604</orientation>
      <time>27</time>
    </ksState>
    <ksState>
      <x>513.0449989179814</x>
      <y>-91.21436871596968</y>
      <steeringAngle>0.07106666666666674</steeringAngle>
      <velocity>8.0</velocity>
      <orientation>-2.4689649927830732</orientation>
      <time>28</time>
    </ksState>
    <ksState>
      <x>512.4386900447016</x>
      <y>-91.73682832121207</y>
      <steeringAngle>0.035533333333333354</steeringAngle>
      <velocity>8.0</velocity>
      <orientation>-2.4524134721540443</orientation>
      <time>29</time>
    </ksState>
    <ksState>
      <x>511.8281539917014</x>
      <y>-92.25385543199253</y>
      <steeringAngle>2.0816681711721685e-17</steeringAngle>
      <velocity>8.0</velocity>
      <orientation>-2.4469009456956394</orientation>
      <time>30</time>
    </ksState>
    <ksState>
      <x>511.2076101567699</x>
      <y>-92.7588044631822</y>
      <steeringAngle>-0.03553333333333333</steeringAngle>
      <velocity>8.0</velocity>
      <orientation>-2.4524134806984783</orientation>
      <time>31</time>
    </ksState>
    <ksState>
      <x>510.57165474568586</x>
      <y>-93.24467048293721</y>
      <steeringAngle>-0.07106666666666667</steeringAngle>
      <velocity>8.0</velocity>
      <orientation>-2.4689650015787477</orientation>
      <time>32</time>
    </ksState>
    <ksState>
      <x>509.9154864118656</x>
      <y>-93.70389752952137</y>
      <steeringAngle>-0.10659999999999997</steeringAngle>
      <velocity>8.0</velocity>
      <orientation>-2.496597480869443</orientation>
      <time>33</time>
    </ksState>
    <ksState>
      <x>509.23516670340985</x>
      <y>-94.12821661728474</y>
      <steeringAngle>-0.1421333333333333</steeringAngle>
      <velocity>8.0</velocity>
      <orientation>-2.5353813331421775</orientation>
      <time>34</time>
    </ksState>
    <ksState>
      <x>508.52792625015667</x>
      <y>-94.50852740876664</y>
      <steeringAngle>-0.17766666666666667</steeringAngle>
      <velocity>8.0</velocity>
      <orientation>-2.5854161453913322</orientation>
      <time>35</time>
    </ksState>
    <ksState>
      <x>507.8017862322853</x>
      <y>-94.85169020396154</y>
      <steeringAngle>-0.14213333333333336</steeringAngle>
      <velocity>8.0</velocity>
      <orientation>-2.6354509569400806</orientation>
      <time>36</time>
    </ksState>
    <ksState>
      <x>507.0685871293238</x>
      <y>-95.17644454949635</y>
      <steeringAngle>-0.1066000000000001</steeringAngle>
      <velocity>8.0</velocity>
      <orientation>-2.674234808947078</orientation>
      <time>37</time>
    </ksState>
    <ksState>
      <x>506.3319404519376</x>
      <y>-95.49095131728143</y>
      <steeringAngle>-0.07106666666666674</steeringAngle>
      <velocity>8.0</velocity>
      <orientation>-2.701867287976765</orientation>
      <time>38</time>
    </ksState>
    <ksState>
      <x>505.5951050967403</x>
      <y>-95.80343835422703</y>
      <steeringAngle>-0.035533333333333354</steeringAngle>
      <velocity>8.0</velocity>
      <orientation>-2.718418808605794</orientation>
      <time>39</time>
    </ksState>
    <ksState>
      <x>504.86127054050195</x>
      <y>-96.12212024791646</y>
      <steeringAngle>-2.0816681711721685e-17</steeringAngle>
      <velocity>8.0</velocity>
      <orientation>-2.723931335064199</orientation>
      <time>40</time>
    </ksState>
    <ksState>
      <x>504.13003848912336</x>
      <y>-96.44661938048338</y>
      <steeringAngle>0.0</steeringAngle>
      <velocity>8.0</velocity>
      <orientation>-2.723931335064199</orientation>
      <time>41</time>
    </ksState>
    <ksState>
      <x>503.3988064377448</x>
      <y>-96.77111851305028</y>
      <steeringAngle>0.0</steeringAngle>
      <velocity>8.0</velocity>
      <orientation>-2.723931335064199</orientation>
      <time>42</time>
    </ksState>
    <ksState>
      <x>502.6675743863662</x>
      <y>-97.09561764561718</y>
      <steeringAngle>0.0</steeringAngle>
      <velocity>8.0</velocity>
      <orientation>-2.723931335064199</orientation>
      <time>43</time>
    </ksState>
    <ksState>
      <x>501.9363423349876</x>
      <y>-97.42011677818411</y>
      <steeringAngle>0.0</steeringAngle>
      <velocity>8.0</velocity>
      <orientation>-2.723931335064199</orientation>
      <time>44</time>
    </ksState>
    <ksState>
      <x>501.2051102836091</x>
      <y>-97.74461591075101</y>
      <steeringAngle>0.0</steeringAngle>
      <velocity>8.0</velocity>
      <orientation>-2.723931335064199</orientation>
      <time>45</time>
    </ksState>
    <ksState>
      <x>500.4738782322305</x>
      <y>-98.06911504331794</y>
      <steeringAngle>0.0</steeringAngle>
      <velocity>8.0</velocity>
      <orientation>-2.723931335064199</orientation>
      <time>46</time>
    </ksState>
    <ksState>
      <x>499.7426461808519</x>
      <y>-98.39361417588484</y>
      <steeringAngle>0.0</steeringAngle>
      <velocity>8.0</velocity>
      <orientation>-2.723931335064199</orientation>
      <time>47</time>
    </ksState>
    <ksState>
      <x>499.01141412947334</x>
      <y>-98.71811330845173</y>
      <steeringAngle>0.0</steeringAngle>
      <velocity>8.0</velocity>
      <orientation>-2.723931335064199</orientation>
      <time>48</time>
    </ksState>
    <ksState>
      <x>498.28018207809475</x>
      <y>-99.04261244101866</y>
      <steeringAngle>0.0</steeringAngle>
      <velocity>8.0</velocity>
      <orientation>-2.723931335064199</orientation>
      <time>49</time>
    </ksState>
    <ksState>
      <x>497.5489500267162</x>
      <y>-99.36711157358556</y>
      <steeringAngle>0.0</steeringAngle>
      <velocity>8.0</velocity>
      <orientation>-2.723931335064199</orientation>
      <time>50</time>
    </ksState>
    <ksState>
      <x>496.81771797533764</x>
      <y>-99.69161070615249</y>
      <steeringAngle>0.0</steeringAngle>
      <velocity>8.0</velocity>
      <orientation>-2.723931335064199</orientation>
      <time>51</time>
    </ksState>
    <ksState>
      <x>496.08648592395906</x>
      <y>-100.01610983871939</y>
      <steeringAngle>0.0</steeringAngle>
      <velocity>8.0</velocity>
      <orientation>-2.723931335064199</orientation>
      <time>52</time>
    </ksState>
    <ksState>
      <x>495.3552538725805</x>
      <y>-100.34060897128629</y>
      <steeringAngle>0.0</steeringAngle>
      <velocity>8.0</velocity>
      <orientation>-2.723931335064199</orientation>
      <time>53</time>
    </ksState>
    <ksState>
      <x>494.6240218212019</x>
      <y>-100.66510810385321</y>
      <steeringAngle>0.0</steeringAngle>
      <velocity>8.0</velocity>
      <orientation>-2.723931335064199</orientation>
      <time>54</time>
    </ksState>
    <ksState>
      <x>493.89278976982337</x>
      <y>-100.98960723642011</y>
      <steeringAngle>0.0</steeringAngle>
      <velocity>8.0</velocity>
      <orientation>-2.723931335064199</orientation>
      <time>55</time>
    </ksState>
    <ksState>
      <x>493.1615577184448</x>
      <y>-101.31410636898704</y>
      <steeringAngle>0.0</steeringAngle>
      <velocity>8.0</velocity>
      <orientation>-2.723931335064199</orientation>
      <time>56</time>
    </ksState>
    <ksState>
      <x>492.4303256670662</x>
      <y>-101.63860550155394</y>
      <steeringAngle>0.0</steeringAngle>
      <velocity>8.0</velocity>
      <orientation>-2.723931335064199</orientation>
      <time>57</time>
    </ksState>
    <ksState>
      <x>491.6990936156876</x>
      <y>-101.96310463412084</y>
      <steeringAngle>0.0</steeringAngle>
      <velocity>8.0</velocity>
      <orientation>-2.723931335064199</orientation>
      <time>58</time>
    </ksState>
    <ksState>
      <x>490.96786156430903</x>
      <y>-102.28760376668777</y>
      <steeringAngle>0.0</steeringAngle>
      <velocity>8.0</velocity>
      <orientation>-2.723931335064199</orientation>
      <time>59</time>
    </ksState>
    <ksState>
      <x>490.2366295129305</x>
      <y>-102.61210289925467</y>
      <steeringAngle>0.0</steeringAngle>
      <velocity>8.0</velocity>
      <orientation>-2.723931335064199</orientation>
      <time>60</time>
    </ksState>
    <ksState>
      <x>489.5053974615519</x>
      <y>-102.9366020318216</y>
      <steeringAngle>0.0</steeringAngle>
      <velocity>8.0</velocity>
      <orientation>-2.723931335064199</orientation>
      <time>61</time>
    </ksState>
    <ksState>
      <x>488.77416541017334</x>
      <y>-103.26110116438849</y>
      <steeringAngle>0.0</steeringAngle>
      <velocity>8.0</velocity>
      <orientation>-2.723931335064199</orientation>
      <time>62</time>
    </ksState>
    <ksState>
      <x>488.04293335879476</x>
      <y>-103.58560029695539</y>
      <steeringAngle>0.0</steeringAngle>
      <velocity>8.0</velocity>
      <orientation>-2.723931335064199</orientation>
      <time>63</time>
    </ksState>
    <ksState>
      <x>487.3117013074162</x>
      <y>-103.91009942952232</y>
      <steeringAngle>0.0</steeringAngle>
      <velocity>8.0</velocity>
      <orientation>-2.723931335064199</orientation>
      <time>64</time>
    </ksState>
    <ksState>
      <x>486.58046925603765</x>
      <y>-104.23459856208922</y>
      <steeringAngle>0.0</steeringAngle>
      <velocity>8.0</velocity>
      <orientation>-2.723931335064199</orientation>
      <time>65</time>
    </ksState>
    <ksState>
      <x>485.8454817989646</x>
      <y>-104.55057579721279</y>
      <steeringAngle>-0.03553333333333333</steeringAngle>
      <velocity>8.0</velocity>
      <orientation>-2.729443870067038</orientation>
      <time>66</time>
    </ksState>
    <ksState>
      <x>485.1008895930145</x>
      <y>-104.84398254709734</y>
      <steeringAngle>-0.07106666666666667</steeringAngle>
      <velocity>8.0</velocity>
      <orientation>-2.745995390947307</orientation>
      <time>67</time>
    </ksState>
    <ksState>
      <x>484.3441409170933</x>
      <y>-105.10623777414618</y>
      <steeringAngle>-0.10659999999999997</steeringAngle>
      <velocity>8.0</velocity>
      <orientation>-2.7736278702380024</orientation>
      <time>68</time>
    </ksState>
    <ksState>
      <x>483.573709056608</x>
      <y>-105.32831060522365</y>
      <steeringAngle>-0.1421333333333333</steeringAngle>
      <velocity>8.0</velocity>
      <orientation>-2.812411722510737</orientation>
      <time>69</time>
    </ksState>
    <ksState>
      <x>482.7894191789141</x>
      <y>-105.5006902576838</y>
      <steeringAngle>-0.17766666666666667</steeringAngle>
      <velocity>8.0</velocity>
      <orientation>-2.8624465347598917</orientation>
      <time>70</time>
    </ksState>
    <ksState>
      <x>481.9971103362771</x>
      <y>-105.63216925767803</y>
      <steeringAngle>-0.14213333333333336</steeringAngle>
      <velocity>8.0</velocity>
      <orientation>-2.91248134630864</orientation>
      <time>71</time>
    </ksState>
    <ksState>
      <x>481.20304627798026</x>
      <y>-105.74401102469038</y>
      <steeringAngle>-0.1066000000000001</steeringAngle>
      <velocity>8.0</velocity>
      <orientation>-2.9512651983156375</orientation>
      <time>72</time>
    </ksState>
    <ksState>
      <x>480.4084688122004</x>
      <y>-105.84505302170945</y>
      <steeringAngle>-0.07106666666666674</steeringAngle>
      <velocity>8.0</velocity>
      <orientation>-2.9788976773453246</orientation>
      <time>73</time>
    </ksState>
    <ksState>
      <x>479.6142622598834</x>
      <y>-105.94410069298199</y>
      <steeringAngle>-0.035533333333333354</steeringAngle>
      <velocity>8.0</velocity>
      <orientation>-2.9954491979743536</orientation>
      <time>74</time>
    </ksState>
    <ksState>
      <x>478.82124779541266</x>
      <y>-106.04992774262091</y>
      <steeringAngle>-2.0816681711721685e-17</steeringAngle>
      <velocity>8.0</velocity>
      <orientation>-3.0009617244327584</orientation>
      <time>75</time>
    </ksState>
    <ksState>
      <x>478.03047477823696</x>
      <y>-106.17127934120052</y>
      <steeringAngle>0.03553333333333333</steeringAngle>
      <velocity>8.0</velocity>
      <orientation>-2.9954491894299196</orientation>
      <time>76</time>
    </ksState>
    <ksState>
      <x>477.2435118430521</x>
      <y>-106.31686235080258</y>
      <steeringAngle>0.07106666666666667</steeringAngle>
      <velocity>8.0</velocity>
      <orientation>-2.97889766854965</orientation>
      <time>77</time>
    </ksState>
    <ksState>
      <x>476.46274042569416</x>
      <y>-106.49530661789943</y>
      <steeringAngle>0.10659999999999997</steeringAngle>
      <velocity>8.0</velocity>
      <orientation>-2.951265189258955</orientation>
      <time>78</time>
    </ksState>
    <ksState>
      <x>475.6916496277612</x>
      <y>-106.71508053649936</y>
      <steeringAngle>0.1421333333333333</steeringAngle>
      <velocity>8.0</velocity>
      <orientation>-2.9124813369862204</orientation>
      <time>79</time>
    </ksState>
    <ksState>
      <x>474.93512939096456</x>
      <y>-106.98434339719971</y>
      <steeringAngle>0.17766666666666667</steeringAngle>
      <velocity>8.0</velocity>
      <orientation>-2.8624465247370656</orientation>
      <time>80</time>
    </ksState>
    <ksState>
      <x>474.19347443195903</x>
      <y>-107.29254455122539</y>
      <steeringAngle>0.14213333333333336</steeringAngle>
      <velocity>8.0</velocity>
      <orientation>-2.8124117131883173</orientation>
      <time>81</time>
    </ksState>
    <ksState>
      <x>473.4607333662467</x>
      <y>-107.61833104595165</y>
      <steeringAngle>0.1066000000000001</steeringAngle>
      <velocity>8.0</velocity>
      <orientation>-2.77362786118132</orientation>
      <time>82</time>
    </ksState>
    <ksState>
      <x>472.7332779025212</x>
      <y>-107.95354945621972</y>
      <steeringAngle>0.07106666666666674</steeringAngle>
      <velocity>8.0</velocity>
      <orientation>-2.7459953821516327</orientation>
      <time>83</time>
    </ksState>
    <ksState>
      <x>472.0071935043065</x>
      <y>-108.2902628886767</y>
      <steeringAngle>0.035533333333333354</steeringAngle>
      <velocity>8.0</velocity>
      <orientation>-2.7294438615226038</orientation>
      <time>84</time>
    </ksState>
    <ksState>
      <x>471.27852889064593</x>
      <y>-108.62059482188027</y>
      <steeringAngle>2.0816681711721685e-17</steeringAngle>
      <velocity>8.0</velocity>
      <orientation>-2.723931335064199</orientation>
      <time>85</time>
    </ksState>
    <ksState>
      <x>470.5435414335729</x>
      <y>-108.93657205700384</y>
      <steeringAngle>-0.03553333333333333</steeringAngle>
      <velocity>8.0</velocity>
      <orientation>-2.729443870067038</orientation>
      <time>86</time>
    </ksState>
    <ksState>
      <x>469.79894922762276</x>
      <y>-109.2299788068884</y>
      <steeringAngle>-0.07106666666666667</steeringAngle>
      <velocity>8.0</velocity>
      <orientation>-2.745995390947307</orientation>
      <time>87</time>
    </ksState>
    <ksState>
      <x>469.04220055170157</x>
      <y>-109.49223403393724</y>
      <steeringAngle>-0.10659999999999997</steeringAngle>
      <velocity>8.0</velocity>
      <orientation>-2.7736278702380024</orientation>
      <time>88</time>
    </ksState>
    <ksState>
      <x>468.27176869121627</x>
      <y>-109.7143068650147</y>
      <steeringAngle>-0.1421333333333333</steeringAngle>
      <velocity>8.0</velocity>
      <orientation>-2.812411722510737</orientation>
      <time>89</time>
    </ksState>
    <ksState>
      <x>467.4874788135224</x>
      <y>-109.88668651747486</y>
      <steeringAngle>-0.17766666666666667</steeringAngle>
      <velocity>8.0</velocity>
      <orientation>-2.8624465347598917</orientation>
      <time>90</time>
    </ksState>
    <ksState>
      <x>466.6951699708854</x>
      <y>-110.01816551746909</y>
      <steeringAngle>-0.14213333333333336</steeringAngle>
      <velocity>8.0</velocity>
      <orientation>-2.91248134630864</orientation>
      <time>91</time>
    </ksState>
    <ksState>
      <x>465.90110591258855</x>
      <y>-110.13000728448144</y>
      <steeringAngle>-0.1066000000000001</steeringAngle>
      <velocity>8.0</velocity>
      <orientation>-2.9512651983156375</orientation>
      <time>92</time>
    </ksState>
    <ksState>
      <x>465.1065284468087</x>
      <y>-110.2310492815005</y>
      <steeringAngle>-0.07106666666666674</steeringAngle>
      <velocity>8.0</velocity>
      <orientation>-2.9788976773453246</orientation>
      <time>93</time>
    </ksState>
    <ksState>
      <x>464.3123218944917</x>
      <y>-110.33009695277305</y>
      <steeringAngle>-0.035533333333333354</steeringAngle>
      <velocity>8.0</velocity>
      <orientation>-2.9954491979743536</orientation>
      <time>94</time>
    </ksState>
    <ksState>
      <x>463.51930743002094</x>
      <y>-110.43592400241197</y>
      <steeringAngle>-2.0816681711721685e-17</steeringAngle>
      <velocity>8.0</velocity>
      <orientation>-3.0009617244327584</orientation>
      <time>95</time>
    </ksState>
    <ksState>
      <x>462.76562384088646</x>
      <y>-110.5339217879255</y>
      <steeringAngle>-0.03553333333333333</steeringAngle>
      <velocity>7.199999999999999</velocity>
      <orientation>-3.0061067374152506</orientation>
      <time>96</time>
    </ksState>
    <ksState>
      <x>462.0887558738763</x>
      <y>-110.60186610371547</y>
      <steeringAngle>-0.07106666666666664</steeringAngle>
      <velocity>6.400000000000001</velocity>
      <orientation>-3.020083409536214</orientation>
      <time>97</time>
    </ksState>
    <ksState>
      <x>461.4892610641052</x>
      <y>-110.6396858464903</y>
      <steeringAngle>-0.10659999999999997</steeringAngle>
      <velocity>5.600000000000004</velocity>
      <orientation>-3.0407151774020953</orientation>
      <time>98</time>
    </ksState>
    <ksState>
      <x>460.96817755884285</x>
      <y>-110.6502716947667</y>
      <steeringAngle>-0.1421333333333333</steeringAngle>
      <velocity>4.800000000000003</velocity>
      <orientation>-3.0658313849107435</orientation>
      <time>99</time>
    </ksState>
  </ksTrajectory>
</CommonRoadSolution>
