<?xml version="1.0" ?>
<CommonRoadSolution benchmark_id="KS2:SM1:BEL_Aarschot-1_2_T-1:2020a" computation_time="0.42227637300000254" date="2023-11-26T00:13:30">
  <ksTrajectory planningProblem="1">
    <ksState>
      <x>-624.03791</x>
      <y>-272.56536</y>
      <steeringAngle>0.0</steeringAngle>
      <velocity>8.0</velocity>
      <orientation>-1.5489751</orientation>
      <time>0</time>
    </ksState>
    <ksState>
      <x>-624.0213271837536</x>
      <y>-273.3251790633963</y>
      <steeringAngle>0.0</steeringAngle>
      <velocity>7.200000000000001</velocity>
      <orientation>-1.5489751</orientation>
      <time>1</time>
    </ksState>
    <ksState>
      <x>-624.0064899271201</x>
      <y>-274.0050171723802</y>
      <steeringAngle>0.0</steeringAngle>
      <velocity>6.400000000000001</velocity>
      <orientation>-1.5489751</orientation>
      <time>2</time>
    </ksState>
    <ksState>
      <x>-623.9933982300953</x>
      <y>-274.6048743271517</y>
      <steeringAngle>0.0</steeringAngle>
      <velocity>5.600000000000001</velocity>
      <orientation>-1.5489751</orientation>
      <time>3</time>
    </ksState>
    <ksState>
      <x>-623.9820520926778</x>
      <y>-275.1247505277674</y>
      <steeringAngle>0.0</steeringAngle>
      <velocity>4.800000000000001</velocity>
      <orientation>-1.5489751</orientation>
      <time>4</time>
    </ksState>
    <ksState>
      <x>-623.9724515148673</x>
      <y>-275.56464577424805</y>
      <steeringAngle>0.0</steeringAngle>
      <velocity>4.000000000000001</velocity>
      <orientation>-1.5489751</orientation>
      <time>5</time>
    </ksState>
    <ksState>
      <x>-623.9645964966602</x>
      <y>-275.9245600667526</y>
      <steeringAngle>0.0</steeringAngle>
      <velocity>3.2</velocity>
      <orientation>-1.5489751</orientation>
      <time>6</time>
    </ksState>
    <ksState>
      <x>-623.9584870380619</x>
      <y>-276.20449340503706</y>
      <steeringAngle>0.0</steeringAngle>
      <velocity>2.4000000000000004</velocity>
      <orientation>-1.5489751</orientation>
      <time>7</time>
    </ksState>
    <ksState>
      <x>-623.9541231390701</x>
      <y>-276.4044457892033</y>
      <steeringAngle>0.0</steeringAngle>
      <velocity>1.6</velocity>
      <orientation>-1.5489751</orientation>
      <time>8</time>
    </ksState>
    <ksState>
      <x>-623.9515047996841</x>
      <y>-276.5244172192919</y>
      <steeringAngle>0.0</steeringAngle>
      <velocity>0.7999999999999998</velocity>
      <orientation>-1.5489751</orientation>
      <time>9</time>
    </ksState>
    <ksState>
      <x>-623.9506320199025</x>
      <y>-276.5644076953558</y>
      <steeringAngle>0.0</steeringAngle>
      <velocity>-3.3306690738754696e-16</velocity>
      <orientation>-1.5489751</orientation>
      <time>10</time>
    </ksState>
    <ksState>
      <x>-623.9506320199025</x>
      <y>-276.5644076953558</y>
      <steeringAngle>0.0</steeringAngle>
      <velocity>0.0</velocity>
      <orientation>-1.5489751</orientation>
      <time>11</time>
    </ksState>
    <ksState>
      <x>-623.9506320199025</x>
      <y>-276.5644076953558</y>
      <steeringAngle>0.0</steeringAngle>
      <velocity>0.0</velocity>
      <orientation>-1.5489751</orientation>
      <time>12</time>
    </ksState>
    <ksState>
      <x>-623.9506320199025</x>
      <y>-276.5644076953558</y>
      <steeringAngle>0.0</steeringAngle>
      <velocity>0.0</velocity>
      <orientation>-1.5489751</orientation>
      <time>13</time>
    </ksState>
    <ksState>
      <x>-623.9506320199025</x>
      <y>-276.5644076953558</y>
      <steeringAngle>0.0</steeringAngle>
      <velocity>0.0</velocity>
      <orientation>-1.5489751</orientation>
      <time>14</time>
    </ksState>
    <ksState>
      <x>-623.9506320199025</x>
      <y>-276.5644076953558</y>
      <steeringAngle>0.0</steeringAngle>
      <velocity>0.0</velocity>
      <orientation>-1.5489751</orientation>
      <time>15</time>
    </ksState>
    <ksState>
      <x>-623.9506320199025</x>
      <y>-276.5644076953558</y>
      <steeringAngle>0.0</steeringAngle>
      <velocity>0.0</velocity>
      <orientation>-1.5489751</orientation>
      <time>16</time>
    </ksState>
    <ksState>
      <x>-623.9506320199025</x>
      <y>-276.5644076953558</y>
      <steeringAngle>0.0</steeringAngle>
      <velocity>0.0</velocity>
      <orientation>-1.5489751</orientation>
      <time>17</time>
    </ksState>
    <ksState>
      <x>-623.9506320199025</x>
      <y>-276.5644076953558</y>
      <steeringAngle>0.0</steeringAngle>
      <velocity>0.0</velocity>
      <orientation>-1.5489751</orientation>
      <time>18</time>
    </ksState>
    <ksState>
      <x>-623.9506320199025</x>
      <y>-276.5644076953558</y>
      <steeringAngle>0.0</steeringAngle>
      <velocity>0.0</velocity>
      <orientation>-1.5489751</orientation>
      <time>19</time>
    </ksState>
    <ksState>
      <x>-623.9506320199025</x>
      <y>-276.5644076953558</y>
      <steeringAngle>0.0</steeringAngle>
      <velocity>0.0</velocity>
      <orientation>-1.5489751</orientation>
      <time>20</time>
    </ksState>
    <ksState>
      <x>-623.9497592400834</x>
      <y>-276.6043981731416</y>
      <steeringAngle>0.0</steeringAngle>
      <velocity>0.8</velocity>
      <orientation>-1.5489751</orientation>
      <time>21</time>
    </ksState>
    <ksState>
      <x>-623.9471409006518</x>
      <y>-276.72436960531417</y>
      <steeringAngle>0.0</steeringAngle>
      <velocity>1.6</velocity>
      <orientation>-1.5489751</orientation>
      <time>22</time>
    </ksState>
    <ksState>
      <x>-623.9427770016117</x>
      <y>-276.92432199169843</y>
      <steeringAngle>0.0</steeringAngle>
      <velocity>2.4000000000000004</velocity>
      <orientation>-1.5489751</orientation>
      <time>23</time>
    </ksState>
    <ksState>
      <x>-623.9366675429641</x>
      <y>-277.2042553322415</y>
      <steeringAngle>0.0</steeringAngle>
      <velocity>3.2000000000000006</velocity>
      <orientation>-1.5489751</orientation>
      <time>24</time>
    </ksState>
    <ksState>
      <x>-623.9288125247095</x>
      <y>-277.5641696269215</y>
      <steeringAngle>0.0</steeringAngle>
      <velocity>4.000000000000001</velocity>
      <orientation>-1.5489751</orientation>
      <time>25</time>
    </ksState>
    <ksState>
      <x>-623.9241204148226</x>
      <y>-278.0041646195627</y>
      <steeringAngle>-0.035533333333333326</steeringAngle>
      <velocity>4.799999999999999</velocity>
      <orientation>-1.552098878669191</orientation>
      <time>26</time>
    </ksState>
    <ksState>
      <x>-623.9323440679043</x>
      <y>-278.5243169019577</y>
      <steeringAngle>-0.07106666666666667</steeringAngle>
      <velocity>5.599999999999998</velocity>
      <orientation>-1.5629494897303637</orientation>
      <time>27</time>
    </ksState>
    <ksState>
      <x>-623.9630807226242</x>
      <y>-279.12422910245823</y>
      <steeringAngle>-0.10659999999999999</steeringAngle>
      <velocity>6.3999999999999995</velocity>
      <orientation>-1.5837664387306916</orientation>
      <time>28</time>
    </ksState>
    <ksState>
      <x>-624.0296099701033</x>
      <y>-279.8025306322782</y>
      <steeringAngle>-0.14213333333333333</steeringAngle>
      <velocity>7.199999999999999</velocity>
      <orientation>-1.6168260097118567</orientation>
      <time>29</time>
    </ksState>
    <ksState>
      <x>-624.1495528712252</x>
      <y>-280.5559247753296</y>
      <steeringAngle>-0.17766666666666664</steeringAngle>
      <velocity>7.9999999999999964</velocity>
      <orientation>-1.6644533317934034</orientation>
      <time>30</time>
    </ksState>
    <ksState>
      <x>-624.306579225195</x>
      <y>-281.3025947935285</y>
      <steeringAngle>-0.1421333333333334</steeringAngle>
      <velocity>7.2</velocity>
      <orientation>-1.7120806535390403</orientation>
      <time>31</time>
    </ksState>
    <ksState>
      <x>-624.4604230350184</x>
      <y>-281.96663739707907</y>
      <steeringAngle>-0.10660000000000011</steeringAngle>
      <velocity>6.4</velocity>
      <orientation>-1.7451402239870082</orientation>
      <time>32</time>
    </ksState>
    <ksState>
      <x>-624.6001641798288</x>
      <y>-282.55089857077803</y>
      <steeringAngle>-0.07106666666666674</steeringAngle>
      <velocity>5.600000000000001</velocity>
      <orientation>-1.7659571722808967</orientation>
      <time>33</time>
    </ksState>
  </ksTrajectory>
</CommonRoadSolution>
