<?xml version="1.0" ?>
<CommonRoadSolution benchmark_id="KS2:SM1:DEU_Guetersloh-40_4_T-1:2020a" computation_time="0.2677115940000476" date="2023-11-26T00:13:30">
  <ksTrajectory planningProblem="1">
    <ksState>
      <x>-640.74813</x>
      <y>528.10758</y>
      <steeringAngle>0.0</steeringAngle>
      <velocity>4.0</velocity>
      <orientation>-1.6866829</orientation>
      <time>0</time>
    </ksState>
    <ksState>
      <x>-640.794380944152</x>
      <y>527.7102629349687</y>
      <steeringAngle>0.0</steeringAngle>
      <velocity>4.0</velocity>
      <orientation>-1.6866829</orientation>
      <time>1</time>
    </ksState>
    <ksState>
      <x>-640.840631888304</x>
      <y>527.3129458699375</y>
      <steeringAngle>0.0</steeringAngle>
      <velocity>4.0</velocity>
      <orientation>-1.6866829</orientation>
      <time>2</time>
    </ksState>
    <ksState>
      <x>-640.886882832456</x>
      <y>526.9156288049062</y>
      <steeringAngle>0.0</steeringAngle>
      <velocity>4.0</velocity>
      <orientation>-1.6866829</orientation>
      <time>3</time>
    </ksState>
    <ksState>
      <x>-640.933133776608</x>
      <y>526.518311739875</y>
      <steeringAngle>0.0</steeringAngle>
      <velocity>4.0</velocity>
      <orientation>-1.6866829</orientation>
      <time>4</time>
    </ksState>
    <ksState>
      <x>-640.97938472076</x>
      <y>526.1209946748437</y>
      <steeringAngle>0.0</steeringAngle>
      <velocity>4.0</velocity>
      <orientation>-1.6866829</orientation>
      <time>5</time>
    </ksState>
    <ksState>
      <x>-641.025635664912</x>
      <y>525.7236776098124</y>
      <steeringAngle>0.0</steeringAngle>
      <velocity>4.0</velocity>
      <orientation>-1.6866829</orientation>
      <time>6</time>
    </ksState>
    <ksState>
      <x>-641.071886609064</x>
      <y>525.3263605447812</y>
      <steeringAngle>0.0</steeringAngle>
      <velocity>4.0</velocity>
      <orientation>-1.6866829</orientation>
      <time>7</time>
    </ksState>
    <ksState>
      <x>-641.118137553216</x>
      <y>524.9290434797499</y>
      <steeringAngle>0.0</steeringAngle>
      <velocity>4.0</velocity>
      <orientation>-1.6866829</orientation>
      <time>8</time>
    </ksState>
    <ksState>
      <x>-641.164388497368</x>
      <y>524.5317264147187</y>
      <steeringAngle>0.0</steeringAngle>
      <velocity>4.0</velocity>
      <orientation>-1.6866829</orientation>
      <time>9</time>
    </ksState>
    <ksState>
      <x>-641.21063944152</x>
      <y>524.1344093496874</y>
      <steeringAngle>0.0</steeringAngle>
      <velocity>4.0</velocity>
      <orientation>-1.6866829</orientation>
      <time>10</time>
    </ksState>
    <ksState>
      <x>-641.256890385672</x>
      <y>523.7370922846561</y>
      <steeringAngle>0.0</steeringAngle>
      <velocity>4.0</velocity>
      <orientation>-1.6866829</orientation>
      <time>11</time>
    </ksState>
    <ksState>
      <x>-641.303141329824</x>
      <y>523.3397752196249</y>
      <steeringAngle>0.0</steeringAngle>
      <velocity>4.0</velocity>
      <orientation>-1.6866829</orientation>
      <time>12</time>
    </ksState>
    <ksState>
      <x>-641.349392273976</x>
      <y>522.9424581545936</y>
      <steeringAngle>0.0</steeringAngle>
      <velocity>4.0</velocity>
      <orientation>-1.6866829</orientation>
      <time>13</time>
    </ksState>
    <ksState>
      <x>-641.395643218128</x>
      <y>522.5451410895624</y>
      <steeringAngle>0.0</steeringAngle>
      <velocity>4.0</velocity>
      <orientation>-1.6866829</orientation>
      <time>14</time>
    </ksState>
    <ksState>
      <x>-641.44189416228</x>
      <y>522.1478240245311</y>
      <steeringAngle>0.0</steeringAngle>
      <velocity>4.0</velocity>
      <orientation>-1.6866829</orientation>
      <time>15</time>
    </ksState>
    <ksState>
      <x>-641.4927702009661</x>
      <y>521.710775251976</y>
      <steeringAngle>0.0</steeringAngle>
      <velocity>4.8</velocity>
      <orientation>-1.6866829</orientation>
      <time>16</time>
    </ksState>
    <ksState>
      <x>-641.5528964284878</x>
      <y>521.1942630663697</y>
      <steeringAngle>0.0</steeringAngle>
      <velocity>5.6</velocity>
      <orientation>-1.6866829</orientation>
      <time>17</time>
    </ksState>
    <ksState>
      <x>-641.6222728448432</x>
      <y>520.598287467728</y>
      <steeringAngle>0.0</steeringAngle>
      <velocity>6.4</velocity>
      <orientation>-1.6866829</orientation>
      <time>18</time>
    </ksState>
    <ksState>
      <x>-641.7008994500313</x>
      <y>519.9228484560605</y>
      <steeringAngle>0.0</steeringAngle>
      <velocity>7.199999999999999</velocity>
      <orientation>-1.6866829</orientation>
      <time>19</time>
    </ksState>
    <ksState>
      <x>-641.7887762440515</x>
      <y>519.1679460313727</y>
      <steeringAngle>0.0</steeringAngle>
      <velocity>7.999999999999998</velocity>
      <orientation>-1.6866829</orientation>
      <time>20</time>
    </ksState>
    <ksState>
      <x>-641.8852047432105</x>
      <y>518.4140600565421</y>
      <steeringAngle>-0.03553333333333333</steeringAngle>
      <velocity>7.199999999999999</velocity>
      <orientation>-1.6918279129824925</orientation>
      <time>21</time>
    </ksState>
    <ksState>
      <x>-641.9912141803858</x>
      <y>517.7421012229502</y>
      <steeringAngle>-0.07106666666666664</steeringAngle>
      <velocity>6.400000000000001</velocity>
      <orientation>-1.7058045851034556</orientation>
      <time>22</time>
    </ksState>
    <ksState>
      <x>-642.1067318781136</x>
      <y>517.1526268626955</y>
      <steeringAngle>-0.10659999999999997</steeringAngle>
      <velocity>5.600000000000004</velocity>
      <orientation>-1.726436352969337</orientation>
      <time>23</time>
    </ksState>
    <ksState>
      <x>-642.2286983505888</x>
      <y>516.6459077499394</y>
      <steeringAngle>-0.1421333333333333</steeringAngle>
      <velocity>4.800000000000003</velocity>
      <orientation>-1.7515525604779851</orientation>
      <time>24</time>
    </ksState>
    <ksState>
      <x>-642.3517814047041</x>
      <y>516.2217109000563</y>
      <steeringAngle>-0.17766666666666653</steeringAngle>
      <velocity>4.000000000000006</velocity>
      <orientation>-1.778977457063135</orientation>
      <time>25</time>
    </ksState>
    <ksState>
      <x>-642.4868944592996</x>
      <y>515.8011488919789</y>
      <steeringAngle>-0.14213333333333333</steeringAngle>
      <velocity>4.8000000000000025</velocity>
      <orientation>-1.8064023567814873</orientation>
      <time>26</time>
    </ksState>
    <ksState>
      <x>-642.6495588976733</x>
      <y>515.305946532482</y>
      <steeringAngle>-0.10660000000000003</steeringAngle>
      <velocity>5.600000000000005</velocity>
      <orientation>-1.8315185690604052</orientation>
      <time>27</time>
    </ksState>
    <ksState>
      <x>-642.838877238697</x>
      <y>514.7358309282479</y>
      <steeringAngle>-0.07106666666666671</steeringAngle>
      <velocity>6.400000000000004</velocity>
      <orientation>-1.8521503386598648</orientation>
      <time>28</time>
    </ksState>
    <ksState>
      <x>-643.0518165939579</x>
      <y>514.0897149706133</y>
      <steeringAngle>-0.035533333333333375</steeringAngle>
      <velocity>7.200000000000006</velocity>
      <orientation>-1.866127006752657</orientation>
      <time>29</time>
    </ksState>
    <ksState>
      <x>-643.2825200584922</x>
      <y>513.365534159023</y>
      <steeringAngle>-2.6346112791397758e-17</steeringAngle>
      <velocity>8.000000000000007</velocity>
      <orientation>-1.8712720195322254</orientation>
      <time>30</time>
    </ksState>
    <ksState>
      <x>-643.5156806346205</x>
      <y>512.6421541314886</y>
      <steeringAngle>-0.03553333333333333</steeringAngle>
      <velocity>7.199999999999999</velocity>
      <orientation>-1.8764170325147178</orientation>
      <time>31</time>
    </ksState>
    <ksState>
      <x>-643.7432222608691</x>
      <y>512.0010679569873</y>
      <steeringAngle>-0.07106666666666664</steeringAngle>
      <velocity>6.400000000000001</velocity>
      <orientation>-1.890393704635681</orientation>
      <time>32</time>
    </ksState>
    <ksState>
      <x>-643.9649712002275</x>
      <y>511.44281016010535</y>
      <steeringAngle>-0.10659999999999997</steeringAngle>
      <velocity>5.600000000000004</velocity>
      <orientation>-1.9110254725015623</orientation>
      <time>33</time>
    </ksState>
  </ksTrajectory>
</CommonRoadSolution>
