<?xml version="1.0" ?>
<CommonRoadSolution benchmark_id="KS2:SM1:ITA_Foggia-3_1_T-1:2020a" computation_time="0.29000683699996443" date="2023-11-26T00:13:30">
  <ksTrajectory planningProblem="1">
    <ksState>
      <x>-342.76117</x>
      <y>-587.56206</y>
      <steeringAngle>0.0</steeringAngle>
      <velocity>4.0</velocity>
      <orientation>-0.52693374</orientation>
      <time>0</time>
    </ksState>
    <ksState>
      <x>-342.4500028817501</x>
      <y>-587.7430987355792</y>
      <steeringAngle>0.0</steeringAngle>
      <velocity>3.2</velocity>
      <orientation>-0.52693374</orientation>
      <time>1</time>
    </ksState>
    <ksState>
      <x>-342.20798401228564</x>
      <y>-587.8839066408636</y>
      <steeringAngle>0.0</steeringAngle>
      <velocity>2.4000000000000004</velocity>
      <orientation>-0.52693374</orientation>
      <time>2</time>
    </ksState>
    <ksState>
      <x>-342.03511339151856</x>
      <y>-587.9844837159045</y>
      <steeringAngle>0.0</steeringAngle>
      <velocity>1.6</velocity>
      <orientation>-0.52693374</orientation>
      <time>3</time>
    </ksState>
    <ksState>
      <x>-341.9313910194138</x>
      <y>-588.0448299607223</y>
      <steeringAngle>0.0</steeringAngle>
      <velocity>0.7999999999999998</velocity>
      <orientation>-0.52693374</orientation>
      <time>4</time>
    </ksState>
    <ksState>
      <x>-341.89681689592555</x>
      <y>-588.0649453753434</y>
      <steeringAngle>0.0</steeringAngle>
      <velocity>-3.3306690738754696e-16</velocity>
      <orientation>-0.52693374</orientation>
      <time>5</time>
    </ksState>
    <ksState>
      <x>-341.89681689592555</x>
      <y>-588.0649453753434</y>
      <steeringAngle>0.0</steeringAngle>
      <velocity>0.0</velocity>
      <orientation>-0.52693374</orientation>
      <time>6</time>
    </ksState>
    <ksState>
      <x>-341.89681689592555</x>
      <y>-588.0649453753434</y>
      <steeringAngle>0.0</steeringAngle>
      <velocity>0.0</velocity>
      <orientation>-0.52693374</orientation>
      <time>7</time>
    </ksState>
    <ksState>
      <x>-341.89681689592555</x>
      <y>-588.0649453753434</y>
      <steeringAngle>0.0</steeringAngle>
      <velocity>0.0</velocity>
      <orientation>-0.52693374</orientation>
      <time>8</time>
    </ksState>
    <ksState>
      <x>-341.89681689592555</x>
      <y>-588.0649453753434</y>
      <steeringAngle>0.0</steeringAngle>
      <velocity>0.0</velocity>
      <orientation>-0.52693374</orientation>
      <time>9</time>
    </ksState>
    <ksState>
      <x>-341.89681689592555</x>
      <y>-588.0649453753434</y>
      <steeringAngle>0.0</steeringAngle>
      <velocity>0.0</velocity>
      <orientation>-0.52693374</orientation>
      <time>10</time>
    </ksState>
    <ksState>
      <x>-341.89681689592555</x>
      <y>-588.0649453753434</y>
      <steeringAngle>0.0</steeringAngle>
      <velocity>0.0</velocity>
      <orientation>-0.52693374</orientation>
      <time>11</time>
    </ksState>
    <ksState>
      <x>-341.89681689592555</x>
      <y>-588.0649453753434</y>
      <steeringAngle>0.0</steeringAngle>
      <velocity>0.0</velocity>
      <orientation>-0.52693374</orientation>
      <time>12</time>
    </ksState>
    <ksState>
      <x>-341.89681689592555</x>
      <y>-588.0649453753434</y>
      <steeringAngle>0.0</steeringAngle>
      <velocity>0.0</velocity>
      <orientation>-0.52693374</orientation>
      <time>13</time>
    </ksState>
    <ksState>
      <x>-341.89681689592555</x>
      <y>-588.0649453753434</y>
      <steeringAngle>0.0</steeringAngle>
      <velocity>0.0</velocity>
      <orientation>-0.52693374</orientation>
      <time>14</time>
    </ksState>
    <ksState>
      <x>-341.89681689592555</x>
      <y>-588.0649453753434</y>
      <steeringAngle>0.0</steeringAngle>
      <velocity>0.0</velocity>
      <orientation>-0.52693374</orientation>
      <time>15</time>
    </ksState>
    <ksState>
      <x>-341.89681689592555</x>
      <y>-588.0649453753434</y>
      <steeringAngle>0.0</steeringAngle>
      <velocity>0.0</velocity>
      <orientation>-0.52693374</orientation>
      <time>16</time>
    </ksState>
    <ksState>
      <x>-341.89681689592555</x>
      <y>-588.0649453753434</y>
      <steeringAngle>0.0</steeringAngle>
      <velocity>0.0</velocity>
      <orientation>-0.52693374</orientation>
      <time>17</time>
    </ksState>
    <ksState>
      <x>-341.89681689592555</x>
      <y>-588.0649453753434</y>
      <steeringAngle>0.0</steeringAngle>
      <velocity>0.0</velocity>
      <orientation>-0.52693374</orientation>
      <time>18</time>
    </ksState>
    <ksState>
      <x>-341.89681689592555</x>
      <y>-588.0649453753434</y>
      <steeringAngle>0.0</steeringAngle>
      <velocity>0.0</velocity>
      <orientation>-0.52693374</orientation>
      <time>19</time>
    </ksState>
    <ksState>
      <x>-341.89681689592555</x>
      <y>-588.0649453753434</y>
      <steeringAngle>0.0</steeringAngle>
      <velocity>0.0</velocity>
      <orientation>-0.52693374</orientation>
      <time>20</time>
    </ksState>
    <ksState>
      <x>-341.89681689592555</x>
      <y>-588.0649453753434</y>
      <steeringAngle>0.0</steeringAngle>
      <velocity>0.0</velocity>
      <orientation>-0.52693374</orientation>
      <time>21</time>
    </ksState>
    <ksState>
      <x>-341.89681689592555</x>
      <y>-588.0649453753434</y>
      <steeringAngle>0.0</steeringAngle>
      <velocity>0.0</velocity>
      <orientation>-0.52693374</orientation>
      <time>22</time>
    </ksState>
    <ksState>
      <x>-341.89681689592555</x>
      <y>-588.0649453753434</y>
      <steeringAngle>0.0</steeringAngle>
      <velocity>0.0</velocity>
      <orientation>-0.52693374</orientation>
      <time>23</time>
    </ksState>
    <ksState>
      <x>-341.89681689592555</x>
      <y>-588.0649453753434</y>
      <steeringAngle>0.0</steeringAngle>
      <velocity>0.0</velocity>
      <orientation>-0.52693374</orientation>
      <time>24</time>
    </ksState>
    <ksState>
      <x>-341.89681689592555</x>
      <y>-588.0649453753434</y>
      <steeringAngle>0.0</steeringAngle>
      <velocity>0.0</velocity>
      <orientation>-0.52693374</orientation>
      <time>25</time>
    </ksState>
    <ksState>
      <x>-341.89681689592555</x>
      <y>-588.0649453753434</y>
      <steeringAngle>0.0</steeringAngle>
      <velocity>0.0</velocity>
      <orientation>-0.52693374</orientation>
      <time>26</time>
    </ksState>
    <ksState>
      <x>-341.89681689592555</x>
      <y>-588.0649453753434</y>
      <steeringAngle>0.0</steeringAngle>
      <velocity>0.0</velocity>
      <orientation>-0.52693374</orientation>
      <time>27</time>
    </ksState>
    <ksState>
      <x>-341.89681689592555</x>
      <y>-588.0649453753434</y>
      <steeringAngle>0.0</steeringAngle>
      <velocity>0.0</velocity>
      <orientation>-0.52693374</orientation>
      <time>28</time>
    </ksState>
    <ksState>
      <x>-341.89681689592555</x>
      <y>-588.0649453753434</y>
      <steeringAngle>0.0</steeringAngle>
      <velocity>0.0</velocity>
      <orientation>-0.52693374</orientation>
      <time>29</time>
    </ksState>
    <ksState>
      <x>-341.89681689592555</x>
      <y>-588.0649453753434</y>
      <steeringAngle>0.0</steeringAngle>
      <velocity>0.0</velocity>
      <orientation>-0.52693374</orientation>
      <time>30</time>
    </ksState>
    <ksState>
      <x>-341.89681689592555</x>
      <y>-588.0649453753434</y>
      <steeringAngle>0.0</steeringAngle>
      <velocity>0.0</velocity>
      <orientation>-0.52693374</orientation>
      <time>31</time>
    </ksState>
    <ksState>
      <x>-341.89681689592555</x>
      <y>-588.0649453753434</y>
      <steeringAngle>0.0</steeringAngle>
      <velocity>0.0</velocity>
      <orientation>-0.52693374</orientation>
      <time>32</time>
    </ksState>
    <ksState>
      <x>-341.89681689592555</x>
      <y>-588.0649453753434</y>
      <steeringAngle>0.0</steeringAngle>
      <velocity>0.0</velocity>
      <orientation>-0.52693374</orientation>
      <time>33</time>
    </ksState>
  </ksTrajectory>
</CommonRoadSolution>
