<?xml version="1.0" ?>
<CommonRoadSolution benchmark_id="KS2:SM1:ESP_SantBoideLlobregat-19_1_T-1:2020a" computation_time="0.8654853879997972" date="2023-11-26T00:13:30">
  <ksTrajectory planningProblem="1">
    <ksState>
      <x>-285.40866</x>
      <y>-406.31533</y>
      <steeringAngle>0.0</steeringAngle>
      <velocity>4.0</velocity>
      <orientation>0.838905</orientation>
      <time>0</time>
    </ksState>
    <ksState>
      <x>-285.1680799891795</x>
      <y>-406.04752175208057</y>
      <steeringAngle>0.0</steeringAngle>
      <velocity>3.2</velocity>
      <orientation>0.838905</orientation>
      <time>1</time>
    </ksState>
    <ksState>
      <x>-284.98096220320645</x>
      <y>-405.83922644838896</y>
      <steeringAngle>0.0</steeringAngle>
      <velocity>2.4000000000000004</velocity>
      <orientation>0.838905</orientation>
      <time>2</time>
    </ksState>
    <ksState>
      <x>-284.8473066420128</x>
      <y>-405.6904440888493</y>
      <steeringAngle>0.0</steeringAngle>
      <velocity>1.6</velocity>
      <orientation>0.838905</orientation>
      <time>3</time>
    </ksState>
    <ksState>
      <x>-284.76711330557146</x>
      <y>-405.6011746734314</y>
      <steeringAngle>0.0</steeringAngle>
      <velocity>0.7999999999999998</velocity>
      <orientation>0.838905</orientation>
      <time>4</time>
    </ksState>
    <ksState>
      <x>-284.74038219384704</x>
      <y>-405.57141820209597</y>
      <steeringAngle>0.0</steeringAngle>
      <velocity>-3.3306690738754696e-16</velocity>
      <orientation>0.838905</orientation>
      <time>5</time>
    </ksState>
    <ksState>
      <x>-284.74038219384704</x>
      <y>-405.57141820209597</y>
      <steeringAngle>0.0</steeringAngle>
      <velocity>0.0</velocity>
      <orientation>0.838905</orientation>
      <time>6</time>
    </ksState>
    <ksState>
      <x>-284.74038219384704</x>
      <y>-405.57141820209597</y>
      <steeringAngle>0.0</steeringAngle>
      <velocity>0.0</velocity>
      <orientation>0.838905</orientation>
      <time>7</time>
    </ksState>
    <ksState>
      <x>-284.74038219384704</x>
      <y>-405.57141820209597</y>
      <steeringAngle>0.0</steeringAngle>
      <velocity>0.0</velocity>
      <orientation>0.838905</orientation>
      <time>8</time>
    </ksState>
    <ksState>
      <x>-284.74038219384704</x>
      <y>-405.57141820209597</y>
      <steeringAngle>0.0</steeringAngle>
      <velocity>0.0</velocity>
      <orientation>0.838905</orientation>
      <time>9</time>
    </ksState>
    <ksState>
      <x>-284.74038219384704</x>
      <y>-405.57141820209597</y>
      <steeringAngle>0.0</steeringAngle>
      <velocity>0.0</velocity>
      <orientation>0.838905</orientation>
      <time>10</time>
    </ksState>
    <ksState>
      <x>-284.7136510809716</x>
      <y>-405.54166172947924</y>
      <steeringAngle>0.0</steeringAngle>
      <velocity>0.8</velocity>
      <orientation>0.838905</orientation>
      <time>11</time>
    </ksState>
    <ksState>
      <x>-284.6334577431372</x>
      <y>-405.4523923125107</y>
      <steeringAngle>0.0</steeringAngle>
      <velocity>1.6</velocity>
      <orientation>0.838905</orientation>
      <time>12</time>
    </ksState>
    <ksState>
      <x>-284.499802180461</x>
      <y>-405.30360995132065</y>
      <steeringAngle>0.0</steeringAngle>
      <velocity>2.4000000000000004</velocity>
      <orientation>0.838905</orientation>
      <time>13</time>
    </ksState>
    <ksState>
      <x>-284.31268439297827</x>
      <y>-405.0953146459484</y>
      <steeringAngle>0.0</steeringAngle>
      <velocity>3.2000000000000006</velocity>
      <orientation>0.838905</orientation>
      <time>14</time>
    </ksState>
    <ksState>
      <x>-284.07210438070354</x>
      <y>-404.8275063964102</y>
      <steeringAngle>0.0</steeringAngle>
      <velocity>4.000000000000001</velocity>
      <orientation>0.838905</orientation>
      <time>15</time>
    </ksState>
    <ksState>
      <x>-283.77441485871316</x>
      <y>-404.5034715866417</y>
      <steeringAngle>-0.035533333333333326</steeringAngle>
      <velocity>4.799999999999999</velocity>
      <orientation>0.8357812213308092</orientation>
      <time>16</time>
    </ksState>
    <ksState>
      <x>-283.4124520861195</x>
      <y>-404.1298287403204</y>
      <steeringAngle>-0.07106666666666667</steeringAngle>
      <velocity>5.599999999999998</velocity>
      <orientation>0.8249306102696364</orientation>
      <time>17</time>
    </ksState>
    <ksState>
      <x>-282.9794901470046</x>
      <y>-403.7134354772499</y>
      <steeringAngle>-0.10659999999999999</steeringAngle>
      <velocity>6.3999999999999995</velocity>
      <orientation>0.8041136612693084</orientation>
      <time>18</time>
    </ksState>
    <ksState>
      <x>-282.46678414795866</x>
      <y>-403.2643790613413</y>
      <steeringAngle>-0.14213333333333333</steeringAngle>
      <velocity>7.199999999999999</velocity>
      <orientation>0.7710540902881433</orientation>
      <time>19</time>
    </ksState>
    <ksState>
      <x>-281.8637417451147</x>
      <y>-402.7971222853756</y>
      <steeringAngle>-0.17766666666666664</steeringAngle>
      <velocity>7.9999999999999964</velocity>
      <orientation>0.7234267682065967</orientation>
      <time>20</time>
    </ksState>
    <ksState>
      <x>-281.2048609685079</x>
      <y>-402.3378662001919</y>
      <steeringAngle>-0.14213333333333336</steeringAngle>
      <velocity>8.0</velocity>
      <orientation>0.6733919566578482</orientation>
      <time>21</time>
    </ksState>
    <ksState>
      <x>-280.5359551232638</x>
      <y>-401.8955865604553</y>
      <steeringAngle>-0.1066000000000001</steeringAngle>
      <velocity>8.0</velocity>
      <orientation>0.6346081046508509</orientation>
      <time>22</time>
    </ksState>
    <ksState>
      <x>-279.86194387941714</x>
      <y>-401.4628375830387</y>
      <steeringAngle>-0.07106666666666674</steeringAngle>
      <velocity>8.0</velocity>
      <orientation>0.606975625621164</orientation>
      <time>23</time>
    </ksState>
    <ksState>
      <x>-279.1874103626762</x>
      <y>-401.03204874413876</y>
      <steeringAngle>-0.035533333333333354</steeringAngle>
      <velocity>8.0</velocity>
      <orientation>0.5904241049921346</orientation>
      <time>24</time>
    </ksState>
    <ksState>
      <x>-278.5168670402711</x>
      <y>-400.5956510378282</y>
      <steeringAngle>-2.0816681711721685e-17</steeringAngle>
      <velocity>8.0</velocity>
      <orientation>0.5849115785337298</orientation>
      <time>25</time>
    </ksState>
    <ksState>
      <x>-277.8498583131456</x>
      <y>-400.1539505081269</y>
      <steeringAngle>0.0</steeringAngle>
      <velocity>8.0</velocity>
      <orientation>0.5849115785337298</orientation>
      <time>26</time>
    </ksState>
    <ksState>
      <x>-277.18284958602004</x>
      <y>-399.71224997842563</y>
      <steeringAngle>0.0</steeringAngle>
      <velocity>8.0</velocity>
      <orientation>0.5849115785337298</orientation>
      <time>27</time>
    </ksState>
    <ksState>
      <x>-276.51584085889453</x>
      <y>-399.27054944872435</y>
      <steeringAngle>0.0</steeringAngle>
      <velocity>8.0</velocity>
      <orientation>0.5849115785337298</orientation>
      <time>28</time>
    </ksState>
    <ksState>
      <x>-275.84883213176903</x>
      <y>-398.8288489190231</y>
      <steeringAngle>0.0</steeringAngle>
      <velocity>8.0</velocity>
      <orientation>0.5849115785337298</orientation>
      <time>29</time>
    </ksState>
    <ksState>
      <x>-275.18182340464347</x>
      <y>-398.3871483893218</y>
      <steeringAngle>0.0</steeringAngle>
      <velocity>8.0</velocity>
      <orientation>0.5849115785337298</orientation>
      <time>30</time>
    </ksState>
    <ksState>
      <x>-274.5434276353438</x>
      <y>-397.97472462638314</y>
      <steeringAngle>-0.03553333333333333</steeringAngle>
      <velocity>7.199999999999999</velocity>
      <orientation>0.5797665655512374</orientation>
      <time>31</time>
    </ksState>
    <ksState>
      <x>-273.96147299786645</x>
      <y>-397.62245275022616</y>
      <steeringAngle>-0.07106666666666664</steeringAngle>
      <velocity>6.400000000000001</velocity>
      <orientation>0.5657898934302743</orientation>
      <time>32</time>
    </ksState>
    <ksState>
      <x>-273.43643234106537</x>
      <y>-397.3306365947584</y>
      <steeringAngle>-0.10659999999999997</steeringAngle>
      <velocity>5.600000000000004</velocity>
      <orientation>0.5451581255643929</orientation>
      <time>33</time>
    </ksState>
  </ksTrajectory>
</CommonRoadSolution>
