<?xml version="1.0" ?>
<CommonRoadSolution benchmark_id="KS2:SM1:DEU_Flensburg-69_1_T-1:2020a" computation_time="0.8764625580001848" date="2023-11-26T00:13:30">
  <ksTrajectory planningProblem="123">
    <ksState>
      <x>165.57005</x>
      <y>477.22524</y>
      <steeringAngle>0.0</steeringAngle>
      <velocity>8.0</velocity>
      <orientation>-2.8983943</orientation>
      <time>0</time>
    </ksState>
    <ksState>
      <x>164.7958577429075</x>
      <y>477.0235607392196</y>
      <steeringAngle>0.03553333333333333</steeringAngle>
      <velocity>8.0</velocity>
      <orientation>-2.892881764997161</orientation>
      <time>1</time>
    </ksState>
    <ksState>
      <x>164.0279365422179</x>
      <y>476.79816751933254</y>
      <steeringAngle>0.07106666666666667</steeringAngle>
      <velocity>8.0</velocity>
      <orientation>-2.876330244116892</orientation>
      <time>2</time>
    </ksState>
    <ksState>
      <x>163.26953890828477</x>
      <y>476.54071967710524</y>
      <steeringAngle>0.10659999999999997</steeringAngle>
      <velocity>8.0</velocity>
      <orientation>-2.8486977648261966</orientation>
      <time>3</time>
    </ksState>
    <ksState>
      <x>162.5250026652216</x>
      <y>476.24315056459693</y>
      <steeringAngle>0.1421333333333333</steeringAngle>
      <velocity>8.0</velocity>
      <orientation>-2.809913912553462</orientation>
      <time>4</time>
    </ksState>
    <ksState>
      <x>161.800027466858</x>
      <y>475.8978444415799</y>
      <steeringAngle>0.17766666666666667</steeringAngle>
      <velocity>8.0</velocity>
      <orientation>-2.7598791003043073</orientation>
      <time>5</time>
    </ksState>
    <ksState>
      <x>161.1361862077743</x>
      <y>475.51902619612923</y>
      <steeringAngle>0.21320000000000014</steeringAngle>
      <velocity>7.200000000000003</velocity>
      <orientation>-2.7016297732328143</orientation>
      <time>6</time>
    </ksState>
    <ksState>
      <x>160.5700077092263</x>
      <y>475.1325639168919</y>
      <steeringAngle>0.24873333333333347</steeringAngle>
      <velocity>6.400000000000004</velocity>
      <orientation>-2.639712685747035</orientation>
      <time>7</time>
    </ksState>
    <ksState>
      <x>160.09916380006737</x>
      <y>474.75014477573023</y>
      <steeringAngle>0.2842666666666668</steeringAngle>
      <velocity>5.600000000000001</velocity>
      <orientation>-2.5762905429831138</orientation>
      <time>8</time>
    </ksState>
    <ksState>
      <x>159.71903032687027</x>
      <y>474.38447906939194</y>
      <steeringAngle>0.3198</steeringAngle>
      <velocity>4.800000000000002</velocity>
      <orientation>-2.5135614432411613</orientation>
      <time>9</time>
    </ksState>
    <ksState>
      <x>159.42278147949398</x>
      <y>474.04836849049343</y>
      <steeringAngle>0.3553333333333332</steeringAngle>
      <velocity>4.000000000000001</velocity>
      <orientation>-2.4537716091929465</orientation>
      <time>10</time>
    </ksState>
    <ksState>
      <x>159.17832278587335</x>
      <y>473.72032159149256</y>
      <steeringAngle>0.39086666666666653</steeringAngle>
      <velocity>4.0</velocity>
      <orientation>-2.3930512428869593</orientation>
      <time>11</time>
    </ksState>
    <ksState>
      <x>158.96179514539512</x>
      <y>473.3708321563724</y>
      <steeringAngle>0.42639999999999995</steeringAngle>
      <velocity>4.0</velocity>
      <orientation>-2.3258816294305555</orientation>
      <time>12</time>
    </ksState>
    <ksState>
      <x>158.77754795982207</x>
      <y>473.00075321526776</y>
      <steeringAngle>0.4619333333333333</steeringAngle>
      <velocity>4.0</velocity>
      <orientation>-2.2520610457982118</orientation>
      <time>13</time>
    </ksState>
    <ksState>
      <x>158.6302584591201</x>
      <y>472.6117281340163</y>
      <steeringAngle>0.49746666666666667</steeringAngle>
      <velocity>4.0</velocity>
      <orientation>-2.1713605039849915</orientation>
      <time>14</time>
    </ksState>
    <ksState>
      <x>158.52485503929051</x>
      <y>472.20634629595367</y>
      <steeringAngle>0.533</steeringAngle>
      <velocity>4.0</velocity>
      <orientation>-2.083520637385183</orientation>
      <time>15</time>
    </ksState>
    <ksState>
      <x>158.4558537874602</x>
      <y>471.7930614255616</y>
      <steeringAngle>0.4974666666666666</steeringAngle>
      <velocity>4.0</velocity>
      <orientation>-1.9956807705457338</orientation>
      <time>16</time>
    </ksState>
    <ksState>
      <x>158.4124606296543</x>
      <y>471.37922700948474</y>
      <steeringAngle>0.4619333333333334</steeringAngle>
      <velocity>4.0</velocity>
      <orientation>-1.9149802287585636</orientation>
      <time>17</time>
    </ksState>
    <ksState>
      <x>158.3918023045338</x>
      <y>470.9662217752678</y>
      <steeringAngle>0.42640000000000017</steeringAngle>
      <velocity>4.0</velocity>
      <orientation>-1.8411596455087584</orientation>
      <time>18</time>
    </ksState>
    <ksState>
      <x>158.39108268678612</x>
      <y>470.5549919709502</y>
      <steeringAngle>0.3908666666666668</steeringAngle>
      <velocity>4.0</velocity>
      <orientation>-1.773990032645896</orientation>
      <time>19</time>
    </ksState>
    <ksState>
      <x>158.4075999950902</x>
      <y>470.14612134974436</y>
      <steeringAngle>0.3553333333333335</steeringAngle>
      <velocity>4.0</velocity>
      <orientation>-1.7132696647676102</orientation>
      <time>20</time>
    </ksState>
    <ksState>
      <x>158.43875395354385</x>
      <y>469.73989343112396</y>
      <steeringAngle>0.31979999999999986</steeringAngle>
      <velocity>4.0</velocity>
      <orientation>-1.6588214655742306</orientation>
      <time>21</time>
    </ksState>
    <ksState>
      <x>158.48204507917242</x>
      <y>469.3363471618492</y>
      <steeringAngle>0.28426666666666656</steeringAngle>
      <velocity>4.0</velocity>
      <orientation>-1.6104907860929734</orientation>
      <time>22</time>
    </ksState>
    <ksState>
      <x>158.53506838122297</x>
      <y>468.93532635394354</y>
      <steeringAngle>0.2487333333333332</steeringAngle>
      <velocity>4.0</velocity>
      <orientation>-1.5681435523700982</orientation>
      <time>23</time>
    </ksState>
    <ksState>
      <x>158.59550287641446</x>
      <y>468.536524077465</y>
      <steeringAngle>0.21319999999999986</steeringAngle>
      <velocity>4.0</velocity>
      <orientation>-1.5316647112964705</orientation>
      <time>24</time>
    </ksState>
    <ksState>
      <x>158.66109800021687</x>
      <y>468.1395229307298</y>
      <steeringAngle>0.1776666666666665</steeringAngle>
      <velocity>4.0</velocity>
      <orientation>-1.5009569286476427</orientation>
      <time>25</time>
    </ksState>
    <ksState>
      <x>158.7369243182761</x>
      <y>467.7043467484198</y>
      <steeringAngle>0.14213333333333333</steeringAngle>
      <velocity>4.8000000000000025</velocity>
      <orientation>-1.4735320289292904</orientation>
      <time>26</time>
    </ksState>
    <ksState>
      <x>158.8297458249873</x>
      <y>467.19144396596056</y>
      <steeringAngle>0.10660000000000003</steeringAngle>
      <velocity>5.600000000000005</velocity>
      <orientation>-1.4484158166503724</orientation>
      <time>27</time>
    </ksState>
    <ksState>
      <x>158.93863598149775</x>
      <y>466.6006680606849</y>
      <steeringAngle>0.07106666666666671</steeringAngle>
      <velocity>6.400000000000004</velocity>
      <orientation>-1.4277840470509129</orientation>
      <time>28</time>
    </ksState>
    <ksState>
      <x>159.060440962264</x>
      <y>465.9313605481097</y>
      <steeringAngle>0.035533333333333375</steeringAngle>
      <velocity>7.200000000000006</velocity>
      <orientation>-1.4138073789581207</orientation>
      <time>29</time>
    </ksState>
    <ksState>
      <x>159.18907512254677</x>
      <y>465.1822843241965</y>
      <steeringAngle>2.6346112791397758e-17</steeringAngle>
      <velocity>8.000000000000007</velocity>
      <orientation>-1.4086623661785522</orientation>
      <time>30</time>
    </ksState>
    <ksState>
      <x>159.30902036695286</x>
      <y>464.3912967683428</y>
      <steeringAngle>-0.03553333333333333</steeringAngle>
      <velocity>8.0</velocity>
      <orientation>-1.414174901181391</orientation>
      <time>31</time>
    </ksState>
    <ksState>
      <x>159.40470033185306</x>
      <y>463.5967211467962</y>
      <steeringAngle>-0.07106666666666667</steeringAngle>
      <velocity>8.0</velocity>
      <orientation>-1.4307264220616607</orientation>
      <time>32</time>
    </ksState>
    <ksState>
      <x>159.46716764276505</x>
      <y>462.7982574984751</y>
      <steeringAngle>-0.10659999999999997</steeringAngle>
      <velocity>8.0</velocity>
      <orientation>-1.4583589013523555</orientation>
      <time>33</time>
    </ksState>
    <ksState>
      <x>159.48729877197914</x>
      <y>461.9967112854653</y>
      <steeringAngle>-0.1421333333333333</steeringAngle>
      <velocity>8.0</velocity>
      <orientation>-1.4971427536250905</orientation>
      <time>34</time>
    </ksState>
    <ksState>
      <x>159.45584756071025</x>
      <y>461.1943172562346</y>
      <steeringAngle>-0.17766666666666667</steeringAngle>
      <velocity>8.0</velocity>
      <orientation>-1.5471775658742453</orientation>
      <time>35</time>
    </ksState>
    <ksState>
      <x>159.3827968966116</x>
      <y>460.39450250891184</y>
      <steeringAngle>-0.14213333333333336</steeringAngle>
      <velocity>8.0</velocity>
      <orientation>-1.5972123774229936</orientation>
      <time>36</time>
    </ksState>
    <ksState>
      <x>159.29030297706046</x>
      <y>459.59795295968513</y>
      <steeringAngle>-0.1066000000000001</steeringAngle>
      <velocity>8.0</velocity>
      <orientation>-1.635996229429991</orientation>
      <time>37</time>
    </ksState>
    <ksState>
      <x>159.18723018790575</x>
      <y>458.80363637643717</y>
      <steeringAngle>-0.07106666666666674</steeringAngle>
      <velocity>8.0</velocity>
      <orientation>-1.663628708459678</orientation>
      <time>38</time>
    </ksState>
    <ksState>
      <x>159.0823215789712</x>
      <y>458.01018274030014</y>
      <steeringAngle>-0.035533333333333354</steeringAngle>
      <velocity>8.0</velocity>
      <orientation>-1.6801802290887073</orientation>
      <time>39</time>
    </ksState>
    <ksState>
      <x>158.98427352989214</x>
      <y>457.21616895870255</y>
      <steeringAngle>-2.0816681711721685e-17</steeringAngle>
      <velocity>8.0</velocity>
      <orientation>-1.6856927555471122</orientation>
      <time>40</time>
    </ksState>
    <ksState>
      <x>158.90181248831644</x>
      <y>456.42039992701484</y>
      <steeringAngle>0.03553333333333333</steeringAngle>
      <velocity>8.0</velocity>
      <orientation>-1.6801802205442733</orientation>
      <time>41</time>
    </ksState>
    <ksState>
      <x>158.8437590870382</x>
      <y>455.62219263774745</y>
      <steeringAngle>0.07106666666666667</steeringAngle>
      <velocity>8.0</velocity>
      <orientation>-1.6636286996640037</orientation>
      <time>42</time>
    </ksState>
    <ksState>
      <x>158.81906488403203</x>
      <y>454.8216699591426</y>
      <steeringAngle>0.10659999999999997</steeringAngle>
      <velocity>8.0</velocity>
      <orientation>-1.635996220373309</orientation>
      <time>43</time>
    </ksState>
    <ksState>
      <x>158.83680519595893</x>
      <y>454.0200672674764</y>
      <steeringAngle>0.1421333333333333</steeringAngle>
      <velocity>8.0</velocity>
      <orientation>-1.5972123681005739</orientation>
      <time>44</time>
    </ksState>
    <ksState>
      <x>158.9061103429074</x>
      <y>453.2200534216951</y>
      <steeringAngle>0.17766666666666667</steeringAngle>
      <velocity>8.0</velocity>
      <orientation>-1.5471775558514191</orientation>
      <time>45</time>
    </ksState>
    <ksState>
      <x>159.0168467455251</x>
      <y>452.42458030543315</y>
      <steeringAngle>0.14213333333333336</steeringAngle>
      <velocity>8.0</velocity>
      <orientation>-1.4971427443026708</orientation>
      <time>46</time>
    </ksState>
    <ksState>
      <x>159.146850532396</x>
      <y>451.63328685485584</y>
      <steeringAngle>0.1066000000000001</steeringAngle>
      <velocity>8.0</velocity>
      <orientation>-1.4583588922956734</orientation>
      <time>47</time>
    </ksState>
    <ksState>
      <x>159.28731594772435</x>
      <y>450.84472341328416</y>
      <steeringAngle>0.07106666666666674</steeringAngle>
      <velocity>8.0</velocity>
      <orientation>-1.4307264132659865</orientation>
      <time>48</time>
    </ksState>
    <ksState>
      <x>159.42957438667003</x>
      <y>450.05710864356706</y>
      <steeringAngle>0.035533333333333354</steeringAngle>
      <velocity>8.0</velocity>
      <orientation>-1.414174892636957</orientation>
      <time>49</time>
    </ksState>
    <ksState>
      <x>159.56500636865997</x>
      <y>449.26861039781795</y>
      <steeringAngle>2.0816681711721685e-17</steeringAngle>
      <velocity>8.0</velocity>
      <orientation>-1.4086623661785522</orientation>
      <time>50</time>
    </ksState>
    <ksState>
      <x>159.69414600578548</x>
      <y>448.4791023521825</y>
      <steeringAngle>0.0</steeringAngle>
      <velocity>8.0</velocity>
      <orientation>-1.4086623661785522</orientation>
      <time>51</time>
    </ksState>
    <ksState>
      <x>159.82328564291103</x>
      <y>447.68959430654706</y>
      <steeringAngle>0.0</steeringAngle>
      <velocity>8.0</velocity>
      <orientation>-1.4086623661785522</orientation>
      <time>52</time>
    </ksState>
    <ksState>
      <x>159.95242528003655</x>
      <y>446.9000862609116</y>
      <steeringAngle>0.0</steeringAngle>
      <velocity>8.0</velocity>
      <orientation>-1.4086623661785522</orientation>
      <time>53</time>
    </ksState>
    <ksState>
      <x>160.0815649171621</x>
      <y>446.1105782152762</y>
      <steeringAngle>0.0</steeringAngle>
      <velocity>8.0</velocity>
      <orientation>-1.4086623661785522</orientation>
      <time>54</time>
    </ksState>
    <ksState>
      <x>160.21070455428762</x>
      <y>445.3210701696408</y>
      <steeringAngle>0.0</steeringAngle>
      <velocity>8.0</velocity>
      <orientation>-1.4086623661785522</orientation>
      <time>55</time>
    </ksState>
    <ksState>
      <x>160.33984419141314</x>
      <y>444.53156212400535</y>
      <steeringAngle>0.0</steeringAngle>
      <velocity>8.0</velocity>
      <orientation>-1.4086623661785522</orientation>
      <time>56</time>
    </ksState>
    <ksState>
      <x>160.46898382853868</x>
      <y>443.7420540783699</y>
      <steeringAngle>0.0</steeringAngle>
      <velocity>8.0</velocity>
      <orientation>-1.4086623661785522</orientation>
      <time>57</time>
    </ksState>
    <ksState>
      <x>160.5981234656642</x>
      <y>442.95254603273446</y>
      <steeringAngle>0.0</steeringAngle>
      <velocity>8.0</velocity>
      <orientation>-1.4086623661785522</orientation>
      <time>58</time>
    </ksState>
    <ksState>
      <x>160.72726310278975</x>
      <y>442.163037987099</y>
      <steeringAngle>0.0</steeringAngle>
      <velocity>8.0</velocity>
      <orientation>-1.4086623661785522</orientation>
      <time>59</time>
    </ksState>
    <ksState>
      <x>160.85640273991527</x>
      <y>441.37352994146363</y>
      <steeringAngle>0.0</steeringAngle>
      <velocity>8.0</velocity>
      <orientation>-1.4086623661785522</orientation>
      <time>60</time>
    </ksState>
    <ksState>
      <x>160.9855423770408</x>
      <y>440.5840218958282</y>
      <steeringAngle>0.0</steeringAngle>
      <velocity>8.0</velocity>
      <orientation>-1.4086623661785522</orientation>
      <time>61</time>
    </ksState>
    <ksState>
      <x>161.11468201416633</x>
      <y>439.79451385019274</y>
      <steeringAngle>0.0</steeringAngle>
      <velocity>8.0</velocity>
      <orientation>-1.4086623661785522</orientation>
      <time>62</time>
    </ksState>
    <ksState>
      <x>161.24382165129185</x>
      <y>439.0050058045573</y>
      <steeringAngle>0.0</steeringAngle>
      <velocity>8.0</velocity>
      <orientation>-1.4086623661785522</orientation>
      <time>63</time>
    </ksState>
    <ksState>
      <x>161.3729612884174</x>
      <y>438.21549775892186</y>
      <steeringAngle>0.0</steeringAngle>
      <velocity>8.0</velocity>
      <orientation>-1.4086623661785522</orientation>
      <time>64</time>
    </ksState>
    <ksState>
      <x>161.50210092554292</x>
      <y>437.42598971328647</y>
      <steeringAngle>0.0</steeringAngle>
      <velocity>8.0</velocity>
      <orientation>-1.4086623661785522</orientation>
      <time>65</time>
    </ksState>
    <ksState>
      <x>161.62204616994902</x>
      <y>436.6350021574328</y>
      <steeringAngle>-0.03553333333333333</steeringAngle>
      <velocity>8.0</velocity>
      <orientation>-1.414174901181391</orientation>
      <time>66</time>
    </ksState>
    <ksState>
      <x>161.71772613484922</x>
      <y>435.8404265358862</y>
      <steeringAngle>-0.07106666666666667</steeringAngle>
      <velocity>8.0</velocity>
      <orientation>-1.4307264220616607</orientation>
      <time>67</time>
    </ksState>
    <ksState>
      <x>161.7801934457612</x>
      <y>435.0419628875651</y>
      <steeringAngle>-0.10659999999999997</steeringAngle>
      <velocity>8.0</velocity>
      <orientation>-1.4583589013523555</orientation>
      <time>68</time>
    </ksState>
    <ksState>
      <x>161.8003245749753</x>
      <y>434.2404166745553</y>
      <steeringAngle>-0.1421333333333333</steeringAngle>
      <velocity>8.0</velocity>
      <orientation>-1.4971427536250905</orientation>
      <time>69</time>
    </ksState>
    <ksState>
      <x>161.7688733637064</x>
      <y>433.4380226453246</y>
      <steeringAngle>-0.17766666666666667</steeringAngle>
      <velocity>8.0</velocity>
      <orientation>-1.5471775658742453</orientation>
      <time>70</time>
    </ksState>
    <ksState>
      <x>161.69582269960776</x>
      <y>432.63820789800184</y>
      <steeringAngle>-0.14213333333333336</steeringAngle>
      <velocity>8.0</velocity>
      <orientation>-1.5972123774229936</orientation>
      <time>71</time>
    </ksState>
    <ksState>
      <x>161.60332878005661</x>
      <y>431.8416583487751</y>
      <steeringAngle>-0.1066000000000001</steeringAngle>
      <velocity>8.0</velocity>
      <orientation>-1.635996229429991</orientation>
      <time>72</time>
    </ksState>
    <ksState>
      <x>161.5002559909019</x>
      <y>431.04734176552716</y>
      <steeringAngle>-0.07106666666666674</steeringAngle>
      <velocity>8.0</velocity>
      <orientation>-1.663628708459678</orientation>
      <time>73</time>
    </ksState>
    <ksState>
      <x>161.39534738196735</x>
      <y>430.25388812939013</y>
      <steeringAngle>-0.035533333333333354</steeringAngle>
      <velocity>8.0</velocity>
      <orientation>-1.6801802290887073</orientation>
      <time>74</time>
    </ksState>
    <ksState>
      <x>161.2972993328883</x>
      <y>429.45987434779255</y>
      <steeringAngle>-2.0816681711721685e-17</steeringAngle>
      <velocity>8.0</velocity>
      <orientation>-1.6856927555471122</orientation>
      <time>75</time>
    </ksState>
    <ksState>
      <x>161.201617336892</x>
      <y>428.70589326438375</y>
      <steeringAngle>-0.03553333333333333</steeringAngle>
      <velocity>7.199999999999999</velocity>
      <orientation>-1.6908377685296045</orientation>
      <time>76</time>
    </ksState>
    <ksState>
      <x>161.09627328788486</x>
      <y>428.03382979554215</y>
      <steeringAngle>-0.07106666666666664</steeringAngle>
      <velocity>6.400000000000001</velocity>
      <orientation>-1.7048144406505676</orientation>
      <time>77</time>
    </ksState>
    <ksState>
      <x>160.98133931145543</x>
      <y>427.4442413450547</y>
      <steeringAngle>-0.10659999999999997</steeringAngle>
      <velocity>5.600000000000004</velocity>
      <orientation>-1.725446208516449</orientation>
      <time>78</time>
    </ksState>
    <ksState>
      <x>160.85987462380413</x>
      <y>426.93740171628247</y>
      <steeringAngle>-0.1421333333333333</steeringAngle>
      <velocity>4.800000000000003</velocity>
      <orientation>-1.7505624160250972</orientation>
      <time>79</time>
    </ksState>
    <ksState>
      <x>160.7372116461125</x>
      <y>426.51308320435436</y>
      <steeringAngle>-0.17766666666666653</steeringAngle>
      <velocity>4.000000000000006</velocity>
      <orientation>-1.777987312610247</orientation>
      <time>80</time>
    </ksState>
    <ksState>
      <x>160.60650693579254</x>
      <y>426.1325630977036</y>
      <steeringAngle>-0.21319999999999995</steeringAngle>
      <velocity>4.0</velocity>
      <orientation>-1.8086950952477472</orientation>
      <time>81</time>
    </ksState>
    <ksState>
      <x>160.45515834837894</x>
      <y>425.75873299290674</y>
      <steeringAngle>-0.24873333333333336</steeringAngle>
      <velocity>4.0</velocity>
      <orientation>-1.8451739363704414</orientation>
      <time>82</time>
    </ksState>
    <ksState>
      <x>160.28121744662838</x>
      <y>425.39359445012286</y>
      <steeringAngle>-0.2842666666666667</steeringAngle>
      <velocity>4.0</velocity>
      <orientation>-1.8875211702158894</orientation>
      <time>83</time>
    </ksState>
    <ksState>
      <x>160.08289204570474</x>
      <y>425.03956717888127</y>
      <steeringAngle>-0.31980000000000003</steeringAngle>
      <velocity>4.0</velocity>
      <orientation>-1.9358518515830245</orientation>
      <time>84</time>
    </ksState>
    <ksState>
      <x>159.85861192236752</x>
      <y>424.69952868699846</y>
      <steeringAngle>-0.35533333333333333</steeringAngle>
      <velocity>4.0</velocity>
      <orientation>-1.9903000527613028</orientation>
      <time>85</time>
    </ksState>
    <ksState>
      <x>159.60711136378507</x>
      <y>424.3768488303859</y>
      <steeringAngle>-0.39086666666666653</steeringAngle>
      <velocity>4.0</velocity>
      <orientation>-2.05102041906729</orientation>
      <time>86</time>
    </ksState>
    <ksState>
      <x>159.32753073520854</x>
      <y>424.07541599130496</y>
      <steeringAngle>-0.42639999999999995</steeringAngle>
      <velocity>4.0</velocity>
      <orientation>-2.1181900325236938</orientation>
      <time>87</time>
    </ksState>
    <ksState>
      <x>159.01953947691968</x>
      <y>423.7996500890285</y>
      <steeringAngle>-0.4619333333333333</steeringAngle>
      <velocity>4.0</velocity>
      <orientation>-2.1920106161560375</orientation>
      <time>88</time>
    </ksState>
    <ksState>
      <x>158.68348217507372</x>
      <y>423.55449666617704</y>
      <steeringAngle>-0.49746666666666667</steeringAngle>
      <velocity>4.0</velocity>
      <orientation>-2.272711157969258</orientation>
      <time>89</time>
    </ksState>
    <ksState>
      <x>158.3205489968005</x>
      <y>423.34539424234765</y>
      <steeringAngle>-0.533</steeringAngle>
      <velocity>4.0</velocity>
      <orientation>-2.360551024569067</orientation>
      <time>90</time>
    </ksState>
    <ksState>
      <x>157.9329704660398</x>
      <y>423.17820521929605</y>
      <steeringAngle>-0.5685333333333333</steeringAngle>
      <velocity>4.0</velocity>
      <orientation>-2.455823664218297</orientation>
      <time>91</time>
    </ksState>
    <ksState>
      <x>157.5242347014606</x>
      <y>423.05909813875274</y>
      <steeringAngle>-0.6040666666666665</steeringAngle>
      <velocity>4.0</velocity>
      <orientation>-2.5588610174367594</orientation>
      <time>92</time>
    </ksState>
    <ksState>
      <x>157.09932220940232</x>
      <y>422.9943667181793</y>
      <steeringAngle>-0.6396</steeringAngle>
      <velocity>4.0</velocity>
      <orientation>-2.67003880021225</orientation>
      <time>93</time>
    </ksState>
    <ksState>
      <x>156.66494910385433</x>
      <y>422.99016800143454</y>
      <steeringAngle>-0.6751333333333333</steeringAngle>
      <velocity>4.0</velocity>
      <orientation>-2.7897828490921803</orientation>
      <time>94</time>
    </ksState>
    <ksState>
      <x>156.22980324720456</x>
      <y>423.05215957338356</y>
      <steeringAngle>-0.7106666666666664</steeringAngle>
      <velocity>4.0</velocity>
      <orientation>-2.918576786776491</orientation>
      <time>95</time>
    </ksState>
    <ksState>
      <x>155.84774439765778</x>
      <y>423.1561168848988</y>
      <steeringAngle>-0.6751333333333334</steeringAngle>
      <velocity>3.1999999999999984</velocity>
      <orientation>-3.034646529319705</orientation>
      <time>96</time>
    </ksState>
    <ksState>
      <x>155.5606550781535</x>
      <y>423.2572633546383</y>
      <steeringAngle>-0.6395999999999997</steeringAngle>
      <velocity>2.3999999999999986</velocity>
      <orientation>-3.118613973640324</orientation>
      <time>97</time>
    </ksState>
    <ksState>
      <x>155.36107100517515</x>
      <y>423.3375832247585</y>
      <steeringAngle>-0.6040666666666666</steeringAngle>
      <velocity>1.5999999999999988</velocity>
      <orientation>-3.1743419219177924</orientation>
      <time>98</time>
    </ksState>
    <ksState>
      <x>155.24334777724494</x>
      <y>423.3875096393741</y>
      <steeringAngle>-0.5685333333333333</steeringAngle>
      <velocity>0.7999999999999987</velocity>
      <orientation>-3.2053855236915387</orientation>
      <time>99</time>
    </ksState>
  </ksTrajectory>
</CommonRoadSolution>
