<?xml version="1.0" ?>
<CommonRoadSolution benchmark_id="KS2:SM1:DEU_Guetersloh-21_1_T-1:2020a" computation_time="1.0499082679998537" date="2023-11-26T00:13:30">
  <ksTrajectory planningProblem="1">
    <ksState>
      <x>-379.03285</x>
      <y>-16.639766</y>
      <steeringAngle>0.0</steeringAngle>
      <velocity>8.0</velocity>
      <orientation>2.6726288</orientation>
      <time>0</time>
    </ksState>
    <ksState>
      <x>-379.71079816952425</x>
      <y>-16.29627469249156</y>
      <steeringAngle>0.0</steeringAngle>
      <velocity>7.200000000000001</velocity>
      <orientation>2.6726288</orientation>
      <time>1</time>
    </ksState>
    <ksState>
      <x>-380.31738337350464</x>
      <y>-15.98894036488845</y>
      <steeringAngle>0.0</steeringAngle>
      <velocity>6.400000000000001</velocity>
      <orientation>2.6726288</orientation>
      <time>2</time>
    </ksState>
    <ksState>
      <x>-380.85260561211965</x>
      <y>-15.71776301710021</y>
      <steeringAngle>0.0</steeringAngle>
      <velocity>5.600000000000001</velocity>
      <orientation>2.6726288</orientation>
      <time>3</time>
    </ksState>
    <ksState>
      <x>-381.31646488541986</x>
      <y>-15.48274264910128</y>
      <steeringAngle>0.0</steeringAngle>
      <velocity>4.800000000000001</velocity>
      <orientation>2.6726288</orientation>
      <time>4</time>
    </ksState>
    <ksState>
      <x>-381.70896119342365</x>
      <y>-15.283879260882287</y>
      <steeringAngle>0.0</steeringAngle>
      <velocity>4.000000000000001</velocity>
      <orientation>2.6726288</orientation>
      <time>5</time>
    </ksState>
    <ksState>
      <x>-382.0657760198303</x>
      <y>-15.103094362020727</y>
      <steeringAngle>0.0</steeringAngle>
      <velocity>4.0</velocity>
      <orientation>2.6726288</orientation>
      <time>6</time>
    </ksState>
    <ksState>
      <x>-382.422590846237</x>
      <y>-14.922309463159166</y>
      <steeringAngle>0.0</steeringAngle>
      <velocity>4.0</velocity>
      <orientation>2.6726288</orientation>
      <time>7</time>
    </ksState>
    <ksState>
      <x>-382.77940567264363</x>
      <y>-14.741524564297606</y>
      <steeringAngle>0.0</steeringAngle>
      <velocity>4.0</velocity>
      <orientation>2.6726288</orientation>
      <time>8</time>
    </ksState>
    <ksState>
      <x>-383.1362204990503</x>
      <y>-14.560739665436044</y>
      <steeringAngle>0.0</steeringAngle>
      <velocity>4.0</velocity>
      <orientation>2.6726288</orientation>
      <time>9</time>
    </ksState>
    <ksState>
      <x>-383.49303532545696</x>
      <y>-14.379954766574484</y>
      <steeringAngle>0.0</steeringAngle>
      <velocity>4.0</velocity>
      <orientation>2.6726288</orientation>
      <time>10</time>
    </ksState>
    <ksState>
      <x>-383.885531635421</x>
      <y>-14.1810913773623</y>
      <steeringAngle>0.0</steeringAngle>
      <velocity>4.8</velocity>
      <orientation>2.6726288</orientation>
      <time>11</time>
    </ksState>
    <ksState>
      <x>-384.3493909107067</x>
      <y>-13.946071008357366</y>
      <steeringAngle>0.0</steeringAngle>
      <velocity>5.6</velocity>
      <orientation>2.6726288</orientation>
      <time>12</time>
    </ksState>
    <ksState>
      <x>-384.88461315129985</x>
      <y>-13.674893659566907</y>
      <steeringAngle>0.0</steeringAngle>
      <velocity>6.4</velocity>
      <orientation>2.6726288</orientation>
      <time>13</time>
    </ksState>
    <ksState>
      <x>-385.491198357192</x>
      <y>-13.367559330995164</y>
      <steeringAngle>0.0</steeringAngle>
      <velocity>7.199999999999999</velocity>
      <orientation>2.6726288</orientation>
      <time>14</time>
    </ksState>
    <ksState>
      <x>-386.169146528378</x>
      <y>-13.024068022644771</y>
      <steeringAngle>0.0</steeringAngle>
      <velocity>7.999999999999998</velocity>
      <orientation>2.6726288</orientation>
      <time>15</time>
    </ksState>
    <ksState>
      <x>-386.88277618119133</x>
      <y>-12.66249822492165</y>
      <steeringAngle>0.0</steeringAngle>
      <velocity>8.0</velocity>
      <orientation>2.6726288</orientation>
      <time>16</time>
    </ksState>
    <ksState>
      <x>-387.59640583400466</x>
      <y>-12.300928427198528</y>
      <steeringAngle>0.0</steeringAngle>
      <velocity>8.0</velocity>
      <orientation>2.6726288</orientation>
      <time>17</time>
    </ksState>
    <ksState>
      <x>-388.310035486818</x>
      <y>-11.939358629475407</y>
      <steeringAngle>0.0</steeringAngle>
      <velocity>8.0</velocity>
      <orientation>2.6726288</orientation>
      <time>18</time>
    </ksState>
    <ksState>
      <x>-389.0236651396313</x>
      <y>-11.577788831752287</y>
      <steeringAngle>0.0</steeringAngle>
      <velocity>8.0</velocity>
      <orientation>2.6726288</orientation>
      <time>19</time>
    </ksState>
    <ksState>
      <x>-389.73729479244463</x>
      <y>-11.216219034029164</y>
      <steeringAngle>0.0</steeringAngle>
      <velocity>8.0</velocity>
      <orientation>2.6726288</orientation>
      <time>20</time>
    </ksState>
    <ksState>
      <x>-390.44669399156504</x>
      <y>-10.846352907629</y>
      <steeringAngle>-0.03553333333333333</steeringAngle>
      <velocity>8.0</velocity>
      <orientation>2.667116264997161</orientation>
      <time>21</time>
    </ksState>
    <ksState>
      <x>-391.14467284560214</x>
      <y>-10.454778402130158</y>
      <steeringAngle>-0.07106666666666667</steeringAngle>
      <velocity>8.0</velocity>
      <orientation>2.650564744116892</orientation>
      <time>22</time>
    </ksState>
    <ksState>
      <x>-391.82619430471874</x>
      <y>-10.034094597608961</y>
      <steeringAngle>-0.10659999999999997</steeringAngle>
      <velocity>8.0</velocity>
      <orientation>2.6229322648261966</orientation>
      <time>23</time>
    </ksState>
    <ksState>
      <x>-392.48522488629743</x>
      <y>-9.577410585957914</y>
      <steeringAngle>-0.1421333333333333</steeringAngle>
      <velocity>8.0</velocity>
      <orientation>2.584148412553462</orientation>
      <time>24</time>
    </ksState>
    <ksState>
      <x>-393.11450477393123</x>
      <y>-9.078579773101533</y>
      <steeringAngle>-0.17766666666666667</steeringAngle>
      <velocity>8.0</velocity>
      <orientation>2.534113600304307</orientation>
      <time>25</time>
    </ksState>
    <ksState>
      <x>-393.7171572141211</x>
      <y>-8.547684241105348</y>
      <steeringAngle>-0.14213333333333336</steeringAngle>
      <velocity>8.0</velocity>
      <orientation>2.484078788755559</orientation>
      <time>26</time>
    </ksState>
    <ksState>
      <x>-394.30570126532115</x>
      <y>-8.00301717828237</y>
      <steeringAngle>-0.1066000000000001</steeringAngle>
      <velocity>8.0</velocity>
      <orientation>2.4452949367485615</orientation>
      <time>27</time>
    </ksState>
    <ksState>
      <x>-394.8862005979414</x>
      <y>-7.451126465265583</y>
      <steeringAngle>-0.07106666666666674</steeringAngle>
      <velocity>8.0</velocity>
      <orientation>2.4176624577188743</orientation>
      <time>28</time>
    </ksState>
    <ksState>
      <x>-395.46492001267006</x>
      <y>-6.898262713565501</y>
      <steeringAngle>-0.035533333333333354</steeringAngle>
      <velocity>8.0</velocity>
      <orientation>2.4011109370898454</orientation>
      <time>29</time>
    </ksState>
    <ksState>
      <x>-396.04813962397543</x>
      <y>-6.350607538949278</y>
      <steeringAngle>-2.0816681711721685e-17</steeringAngle>
      <velocity>8.0</velocity>
      <orientation>2.3955984106314405</orientation>
      <time>30</time>
    </ksState>
    <ksState>
      <x>-396.60043367117834</x>
      <y>-5.828483220495881</y>
      <steeringAngle>-0.03553333333333333</steeringAngle>
      <velocity>7.199999999999999</velocity>
      <orientation>2.3904533976489484</orientation>
      <time>31</time>
    </ksState>
    <ksState>
      <x>-397.0808881389386</x>
      <y>-5.346891921548513</y>
      <steeringAngle>-0.07106666666666664</steeringAngle>
      <velocity>6.400000000000001</velocity>
      <orientation>2.376476725527985</orientation>
      <time>32</time>
    </ksState>
    <ksState>
      <x>-397.48909554681416</x>
      <y>-4.906220760656917</y>
      <steeringAngle>-0.10659999999999997</steeringAngle>
      <velocity>5.600000000000004</velocity>
      <orientation>2.3558449576621037</orientation>
      <time>33</time>
    </ksState>
  </ksTrajectory>
</CommonRoadSolution>
