<?xml version="1.0" ?>
<CommonRoadSolution benchmark_id="KS2:SM1:DEU_Bilderstoeckchen-2_3_T-1:2020a" computation_time="0.2938371480000228" date="2023-11-26T00:13:30">
  <ksTrajectory planningProblem="1">
    <ksState>
      <x>381.50165</x>
      <y>129.68371</y>
      <steeringAngle>0.0</steeringAngle>
      <velocity>8.0</velocity>
      <orientation>-1.9370274</orientation>
      <time>0</time>
    </ksState>
    <ksState>
      <x>381.2294947614509</x>
      <y>128.9741104474174</y>
      <steeringAngle>0.0</steeringAngle>
      <velocity>7.200000000000001</velocity>
      <orientation>-1.9370274</orientation>
      <time>1</time>
    </ksState>
    <ksState>
      <x>380.9859874428819</x>
      <y>128.33920558492656</y>
      <steeringAngle>0.0</steeringAngle>
      <velocity>6.400000000000001</velocity>
      <orientation>-1.9370274</orientation>
      <time>2</time>
    </ksState>
    <ksState>
      <x>380.77112804422126</x>
      <y>127.77899541234063</y>
      <steeringAngle>0.0</steeringAngle>
      <velocity>5.600000000000001</velocity>
      <orientation>-1.9370274</orientation>
      <time>3</time>
    </ksState>
    <ksState>
      <x>380.58491656544874</x>
      <y>127.2934799296068</y>
      <steeringAngle>0.0</steeringAngle>
      <velocity>4.800000000000001</velocity>
      <orientation>-1.9370274</orientation>
      <time>4</time>
    </ksState>
    <ksState>
      <x>380.427353006557</x>
      <y>126.88265913670568</y>
      <steeringAngle>0.0</steeringAngle>
      <velocity>4.000000000000001</velocity>
      <orientation>-1.9370274</orientation>
      <time>5</time>
    </ksState>
    <ksState>
      <x>380.298437367489</x>
      <y>126.5465330334888</y>
      <steeringAngle>0.0</steeringAngle>
      <velocity>3.2</velocity>
      <orientation>-1.9370274</orientation>
      <time>6</time>
    </ksState>
    <ksState>
      <x>380.1981696483321</x>
      <y>126.28510162018404</y>
      <steeringAngle>0.0</steeringAngle>
      <velocity>2.4000000000000004</velocity>
      <orientation>-1.9370274</orientation>
      <time>7</time>
    </ksState>
    <ksState>
      <x>380.1265498490499</x>
      <y>126.09836489669625</y>
      <steeringAngle>0.0</steeringAngle>
      <velocity>1.6</velocity>
      <orientation>-1.9370274</orientation>
      <time>8</time>
    </ksState>
    <ksState>
      <x>380.08357796962787</x>
      <y>125.98632286298756</y>
      <steeringAngle>0.0</steeringAngle>
      <velocity>0.7999999999999998</velocity>
      <orientation>-1.9370274</orientation>
      <time>9</time>
    </ksState>
    <ksState>
      <x>380.069254010047</x>
      <y>125.94897551900851</y>
      <steeringAngle>0.0</steeringAngle>
      <velocity>-3.3306690738754696e-16</velocity>
      <orientation>-1.9370274</orientation>
      <time>10</time>
    </ksState>
    <ksState>
      <x>380.069254010047</x>
      <y>125.94897551900851</y>
      <steeringAngle>0.0</steeringAngle>
      <velocity>0.0</velocity>
      <orientation>-1.9370274</orientation>
      <time>11</time>
    </ksState>
    <ksState>
      <x>380.069254010047</x>
      <y>125.94897551900851</y>
      <steeringAngle>0.0</steeringAngle>
      <velocity>0.0</velocity>
      <orientation>-1.9370274</orientation>
      <time>12</time>
    </ksState>
    <ksState>
      <x>380.069254010047</x>
      <y>125.94897551900851</y>
      <steeringAngle>0.0</steeringAngle>
      <velocity>0.0</velocity>
      <orientation>-1.9370274</orientation>
      <time>13</time>
    </ksState>
    <ksState>
      <x>380.069254010047</x>
      <y>125.94897551900851</y>
      <steeringAngle>0.0</steeringAngle>
      <velocity>0.0</velocity>
      <orientation>-1.9370274</orientation>
      <time>14</time>
    </ksState>
    <ksState>
      <x>380.069254010047</x>
      <y>125.94897551900851</y>
      <steeringAngle>0.0</steeringAngle>
      <velocity>0.0</velocity>
      <orientation>-1.9370274</orientation>
      <time>15</time>
    </ksState>
    <ksState>
      <x>380.069254010047</x>
      <y>125.94897551900851</y>
      <steeringAngle>0.0</steeringAngle>
      <velocity>0.0</velocity>
      <orientation>-1.9370274</orientation>
      <time>16</time>
    </ksState>
    <ksState>
      <x>380.069254010047</x>
      <y>125.94897551900851</y>
      <steeringAngle>0.0</steeringAngle>
      <velocity>0.0</velocity>
      <orientation>-1.9370274</orientation>
      <time>17</time>
    </ksState>
    <ksState>
      <x>380.069254010047</x>
      <y>125.94897551900851</y>
      <steeringAngle>0.0</steeringAngle>
      <velocity>0.0</velocity>
      <orientation>-1.9370274</orientation>
      <time>18</time>
    </ksState>
    <ksState>
      <x>380.069254010047</x>
      <y>125.94897551900851</y>
      <steeringAngle>0.0</steeringAngle>
      <velocity>0.0</velocity>
      <orientation>-1.9370274</orientation>
      <time>19</time>
    </ksState>
    <ksState>
      <x>380.069254010047</x>
      <y>125.94897551900851</y>
      <steeringAngle>0.0</steeringAngle>
      <velocity>0.0</velocity>
      <orientation>-1.9370274</orientation>
      <time>20</time>
    </ksState>
    <ksState>
      <x>380.069254010047</x>
      <y>125.94897551900851</y>
      <steeringAngle>0.0</steeringAngle>
      <velocity>0.0</velocity>
      <orientation>-1.9370274</orientation>
      <time>21</time>
    </ksState>
    <ksState>
      <x>380.069254010047</x>
      <y>125.94897551900851</y>
      <steeringAngle>0.0</steeringAngle>
      <velocity>0.0</velocity>
      <orientation>-1.9370274</orientation>
      <time>22</time>
    </ksState>
    <ksState>
      <x>380.069254010047</x>
      <y>125.94897551900851</y>
      <steeringAngle>0.0</steeringAngle>
      <velocity>0.0</velocity>
      <orientation>-1.9370274</orientation>
      <time>23</time>
    </ksState>
    <ksState>
      <x>380.069254010047</x>
      <y>125.94897551900851</y>
      <steeringAngle>0.0</steeringAngle>
      <velocity>0.0</velocity>
      <orientation>-1.9370274</orientation>
      <time>24</time>
    </ksState>
    <ksState>
      <x>380.069254010047</x>
      <y>125.94897551900851</y>
      <steeringAngle>0.0</steeringAngle>
      <velocity>0.0</velocity>
      <orientation>-1.9370274</orientation>
      <time>25</time>
    </ksState>
    <ksState>
      <x>380.069254010047</x>
      <y>125.94897551900851</y>
      <steeringAngle>0.0</steeringAngle>
      <velocity>0.0</velocity>
      <orientation>-1.9370274</orientation>
      <time>26</time>
    </ksState>
    <ksState>
      <x>380.069254010047</x>
      <y>125.94897551900851</y>
      <steeringAngle>0.0</steeringAngle>
      <velocity>0.0</velocity>
      <orientation>-1.9370274</orientation>
      <time>27</time>
    </ksState>
    <ksState>
      <x>380.069254010047</x>
      <y>125.94897551900851</y>
      <steeringAngle>0.0</steeringAngle>
      <velocity>0.0</velocity>
      <orientation>-1.9370274</orientation>
      <time>28</time>
    </ksState>
    <ksState>
      <x>380.069254010047</x>
      <y>125.94897551900851</y>
      <steeringAngle>0.0</steeringAngle>
      <velocity>0.0</velocity>
      <orientation>-1.9370274</orientation>
      <time>29</time>
    </ksState>
    <ksState>
      <x>380.069254010047</x>
      <y>125.94897551900851</y>
      <steeringAngle>0.0</steeringAngle>
      <velocity>0.0</velocity>
      <orientation>-1.9370274</orientation>
      <time>30</time>
    </ksState>
    <ksState>
      <x>380.069254010047</x>
      <y>125.94897551900851</y>
      <steeringAngle>0.0</steeringAngle>
      <velocity>0.0</velocity>
      <orientation>-1.9370274</orientation>
      <time>31</time>
    </ksState>
    <ksState>
      <x>380.069254010047</x>
      <y>125.94897551900851</y>
      <steeringAngle>0.0</steeringAngle>
      <velocity>0.0</velocity>
      <orientation>-1.9370274</orientation>
      <time>32</time>
    </ksState>
    <ksState>
      <x>380.069254010047</x>
      <y>125.94897551900851</y>
      <steeringAngle>0.0</steeringAngle>
      <velocity>0.0</velocity>
      <orientation>-1.9370274</orientation>
      <time>33</time>
    </ksState>
  </ksTrajectory>
</CommonRoadSolution>
