<?xml version="1.0" ?>
<CommonRoadSolution benchmark_id="KS2:SM1:DEU_Flensburg-88_1_T-1:2020a" computation_time="3.6647688329999255" date="2023-11-26T00:13:30">
  <ksTrajectory planningProblem="123">
    <ksState>
      <x>149.97527</x>
      <y>475.27158</y>
      <steeringAngle>0.0</steeringAngle>
      <velocity>0.0</velocity>
      <orientation>0.09095893</orientation>
      <time>0</time>
    </ksState>
    <ksState>
      <x>150.01505651667512</x>
      <y>475.2757399299832</y>
      <steeringAngle>0.03553333333333333</steeringAngle>
      <velocity>0.8</velocity>
      <orientation>0.09132646177824197</orientation>
      <time>1</time>
    </ksState>
    <ksState>
      <x>150.13420492378893</x>
      <y>475.2904691533391</y>
      <steeringAngle>0.0710666666666667</steeringAngle>
      <velocity>1.6</velocity>
      <orientation>0.09390130837022762</orientation>
      <time>2</time>
    </ksState>
    <ksState>
      <x>150.33229242889982</x>
      <y>475.3197857467023</y>
      <steeringAngle>0.10660000000000003</steeringAngle>
      <velocity>2.4000000000000004</velocity>
      <orientation>0.10090201260706483</orientation>
      <time>3</time>
    </ksState>
    <ksState>
      <x>150.60858574376218</x>
      <y>475.36913497743046</y>
      <steeringAngle>0.14213333333333342</steeringAngle>
      <velocity>3.2000000000000015</velocity>
      <orientation>0.11456965354788498</orientation>
      <time>4</time>
    </ksState>
    <ksState>
      <x>150.96171067278416</x>
      <y>475.44609051092226</y>
      <steeringAngle>0.17766666666666683</steeringAngle>
      <velocity>4.0000000000000036</velocity>
      <orientation>0.13717956942110512</orientation>
      <time>5</time>
    </ksState>
    <ksState>
      <x>151.38996666567573</x>
      <y>475.5560051475335</y>
      <steeringAngle>0.17766666666666667</steeringAngle>
      <velocity>4.800000000000002</velocity>
      <orientation>0.1678151064634393</orientation>
      <time>6</time>
    </ksState>
    <ksState>
      <x>151.89145648254274</x>
      <y>475.7027411511592</y>
      <steeringAngle>0.17766666666666667</steeringAngle>
      <velocity>5.600000000000001</velocity>
      <orientation>0.2040207411399793</orientation>
      <time>7</time>
    </ksState>
    <ksState>
      <x>152.46304856554553</x>
      <y>475.8944757332193</y>
      <steeringAngle>0.17766666666666667</steeringAngle>
      <velocity>6.3999999999999995</velocity>
      <orientation>0.24579647344961925</orientation>
      <time>8</time>
    </ksState>
    <ksState>
      <x>153.10051686847305</x>
      <y>476.1404112480094</y>
      <steeringAngle>0.17766666666666667</steeringAngle>
      <velocity>7.200000000000002</velocity>
      <orientation>0.29314230339171615</orientation>
      <time>9</time>
    </ksState>
    <ksState>
      <x>153.79829648342923</x>
      <y>476.4506293352118</y>
      <steeringAngle>0.17766666666666667</steeringAngle>
      <velocity>8.0</velocity>
      <orientation>0.34605823096586624</orientation>
      <time>10</time>
    </ksState>
    <ksState>
      <x>154.51398394720295</x>
      <y>476.8165588324447</y>
      <steeringAngle>0.17766666666666667</steeringAngle>
      <velocity>8.0</velocity>
      <orientation>0.40175920727637804</orientation>
      <time>11</time>
    </ksState>
    <ksState>
      <x>155.2081893953763</x>
      <y>477.22176470318965</y>
      <steeringAngle>0.17766666666666667</steeringAngle>
      <velocity>8.0</velocity>
      <orientation>0.4574601835868898</orientation>
      <time>12</time>
    </ksState>
    <ksState>
      <x>155.87875951124488</x>
      <y>477.66499006900267</y>
      <steeringAngle>0.17766666666666667</steeringAngle>
      <velocity>8.0</velocity>
      <orientation>0.5131611598974015</orientation>
      <time>13</time>
    </ksState>
    <ksState>
      <x>156.52361432276268</x>
      <y>478.14486013497697</y>
      <steeringAngle>0.17766666666666667</steeringAngle>
      <velocity>8.0</velocity>
      <orientation>0.5688621362079133</orientation>
      <time>14</time>
    </ksState>
    <ksState>
      <x>157.14075362174256</x>
      <y>478.6598864425652</y>
      <steeringAngle>0.17766666666666667</steeringAngle>
      <velocity>8.0</velocity>
      <orientation>0.6245631125184251</orientation>
      <time>15</time>
    </ksState>
    <ksState>
      <x>157.73424870794398</x>
      <y>479.2009997506764</y>
      <steeringAngle>0.14213333333333336</steeringAngle>
      <velocity>8.0</velocity>
      <orientation>0.6745979240671736</orientation>
      <time>16</time>
    </ksState>
    <ksState>
      <x>158.31340220177484</x>
      <y>479.75564156312</y>
      <steeringAngle>0.1066000000000001</steeringAngle>
      <velocity>8.0</velocity>
      <orientation>0.7133817760741709</orientation>
      <time>17</time>
    </ksState>
    <ksState>
      <x>158.88438874771876</x>
      <y>480.31736854185414</y>
      <steeringAngle>0.07106666666666674</steeringAngle>
      <velocity>8.0</velocity>
      <orientation>0.7410142551038578</orientation>
      <time>18</time>
    </ksState>
    <ksState>
      <x>159.4535790128708</x>
      <y>480.8800380105335</y>
      <steeringAngle>0.035533333333333354</steeringAngle>
      <velocity>8.0</velocity>
      <orientation>0.7575657757328871</orientation>
      <time>19</time>
    </ksState>
    <ksState>
      <x>160.02735779720138</x>
      <y>481.4375765400964</y>
      <steeringAngle>2.0816681711721685e-17</steeringAngle>
      <velocity>8.0</velocity>
      <orientation>0.7630783021912919</orientation>
      <time>20</time>
    </ksState>
    <ksState>
      <x>160.599073456642</x>
      <y>481.99720979493515</y>
      <steeringAngle>0.03553333333333333</steeringAngle>
      <velocity>8.0</velocity>
      <orientation>0.7685908371941307</orientation>
      <time>21</time>
    </ksState>
    <ksState>
      <x>161.15356607442715</x>
      <y>482.57430858271874</y>
      <steeringAngle>0.07106666666666667</steeringAngle>
      <velocity>8.0</velocity>
      <orientation>0.7851423580744004</orientation>
      <time>22</time>
    </ksState>
    <ksState>
      <x>161.68386942478145</x>
      <y>483.17449581952565</y>
      <steeringAngle>0.10659999999999997</steeringAngle>
      <velocity>8.0</velocity>
      <orientation>0.8127748373650953</orientation>
      <time>23</time>
    </ksState>
    <ksState>
      <x>162.18221148530694</x>
      <y>483.8026174515881</y>
      <steeringAngle>0.1421333333333333</steeringAngle>
      <velocity>8.0</velocity>
      <orientation>0.8515586896378302</orientation>
      <time>24</time>
    </ksState>
    <ksState>
      <x>162.6398623305406</x>
      <y>484.4624515676296</y>
      <steeringAngle>0.17766666666666667</steeringAngle>
      <velocity>8.0</velocity>
      <orientation>0.9015935018869848</orientation>
      <time>25</time>
    </ksState>
    <ksState>
      <x>163.0549329285178</x>
      <y>485.15080419633307</y>
      <steeringAngle>0.17766666666666667</steeringAngle>
      <velocity>8.0</velocity>
      <orientation>0.9572944781974966</orientation>
      <time>26</time>
    </ksState>
    <ksState>
      <x>163.43103772696048</x>
      <y>485.86119717388004</y>
      <steeringAngle>0.17766666666666667</steeringAngle>
      <velocity>8.0</velocity>
      <orientation>1.0129954545080084</orientation>
      <time>27</time>
    </ksState>
    <ksState>
      <x>163.76701010404292</x>
      <y>486.5914269781428</y>
      <steeringAngle>0.17766666666666667</steeringAngle>
      <velocity>8.0</velocity>
      <orientation>1.06869643081852</orientation>
      <time>28</time>
    </ksState>
    <ksState>
      <x>164.061807941825</x>
      <y>487.33922858485073</y>
      <steeringAngle>0.17766666666666667</steeringAngle>
      <velocity>8.0</velocity>
      <orientation>1.124397407129032</orientation>
      <time>29</time>
    </ksState>
    <ksState>
      <x>164.31451683719166</x>
      <y>488.10228246634</y>
      <steeringAngle>0.17766666666666667</steeringAngle>
      <velocity>8.0</velocity>
      <orientation>1.1800983834395438</orientation>
      <time>30</time>
    </ksState>
    <ksState>
      <x>164.5333789417536</x>
      <y>488.8750304257336</y>
      <steeringAngle>0.14213333333333336</steeringAngle>
      <velocity>8.0</velocity>
      <orientation>1.230133194988292</orientation>
      <time>31</time>
    </ksState>
    <ksState>
      <x>164.73292125936416</x>
      <y>489.651708720145</y>
      <steeringAngle>0.1066000000000001</steeringAngle>
      <velocity>8.0</velocity>
      <orientation>1.2689170469952895</orientation>
      <time>32</time>
    </ksState>
    <ksState>
      <x>164.92178808530656</x>
      <y>490.4300994679994</y>
      <steeringAngle>0.07106666666666674</steeringAngle>
      <velocity>8.0</velocity>
      <orientation>1.2965495260249764</orientation>
      <time>33</time>
    </ksState>
    <ksState>
      <x>165.108631690831</x>
      <y>491.20834361735245</y>
      <steeringAngle>0.035533333333333354</steeringAngle>
      <velocity>8.0</velocity>
      <orientation>1.3131010466540058</orientation>
      <time>34</time>
    </ksState>
    <ksState>
      <x>165.30207983384736</x>
      <y>491.9846484036695</y>
      <steeringAngle>2.0816681711721685e-17</steeringAngle>
      <velocity>8.0</velocity>
      <orientation>1.3186135731124107</orientation>
      <time>35</time>
    </ksState>
    <ksState>
      <x>165.50169444613894</x>
      <y>492.7593444773395</y>
      <steeringAngle>0.0</steeringAngle>
      <velocity>8.0</velocity>
      <orientation>1.3186135731124107</orientation>
      <time>36</time>
    </ksState>
    <ksState>
      <x>165.70130905843052</x>
      <y>493.53404055100947</y>
      <steeringAngle>0.0</steeringAngle>
      <velocity>8.0</velocity>
      <orientation>1.3186135731124107</orientation>
      <time>37</time>
    </ksState>
    <ksState>
      <x>165.9009236707221</x>
      <y>494.30873662467945</y>
      <steeringAngle>0.0</steeringAngle>
      <velocity>8.0</velocity>
      <orientation>1.3186135731124107</orientation>
      <time>38</time>
    </ksState>
    <ksState>
      <x>166.1005382830137</x>
      <y>495.0834326983494</y>
      <steeringAngle>0.0</steeringAngle>
      <velocity>8.0</velocity>
      <orientation>1.3186135731124107</orientation>
      <time>39</time>
    </ksState>
    <ksState>
      <x>166.30015289530527</x>
      <y>495.85812877201937</y>
      <steeringAngle>0.0</steeringAngle>
      <velocity>8.0</velocity>
      <orientation>1.3186135731124107</orientation>
      <time>40</time>
    </ksState>
    <ksState>
      <x>166.49976750759686</x>
      <y>496.63282484568936</y>
      <steeringAngle>0.0</steeringAngle>
      <velocity>8.0</velocity>
      <orientation>1.3186135731124107</orientation>
      <time>41</time>
    </ksState>
    <ksState>
      <x>166.69938211988844</x>
      <y>497.40752091935934</y>
      <steeringAngle>0.0</steeringAngle>
      <velocity>8.0</velocity>
      <orientation>1.3186135731124107</orientation>
      <time>42</time>
    </ksState>
    <ksState>
      <x>166.89899673218002</x>
      <y>498.18221699302933</y>
      <steeringAngle>0.0</steeringAngle>
      <velocity>8.0</velocity>
      <orientation>1.3186135731124107</orientation>
      <time>43</time>
    </ksState>
    <ksState>
      <x>167.0986113444716</x>
      <y>498.95691306669926</y>
      <steeringAngle>0.0</steeringAngle>
      <velocity>8.0</velocity>
      <orientation>1.3186135731124107</orientation>
      <time>44</time>
    </ksState>
    <ksState>
      <x>167.2982259567632</x>
      <y>499.73160914036924</y>
      <steeringAngle>0.0</steeringAngle>
      <velocity>8.0</velocity>
      <orientation>1.3186135731124107</orientation>
      <time>45</time>
    </ksState>
    <ksState>
      <x>167.49784056905477</x>
      <y>500.50630521403923</y>
      <steeringAngle>0.0</steeringAngle>
      <velocity>8.0</velocity>
      <orientation>1.3186135731124107</orientation>
      <time>46</time>
    </ksState>
    <ksState>
      <x>167.69745518134636</x>
      <y>501.2810012877092</y>
      <steeringAngle>0.0</steeringAngle>
      <velocity>8.0</velocity>
      <orientation>1.3186135731124107</orientation>
      <time>47</time>
    </ksState>
    <ksState>
      <x>167.89706979363794</x>
      <y>502.0556973613792</y>
      <steeringAngle>0.0</steeringAngle>
      <velocity>8.0</velocity>
      <orientation>1.3186135731124107</orientation>
      <time>48</time>
    </ksState>
    <ksState>
      <x>168.09668440592952</x>
      <y>502.83039343504913</y>
      <steeringAngle>0.0</steeringAngle>
      <velocity>8.0</velocity>
      <orientation>1.3186135731124107</orientation>
      <time>49</time>
    </ksState>
    <ksState>
      <x>168.2962990182211</x>
      <y>503.6050895087191</y>
      <steeringAngle>0.0</steeringAngle>
      <velocity>8.0</velocity>
      <orientation>1.3186135731124107</orientation>
      <time>50</time>
    </ksState>
    <ksState>
      <x>168.4959136305127</x>
      <y>504.3797855823891</y>
      <steeringAngle>0.0</steeringAngle>
      <velocity>8.0</velocity>
      <orientation>1.3186135731124107</orientation>
      <time>51</time>
    </ksState>
    <ksState>
      <x>168.69552824280427</x>
      <y>505.1544816560591</y>
      <steeringAngle>0.0</steeringAngle>
      <velocity>8.0</velocity>
      <orientation>1.3186135731124107</orientation>
      <time>52</time>
    </ksState>
    <ksState>
      <x>168.89514285509586</x>
      <y>505.9291777297291</y>
      <steeringAngle>0.0</steeringAngle>
      <velocity>8.0</velocity>
      <orientation>1.3186135731124107</orientation>
      <time>53</time>
    </ksState>
    <ksState>
      <x>169.09475746738744</x>
      <y>506.703873803399</y>
      <steeringAngle>0.0</steeringAngle>
      <velocity>8.0</velocity>
      <orientation>1.3186135731124107</orientation>
      <time>54</time>
    </ksState>
    <ksState>
      <x>169.29437207967902</x>
      <y>507.478569877069</y>
      <steeringAngle>0.0</steeringAngle>
      <velocity>8.0</velocity>
      <orientation>1.3186135731124107</orientation>
      <time>55</time>
    </ksState>
    <ksState>
      <x>169.4849625998752</x>
      <y>508.2555662919786</y>
      <steeringAngle>0.03553333333333333</steeringAngle>
      <velocity>8.0</velocity>
      <orientation>1.3241261081152496</orientation>
      <time>56</time>
    </ksState>
    <ksState>
      <x>169.6517088195758</x>
      <y>509.0383183422826</y>
      <steeringAngle>0.07106666666666667</steeringAngle>
      <velocity>8.0</velocity>
      <orientation>1.3406776289955191</orientation>
      <time>57</time>
    </ksState>
    <ksState>
      <x>169.78572659060436</x>
      <y>509.8279293855636</y>
      <steeringAngle>0.10659999999999997</steeringAngle>
      <velocity>8.0</velocity>
      <orientation>1.368310108286214</orientation>
      <time>58</time>
    </ksState>
    <ksState>
      <x>169.8778569177197</x>
      <y>510.62441767598557</y>
      <steeringAngle>0.1421333333333333</steeringAngle>
      <velocity>8.0</velocity>
      <orientation>1.407093960558949</orientation>
      <time>59</time>
    </ksState>
    <ksState>
      <x>169.91869013982074</x>
      <y>511.4263890001663</y>
      <steeringAngle>0.17766666666666667</steeringAngle>
      <velocity>8.0</velocity>
      <orientation>1.4571287728081037</orientation>
      <time>60</time>
    </ksState>
    <ksState>
      <x>169.91872290178392</x>
      <y>512.1893918775166</y>
      <steeringAngle>0.1421333333333334</steeringAngle>
      <velocity>7.2</velocity>
      <orientation>1.5047560945537406</orientation>
      <time>61</time>
    </ksState>
    <ksState>
      <x>169.90486182113239</x>
      <y>512.8708816922567</y>
      <steeringAngle>0.10660000000000011</steeringAngle>
      <velocity>6.4</velocity>
      <orientation>1.5378156650017085</orientation>
      <time>62</time>
    </ksState>
    <ksState>
      <x>169.88837899043332</x>
      <y>513.4713956579037</y>
      <steeringAngle>0.07106666666666674</steeringAngle>
      <velocity>5.600000000000001</velocity>
      <orientation>1.558632613295597</orientation>
      <time>63</time>
    </ksState>
    <ksState>
      <x>169.87613498289727</x>
      <y>513.991487296679</y>
      <steeringAngle>0.03553333333333339</steeringAngle>
      <velocity>4.800000000000001</velocity>
      <orientation>1.56948322295326</orientation>
      <time>64</time>
    </ksState>
    <ksState>
      <x>169.87135924707334</x>
      <y>514.4314858727189</y>
      <steeringAngle>5.5294310796760726e-17</steeringAngle>
      <velocity>4.0</velocity>
      <orientation>1.5726069987904254</orientation>
      <time>65</time>
    </ksState>
    <ksState>
      <x>169.87056255182878</x>
      <y>514.8714851524695</y>
      <steeringAngle>0.0</steeringAngle>
      <velocity>4.8</velocity>
      <orientation>1.5726069987904254</orientation>
      <time>66</time>
    </ksState>
    <ksState>
      <x>169.86962100290364</x>
      <y>515.391484301124</y>
      <steeringAngle>0.0</steeringAngle>
      <velocity>5.6</velocity>
      <orientation>1.5726069987904254</orientation>
      <time>67</time>
    </ksState>
    <ksState>
      <x>169.86853460029798</x>
      <y>515.9914833186665</y>
      <steeringAngle>0.0</steeringAngle>
      <velocity>6.4</velocity>
      <orientation>1.5726069987904254</orientation>
      <time>68</time>
    </ksState>
    <ksState>
      <x>169.86730334401176</x>
      <y>516.6714822050875</y>
      <steeringAngle>0.0</steeringAngle>
      <velocity>7.199999999999999</velocity>
      <orientation>1.5726069987904254</orientation>
      <time>69</time>
    </ksState>
    <ksState>
      <x>169.86592723404505</x>
      <y>517.4314809603812</y>
      <steeringAngle>0.0</steeringAngle>
      <velocity>7.999999999999998</velocity>
      <orientation>1.5726069987904254</orientation>
      <time>70</time>
    </ksState>
    <ksState>
      <x>169.8559393005148</x>
      <y>518.1914433013429</y>
      <steeringAngle>0.03553333333333333</steeringAngle>
      <velocity>7.199999999999999</velocity>
      <orientation>1.5777520117729178</orientation>
      <time>71</time>
    </ksState>
    <ksState>
      <x>169.82710704581373</x>
      <y>518.8711015801135</y>
      <steeringAngle>0.07106666666666664</steeringAngle>
      <velocity>6.400000000000001</velocity>
      <orientation>1.591728683893881</orientation>
      <time>72</time>
    </ksState>
    <ksState>
      <x>169.77943923467333</x>
      <y>519.4698938142542</y>
      <steeringAngle>0.10659999999999997</steeringAngle>
      <velocity>5.600000000000004</velocity>
      <orientation>1.6123604517597623</orientation>
      <time>73</time>
    </ksState>
    <ksState>
      <x>169.71594464560147</x>
      <y>519.9872027324054</y>
      <steeringAngle>0.1421333333333333</steeringAngle>
      <velocity>4.800000000000003</velocity>
      <orientation>1.6374766592684105</orientation>
      <time>74</time>
    </ksState>
    <ksState>
      <x>169.6419473348933</x>
      <y>520.4226528485716</y>
      <steeringAngle>0.17766666666666653</steeringAngle>
      <velocity>4.000000000000006</velocity>
      <orientation>1.6649015558535603</orientation>
      <time>75</time>
    </ksState>
    <ksState>
      <x>169.56380652776733</x>
      <y>520.8165638174656</y>
      <steeringAngle>0.1421333333333333</steeringAngle>
      <velocity>4.0</velocity>
      <orientation>1.6899189621980835</orientation>
      <time>76</time>
    </ksState>
    <ksState>
      <x>169.48487705726586</x>
      <y>521.2096751915942</y>
      <steeringAngle>0.10659999999999999</steeringAngle>
      <velocity>4.0</velocity>
      <orientation>1.7093108884888342</orientation>
      <time>77</time>
    </ksState>
    <ksState>
      <x>169.4072810846285</x>
      <y>521.6025746265711</y>
      <steeringAngle>0.07106666666666664</steeringAngle>
      <velocity>4.0</velocity>
      <orientation>1.723127128223787</orientation>
      <time>78</time>
    </ksState>
    <ksState>
      <x>169.33313669033353</x>
      <y>521.9958234689072</y>
      <steeringAngle>0.03553333333333332</steeringAngle>
      <velocity>4.0</velocity>
      <orientation>1.7314028886860524</orientation>
      <time>79</time>
    </ksState>
    <ksState>
      <x>169.26457441788295</x>
      <y>522.3899248783363</y>
      <steeringAngle>-2.2985086056692694e-17</steeringAngle>
      <velocity>4.0</velocity>
      <orientation>1.7341591519808928</orientation>
      <time>80</time>
    </ksState>
    <ksState>
      <x>169.19951954896362</x>
      <y>522.784599255551</y>
      <steeringAngle>0.0</steeringAngle>
      <velocity>4.0</velocity>
      <orientation>1.7341591519808928</orientation>
      <time>81</time>
    </ksState>
    <ksState>
      <x>169.13446468004426</x>
      <y>523.1792736327659</y>
      <steeringAngle>0.0</steeringAngle>
      <velocity>4.0</velocity>
      <orientation>1.7341591519808928</orientation>
      <time>82</time>
    </ksState>
    <ksState>
      <x>169.06940981112493</x>
      <y>523.5739480099807</y>
      <steeringAngle>0.0</steeringAngle>
      <velocity>4.0</velocity>
      <orientation>1.7341591519808928</orientation>
      <time>83</time>
    </ksState>
    <ksState>
      <x>169.0043549422056</x>
      <y>523.9686223871954</y>
      <steeringAngle>0.0</steeringAngle>
      <velocity>4.0</velocity>
      <orientation>1.7341591519808928</orientation>
      <time>84</time>
    </ksState>
    <ksState>
      <x>168.93930007328623</x>
      <y>524.3632967644103</y>
      <steeringAngle>0.0</steeringAngle>
      <velocity>4.0</velocity>
      <orientation>1.7341591519808928</orientation>
      <time>85</time>
    </ksState>
    <ksState>
      <x>168.87847791589707</x>
      <y>524.7586630224732</y>
      <steeringAngle>-0.035533333333333326</steeringAngle>
      <velocity>4.0</velocity>
      <orientation>1.7314028774482924</orientation>
      <time>86</time>
    </ksState>
    <ksState>
      <x>168.82759392059478</x>
      <y>525.1555813839379</y>
      <steeringAngle>-0.07106666666666711</steeringAngle>
      <velocity>4.0</velocity>
      <orientation>1.7231271169050069</orientation>
      <time>87</time>
    </ksState>
    <ksState>
      <x>168.78889588294342</x>
      <y>525.554177675902</y>
      <steeringAngle>-0.10660000000000043</steeringAngle>
      <velocity>4.0</velocity>
      <orientation>1.70931087708587</orientation>
      <time>88</time>
    </ksState>
    <ksState>
      <x>168.7646868205951</x>
      <y>525.954377307098</y>
      <steeringAngle>-0.14213333333333378</steeringAngle>
      <velocity>4.0</velocity>
      <orientation>1.6899189507003243</orientation>
      <time>89</time>
    </ksState>
    <ksState>
      <x>168.7573253735352</x>
      <y>526.3558630622289</y>
      <steeringAngle>-0.1776666666666672</steeringAngle>
      <velocity>4.0</velocity>
      <orientation>1.664901544248927</orientation>
      <time>90</time>
    </ksState>
    <ksState>
      <x>168.76921969280838</x>
      <y>526.7580294432634</y>
      <steeringAngle>-0.21319999999999995</steeringAngle>
      <velocity>4.0</velocity>
      <orientation>1.6341937616114268</orientation>
      <time>91</time>
    </ksState>
    <ksState>
      <x>168.80281325022082</x>
      <y>527.1599334306346</y>
      <steeringAngle>-0.24873333333333336</steeringAngle>
      <velocity>4.0</velocity>
      <orientation>1.5977149204887326</orientation>
      <time>92</time>
    </ksState>
    <ksState>
      <x>168.8605606905741</x>
      <y>527.5602418440619</y>
      <steeringAngle>-0.2842666666666667</steeringAngle>
      <velocity>4.0</velocity>
      <orientation>1.5553676866432846</orientation>
      <time>93</time>
    </ksState>
    <ksState>
      <x>168.9448915343049</x>
      <y>527.9571758212294</y>
      <steeringAngle>-0.31980000000000003</steeringAngle>
      <velocity>4.0</velocity>
      <orientation>1.5070370052761495</orientation>
      <time>94</time>
    </ksState>
    <ksState>
      <x>169.05815919446707</x>
      <y>528.3484534552024</y>
      <steeringAngle>-0.35533333333333333</steeringAngle>
      <velocity>4.0</velocity>
      <orientation>1.452588804097871</orientation>
      <time>95</time>
    </ksState>
    <ksState>
      <x>169.1786856750318</x>
      <y>528.6947924495208</y>
      <steeringAngle>-0.31979999999999975</steeringAngle>
      <velocity>3.2</velocity>
      <orientation>1.4034822440400827</orientation>
      <time>96</time>
    </ksState>
    <ksState>
      <x>169.27754317942393</x>
      <y>528.9611747051605</y>
      <steeringAngle>-0.2842666666666663</steeringAngle>
      <velocity>2.4000000000000004</velocity>
      <orientation>1.3695499886738682</orientation>
      <time>97</time>
    </ksState>
    <ksState>
      <x>169.34923753964577</x>
      <y>529.1503235281729</y>
      <steeringAngle>-0.24873333333333292</steeringAngle>
      <velocity>1.6000000000000008</velocity>
      <orientation>1.3482776677269295</orientation>
      <time>98</time>
    </ksState>
    <ksState>
      <x>169.39168307579712</x>
      <y>529.2636614889093</y>
      <steeringAngle>-0.21319999999999967</steeringAngle>
      <velocity>0.8000000000000008</velocity>
      <orientation>1.3372370769858746</orientation>
      <time>99</time>
    </ksState>
  </ksTrajectory>
</CommonRoadSolution>
