<?xml version="1.0" ?>
<CommonRoadSolution benchmark_id="KS2:SM1:DEU_Guetersloh-25_2_T-1:2020a" computation_time="0.37390834200004974" date="2023-11-26T00:13:30">
  <ksTrajectory planningProblem="1">
    <ksState>
      <x>219.47992</x>
      <y>-446.68322</y>
      <steeringAngle>0.0</steeringAngle>
      <velocity>12.0</velocity>
      <orientation>-0.028740132</orientation>
      <time>0</time>
    </ksState>
    <ksState>
      <x>220.63991999951142</x>
      <y>-446.716558553106</y>
      <steeringAngle>0.0</steeringAngle>
      <velocity>11.200000000000001</velocity>
      <orientation>-0.028740132</orientation>
      <time>1</time>
    </ksState>
    <ksState>
      <x>221.71991999857192</x>
      <y>-446.747597895639</y>
      <steeringAngle>0.0</steeringAngle>
      <velocity>10.4</velocity>
      <orientation>-0.028740132</orientation>
      <time>2</time>
    </ksState>
    <ksState>
      <x>222.7199199974912</x>
      <y>-446.7763380276079</y>
      <steeringAngle>0.0</steeringAngle>
      <velocity>9.599999999999998</velocity>
      <orientation>-0.028740132</orientation>
      <time>3</time>
    </ksState>
    <ksState>
      <x>223.63991999635724</x>
      <y>-446.8027789490153</y>
      <steeringAngle>0.0</steeringAngle>
      <velocity>8.799999999999999</velocity>
      <orientation>-0.028740132</orientation>
      <time>4</time>
    </ksState>
    <ksState>
      <x>224.47991999519883</x>
      <y>-446.826920659862</y>
      <steeringAngle>0.0</steeringAngle>
      <velocity>7.999999999999997</velocity>
      <orientation>-0.028740132</orientation>
      <time>5</time>
    </ksState>
    <ksState>
      <x>225.239651705543</x>
      <y>-446.85737141439023</y>
      <steeringAngle>-0.03553333333333333</steeringAngle>
      <velocity>7.199999999999999</velocity>
      <orientation>-0.03388514498249233</orientation>
      <time>6</time>
    </ksState>
    <ksState>
      <x>225.91856798143735</x>
      <y>-446.90449971110957</y>
      <steeringAngle>-0.07106666666666664</steeringAngle>
      <velocity>6.400000000000001</velocity>
      <orientation>-0.04786181710345544</orientation>
      <time>7</time>
    </ksState>
    <ksState>
      <x>226.51610720114928</x>
      <y>-446.96828293552454</y>
      <steeringAngle>-0.10659999999999997</steeringAngle>
      <velocity>5.600000000000004</velocity>
      <orientation>-0.0684935849693368</orientation>
      <time>8</time>
    </ksState>
    <ksState>
      <x>227.03173323217686</x>
      <y>-447.04569682189515</y>
      <steeringAngle>-0.1421333333333333</steeringAngle>
      <velocity>4.800000000000003</velocity>
      <orientation>-0.09360979247798507</orientation>
      <time>9</time>
    </ksState>
    <ksState>
      <x>227.46521400942657</x>
      <y>-447.13140822761454</y>
      <steeringAngle>-0.17766666666666653</steeringAngle>
      <velocity>4.000000000000006</velocity>
      <orientation>-0.12103468906313487</orientation>
      <time>10</time>
    </ksState>
    <ksState>
      <x>227.81724931554677</x>
      <y>-447.21469088263103</y>
      <steeringAngle>-0.17766666666666667</steeringAngle>
      <velocity>3.2000000000000006</velocity>
      <orientation>-0.14610012833131247</orientation>
      <time>11</time>
    </ksState>
    <ksState>
      <x>228.08954630942375</x>
      <y>-447.28555092069837</y>
      <steeringAngle>-0.17766666666666667</steeringAngle>
      <velocity>2.4000000000000012</velocity>
      <orientation>-0.16559546996134225</orientation>
      <time>12</time>
    </ksState>
    <ksState>
      <x>228.2831727681133</x>
      <y>-447.3394085511014</y>
      <steeringAngle>-0.17766666666666667</steeringAngle>
      <velocity>1.6000000000000005</velocity>
      <orientation>-0.1795207139603232</orientation>
      <time>13</time>
    </ksState>
    <ksState>
      <x>228.39898204823018</x>
      <y>-447.3730155016606</y>
      <steeringAngle>-0.17766666666666667</steeringAngle>
      <velocity>0.8000000000000004</velocity>
      <orientation>-0.18787586033107734</orientation>
      <time>14</time>
    </ksState>
    <ksState>
      <x>228.43752224218514</x>
      <y>-447.3844327065243</y>
      <steeringAngle>-0.17766666666666667</steeringAngle>
      <velocity>2.7755575615628914e-16</velocity>
      <orientation>-0.1906609090772927</orientation>
      <time>15</time>
    </ksState>
    <ksState>
      <x>228.43752224218514</x>
      <y>-447.3844327065243</y>
      <steeringAngle>-0.14213333333333336</steeringAngle>
      <velocity>0.0</velocity>
      <orientation>-0.1906609090772927</orientation>
      <time>16</time>
    </ksState>
    <ksState>
      <x>228.43752224218514</x>
      <y>-447.3844327065243</y>
      <steeringAngle>-0.10660000000000001</steeringAngle>
      <velocity>0.0</velocity>
      <orientation>-0.1906609090772927</orientation>
      <time>17</time>
    </ksState>
    <ksState>
      <x>228.43752224218514</x>
      <y>-447.3844327065243</y>
      <steeringAngle>-0.07106666666666668</steeringAngle>
      <velocity>0.0</velocity>
      <orientation>-0.1906609090772927</orientation>
      <time>18</time>
    </ksState>
    <ksState>
      <x>228.43752224218514</x>
      <y>-447.3844327065243</y>
      <steeringAngle>-0.03553333333333333</steeringAngle>
      <velocity>0.0</velocity>
      <orientation>-0.1906609090772927</orientation>
      <time>19</time>
    </ksState>
    <ksState>
      <x>228.43752224218514</x>
      <y>-447.3844327065243</y>
      <steeringAngle>-0.0</steeringAngle>
      <velocity>0.0</velocity>
      <orientation>-0.1906609090772927</orientation>
      <time>20</time>
    </ksState>
    <ksState>
      <x>228.43752224218514</x>
      <y>-447.3844327065243</y>
      <steeringAngle>0.0</steeringAngle>
      <velocity>0.0</velocity>
      <orientation>-0.1906609090772927</orientation>
      <time>21</time>
    </ksState>
    <ksState>
      <x>228.43752224218514</x>
      <y>-447.3844327065243</y>
      <steeringAngle>0.0</steeringAngle>
      <velocity>0.0</velocity>
      <orientation>-0.1906609090772927</orientation>
      <time>22</time>
    </ksState>
    <ksState>
      <x>228.43752224218514</x>
      <y>-447.3844327065243</y>
      <steeringAngle>0.0</steeringAngle>
      <velocity>0.0</velocity>
      <orientation>-0.1906609090772927</orientation>
      <time>23</time>
    </ksState>
    <ksState>
      <x>228.43752224218514</x>
      <y>-447.3844327065243</y>
      <steeringAngle>0.0</steeringAngle>
      <velocity>0.0</velocity>
      <orientation>-0.1906609090772927</orientation>
      <time>24</time>
    </ksState>
    <ksState>
      <x>228.43752224218514</x>
      <y>-447.3844327065243</y>
      <steeringAngle>0.0</steeringAngle>
      <velocity>0.0</velocity>
      <orientation>-0.1906609090772927</orientation>
      <time>25</time>
    </ksState>
    <ksState>
      <x>228.43752224218514</x>
      <y>-447.3844327065243</y>
      <steeringAngle>0.0</steeringAngle>
      <velocity>0.0</velocity>
      <orientation>-0.1906609090772927</orientation>
      <time>26</time>
    </ksState>
    <ksState>
      <x>228.43752224218514</x>
      <y>-447.3844327065243</y>
      <steeringAngle>0.0</steeringAngle>
      <velocity>0.0</velocity>
      <orientation>-0.1906609090772927</orientation>
      <time>27</time>
    </ksState>
    <ksState>
      <x>228.43752224218514</x>
      <y>-447.3844327065243</y>
      <steeringAngle>0.0</steeringAngle>
      <velocity>0.0</velocity>
      <orientation>-0.1906609090772927</orientation>
      <time>28</time>
    </ksState>
    <ksState>
      <x>228.43752224218514</x>
      <y>-447.3844327065243</y>
      <steeringAngle>0.0</steeringAngle>
      <velocity>0.0</velocity>
      <orientation>-0.1906609090772927</orientation>
      <time>29</time>
    </ksState>
    <ksState>
      <x>228.43752224218514</x>
      <y>-447.3844327065243</y>
      <steeringAngle>0.0</steeringAngle>
      <velocity>0.0</velocity>
      <orientation>-0.1906609090772927</orientation>
      <time>30</time>
    </ksState>
    <ksState>
      <x>228.43752224218514</x>
      <y>-447.3844327065243</y>
      <steeringAngle>0.0</steeringAngle>
      <velocity>0.0</velocity>
      <orientation>-0.1906609090772927</orientation>
      <time>31</time>
    </ksState>
    <ksState>
      <x>228.43752224218514</x>
      <y>-447.3844327065243</y>
      <steeringAngle>0.0</steeringAngle>
      <velocity>0.0</velocity>
      <orientation>-0.1906609090772927</orientation>
      <time>32</time>
    </ksState>
    <ksState>
      <x>228.43752224218514</x>
      <y>-447.3844327065243</y>
      <steeringAngle>0.0</steeringAngle>
      <velocity>0.0</velocity>
      <orientation>-0.1906609090772927</orientation>
      <time>33</time>
    </ksState>
  </ksTrajectory>
</CommonRoadSolution>
