<?xml version="1.0" ?>
<CommonRoadSolution benchmark_id="KS2:SM1:DEU_Flensburg-89_1_T-1:2020a" computation_time="4.345322557000145" date="2023-11-26T00:13:30">
  <ksTrajectory planningProblem="123">
    <ksState>
      <x>21.98172</x>
      <y>152.22167</y>
      <steeringAngle>0.0</steeringAngle>
      <velocity>8.0</velocity>
      <orientation>-1.241116</orientation>
      <time>0</time>
    </ksState>
    <ksState>
      <x>22.240712469963814</x>
      <y>151.4647532935507</y>
      <steeringAngle>0.0</steeringAngle>
      <velocity>8.0</velocity>
      <orientation>-1.241116</orientation>
      <time>1</time>
    </ksState>
    <ksState>
      <x>22.499704939927625</x>
      <y>150.7078365871014</y>
      <steeringAngle>0.0</steeringAngle>
      <velocity>8.0</velocity>
      <orientation>-1.241116</orientation>
      <time>2</time>
    </ksState>
    <ksState>
      <x>22.75869740989144</x>
      <y>149.95091988065212</y>
      <steeringAngle>0.0</steeringAngle>
      <velocity>8.0</velocity>
      <orientation>-1.241116</orientation>
      <time>3</time>
    </ksState>
    <ksState>
      <x>23.01768987985525</x>
      <y>149.19400317420283</y>
      <steeringAngle>0.0</steeringAngle>
      <velocity>8.0</velocity>
      <orientation>-1.241116</orientation>
      <time>4</time>
    </ksState>
    <ksState>
      <x>23.276682349819065</x>
      <y>148.43708646775352</y>
      <steeringAngle>0.0</steeringAngle>
      <velocity>8.0</velocity>
      <orientation>-1.241116</orientation>
      <time>5</time>
    </ksState>
    <ksState>
      <x>23.53567481978288</x>
      <y>147.68016976130423</y>
      <steeringAngle>0.0</steeringAngle>
      <velocity>8.0</velocity>
      <orientation>-1.241116</orientation>
      <time>6</time>
    </ksState>
    <ksState>
      <x>23.79466728974669</x>
      <y>146.92325305485494</y>
      <steeringAngle>0.0</steeringAngle>
      <velocity>8.0</velocity>
      <orientation>-1.241116</orientation>
      <time>7</time>
    </ksState>
    <ksState>
      <x>24.053659759710506</x>
      <y>146.16633634840565</y>
      <steeringAngle>0.0</steeringAngle>
      <velocity>8.0</velocity>
      <orientation>-1.241116</orientation>
      <time>8</time>
    </ksState>
    <ksState>
      <x>24.312652229674317</x>
      <y>145.40941964195636</y>
      <steeringAngle>0.0</steeringAngle>
      <velocity>8.0</velocity>
      <orientation>-1.241116</orientation>
      <time>9</time>
    </ksState>
    <ksState>
      <x>24.57164469963813</x>
      <y>144.65250293550704</y>
      <steeringAngle>0.0</steeringAngle>
      <velocity>8.0</velocity>
      <orientation>-1.241116</orientation>
      <time>10</time>
    </ksState>
    <ksState>
      <x>24.809532715401573</x>
      <y>143.93066374950203</y>
      <steeringAngle>-0.03553333333333333</steeringAngle>
      <velocity>7.199999999999999</velocity>
      <orientation>-1.2462610129824925</orientation>
      <time>11</time>
    </ksState>
    <ksState>
      <x>25.003467114534697</x>
      <y>143.27862377860652</y>
      <steeringAngle>-0.07106666666666664</steeringAngle>
      <velocity>6.400000000000001</velocity>
      <orientation>-1.2602376851034556</orientation>
      <time>12</time>
    </ksState>
    <ksState>
      <x>25.15327328560884</x>
      <y>142.69691726240254</y>
      <steeringAngle>-0.10659999999999997</steeringAngle>
      <velocity>5.600000000000004</velocity>
      <orientation>-1.280869452969337</orientation>
      <time>13</time>
    </ksState>
    <ksState>
      <x>25.2615953106979</x>
      <y>142.18710708349198</y>
      <steeringAngle>-0.1421333333333333</steeringAngle>
      <velocity>4.800000000000003</velocity>
      <orientation>-1.3059856604779851</orientation>
      <time>14</time>
    </ksState>
    <ksState>
      <x>25.333345191468148</x>
      <y>141.75128101695793</y>
      <steeringAngle>-0.17766666666666653</steeringAngle>
      <velocity>4.000000000000006</velocity>
      <orientation>-1.333410557063135</orientation>
      <time>15</time>
    </ksState>
    <ksState>
      <x>25.38765810639814</x>
      <y>141.35338411520434</y>
      <steeringAngle>-0.1421333333333333</steeringAngle>
      <velocity>4.0</velocity>
      <orientation>-1.3584279634076581</orientation>
      <time>16</time>
    </ksState>
    <ksState>
      <x>25.440965063562665</x>
      <y>140.95598660376177</y>
      <steeringAngle>-0.10659999999999999</steeringAngle>
      <velocity>4.0</velocity>
      <orientation>-1.3778198896984089</orientation>
      <time>17</time>
    </ksState>
    <ksState>
      <x>25.495463944214666</x>
      <y>140.55922348427808</y>
      <steeringAngle>-0.07106666666666664</steeringAngle>
      <velocity>4.0</velocity>
      <orientation>-1.3916361294333617</orientation>
      <time>18</time>
    </ksState>
    <ksState>
      <x>25.553340208627922</x>
      <y>140.1632533070909</y>
      <steeringAngle>-0.03553333333333332</steeringAngle>
      <velocity>4.0</velocity>
      <orientation>-1.399911889895627</orientation>
      <time>19</time>
    </ksState>
    <ksState>
      <x>25.616772164516007</x>
      <y>139.76829369764994</y>
      <steeringAngle>2.2985086056692694e-17</steeringAngle>
      <velocity>4.0</velocity>
      <orientation>-1.4026681531904674</orientation>
      <time>20</time>
    </ksState>
    <ksState>
      <x>25.685559051429077</x>
      <y>139.3336835578311</y>
      <steeringAngle>-0.035533333333333326</steeringAngle>
      <velocity>4.799999999999999</velocity>
      <orientation>-1.4057919318596583</orientation>
      <time>21</time>
    </ksState>
    <ksState>
      <x>25.75325393815665</x>
      <y>138.817889579908</y>
      <steeringAngle>-0.07106666666666667</steeringAngle>
      <velocity>5.599999999999998</velocity>
      <orientation>-1.4166425429208311</orientation>
      <time>22</time>
    </ksState>
    <ksState>
      <x>25.810304189806054</x>
      <y>138.21990575149843</y>
      <steeringAngle>-0.10659999999999999</steeringAngle>
      <velocity>6.3999999999999995</velocity>
      <orientation>-1.437459491921159</orientation>
      <time>23</time>
    </ksState>
    <ksState>
      <x>25.84337227950444</x>
      <y>137.53915204598516</y>
      <steeringAngle>-0.14213333333333333</steeringAngle>
      <velocity>7.199999999999999</velocity>
      <orientation>-1.4705190629023241</orientation>
      <time>24</time>
    </ksState>
    <ksState>
      <x>25.8345447924335</x>
      <y>136.7763210622242</y>
      <steeringAngle>-0.17766666666666664</steeringAngle>
      <velocity>7.9999999999999964</velocity>
      <orientation>-1.5181463849838708</orientation>
      <time>25</time>
    </ksState>
    <ksState>
      <x>25.770270700959045</x>
      <y>136.01470611915042</y>
      <steeringAngle>-0.21320000000000014</steeringAngle>
      <velocity>7.200000000000003</velocity>
      <orientation>-1.5763957120553636</orientation>
      <time>26</time>
    </ksState>
    <ksState>
      <x>25.657962694109806</x>
      <y>135.3384679236239</y>
      <steeringAngle>-0.24873333333333347</steeringAngle>
      <velocity>6.400000000000004</velocity>
      <orientation>-1.638312799541143</orientation>
      <time>27</time>
    </ksState>
    <ksState>
      <x>25.509202422082296</x>
      <y>134.7504128515557</y>
      <steeringAngle>-0.2842666666666668</steeringAngle>
      <velocity>5.600000000000001</velocity>
      <orientation>-1.701734942305064</orientation>
      <time>28</time>
    </ksState>
    <ksState>
      <x>25.337465875940627</x>
      <y>134.25169507068546</y>
      <steeringAngle>-0.3198</steeringAngle>
      <velocity>4.800000000000002</velocity>
      <orientation>-1.7644640420470168</orientation>
      <time>29</time>
    </ksState>
    <ksState>
      <x>25.157238485418098</x>
      <y>133.84151000449617</y>
      <steeringAngle>-0.3553333333333332</steeringAngle>
      <velocity>4.000000000000001</velocity>
      <orientation>-1.8242538760952316</orientation>
      <time>30</time>
    </ksState>
    <ksState>
      <x>24.96253095568798</x>
      <y>133.4816992226994</y>
      <steeringAngle>-0.39086666666666653</steeringAngle>
      <velocity>4.0</velocity>
      <orientation>-1.8849742424012188</orientation>
      <time>31</time>
    </ksState>
    <ksState>
      <x>24.736617773365346</x>
      <y>133.13820203434923</y>
      <steeringAngle>-0.42639999999999995</steeringAngle>
      <velocity>4.0</velocity>
      <orientation>-1.9521438558576225</orientation>
      <time>32</time>
    </ksState>
    <ksState>
      <x>24.478442382397517</x>
      <y>132.81532293075261</y>
      <steeringAngle>-0.4619333333333333</steeringAngle>
      <velocity>4.0</velocity>
      <orientation>-2.0259644394899663</orientation>
      <time>33</time>
    </ksState>
    <ksState>
      <x>24.187527209395306</x>
      <y>132.51799638808131</y>
      <steeringAngle>-0.49746666666666667</steeringAngle>
      <velocity>4.0</velocity>
      <orientation>-2.1066649813031866</orientation>
      <time>34</time>
    </ksState>
    <ksState>
      <x>23.864147150495928</x>
      <y>132.25178284024983</y>
      <steeringAngle>-0.533</steeringAngle>
      <velocity>4.0</velocity>
      <orientation>-2.194504847902995</orientation>
      <time>35</time>
    </ksState>
    <ksState>
      <x>23.51827871315827</x>
      <y>132.01526522800336</y>
      <steeringAngle>-0.4974666666666666</steeringAngle>
      <velocity>4.0</velocity>
      <orientation>-2.2823447147424445</orientation>
      <time>36</time>
    </ksState>
    <ksState>
      <x>23.161135028691817</x>
      <y>131.80174642620884</y>
      <steeringAngle>-0.4619333333333334</steeringAngle>
      <velocity>4.0</velocity>
      <orientation>-2.3630452565296145</orientation>
      <time>37</time>
    </ksState>
    <ksState>
      <x>22.795175956810084</x>
      <y>131.60920020423916</y>
      <steeringAngle>-0.42640000000000017</steeringAngle>
      <velocity>4.0</velocity>
      <orientation>-2.4368658397794194</orientation>
      <time>38</time>
    </ksState>
    <ksState>
      <x>22.422436577202543</x>
      <y>131.4354883028086</y>
      <steeringAngle>-0.3908666666666668</steeringAngle>
      <velocity>4.0</velocity>
      <orientation>-2.5040354526422823</orientation>
      <time>39</time>
    </ksState>
    <ksState>
      <x>22.04458343362119</x>
      <y>131.27840549584195</y>
      <steeringAngle>-0.3553333333333335</steeringAngle>
      <velocity>4.0</velocity>
      <orientation>-2.564755820520568</orientation>
      <time>40</time>
    </ksState>
    <ksState>
      <x>21.624464169679726</x>
      <y>131.12246224599093</y>
      <steeringAngle>-0.31979999999999975</steeringAngle>
      <velocity>4.800000000000001</velocity>
      <orientation>-2.6245456555523163</orientation>
      <time>41</time>
    </ksState>
    <ksState>
      <x>21.12286125441088</x>
      <y>130.95897278857709</y>
      <steeringAngle>-0.28426666666666645</steeringAngle>
      <velocity>5.600000000000004</velocity>
      <orientation>-2.68727475568364</orientation>
      <time>42</time>
    </ksState>
    <ksState>
      <x>20.538555975319866</x>
      <y>130.79561479291064</y>
      <steeringAngle>-0.2487333333333331</steeringAngle>
      <velocity>6.400000000000004</velocity>
      <orientation>-2.750696892376316</orientation>
      <time>43</time>
    </ksState>
    <ksState>
      <x>19.87101387626529</x>
      <y>130.63910293709847</y>
      <steeringAngle>-0.21319999999999992</steeringAngle>
      <velocity>7.200000000000004</velocity>
      <orientation>-2.8126139810541146</orientation>
      <time>44</time>
    </ksState>
    <ksState>
      <x>19.12034942160693</x>
      <y>130.4944667201191</y>
      <steeringAngle>-0.17766666666666656</steeringAngle>
      <velocity>8.000000000000004</velocity>
      <orientation>-2.8708633106550803</orientation>
      <time>45</time>
    </ksState>
    <ksState>
      <x>18.324873889884934</x>
      <y>130.37900408036214</y>
      <steeringAngle>-0.17766666666666667</steeringAngle>
      <velocity>8.0</velocity>
      <orientation>-2.926564286965592</orientation>
      <time>46</time>
    </ksState>
    <ksState>
      <x>17.524203967087782</x>
      <y>130.30800635724586</y>
      <steeringAngle>-0.17766666666666667</steeringAngle>
      <velocity>8.0</velocity>
      <orientation>-2.982265263276104</orientation>
      <time>47</time>
    </ksState>
    <ksState>
      <x>16.720823202143958</x>
      <y>130.28169378013186</y>
      <steeringAngle>-0.17766666666666667</steeringAngle>
      <velocity>8.0</velocity>
      <orientation>-3.0379662395866154</orientation>
      <time>48</time>
    </ksState>
    <ksState>
      <x>15.917223518715202</x>
      <y>130.30014796526916</y>
      <steeringAngle>-0.17766666666666667</steeringAngle>
      <velocity>8.0</velocity>
      <orientation>-3.0936672158971272</orientation>
      <time>49</time>
    </ksState>
    <ksState>
      <x>15.11589751888534</x>
      <y>130.3633116720159</y>
      <steeringAngle>-0.17766666666666667</steeringAngle>
      <velocity>8.0</velocity>
      <orientation>-3.149368192207639</orientation>
      <time>50</time>
    </ksState>
    <ksState>
      <x>14.31876988643846</x>
      <y>130.4614318389026</y>
      <steeringAngle>-0.14213333333333336</steeringAngle>
      <velocity>8.0</velocity>
      <orientation>-3.1994030037563874</orientation>
      <time>51</time>
    </ksState>
    <ksState>
      <x>13.525516150247634</x>
      <y>130.57888318860344</y>
      <steeringAngle>-0.1066000000000001</steeringAngle>
      <velocity>8.0</velocity>
      <orientation>-3.238186855763385</orientation>
      <time>52</time>
    </ksState>
    <ksState>
      <x>12.734826341366155</x>
      <y>130.7068381041704</y>
      <steeringAngle>-0.07106666666666674</steeringAngle>
      <velocity>8.0</velocity>
      <orientation>-3.265819334793072</orientation>
      <time>53</time>
    </ksState>
    <ksState>
      <x>11.94505667917835</x>
      <y>130.8366008477276</y>
      <steeringAngle>-0.035533333333333354</steeringAngle>
      <velocity>8.0</velocity>
      <orientation>-3.282370855422101</orientation>
      <time>54</time>
    </ksState>
    <ksState>
      <x>11.154511800455001</x>
      <y>130.95952399452835</y>
      <steeringAngle>-2.0816681711721685e-17</steeringAngle>
      <velocity>8.0</velocity>
      <orientation>-3.2878833818805058</orientation>
      <time>55</time>
    </ksState>
    <ksState>
      <x>10.36172327375601</x>
      <y>131.06692291028378</y>
      <steeringAngle>0.03553333333333333</steeringAngle>
      <velocity>8.0</velocity>
      <orientation>-3.282370846877667</orientation>
      <time>56</time>
    </ksState>
    <ksState>
      <x>9.565731556049164</x>
      <y>131.15000274767914</y>
      <steeringAngle>0.07106666666666667</steeringAngle>
      <velocity>8.0</velocity>
      <orientation>-3.2658193259973975</orientation>
      <time>57</time>
    </ksState>
    <ksState>
      <x>8.766378473300888</x>
      <y>131.19981250298565</y>
      <steeringAngle>0.10659999999999997</steeringAngle>
      <velocity>8.0</velocity>
      <orientation>-3.2381868467067023</orientation>
      <time>58</time>
    </ksState>
    <ksState>
      <x>7.964613926632659</x>
      <y>131.20724255409803</y>
      <steeringAngle>0.1421333333333333</steeringAngle>
      <velocity>8.0</velocity>
      <orientation>-3.1994029944339677</orientation>
      <time>59</time>
    </ksState>
    <ksState>
      <x>7.162818866961567</x>
      <y>131.16308330679493</y>
      <steeringAngle>0.17766666666666667</steeringAngle>
      <velocity>8.0</velocity>
      <orientation>-3.149368182184813</orientation>
      <time>60</time>
    </ksState>
    <ksState>
      <x>6.404086352852464</x>
      <y>131.08247087628985</y>
      <steeringAngle>0.1421333333333334</steeringAngle>
      <velocity>7.2</velocity>
      <orientation>-3.101740860439176</orientation>
      <time>61</time>
    </ksState>
    <ksState>
      <x>5.727878819446494</x>
      <y>130.99665788825064</y>
      <steeringAngle>0.10660000000000011</steeringAngle>
      <velocity>6.4</velocity>
      <orientation>-3.068681289991208</orientation>
      <time>62</time>
    </ksState>
    <ksState>
      <x>5.132470667080078</x>
      <y>130.91679651623252</y>
      <steeringAngle>0.07106666666666674</steeringAngle>
      <velocity>5.600000000000001</velocity>
      <orientation>-3.0478643416973195</orientation>
      <time>63</time>
    </ksState>
    <ksState>
      <x>4.6165863509201746</x>
      <y>130.84965040104547</y>
      <steeringAngle>0.03553333333333339</steeringAngle>
      <velocity>4.800000000000001</velocity>
      <orientation>-3.037013732039657</orientation>
      <time>64</time>
    </ksState>
    <ksState>
      <x>4.179557117036451</x>
      <y>130.79839610072983</y>
      <steeringAngle>5.5294310796760726e-17</steeringAngle>
      <velocity>4.0</velocity>
      <orientation>-3.0338899562024912</orientation>
      <time>65</time>
    </ksState>
    <ksState>
      <x>3.741586216918881</x>
      <y>130.75598030066976</y>
      <steeringAngle>-0.035533333333333326</steeringAngle>
      <velocity>4.799999999999999</velocity>
      <orientation>-3.037013734871682</orientation>
      <time>66</time>
    </ksState>
    <ksState>
      <x>3.2226455888552503</x>
      <y>130.71955709521353</y>
      <steeringAngle>-0.07106666666666667</steeringAngle>
      <velocity>5.599999999999998</velocity>
      <orientation>-3.047864345932855</orientation>
      <time>67</time>
    </ksState>
    <ksState>
      <x>2.6223079278138015</x>
      <y>130.69872243687848</y>
      <steeringAngle>-0.10659999999999999</steeringAngle>
      <velocity>6.3999999999999995</velocity>
      <orientation>-3.068681294933183</orientation>
      <time>68</time>
    </ksState>
    <ksState>
      <x>1.9407997018270435</x>
      <y>130.70682453776175</y>
      <steeringAngle>-0.14213333333333333</steeringAngle>
      <velocity>7.199999999999999</velocity>
      <orientation>-3.101740865914348</orientation>
      <time>69</time>
    </ksState>
    <ksState>
      <x>1.1798940137557017</x>
      <y>130.76170229440646</y>
      <steeringAngle>-0.17766666666666664</steeringAngle>
      <velocity>7.9999999999999964</velocity>
      <orientation>-3.149368187995895</orientation>
      <time>70</time>
    </ksState>
    <ksState>
      <x>0.3827663808955639</x>
      <y>130.85982245793582</y>
      <steeringAngle>-0.14213333333333336</steeringAngle>
      <velocity>8.0</velocity>
      <orientation>-3.199402999544643</orientation>
      <time>71</time>
    </ksState>
    <ksState>
      <x>-0.4104873557899369</x>
      <y>130.97727380429572</y>
      <steeringAngle>-0.1066000000000001</steeringAngle>
      <velocity>8.0</velocity>
      <orientation>-3.2381868515516405</orientation>
      <time>72</time>
    </ksState>
    <ksState>
      <x>-1.2011771652103285</x>
      <y>131.10522871653248</y>
      <steeringAngle>-0.07106666666666674</steeringAngle>
      <velocity>8.0</velocity>
      <orientation>-3.2658193305813277</orientation>
      <time>73</time>
    </ksState>
    <ksState>
      <x>-1.9909468279446612</x>
      <y>131.2349914567634</y>
      <steeringAngle>-0.035533333333333354</steeringAngle>
      <velocity>8.0</velocity>
      <orientation>-3.2823708512103567</orientation>
      <time>74</time>
    </ksState>
    <ksState>
      <x>-2.7814917071857312</x>
      <y>131.35791460023455</y>
      <steeringAngle>-2.0816681711721685e-17</steeringAngle>
      <velocity>8.0</velocity>
      <orientation>-3.2878833776687615</orientation>
      <time>75</time>
    </ksState>
    <ksState>
      <x>-3.572946572644234</x>
      <y>131.47453019071054</y>
      <steeringAngle>0.0</steeringAngle>
      <velocity>8.0</velocity>
      <orientation>-3.2878833776687615</orientation>
      <time>76</time>
    </ksState>
    <ksState>
      <x>-4.364401438102737</x>
      <y>131.59114578118653</y>
      <steeringAngle>0.0</steeringAngle>
      <velocity>8.0</velocity>
      <orientation>-3.2878833776687615</orientation>
      <time>77</time>
    </ksState>
    <ksState>
      <x>-5.155856303561241</x>
      <y>131.7077613716625</y>
      <steeringAngle>0.0</steeringAngle>
      <velocity>8.0</velocity>
      <orientation>-3.2878833776687615</orientation>
      <time>78</time>
    </ksState>
    <ksState>
      <x>-5.947311169019745</x>
      <y>131.8243769621385</y>
      <steeringAngle>0.0</steeringAngle>
      <velocity>8.0</velocity>
      <orientation>-3.2878833776687615</orientation>
      <time>79</time>
    </ksState>
    <ksState>
      <x>-6.738766034478248</x>
      <y>131.9409925526145</y>
      <steeringAngle>0.0</steeringAngle>
      <velocity>8.0</velocity>
      <orientation>-3.2878833776687615</orientation>
      <time>80</time>
    </ksState>
    <ksState>
      <x>-7.530220899936751</x>
      <y>132.05760814309048</y>
      <steeringAngle>0.0</steeringAngle>
      <velocity>8.0</velocity>
      <orientation>-3.2878833776687615</orientation>
      <time>81</time>
    </ksState>
    <ksState>
      <x>-8.321675765395254</x>
      <y>132.17422373356646</y>
      <steeringAngle>0.0</steeringAngle>
      <velocity>8.0</velocity>
      <orientation>-3.2878833776687615</orientation>
      <time>82</time>
    </ksState>
    <ksState>
      <x>-9.113130630853757</x>
      <y>132.29083932404245</y>
      <steeringAngle>0.0</steeringAngle>
      <velocity>8.0</velocity>
      <orientation>-3.2878833776687615</orientation>
      <time>83</time>
    </ksState>
    <ksState>
      <x>-9.904585496312261</x>
      <y>132.40745491451844</y>
      <steeringAngle>0.0</steeringAngle>
      <velocity>8.0</velocity>
      <orientation>-3.2878833776687615</orientation>
      <time>84</time>
    </ksState>
    <ksState>
      <x>-10.696040361770764</x>
      <y>132.52407050499443</y>
      <steeringAngle>0.0</steeringAngle>
      <velocity>8.0</velocity>
      <orientation>-3.2878833776687615</orientation>
      <time>85</time>
    </ksState>
    <ksState>
      <x>-11.44792248323722</x>
      <y>132.63485531584067</y>
      <steeringAngle>0.0</steeringAngle>
      <velocity>7.200000000000001</velocity>
      <orientation>-3.2878833776687615</orientation>
      <time>86</time>
    </ksState>
    <ksState>
      <x>-12.12065911786666</x>
      <y>132.73397856759638</y>
      <steeringAngle>0.0</steeringAngle>
      <velocity>6.400000000000001</velocity>
      <orientation>-3.2878833776687615</orientation>
      <time>87</time>
    </ksState>
    <ksState>
      <x>-12.71425026585709</x>
      <y>132.82144026029079</y>
      <steeringAngle>0.0</steeringAngle>
      <velocity>5.600000000000001</velocity>
      <orientation>-3.2878833776687615</orientation>
      <time>88</time>
    </ksState>
    <ksState>
      <x>-13.228695927264463</x>
      <y>132.89724039393212</y>
      <steeringAngle>0.0</steeringAngle>
      <velocity>4.800000000000001</velocity>
      <orientation>-3.2878833776687615</orientation>
      <time>89</time>
    </ksState>
    <ksState>
      <x>-13.663996102109296</x>
      <y>132.96137896852338</y>
      <steeringAngle>0.0</steeringAngle>
      <velocity>4.000000000000001</velocity>
      <orientation>-3.2878833776687615</orientation>
      <time>90</time>
    </ksState>
    <ksState>
      <x>-14.059723534838549</x>
      <y>133.01968676376137</y>
      <steeringAngle>0.0</steeringAngle>
      <velocity>4.0</velocity>
      <orientation>-3.2878833776687615</orientation>
      <time>91</time>
    </ksState>
    <ksState>
      <x>-14.4554509675678</x>
      <y>133.07799455899936</y>
      <steeringAngle>0.0</steeringAngle>
      <velocity>4.0</velocity>
      <orientation>-3.2878833776687615</orientation>
      <time>92</time>
    </ksState>
    <ksState>
      <x>-14.851178400297051</x>
      <y>133.13630235423736</y>
      <steeringAngle>0.0</steeringAngle>
      <velocity>4.0</velocity>
      <orientation>-3.2878833776687615</orientation>
      <time>93</time>
    </ksState>
    <ksState>
      <x>-15.246905833026302</x>
      <y>133.19461014947535</y>
      <steeringAngle>0.0</steeringAngle>
      <velocity>4.0</velocity>
      <orientation>-3.2878833776687615</orientation>
      <time>94</time>
    </ksState>
    <ksState>
      <x>-15.642633265755554</x>
      <y>133.25291794471335</y>
      <steeringAngle>0.0</steeringAngle>
      <velocity>4.0</velocity>
      <orientation>-3.2878833776687615</orientation>
      <time>95</time>
    </ksState>
    <ksState>
      <x>-15.998787954195189</x>
      <y>133.30539496027774</y>
      <steeringAngle>0.0</steeringAngle>
      <velocity>3.2</velocity>
      <orientation>-3.2878833776687615</orientation>
      <time>96</time>
    </ksState>
    <ksState>
      <x>-16.275797155988172</x>
      <y>133.34621041677968</y>
      <steeringAngle>0.0</steeringAngle>
      <velocity>2.4000000000000004</velocity>
      <orientation>-3.2878833776687615</orientation>
      <time>97</time>
    </ksState>
    <ksState>
      <x>-16.473660871235303</x>
      <y>133.37536431423402</y>
      <steeringAngle>0.0</steeringAngle>
      <velocity>1.6</velocity>
      <orientation>-3.2878833776687615</orientation>
      <time>98</time>
    </ksState>
    <ksState>
      <x>-16.592379099976714</x>
      <y>133.39285665264669</y>
      <steeringAngle>0.0</steeringAngle>
      <velocity>0.7999999999999998</velocity>
      <orientation>-3.2878833776687615</orientation>
      <time>99</time>
    </ksState>
  </ksTrajectory>
</CommonRoadSolution>
