<?xml version="1.0" ?>
<CommonRoadSolution benchmark_id="KS2:SM1:ESP_Monzon-3_1_T-1:2020a" computation_time="0.4301452039999276" date="2023-11-26T00:13:30">
  <ksTrajectory planningProblem="1">
    <ksState>
      <x>150.44526</x>
      <y>-314.12417</y>
      <steeringAngle>0.0</steeringAngle>
      <velocity>0.0</velocity>
      <orientation>2.3287345</orientation>
      <time>0</time>
    </ksState>
    <ksState>
      <x>150.44526</x>
      <y>-314.12417</y>
      <steeringAngle>0.0</steeringAngle>
      <velocity>0.0</velocity>
      <orientation>2.3287345</orientation>
      <time>1</time>
    </ksState>
    <ksState>
      <x>150.44526</x>
      <y>-314.12417</y>
      <steeringAngle>0.0</steeringAngle>
      <velocity>0.0</velocity>
      <orientation>2.3287345</orientation>
      <time>2</time>
    </ksState>
    <ksState>
      <x>150.44526</x>
      <y>-314.12417</y>
      <steeringAngle>0.0</steeringAngle>
      <velocity>0.0</velocity>
      <orientation>2.3287345</orientation>
      <time>3</time>
    </ksState>
    <ksState>
      <x>150.44526</x>
      <y>-314.12417</y>
      <steeringAngle>0.0</steeringAngle>
      <velocity>0.0</velocity>
      <orientation>2.3287345</orientation>
      <time>4</time>
    </ksState>
    <ksState>
      <x>150.44526</x>
      <y>-314.12417</y>
      <steeringAngle>0.0</steeringAngle>
      <velocity>0.0</velocity>
      <orientation>2.3287345</orientation>
      <time>5</time>
    </ksState>
    <ksState>
      <x>150.44526</x>
      <y>-314.12417</y>
      <steeringAngle>0.0</steeringAngle>
      <velocity>0.0</velocity>
      <orientation>2.3287345</orientation>
      <time>6</time>
    </ksState>
    <ksState>
      <x>150.44526</x>
      <y>-314.12417</y>
      <steeringAngle>0.0</steeringAngle>
      <velocity>0.0</velocity>
      <orientation>2.3287345</orientation>
      <time>7</time>
    </ksState>
    <ksState>
      <x>150.44526</x>
      <y>-314.12417</y>
      <steeringAngle>0.0</steeringAngle>
      <velocity>0.0</velocity>
      <orientation>2.3287345</orientation>
      <time>8</time>
    </ksState>
    <ksState>
      <x>150.44526</x>
      <y>-314.12417</y>
      <steeringAngle>0.0</steeringAngle>
      <velocity>0.0</velocity>
      <orientation>2.3287345</orientation>
      <time>9</time>
    </ksState>
    <ksState>
      <x>150.44526</x>
      <y>-314.12417</y>
      <steeringAngle>0.0</steeringAngle>
      <velocity>0.0</velocity>
      <orientation>2.3287345</orientation>
      <time>10</time>
    </ksState>
    <ksState>
      <x>150.41737901541043</x>
      <y>-314.0954833720189</y>
      <steeringAngle>0.03553333333333333</steeringAngle>
      <velocity>0.8</velocity>
      <orientation>2.329102031778242</orientation>
      <time>11</time>
    </ksState>
    <ksState>
      <x>150.33209931172</x>
      <y>-314.0109809159783</y>
      <steeringAngle>0.0710666666666667</steeringAngle>
      <velocity>1.6</velocity>
      <orientation>2.3316768783702275</orientation>
      <time>12</time>
    </ksState>
    <ksState>
      <x>150.1865254564135</x>
      <y>-313.8734804615111</y>
      <steeringAngle>0.10660000000000003</steeringAngle>
      <velocity>2.4000000000000004</velocity>
      <orientation>2.338677582607065</orientation>
      <time>13</time>
    </ksState>
    <ksState>
      <x>149.9768327593744</x>
      <y>-313.6869266751128</y>
      <steeringAngle>0.14213333333333342</steeringAngle>
      <velocity>3.2000000000000015</velocity>
      <orientation>2.352345223547885</orientation>
      <time>14</time>
    </ksState>
    <ksState>
      <x>149.69792073622415</x>
      <y>-313.4570844401471</y>
      <steeringAngle>0.17766666666666683</steeringAngle>
      <velocity>4.0000000000000036</velocity>
      <orientation>2.3749551394211053</orientation>
      <time>15</time>
    </ksState>
    <ksState>
      <x>149.34663571082717</x>
      <y>-313.1886011935175</y>
      <steeringAngle>0.17766666666666667</steeringAngle>
      <velocity>4.800000000000002</velocity>
      <orientation>2.4055906764634396</orientation>
      <time>16</time>
    </ksState>
    <ksState>
      <x>148.92111678772696</x>
      <y>-312.8853568411134</y>
      <steeringAngle>0.17766666666666667</steeringAngle>
      <velocity>5.600000000000001</velocity>
      <orientation>2.4417963111399796</orientation>
      <time>17</time>
    </ksState>
    <ksState>
      <x>148.41687641148678</x>
      <y>-312.5548703780345</y>
      <steeringAngle>0.17766666666666667</steeringAngle>
      <velocity>6.3999999999999995</velocity>
      <orientation>2.4835720434496196</orientation>
      <time>18</time>
    </ksState>
    <ksState>
      <x>147.82929864551696</x>
      <y>-312.206154901449</y>
      <steeringAngle>0.17766666666666667</steeringAngle>
      <velocity>7.200000000000002</velocity>
      <orientation>2.5309178733917164</orientation>
      <time>19</time>
    </ksState>
    <ksState>
      <x>147.15390494452024</x>
      <y>-311.8498193835311</y>
      <steeringAngle>0.17766666666666667</steeringAngle>
      <velocity>8.0</velocity>
      <orientation>2.5838338009658663</orientation>
      <time>20</time>
    </ksState>
    <ksState>
      <x>146.46492631542358</x>
      <y>-311.5219751513623</y>
      <steeringAngle>0.1421333333333334</steeringAngle>
      <velocity>7.2</velocity>
      <orientation>2.6314611227115035</orientation>
      <time>21</time>
    </ksState>
    <ksState>
      <x>145.84358478429152</x>
      <y>-311.2416981475934</y>
      <steeringAngle>0.10660000000000011</steeringAngle>
      <velocity>6.4</velocity>
      <orientation>2.664520693159471</orientation>
      <time>22</time>
    </ksState>
    <ksState>
      <x>145.29423816019948</x>
      <y>-310.9985788492156</y>
      <steeringAngle>0.07106666666666674</steeringAngle>
      <velocity>5.600000000000001</velocity>
      <orientation>2.68533764145336</orientation>
      <time>23</time>
    </ksState>
    <ksState>
      <x>144.81933417129588</x>
      <y>-310.7861843347669</y>
      <steeringAngle>0.03553333333333339</steeringAngle>
      <velocity>4.800000000000001</velocity>
      <orientation>2.6961882511110224</orientation>
      <time>24</time>
    </ksState>
    <ksState>
      <x>144.4199629837862</x>
      <y>-310.6014569433033</y>
      <steeringAngle>5.5294310796760726e-17</steeringAngle>
      <velocity>4.0</velocity>
      <orientation>2.699312026948188</orientation>
      <time>25</time>
    </ksState>
    <ksState>
      <x>144.0961818308619</x>
      <y>-310.4440522428273</y>
      <steeringAngle>-0.03553333333333333</steeringAngle>
      <velocity>3.2</velocity>
      <orientation>2.6969232785683954</orientation>
      <time>26</time>
    </ksState>
    <ksState>
      <x>143.84722659425273</x>
      <y>-310.31565674653325</y>
      <steeringAngle>-0.07106666666666668</steeringAngle>
      <velocity>2.4</velocity>
      <orientation>2.691222363562599</orientation>
      <time>27</time>
    </ksState>
    <ksState>
      <x>143.67169797543488</x>
      <y>-310.21931007015445</y>
      <steeringAngle>-0.10660000000000003</steeringAngle>
      <velocity>1.5999999999999994</velocity>
      <orientation>2.6844068298178674</orientation>
      <time>28</time>
    </ksState>
    <ksState>
      <x>143.56778296480465</x>
      <y>-310.15874861903353</y>
      <steeringAngle>-0.14213333333333342</steeringAngle>
      <velocity>0.7999999999999988</velocity>
      <orientation>2.6786825683313875</orientation>
      <time>29</time>
    </ksState>
    <ksState>
      <x>143.53354677905546</x>
      <y>-310.137781874304</y>
      <steeringAngle>-0.17766666666666675</steeringAngle>
      <velocity>-1.5265566588595902e-15</velocity>
      <orientation>2.6762750738568317</orientation>
      <time>30</time>
    </ksState>
    <ksState>
      <x>143.53354677905546</x>
      <y>-310.137781874304</y>
      <steeringAngle>-0.14213333333333336</steeringAngle>
      <velocity>0.0</velocity>
      <orientation>2.6762750738568317</orientation>
      <time>31</time>
    </ksState>
    <ksState>
      <x>143.53354677905546</x>
      <y>-310.137781874304</y>
      <steeringAngle>-0.10660000000000001</steeringAngle>
      <velocity>0.0</velocity>
      <orientation>2.6762750738568317</orientation>
      <time>32</time>
    </ksState>
    <ksState>
      <x>143.53354677905546</x>
      <y>-310.137781874304</y>
      <steeringAngle>-0.07106666666666668</steeringAngle>
      <velocity>0.0</velocity>
      <orientation>2.6762750738568317</orientation>
      <time>33</time>
    </ksState>
  </ksTrajectory>
</CommonRoadSolution>
