<?xml version="1.0" ?>
<CommonRoadSolution benchmark_id="KS2:SM1:FRA_Sete-1_1_T-1:2020a" computation_time="0.6066148049994808" date="2023-11-26T00:13:30">
  <ksTrajectory planningProblem="1">
    <ksState>
      <x>-86.84832</x>
      <y>-648.30382</y>
      <steeringAngle>0.0</steeringAngle>
      <velocity>0.0</velocity>
      <orientation>2.3547122</orientation>
      <time>0</time>
    </ksState>
    <ksState>
      <x>-86.84832</x>
      <y>-648.30382</y>
      <steeringAngle>0.0</steeringAngle>
      <velocity>0.0</velocity>
      <orientation>2.3547122</orientation>
      <time>1</time>
    </ksState>
    <ksState>
      <x>-86.84832</x>
      <y>-648.30382</y>
      <steeringAngle>0.0</steeringAngle>
      <velocity>0.0</velocity>
      <orientation>2.3547122</orientation>
      <time>2</time>
    </ksState>
    <ksState>
      <x>-86.84832</x>
      <y>-648.30382</y>
      <steeringAngle>0.0</steeringAngle>
      <velocity>0.0</velocity>
      <orientation>2.3547122</orientation>
      <time>3</time>
    </ksState>
    <ksState>
      <x>-86.84832</x>
      <y>-648.30382</y>
      <steeringAngle>0.0</steeringAngle>
      <velocity>0.0</velocity>
      <orientation>2.3547122</orientation>
      <time>4</time>
    </ksState>
    <ksState>
      <x>-86.84832</x>
      <y>-648.30382</y>
      <steeringAngle>0.0</steeringAngle>
      <velocity>0.0</velocity>
      <orientation>2.3547122</orientation>
      <time>5</time>
    </ksState>
    <ksState>
      <x>-86.8765623152053</x>
      <y>-648.2754938338281</y>
      <steeringAngle>0.0</steeringAngle>
      <velocity>0.8</velocity>
      <orientation>2.3547122</orientation>
      <time>6</time>
    </ksState>
    <ksState>
      <x>-86.96128925998438</x>
      <y>-648.1905153361519</y>
      <steeringAngle>0.0</steeringAngle>
      <velocity>1.6</velocity>
      <orientation>2.3547122</orientation>
      <time>7</time>
    </ksState>
    <ksState>
      <x>-87.10250083421366</x>
      <y>-648.0488845070952</y>
      <steeringAngle>0.0</steeringAngle>
      <velocity>2.4000000000000004</velocity>
      <orientation>2.3547122</orientation>
      <time>8</time>
    </ksState>
    <ksState>
      <x>-87.30019703785572</x>
      <y>-647.8506013466955</y>
      <steeringAngle>0.0</steeringAngle>
      <velocity>3.2000000000000006</velocity>
      <orientation>2.3547122</orientation>
      <time>9</time>
    </ksState>
    <ksState>
      <x>-87.55437787089522</x>
      <y>-647.5956658549684</y>
      <steeringAngle>0.0</steeringAngle>
      <velocity>4.000000000000001</velocity>
      <orientation>2.3547122</orientation>
      <time>10</time>
    </ksState>
    <ksState>
      <x>-87.83680101781599</x>
      <y>-647.3124041983973</y>
      <steeringAngle>0.0</steeringAngle>
      <velocity>4.0</velocity>
      <orientation>2.3547122</orientation>
      <time>11</time>
    </ksState>
    <ksState>
      <x>-88.11922416473674</x>
      <y>-647.0291425418263</y>
      <steeringAngle>0.0</steeringAngle>
      <velocity>4.0</velocity>
      <orientation>2.3547122</orientation>
      <time>12</time>
    </ksState>
    <ksState>
      <x>-88.4016473116575</x>
      <y>-646.7458808852552</y>
      <steeringAngle>0.0</steeringAngle>
      <velocity>4.0</velocity>
      <orientation>2.3547122</orientation>
      <time>13</time>
    </ksState>
    <ksState>
      <x>-88.68407045857825</x>
      <y>-646.4626192286842</y>
      <steeringAngle>0.0</steeringAngle>
      <velocity>4.0</velocity>
      <orientation>2.3547122</orientation>
      <time>14</time>
    </ksState>
    <ksState>
      <x>-88.96649360549901</x>
      <y>-646.1793575721131</y>
      <steeringAngle>0.0</steeringAngle>
      <velocity>4.0</velocity>
      <orientation>2.3547122</orientation>
      <time>15</time>
    </ksState>
    <ksState>
      <x>-89.27715906783743</x>
      <y>-645.8677697491572</y>
      <steeringAngle>0.0</steeringAngle>
      <velocity>4.8</velocity>
      <orientation>2.3547122</orientation>
      <time>16</time>
    </ksState>
    <ksState>
      <x>-89.64430915959194</x>
      <y>-645.4995295948551</y>
      <steeringAngle>0.0</steeringAngle>
      <velocity>5.6</velocity>
      <orientation>2.3547122</orientation>
      <time>17</time>
    </ksState>
    <ksState>
      <x>-90.06794388075124</x>
      <y>-645.074637109218</y>
      <steeringAngle>0.0</steeringAngle>
      <velocity>6.4</velocity>
      <orientation>2.3547122</orientation>
      <time>18</time>
    </ksState>
    <ksState>
      <x>-90.5480632313087</x>
      <y>-644.5930922922527</y>
      <steeringAngle>0.0</steeringAngle>
      <velocity>7.199999999999999</velocity>
      <orientation>2.3547122</orientation>
      <time>19</time>
    </ksState>
    <ksState>
      <x>-91.08466721126022</x>
      <y>-644.0548951439632</y>
      <steeringAngle>0.0</steeringAngle>
      <velocity>7.999999999999998</velocity>
      <orientation>2.3547122</orientation>
      <time>20</time>
    </ksState>
    <ksState>
      <x>-91.6429017100367</x>
      <y>-643.4818136318319</y>
      <steeringAngle>-0.03553333333333333</steeringAngle>
      <velocity>8.0</velocity>
      <orientation>2.349199664997161</orientation>
      <time>21</time>
    </ksState>
    <ksState>
      <x>-92.18350236771218</x>
      <y>-642.8916814407421</y>
      <steeringAngle>-0.07106666666666667</steeringAngle>
      <velocity>8.0</velocity>
      <orientation>2.3326481441168916</orientation>
      <time>22</time>
    </ksState>
    <ksState>
      <x>-92.6993711068866</x>
      <y>-642.2790430428552</y>
      <steeringAngle>-0.10659999999999997</steeringAngle>
      <velocity>8.0</velocity>
      <orientation>2.3050156648261964</orientation>
      <time>23</time>
    </ksState>
    <ksState>
      <x>-93.18262277359325</x>
      <y>-641.6392388379777</y>
      <steeringAngle>-0.1421333333333333</steeringAngle>
      <velocity>8.0</velocity>
      <orientation>2.2662318125534617</orientation>
      <time>24</time>
    </ksState>
    <ksState>
      <x>-93.62443999703999</x>
      <y>-640.9686995789472</y>
      <steeringAngle>-0.17766666666666667</steeringAngle>
      <velocity>8.0</velocity>
      <orientation>2.216197000304307</orientation>
      <time>25</time>
    </ksState>
    <ksState>
      <x>-94.01133200426952</x>
      <y>-640.3110614058915</y>
      <steeringAngle>-0.1421333333333334</steeringAngle>
      <velocity>7.2</velocity>
      <orientation>2.16856967855867</orientation>
      <time>26</time>
    </ksState>
    <ksState>
      <x>-94.34491909761651</x>
      <y>-639.7166371901131</y>
      <steeringAngle>-0.10660000000000011</steeringAngle>
      <velocity>6.4</velocity>
      <orientation>2.135510108110702</orientation>
      <time>27</time>
    </ksState>
    <ksState>
      <x>-94.63518940986256</x>
      <y>-639.1906791571167</y>
      <steeringAngle>-0.07106666666666674</steeringAngle>
      <velocity>5.600000000000001</velocity>
      <orientation>2.1146931598168135</orientation>
      <time>28</time>
    </ksState>
    <ksState>
      <x>-94.88833692353074</x>
      <y>-638.7361887119276</y>
      <steeringAngle>-0.03553333333333339</steeringAngle>
      <velocity>4.800000000000001</velocity>
      <orientation>2.103842550159151</orientation>
      <time>29</time>
    </ksState>
    <ksState>
      <x>-95.10731214211268</x>
      <y>-638.3545194726421</y>
      <steeringAngle>-5.5294310796760726e-17</steeringAngle>
      <velocity>4.0</velocity>
      <orientation>2.1007187743219853</orientation>
      <time>30</time>
    </ksState>
    <ksState>
      <x>-95.29245316604381</x>
      <y>-638.0457586008033</y>
      <steeringAngle>0.03553333333333333</steeringAngle>
      <velocity>3.2</velocity>
      <orientation>2.103107522701778</orientation>
      <time>31</time>
    </ksState>
    <ksState>
      <x>-95.44214683813121</x>
      <y>-637.8089972909557</y>
      <steeringAngle>0.07106666666666668</steeringAngle>
      <velocity>2.4</velocity>
      <orientation>2.1088084377075744</orientation>
      <time>32</time>
    </ksState>
    <ksState>
      <x>-95.55348768908337</x>
      <y>-637.6425755586532</y>
      <steeringAngle>0.10660000000000003</steeringAngle>
      <velocity>1.5999999999999994</velocity>
      <orientation>2.115623971452306</orientation>
      <time>33</time>
    </ksState>
  </ksTrajectory>
</CommonRoadSolution>
