<?xml version="1.0" ?>
<CommonRoadSolution benchmark_id="KS2:SM1:USA_US101-24_2_T-1:2020a" computation_time="0.529710986000282" date="2023-11-26T00:13:30">
  <ksTrajectory planningProblem="63">
    <ksState>
      <x>0.0</x>
      <y>0.0</y>
      <steeringAngle>0.0</steeringAngle>
      <velocity>20.0</velocity>
      <orientation>-0.68034</orientation>
      <time>0</time>
    </ksState>
    <ksState>
      <x>1.5236234128136914</x>
      <y>-1.2329524301413073</y>
      <steeringAngle>0.0</steeringAngle>
      <velocity>19.2</velocity>
      <orientation>-0.68034</orientation>
      <time>1</time>
    </ksState>
    <ksState>
      <x>2.9850581144258124</x>
      <y>-2.415580270913294</y>
      <steeringAngle>0.0</steeringAngle>
      <velocity>18.400000000000002</velocity>
      <orientation>-0.68034</orientation>
      <time>2</time>
    </ksState>
    <ksState>
      <x>4.384304105145865</x>
      <y>-3.547883522566416</y>
      <steeringAngle>0.0</steeringAngle>
      <velocity>17.6</velocity>
      <orientation>-0.68034</orientation>
      <time>3</time>
    </ksState>
    <ksState>
      <x>5.7213613850750775</x>
      <y>-4.62986218518259</y>
      <steeringAngle>0.0</steeringAngle>
      <velocity>16.8</velocity>
      <orientation>-0.68034</orientation>
      <time>4</time>
    </ksState>
    <ksState>
      <x>6.996229954244775</x>
      <y>-5.661516258787166</y>
      <steeringAngle>0.0</steeringAngle>
      <velocity>16.0</velocity>
      <orientation>-0.68034</orientation>
      <time>5</time>
    </ksState>
    <ksState>
      <x>8.24000416893786</x>
      <y>-6.6680080386167875</y>
      <steeringAngle>0.0</steeringAngle>
      <velocity>16.0</velocity>
      <orientation>-0.68034</orientation>
      <time>6</time>
    </ksState>
    <ksState>
      <x>9.483778383630945</x>
      <y>-7.674499818446409</y>
      <steeringAngle>0.0</steeringAngle>
      <velocity>16.0</velocity>
      <orientation>-0.68034</orientation>
      <time>7</time>
    </ksState>
    <ksState>
      <x>10.72755259832403</x>
      <y>-8.68099159827603</y>
      <steeringAngle>0.0</steeringAngle>
      <velocity>16.0</velocity>
      <orientation>-0.68034</orientation>
      <time>8</time>
    </ksState>
    <ksState>
      <x>11.971326813017114</x>
      <y>-9.687483378105654</y>
      <steeringAngle>0.0</steeringAngle>
      <velocity>16.0</velocity>
      <orientation>-0.68034</orientation>
      <time>9</time>
    </ksState>
    <ksState>
      <x>13.2151010277102</x>
      <y>-10.693975157935274</y>
      <steeringAngle>0.0</steeringAngle>
      <velocity>16.0</velocity>
      <orientation>-0.68034</orientation>
      <time>10</time>
    </ksState>
    <ksState>
      <x>14.458875242403284</x>
      <y>-11.700466937764897</y>
      <steeringAngle>0.0</steeringAngle>
      <velocity>16.0</velocity>
      <orientation>-0.68034</orientation>
      <time>11</time>
    </ksState>
    <ksState>
      <x>15.702649457096369</x>
      <y>-12.706958717594517</y>
      <steeringAngle>0.0</steeringAngle>
      <velocity>16.0</velocity>
      <orientation>-0.68034</orientation>
      <time>12</time>
    </ksState>
    <ksState>
      <x>16.946423671789454</x>
      <y>-13.713450497424141</y>
      <steeringAngle>0.0</steeringAngle>
      <velocity>16.0</velocity>
      <orientation>-0.68034</orientation>
      <time>13</time>
    </ksState>
    <ksState>
      <x>18.190197886482537</x>
      <y>-14.719942277253761</y>
      <steeringAngle>0.0</steeringAngle>
      <velocity>16.0</velocity>
      <orientation>-0.68034</orientation>
      <time>14</time>
    </ksState>
    <ksState>
      <x>19.43397210117562</x>
      <y>-15.726434057083384</y>
      <steeringAngle>0.0</steeringAngle>
      <velocity>16.0</velocity>
      <orientation>-0.68034</orientation>
      <time>15</time>
    </ksState>
    <ksState>
      <x>20.677746315868703</x>
      <y>-16.732925836913008</y>
      <steeringAngle>0.0</steeringAngle>
      <velocity>16.0</velocity>
      <orientation>-0.68034</orientation>
      <time>16</time>
    </ksState>
    <ksState>
      <x>21.92152053056179</x>
      <y>-17.739417616742628</y>
      <steeringAngle>0.0</steeringAngle>
      <velocity>16.0</velocity>
      <orientation>-0.68034</orientation>
      <time>17</time>
    </ksState>
    <ksState>
      <x>23.165294745254876</x>
      <y>-18.74590939657225</y>
      <steeringAngle>0.0</steeringAngle>
      <velocity>16.0</velocity>
      <orientation>-0.68034</orientation>
      <time>18</time>
    </ksState>
    <ksState>
      <x>24.40906895994796</x>
      <y>-19.75240117640187</y>
      <steeringAngle>0.0</steeringAngle>
      <velocity>16.0</velocity>
      <orientation>-0.68034</orientation>
      <time>19</time>
    </ksState>
    <ksState>
      <x>25.652843174641042</x>
      <y>-20.758892956231495</y>
      <steeringAngle>0.0</steeringAngle>
      <velocity>16.0</velocity>
      <orientation>-0.68034</orientation>
      <time>20</time>
    </ksState>
    <ksState>
      <x>26.896617389334125</x>
      <y>-21.76538473606112</y>
      <steeringAngle>0.0</steeringAngle>
      <velocity>16.0</velocity>
      <orientation>-0.68034</orientation>
      <time>21</time>
    </ksState>
    <ksState>
      <x>28.14039160402721</x>
      <y>-22.77187651589074</y>
      <steeringAngle>0.0</steeringAngle>
      <velocity>16.0</velocity>
      <orientation>-0.68034</orientation>
      <time>22</time>
    </ksState>
    <ksState>
      <x>29.384165818720298</x>
      <y>-23.778368295720362</y>
      <steeringAngle>0.0</steeringAngle>
      <velocity>16.0</velocity>
      <orientation>-0.68034</orientation>
      <time>23</time>
    </ksState>
    <ksState>
      <x>30.62794003341338</x>
      <y>-24.784860075549982</y>
      <steeringAngle>0.0</steeringAngle>
      <velocity>16.0</velocity>
      <orientation>-0.68034</orientation>
      <time>24</time>
    </ksState>
    <ksState>
      <x>31.871714248106464</x>
      <y>-25.791351855379606</y>
      <steeringAngle>0.0</steeringAngle>
      <velocity>16.0</velocity>
      <orientation>-0.68034</orientation>
      <time>25</time>
    </ksState>
    <ksState>
      <x>33.11548846279955</x>
      <y>-26.79784363520923</y>
      <steeringAngle>0.0</steeringAngle>
      <velocity>16.0</velocity>
      <orientation>-0.68034</orientation>
      <time>26</time>
    </ksState>
    <ksState>
      <x>34.35926267749263</x>
      <y>-27.80433541503885</y>
      <steeringAngle>0.0</steeringAngle>
      <velocity>16.0</velocity>
      <orientation>-0.68034</orientation>
      <time>27</time>
    </ksState>
    <ksState>
      <x>35.60303689218572</x>
      <y>-28.810827194868473</y>
      <steeringAngle>0.0</steeringAngle>
      <velocity>16.0</velocity>
      <orientation>-0.68034</orientation>
      <time>28</time>
    </ksState>
    <ksState>
      <x>36.8468111068788</x>
      <y>-29.817318974698093</y>
      <steeringAngle>0.0</steeringAngle>
      <velocity>16.0</velocity>
      <orientation>-0.68034</orientation>
      <time>29</time>
    </ksState>
    <ksState>
      <x>38.090585321571886</x>
      <y>-30.823810754527717</y>
      <steeringAngle>0.0</steeringAngle>
      <velocity>16.0</velocity>
      <orientation>-0.68034</orientation>
      <time>30</time>
    </ksState>
    <ksState>
      <x>39.33435953626497</x>
      <y>-31.83030253435734</y>
      <steeringAngle>0.0</steeringAngle>
      <velocity>16.0</velocity>
      <orientation>-0.68034</orientation>
      <time>31</time>
    </ksState>
    <ksState>
      <x>40.57813375095805</x>
      <y>-32.83679431418696</y>
      <steeringAngle>0.0</steeringAngle>
      <velocity>16.0</velocity>
      <orientation>-0.68034</orientation>
      <time>32</time>
    </ksState>
    <ksState>
      <x>41.82190796565114</x>
      <y>-33.843286094016584</y>
      <steeringAngle>0.0</steeringAngle>
      <velocity>16.0</velocity>
      <orientation>-0.68034</orientation>
      <time>33</time>
    </ksState>
    <ksState>
      <x>43.065682180344226</x>
      <y>-34.84977787384621</y>
      <steeringAngle>0.0</steeringAngle>
      <velocity>16.0</velocity>
      <orientation>-0.68034</orientation>
      <time>34</time>
    </ksState>
    <ksState>
      <x>44.30945639503731</x>
      <y>-35.85626965367583</y>
      <steeringAngle>0.0</steeringAngle>
      <velocity>16.0</velocity>
      <orientation>-0.68034</orientation>
      <time>35</time>
    </ksState>
    <ksState>
      <x>45.55323060973039</x>
      <y>-36.862761433505455</y>
      <steeringAngle>0.0</steeringAngle>
      <velocity>16.0</velocity>
      <orientation>-0.68034</orientation>
      <time>36</time>
    </ksState>
    <ksState>
      <x>46.797004824423475</x>
      <y>-37.86925321333508</y>
      <steeringAngle>0.0</steeringAngle>
      <velocity>16.0</velocity>
      <orientation>-0.68034</orientation>
      <time>37</time>
    </ksState>
    <ksState>
      <x>48.040779039116565</x>
      <y>-38.875744993164695</y>
      <steeringAngle>0.0</steeringAngle>
      <velocity>16.0</velocity>
      <orientation>-0.68034</orientation>
      <time>38</time>
    </ksState>
    <ksState>
      <x>49.28455325380965</x>
      <y>-39.88223677299432</y>
      <steeringAngle>0.0</steeringAngle>
      <velocity>16.0</velocity>
      <orientation>-0.68034</orientation>
      <time>39</time>
    </ksState>
    <ksState>
      <x>50.52832746850273</x>
      <y>-40.88872855282394</y>
      <steeringAngle>0.0</steeringAngle>
      <velocity>16.0</velocity>
      <orientation>-0.68034</orientation>
      <time>40</time>
    </ksState>
    <ksState>
      <x>51.772101683195814</x>
      <y>-41.895220332653565</y>
      <steeringAngle>0.0</steeringAngle>
      <velocity>16.0</velocity>
      <orientation>-0.68034</orientation>
      <time>41</time>
    </ksState>
    <ksState>
      <x>53.0158758978889</x>
      <y>-42.90171211248319</y>
      <steeringAngle>0.0</steeringAngle>
      <velocity>16.0</velocity>
      <orientation>-0.68034</orientation>
      <time>42</time>
    </ksState>
    <ksState>
      <x>54.25965011258199</x>
      <y>-43.908203892312805</y>
      <steeringAngle>0.0</steeringAngle>
      <velocity>16.0</velocity>
      <orientation>-0.68034</orientation>
      <time>43</time>
    </ksState>
    <ksState>
      <x>55.50342432727507</x>
      <y>-44.91469567214243</y>
      <steeringAngle>0.0</steeringAngle>
      <velocity>16.0</velocity>
      <orientation>-0.68034</orientation>
      <time>44</time>
    </ksState>
    <ksState>
      <x>56.74719854196815</x>
      <y>-45.92118745197205</y>
      <steeringAngle>0.0</steeringAngle>
      <velocity>16.0</velocity>
      <orientation>-0.68034</orientation>
      <time>45</time>
    </ksState>
    <ksState>
      <x>57.990972756661236</x>
      <y>-46.927679231801676</y>
      <steeringAngle>0.0</steeringAngle>
      <velocity>16.0</velocity>
      <orientation>-0.68034</orientation>
      <time>46</time>
    </ksState>
    <ksState>
      <x>59.23474697135432</x>
      <y>-47.9341710116313</y>
      <steeringAngle>0.0</steeringAngle>
      <velocity>16.0</velocity>
      <orientation>-0.68034</orientation>
      <time>47</time>
    </ksState>
    <ksState>
      <x>60.47852118604741</x>
      <y>-48.940662791460916</y>
      <steeringAngle>0.0</steeringAngle>
      <velocity>16.0</velocity>
      <orientation>-0.68034</orientation>
      <time>48</time>
    </ksState>
    <ksState>
      <x>61.72229540074049</x>
      <y>-49.94715457129054</y>
      <steeringAngle>0.0</steeringAngle>
      <velocity>16.0</velocity>
      <orientation>-0.68034</orientation>
      <time>49</time>
    </ksState>
    <ksState>
      <x>62.966069615433575</x>
      <y>-50.95364635112016</y>
      <steeringAngle>0.0</steeringAngle>
      <velocity>16.0</velocity>
      <orientation>-0.68034</orientation>
      <time>50</time>
    </ksState>
    <ksState>
      <x>64.20984383012666</x>
      <y>-51.96013813094979</y>
      <steeringAngle>0.0</steeringAngle>
      <velocity>16.0</velocity>
      <orientation>-0.68034</orientation>
      <time>51</time>
    </ksState>
    <ksState>
      <x>65.45361804481975</x>
      <y>-52.96662991077941</y>
      <steeringAngle>0.0</steeringAngle>
      <velocity>16.0</velocity>
      <orientation>-0.68034</orientation>
      <time>52</time>
    </ksState>
    <ksState>
      <x>66.69739225951284</x>
      <y>-53.97312169060903</y>
      <steeringAngle>0.0</steeringAngle>
      <velocity>16.0</velocity>
      <orientation>-0.68034</orientation>
      <time>53</time>
    </ksState>
    <ksState>
      <x>67.94116647420591</x>
      <y>-54.97961347043865</y>
      <steeringAngle>0.0</steeringAngle>
      <velocity>16.0</velocity>
      <orientation>-0.68034</orientation>
      <time>54</time>
    </ksState>
    <ksState>
      <x>69.184940688899</x>
      <y>-55.986105250268274</y>
      <steeringAngle>0.0</steeringAngle>
      <velocity>16.0</velocity>
      <orientation>-0.68034</orientation>
      <time>55</time>
    </ksState>
    <ksState>
      <x>70.4287149035921</x>
      <y>-56.9925970300979</y>
      <steeringAngle>0.0</steeringAngle>
      <velocity>16.0</velocity>
      <orientation>-0.68034</orientation>
      <time>56</time>
    </ksState>
    <ksState>
      <x>71.67248911828517</x>
      <y>-57.99908880992752</y>
      <steeringAngle>0.0</steeringAngle>
      <velocity>16.0</velocity>
      <orientation>-0.68034</orientation>
      <time>57</time>
    </ksState>
    <ksState>
      <x>72.91626333297826</x>
      <y>-59.00558058975714</y>
      <steeringAngle>0.0</steeringAngle>
      <velocity>16.0</velocity>
      <orientation>-0.68034</orientation>
      <time>58</time>
    </ksState>
    <ksState>
      <x>74.16003754767135</x>
      <y>-60.01207236958676</y>
      <steeringAngle>0.0</steeringAngle>
      <velocity>16.0</velocity>
      <orientation>-0.68034</orientation>
      <time>59</time>
    </ksState>
    <ksState>
      <x>75.40381176236443</x>
      <y>-61.018564149416385</y>
      <steeringAngle>0.0</steeringAngle>
      <velocity>16.0</velocity>
      <orientation>-0.68034</orientation>
      <time>60</time>
    </ksState>
    <ksState>
      <x>76.61649162142987</x>
      <y>-61.99989363453962</y>
      <steeringAngle>0.0</steeringAngle>
      <velocity>15.2</velocity>
      <orientation>-0.68034</orientation>
      <time>61</time>
    </ksState>
    <ksState>
      <x>77.76698276933584</x>
      <y>-62.93089853032758</y>
      <steeringAngle>0.0</steeringAngle>
      <velocity>14.400000000000002</velocity>
      <orientation>-0.68034</orientation>
      <time>62</time>
    </ksState>
    <ksState>
      <x>78.85528520637006</x>
      <y>-63.81157883701314</y>
      <steeringAngle>0.0</steeringAngle>
      <velocity>13.600000000000001</velocity>
      <orientation>-0.68034</orientation>
      <time>63</time>
    </ksState>
    <ksState>
      <x>79.88139893261967</x>
      <y>-64.64193455466679</y>
      <steeringAngle>0.0</steeringAngle>
      <velocity>12.800000000000004</velocity>
      <orientation>-0.68034</orientation>
      <time>64</time>
    </ksState>
    <ksState>
      <x>80.84532394811221</x>
      <y>-65.42196568331082</y>
      <steeringAngle>0.0</steeringAngle>
      <velocity>12.000000000000002</velocity>
      <orientation>-0.68034</orientation>
      <time>65</time>
    </ksState>
    <ksState>
      <x>81.7470602533849</x>
      <y>-66.15167222337996</y>
      <steeringAngle>0.0</steeringAngle>
      <velocity>11.200000000000001</velocity>
      <orientation>-0.68034</orientation>
      <time>66</time>
    </ksState>
    <ksState>
      <x>82.58660784757241</x>
      <y>-66.83105417417396</y>
      <steeringAngle>0.0</steeringAngle>
      <velocity>10.4</velocity>
      <orientation>-0.68034</orientation>
      <time>67</time>
    </ksState>
    <ksState>
      <x>83.36396673091546</x>
      <y>-67.46011153588762</y>
      <steeringAngle>0.0</steeringAngle>
      <velocity>9.599999999999998</velocity>
      <orientation>-0.68034</orientation>
      <time>68</time>
    </ksState>
    <ksState>
      <x>84.07913690348249</x>
      <y>-68.03884430857632</y>
      <steeringAngle>0.0</steeringAngle>
      <velocity>8.799999999999999</velocity>
      <orientation>-0.68034</orientation>
      <time>69</time>
    </ksState>
    <ksState>
      <x>84.73211836529586</x>
      <y>-68.56725249225818</y>
      <steeringAngle>0.0</steeringAngle>
      <velocity>7.999999999999997</velocity>
      <orientation>-0.68034</orientation>
      <time>70</time>
    </ksState>
    <ksState>
      <x>85.31747756908409</x>
      <y>-69.0520175085667</y>
      <steeringAngle>-0.03553333333333333</steeringAngle>
      <velocity>7.199999999999999</velocity>
      <orientation>-0.6854850129824923</orientation>
      <time>71</time>
    </ksState>
    <ksState>
      <x>85.82849271603614</x>
      <y>-69.50105001785543</y>
      <steeringAngle>-0.07106666666666664</steeringAngle>
      <velocity>6.400000000000001</velocity>
      <orientation>-0.6994616851034554</orientation>
      <time>72</time>
    </ksState>
    <ksState>
      <x>86.2647318058927</x>
      <y>-69.91399046921278</y>
      <steeringAngle>-0.10659999999999997</steeringAngle>
      <velocity>5.600000000000004</velocity>
      <orientation>-0.7200934529693368</orientation>
      <time>73</time>
    </ksState>
    <ksState>
      <x>86.62760275117309</x>
      <y>-70.2881091091006</y>
      <steeringAngle>-0.1421333333333333</steeringAngle>
      <velocity>4.800000000000003</velocity>
      <orientation>-0.745209660477985</orientation>
      <time>74</time>
    </ksState>
    <ksState>
      <x>86.92015487478817</x>
      <y>-70.61902550432664</y>
      <steeringAngle>-0.17766666666666653</steeringAngle>
      <velocity>4.000000000000006</velocity>
      <orientation>-0.7726345570631348</orientation>
      <time>75</time>
    </ksState>
    <ksState>
      <x>87.14955573563928</x>
      <y>-70.89873982720357</y>
      <steeringAngle>-0.17766666666666667</steeringAngle>
      <velocity>3.2000000000000006</velocity>
      <orientation>-0.7976999963313124</orientation>
      <time>76</time>
    </ksState>
    <ksState>
      <x>87.32308931437244</x>
      <y>-71.12021870863792</y>
      <steeringAngle>-0.17766666666666667</steeringAngle>
      <velocity>2.4000000000000012</velocity>
      <orientation>-0.8171953379613421</orientation>
      <time>77</time>
    </ksState>
    <ksState>
      <x>87.44438207255995</x>
      <y>-71.28046825362493</y>
      <steeringAngle>-0.17766666666666667</steeringAngle>
      <velocity>1.6000000000000005</velocity>
      <orientation>-0.8311205819603231</orientation>
      <time>78</time>
    </ksState>
    <ksState>
      <x>87.51608247121386</x>
      <y>-71.37742323967491</y>
      <steeringAngle>-0.17766666666666667</steeringAngle>
      <velocity>0.8000000000000004</velocity>
      <orientation>-0.8394757283310772</orientation>
      <time>79</time>
    </ksState>
    <ksState>
      <x>87.53980227103199</x>
      <y>-71.4098742830106</y>
      <steeringAngle>-0.17766666666666667</steeringAngle>
      <velocity>2.7755575615628914e-16</velocity>
      <orientation>-0.8422607770772926</orientation>
      <time>80</time>
    </ksState>
    <ksState>
      <x>87.53980227103199</x>
      <y>-71.4098742830106</y>
      <steeringAngle>-0.14213333333333336</steeringAngle>
      <velocity>0.0</velocity>
      <orientation>-0.8422607770772926</orientation>
      <time>81</time>
    </ksState>
    <ksState>
      <x>87.53980227103199</x>
      <y>-71.4098742830106</y>
      <steeringAngle>-0.10660000000000001</steeringAngle>
      <velocity>0.0</velocity>
      <orientation>-0.8422607770772926</orientation>
      <time>82</time>
    </ksState>
    <ksState>
      <x>87.53980227103199</x>
      <y>-71.4098742830106</y>
      <steeringAngle>-0.07106666666666668</steeringAngle>
      <velocity>0.0</velocity>
      <orientation>-0.8422607770772926</orientation>
      <time>83</time>
    </ksState>
    <ksState>
      <x>87.53980227103199</x>
      <y>-71.4098742830106</y>
      <steeringAngle>-0.03553333333333333</steeringAngle>
      <velocity>0.0</velocity>
      <orientation>-0.8422607770772926</orientation>
      <time>84</time>
    </ksState>
    <ksState>
      <x>87.53980227103199</x>
      <y>-71.4098742830106</y>
      <steeringAngle>-0.0</steeringAngle>
      <velocity>0.0</velocity>
      <orientation>-0.8422607770772926</orientation>
      <time>85</time>
    </ksState>
    <ksState>
      <x>87.53980227103199</x>
      <y>-71.4098742830106</y>
      <steeringAngle>0.0</steeringAngle>
      <velocity>0.0</velocity>
      <orientation>-0.8422607770772926</orientation>
      <time>86</time>
    </ksState>
    <ksState>
      <x>87.53980227103199</x>
      <y>-71.4098742830106</y>
      <steeringAngle>0.0</steeringAngle>
      <velocity>0.0</velocity>
      <orientation>-0.8422607770772926</orientation>
      <time>87</time>
    </ksState>
    <ksState>
      <x>87.53980227103199</x>
      <y>-71.4098742830106</y>
      <steeringAngle>0.0</steeringAngle>
      <velocity>0.0</velocity>
      <orientation>-0.8422607770772926</orientation>
      <time>88</time>
    </ksState>
    <ksState>
      <x>87.53980227103199</x>
      <y>-71.4098742830106</y>
      <steeringAngle>0.0</steeringAngle>
      <velocity>0.0</velocity>
      <orientation>-0.8422607770772926</orientation>
      <time>89</time>
    </ksState>
    <ksState>
      <x>87.53980227103199</x>
      <y>-71.4098742830106</y>
      <steeringAngle>0.0</steeringAngle>
      <velocity>0.0</velocity>
      <orientation>-0.8422607770772926</orientation>
      <time>90</time>
    </ksState>
    <ksState>
      <x>87.56643337749357</x>
      <y>-71.43972029156757</y>
      <steeringAngle>0.0</steeringAngle>
      <velocity>0.8</velocity>
      <orientation>-0.8422607770772926</orientation>
      <time>91</time>
    </ksState>
    <ksState>
      <x>87.6463266960892</x>
      <y>-71.52925831635417</y>
      <steeringAngle>0.0</steeringAngle>
      <velocity>1.6</velocity>
      <orientation>-0.8422607770772926</orientation>
      <time>92</time>
    </ksState>
    <ksState>
      <x>87.77948222670238</x>
      <y>-71.67848835723979</y>
      <steeringAngle>0.0</steeringAngle>
      <velocity>2.4000000000000004</velocity>
      <orientation>-0.8422607770772926</orientation>
      <time>93</time>
    </ksState>
    <ksState>
      <x>87.96589996929784</x>
      <y>-71.88741041418488</y>
      <steeringAngle>0.0</steeringAngle>
      <velocity>3.2000000000000006</velocity>
      <orientation>-0.8422607770772926</orientation>
      <time>94</time>
    </ksState>
    <ksState>
      <x>88.20557992386107</x>
      <y>-72.15602448717324</y>
      <steeringAngle>0.0</steeringAngle>
      <velocity>4.000000000000001</velocity>
      <orientation>-0.8422607770772926</orientation>
      <time>95</time>
    </ksState>
    <ksState>
      <x>88.49852209029919</x>
      <y>-72.48433057610076</y>
      <steeringAngle>0.0</steeringAngle>
      <velocity>4.8</velocity>
      <orientation>-0.8422607770772926</orientation>
      <time>96</time>
    </ksState>
    <ksState>
      <x>88.84472646872268</x>
      <y>-72.87232868109125</y>
      <steeringAngle>0.0</steeringAngle>
      <velocity>5.6</velocity>
      <orientation>-0.8422607770772926</orientation>
      <time>97</time>
    </ksState>
    <ksState>
      <x>89.2441930591209</x>
      <y>-73.32001880213276</y>
      <steeringAngle>0.0</steeringAngle>
      <velocity>6.4</velocity>
      <orientation>-0.8422607770772926</orientation>
      <time>98</time>
    </ksState>
    <ksState>
      <x>89.6969218614876</x>
      <y>-73.82740093921832</y>
      <steeringAngle>0.0</steeringAngle>
      <velocity>7.199999999999999</velocity>
      <orientation>-0.8422607770772926</orientation>
      <time>99</time>
    </ksState>
    <ksState>
      <x>90.2029128758189</x>
      <y>-74.39447509234355</y>
      <steeringAngle>0.0</steeringAngle>
      <velocity>7.999999999999998</velocity>
      <orientation>-0.8422607770772926</orientation>
      <time>100</time>
    </ksState>
    <ksState>
      <x>90.7285703272798</x>
      <y>-74.9975774210529</y>
      <steeringAngle>-0.03553333333333333</steeringAngle>
      <velocity>8.0</velocity>
      <orientation>-0.8477733120801314</orientation>
      <time>101</time>
    </ksState>
    <ksState>
      <x>91.23567718253707</x>
      <y>-75.61672821963964</y>
      <steeringAngle>-0.07106666666666667</steeringAngle>
      <velocity>8.0</velocity>
      <orientation>-0.8643248329604011</orientation>
      <time>102</time>
    </ksState>
    <ksState>
      <x>91.71684427175755</x>
      <y>-76.25698175916438</y>
      <steeringAngle>-0.10659999999999997</steeringAngle>
      <velocity>8.0</velocity>
      <orientation>-0.891957312251096</orientation>
      <time>103</time>
    </ksState>
    <ksState>
      <x>92.16394061140956</x>
      <y>-76.9225540370001</y>
      <steeringAngle>-0.1421333333333333</steeringAngle>
      <velocity>8.0</velocity>
      <orientation>-0.9307411645238308</orientation>
      <time>104</time>
    </ksState>
    <ksState>
      <x>92.56796478355815</x>
      <y>-77.61652076902331</y>
      <steeringAngle>-0.17766666666666667</steeringAngle>
      <velocity>8.0</velocity>
      <orientation>-0.9807759767729856</orientation>
      <time>105</time>
    </ksState>
    <ksState>
      <x>92.93550174392695</x>
      <y>-78.33063323378155</y>
      <steeringAngle>-0.14213333333333336</steeringAngle>
      <velocity>8.0</velocity>
      <orientation>-1.030810788321734</orientation>
      <time>106</time>
    </ksState>
    <ksState>
      <x>93.28487965715466</x>
      <y>-79.0524236349895</y>
      <steeringAngle>-0.1066000000000001</steeringAngle>
      <velocity>8.0</velocity>
      <orientation>-1.0695946403287313</orientation>
      <time>107</time>
    </ksState>
    <ksState>
      <x>93.62413251777971</x>
      <y>-79.77800638757151</y>
      <steeringAngle>-0.07106666666666674</steeringAngle>
      <velocity>8.0</velocity>
      <orientation>-1.0972271193584182</orientation>
      <time>108</time>
    </ksState>
    <ksState>
      <x>93.9613731885235</x>
      <y>-80.50384605232125</y>
      <steeringAngle>-0.035533333333333354</steeringAngle>
      <velocity>8.0</velocity>
      <orientation>-1.1137786399874476</orientation>
      <time>109</time>
    </ksState>
    <ksState>
      <x>94.30470362935903</x>
      <y>-81.22647701878394</y>
      <steeringAngle>-2.0816681711721685e-17</steeringAngle>
      <velocity>8.0</velocity>
      <orientation>-1.1192911664458525</orientation>
      <time>110</time>
    </ksState>
    <ksState>
      <x>94.64404690871092</x>
      <y>-81.90654220481754</y>
      <steeringAngle>0.03553333333333333</steeringAngle>
      <velocity>7.199999999999999</velocity>
      <orientation>-1.11414615346336</orientation>
      <time>111</time>
    </ksState>
    <ksState>
      <x>94.96545359957119</x>
      <y>-82.50609571692702</y>
      <steeringAngle>0.07106666666666664</steeringAngle>
      <velocity>6.400000000000001</velocity>
      <orientation>-1.100169481342397</orientation>
      <time>112</time>
    </ksState>
    <ksState>
      <x>95.26867152021792</x>
      <y>-83.02463525494196</y>
      <steeringAngle>0.10659999999999997</steeringAngle>
      <velocity>5.600000000000004</velocity>
      <orientation>-1.0795377134765156</orientation>
      <time>113</time>
    </ksState>
    <ksState>
      <x>95.55072270311635</x>
      <y>-83.46291280383738</y>
      <steeringAngle>0.1421333333333333</steeringAngle>
      <velocity>4.800000000000003</velocity>
      <orientation>-1.0544215059678674</orientation>
      <time>114</time>
    </ksState>
    <ksState>
      <x>95.80664918976447</x>
      <y>-83.82290452470474</y>
      <steeringAngle>0.17766666666666653</steeringAngle>
      <velocity>4.000000000000006</velocity>
      <orientation>-1.0269966093827176</orientation>
      <time>115</time>
    </ksState>
    <ksState>
      <x>96.02384301817149</x>
      <y>-84.11180902300599</y>
      <steeringAngle>0.1421333333333333</steeringAngle>
      <velocity>3.1999999999999993</velocity>
      <orientation>-1.0043866944092754</orientation>
      <time>116</time>
    </ksState>
    <ksState>
      <x>96.19211578473902</x>
      <y>-84.33645252239866</y>
      <steeringAngle>0.10659999999999997</steeringAngle>
      <velocity>2.3999999999999977</velocity>
      <orientation>-0.9907190535385679</orientation>
      <time>117</time>
    </ksState>
    <ksState>
      <x>96.31066807525634</x>
      <y>-84.49783810449642</y>
      <steeringAngle>0.07106666666666664</steeringAngle>
      <velocity>1.5999999999999976</velocity>
      <orientation>-0.9837183476853488</orientation>
      <time>118</time>
    </ksState>
    <ksState>
      <x>96.38032907899142</x>
      <y>-84.59561782912901</y>
      <steeringAngle>0.0355333333333333</steeringAngle>
      <velocity>0.7999999999999972</velocity>
      <orientation>-0.9811435032113816</orientation>
      <time>119</time>
    </ksState>
    <ksState>
      <x>96.40301382182126</x>
      <y>-84.62856744616921</y>
      <steeringAngle>-2.5153490401663703e-17</steeringAngle>
      <velocity>-2.914335439641036e-15</velocity>
      <orientation>-0.9807759916328503</orientation>
      <time>120</time>
    </ksState>
    <ksState>
      <x>96.40301382182126</x>
      <y>-84.62856744616921</y>
      <steeringAngle>0.0</steeringAngle>
      <velocity>0.0</velocity>
      <orientation>-0.9807759916328503</orientation>
      <time>121</time>
    </ksState>
    <ksState>
      <x>96.40301382182126</x>
      <y>-84.62856744616921</y>
      <steeringAngle>0.0</steeringAngle>
      <velocity>0.0</velocity>
      <orientation>-0.9807759916328503</orientation>
      <time>122</time>
    </ksState>
    <ksState>
      <x>96.40301382182126</x>
      <y>-84.62856744616921</y>
      <steeringAngle>0.0</steeringAngle>
      <velocity>0.0</velocity>
      <orientation>-0.9807759916328503</orientation>
      <time>123</time>
    </ksState>
    <ksState>
      <x>96.40301382182126</x>
      <y>-84.62856744616921</y>
      <steeringAngle>0.0</steeringAngle>
      <velocity>0.0</velocity>
      <orientation>-0.9807759916328503</orientation>
      <time>124</time>
    </ksState>
    <ksState>
      <x>96.40301382182126</x>
      <y>-84.62856744616921</y>
      <steeringAngle>0.0</steeringAngle>
      <velocity>0.0</velocity>
      <orientation>-0.9807759916328503</orientation>
      <time>125</time>
    </ksState>
    <ksState>
      <x>96.40301382182126</x>
      <y>-84.62856744616921</y>
      <steeringAngle>0.0</steeringAngle>
      <velocity>0.0</velocity>
      <orientation>-0.9807759916328503</orientation>
      <time>126</time>
    </ksState>
    <ksState>
      <x>96.40301382182126</x>
      <y>-84.62856744616921</y>
      <steeringAngle>0.0</steeringAngle>
      <velocity>0.0</velocity>
      <orientation>-0.9807759916328503</orientation>
      <time>127</time>
    </ksState>
    <ksState>
      <x>96.40301382182126</x>
      <y>-84.62856744616921</y>
      <steeringAngle>0.0</steeringAngle>
      <velocity>0.0</velocity>
      <orientation>-0.9807759916328503</orientation>
      <time>128</time>
    </ksState>
    <ksState>
      <x>96.40301382182126</x>
      <y>-84.62856744616921</y>
      <steeringAngle>0.0</steeringAngle>
      <velocity>0.0</velocity>
      <orientation>-0.9807759916328503</orientation>
      <time>129</time>
    </ksState>
  </ksTrajectory>
</CommonRoadSolution>
