<?xml version="1.0" ?>
<CommonRoadSolution benchmark_id="KS2:SM1:ITA_Siderno-4_4_T-1:2020a" computation_time="0.3143141419996027" date="2023-11-26T00:13:30">
  <ksTrajectory planningProblem="1">
    <ksState>
      <x>347.7144</x>
      <y>1072.0446</y>
      <steeringAngle>0.0</steeringAngle>
      <velocity>12.0</velocity>
      <orientation>-2.3416061</orientation>
      <time>0</time>
    </ksState>
    <ksState>
      <x>346.9062090283682</x>
      <y>1071.212477802099</y>
      <steeringAngle>0.0</steeringAngle>
      <velocity>11.200000000000001</velocity>
      <orientation>-2.3416061</orientation>
      <time>1</time>
    </ksState>
    <ksState>
      <x>346.1537553654625</x>
      <y>1070.4377433423322</y>
      <steeringAngle>0.0</steeringAngle>
      <velocity>10.4</velocity>
      <orientation>-2.3416061</orientation>
      <time>2</time>
    </ksState>
    <ksState>
      <x>345.45703901106697</x>
      <y>1069.720396620477</y>
      <steeringAngle>0.0</steeringAngle>
      <velocity>9.599999999999998</velocity>
      <orientation>-2.3416061</orientation>
      <time>3</time>
    </ksState>
    <ksState>
      <x>344.8160599651205</x>
      <y>1069.0604376364704</y>
      <steeringAngle>0.0</steeringAngle>
      <velocity>8.799999999999999</velocity>
      <orientation>-2.3416061</orientation>
      <time>4</time>
    </ksState>
    <ksState>
      <x>344.23081822760287</x>
      <y>1068.4578663902917</y>
      <steeringAngle>0.0</steeringAngle>
      <velocity>7.999999999999997</velocity>
      <orientation>-2.3416061</orientation>
      <time>5</time>
    </ksState>
    <ksState>
      <x>343.69515060271453</x>
      <y>1067.9186978506468</y>
      <steeringAngle>-0.03553333333333333</steeringAngle>
      <velocity>7.199999999999999</velocity>
      <orientation>-2.346751112982492</orientation>
      <time>6</time>
    </ksState>
    <ksState>
      <x>343.20178607193316</x>
      <y>1067.4503410266555</y>
      <steeringAngle>-0.07106666666666664</steeringAngle>
      <velocity>6.400000000000001</velocity>
      <orientation>-2.3607277851034554</orientation>
      <time>7</time>
    </ksState>
    <ksState>
      <x>342.75112174542414</x>
      <y>1067.053193667734</y>
      <steeringAngle>-0.10659999999999997</steeringAngle>
      <velocity>5.600000000000004</velocity>
      <orientation>-2.3813595529693368</orientation>
      <time>8</time>
    </ksState>
    <ksState>
      <x>342.3457490132838</x>
      <y>1066.725606995726</y>
      <steeringAngle>-0.1421333333333333</steeringAngle>
      <velocity>4.800000000000003</velocity>
      <orientation>-2.406475760477985</orientation>
      <time>9</time>
    </ksState>
    <ksState>
      <x>341.9897548991059</x>
      <y>1066.4641484018114</y>
      <steeringAngle>-0.17766666666666653</steeringAngle>
      <velocity>4.000000000000006</velocity>
      <orientation>-2.433900657063135</orientation>
      <time>10</time>
    </ksState>
    <ksState>
      <x>341.6904589512634</x>
      <y>1066.260956883812</y>
      <steeringAngle>-0.17766666666666667</steeringAngle>
      <velocity>3.2000000000000006</velocity>
      <orientation>-2.4589660963313125</orientation>
      <time>11</time>
    </ksState>
    <ksState>
      <x>341.4542076936774</x>
      <y>1066.1081428099892</y>
      <steeringAngle>-0.17766666666666667</steeringAngle>
      <velocity>2.4000000000000012</velocity>
      <orientation>-2.4784614379613426</orientation>
      <time>12</time>
    </ksState>
    <ksState>
      <x>341.28365513973296</x>
      <y>1066.0018240618763</y>
      <steeringAngle>-0.17766666666666667</steeringAngle>
      <velocity>1.6000000000000005</velocity>
      <orientation>-2.492386681960323</orientation>
      <time>13</time>
    </ksState>
    <ksState>
      <x>341.1806187870396</x>
      <y>1065.9391764241657</y>
      <steeringAngle>-0.17766666666666667</steeringAngle>
      <velocity>0.8000000000000004</velocity>
      <orientation>-2.5007418283310776</orientation>
      <time>14</time>
    </ksState>
    <ksState>
      <x>341.14615745668453</x>
      <y>1065.918485464131</y>
      <steeringAngle>-0.17766666666666667</steeringAngle>
      <velocity>2.7755575615628914e-16</velocity>
      <orientation>-2.503526877077293</orientation>
      <time>15</time>
    </ksState>
    <ksState>
      <x>341.14615745668453</x>
      <y>1065.918485464131</y>
      <steeringAngle>-0.14213333333333336</steeringAngle>
      <velocity>0.0</velocity>
      <orientation>-2.503526877077293</orientation>
      <time>16</time>
    </ksState>
    <ksState>
      <x>341.14615745668453</x>
      <y>1065.918485464131</y>
      <steeringAngle>-0.10660000000000001</steeringAngle>
      <velocity>0.0</velocity>
      <orientation>-2.503526877077293</orientation>
      <time>17</time>
    </ksState>
    <ksState>
      <x>341.14615745668453</x>
      <y>1065.918485464131</y>
      <steeringAngle>-0.07106666666666668</steeringAngle>
      <velocity>0.0</velocity>
      <orientation>-2.503526877077293</orientation>
      <time>18</time>
    </ksState>
    <ksState>
      <x>341.14615745668453</x>
      <y>1065.918485464131</y>
      <steeringAngle>-0.03553333333333333</steeringAngle>
      <velocity>0.0</velocity>
      <orientation>-2.503526877077293</orientation>
      <time>19</time>
    </ksState>
    <ksState>
      <x>341.14615745668453</x>
      <y>1065.918485464131</y>
      <steeringAngle>-0.0</steeringAngle>
      <velocity>0.0</velocity>
      <orientation>-2.503526877077293</orientation>
      <time>20</time>
    </ksState>
    <ksState>
      <x>341.14615745668453</x>
      <y>1065.918485464131</y>
      <steeringAngle>0.0</steeringAngle>
      <velocity>0.0</velocity>
      <orientation>-2.503526877077293</orientation>
      <time>21</time>
    </ksState>
    <ksState>
      <x>341.14615745668453</x>
      <y>1065.918485464131</y>
      <steeringAngle>0.0</steeringAngle>
      <velocity>0.0</velocity>
      <orientation>-2.503526877077293</orientation>
      <time>22</time>
    </ksState>
    <ksState>
      <x>341.14615745668453</x>
      <y>1065.918485464131</y>
      <steeringAngle>0.0</steeringAngle>
      <velocity>0.0</velocity>
      <orientation>-2.503526877077293</orientation>
      <time>23</time>
    </ksState>
    <ksState>
      <x>341.14615745668453</x>
      <y>1065.918485464131</y>
      <steeringAngle>0.0</steeringAngle>
      <velocity>0.0</velocity>
      <orientation>-2.503526877077293</orientation>
      <time>24</time>
    </ksState>
    <ksState>
      <x>341.14615745668453</x>
      <y>1065.918485464131</y>
      <steeringAngle>0.0</steeringAngle>
      <velocity>0.0</velocity>
      <orientation>-2.503526877077293</orientation>
      <time>25</time>
    </ksState>
    <ksState>
      <x>341.14615745668453</x>
      <y>1065.918485464131</y>
      <steeringAngle>0.0</steeringAngle>
      <velocity>0.0</velocity>
      <orientation>-2.503526877077293</orientation>
      <time>26</time>
    </ksState>
    <ksState>
      <x>341.14615745668453</x>
      <y>1065.918485464131</y>
      <steeringAngle>0.0</steeringAngle>
      <velocity>0.0</velocity>
      <orientation>-2.503526877077293</orientation>
      <time>27</time>
    </ksState>
    <ksState>
      <x>341.14615745668453</x>
      <y>1065.918485464131</y>
      <steeringAngle>0.0</steeringAngle>
      <velocity>0.0</velocity>
      <orientation>-2.503526877077293</orientation>
      <time>28</time>
    </ksState>
    <ksState>
      <x>341.14615745668453</x>
      <y>1065.918485464131</y>
      <steeringAngle>0.0</steeringAngle>
      <velocity>0.0</velocity>
      <orientation>-2.503526877077293</orientation>
      <time>29</time>
    </ksState>
    <ksState>
      <x>341.14615745668453</x>
      <y>1065.918485464131</y>
      <steeringAngle>0.0</steeringAngle>
      <velocity>0.0</velocity>
      <orientation>-2.503526877077293</orientation>
      <time>30</time>
    </ksState>
    <ksState>
      <x>341.14615745668453</x>
      <y>1065.918485464131</y>
      <steeringAngle>0.0</steeringAngle>
      <velocity>0.0</velocity>
      <orientation>-2.503526877077293</orientation>
      <time>31</time>
    </ksState>
    <ksState>
      <x>341.14615745668453</x>
      <y>1065.918485464131</y>
      <steeringAngle>0.0</steeringAngle>
      <velocity>0.0</velocity>
      <orientation>-2.503526877077293</orientation>
      <time>32</time>
    </ksState>
    <ksState>
      <x>341.14615745668453</x>
      <y>1065.918485464131</y>
      <steeringAngle>0.0</steeringAngle>
      <velocity>0.0</velocity>
      <orientation>-2.503526877077293</orientation>
      <time>33</time>
    </ksState>
  </ksTrajectory>
</CommonRoadSolution>
