<?xml version="1.0" ?>
<CommonRoadSolution benchmark_id="KS2:SM1:DEU_Flensburg-96_1_T-1:2020a" computation_time="26.48856095400015" date="2023-11-26T00:13:30">
  <ksTrajectory planningProblem="123">
    <ksState>
      <x>375.14119</x>
      <y>-245.85679</y>
      <steeringAngle>0.0</steeringAngle>
      <velocity>8.0</velocity>
      <orientation>0.0078880492</orientation>
      <time>0</time>
    </ksState>
    <ksState>
      <x>375.90118999927313</x>
      <y>-245.85079508261373</y>
      <steeringAngle>0.0</steeringAngle>
      <velocity>7.200000000000001</velocity>
      <orientation>0.0078880492</orientation>
      <time>1</time>
    </ksState>
    <ksState>
      <x>376.5811899982519</x>
      <y>-245.84543120916578</y>
      <steeringAngle>0.0</steeringAngle>
      <velocity>6.400000000000001</velocity>
      <orientation>0.0078880492</orientation>
      <time>2</time>
    </ksState>
    <ksState>
      <x>377.1811899971365</x>
      <y>-245.84069837965458</y>
      <steeringAngle>0.0</steeringAngle>
      <velocity>5.600000000000001</velocity>
      <orientation>0.0078880492</orientation>
      <time>3</time>
    </ksState>
    <ksState>
      <x>377.70118999598355</x>
      <y>-245.83659659407968</y>
      <steeringAngle>0.0</steeringAngle>
      <velocity>4.800000000000001</velocity>
      <orientation>0.0078880492</orientation>
      <time>4</time>
    </ksState>
    <ksState>
      <x>378.1411899948137</x>
      <y>-245.8331258524409</y>
      <steeringAngle>0.0</steeringAngle>
      <velocity>4.000000000000001</velocity>
      <orientation>0.0078880492</orientation>
      <time>5</time>
    </ksState>
    <ksState>
      <x>378.5811899958414</x>
      <y>-245.82965511078478</y>
      <steeringAngle>0.0</steeringAngle>
      <velocity>4.8</velocity>
      <orientation>0.0078880492</orientation>
      <time>6</time>
    </ksState>
    <ksState>
      <x>379.1011899969143</x>
      <y>-245.82555332519235</y>
      <steeringAngle>0.0</steeringAngle>
      <velocity>5.6</velocity>
      <orientation>0.0078880492</orientation>
      <time>7</time>
    </ksState>
    <ksState>
      <x>379.7011899980164</x>
      <y>-245.82082049566364</y>
      <steeringAngle>0.0</steeringAngle>
      <velocity>6.4</velocity>
      <orientation>0.0078880492</orientation>
      <time>8</time>
    </ksState>
    <ksState>
      <x>380.38118999913837</x>
      <y>-245.81545662219878</y>
      <steeringAngle>0.0</steeringAngle>
      <velocity>7.199999999999999</velocity>
      <orientation>0.0078880492</orientation>
      <time>9</time>
    </ksState>
    <ksState>
      <x>381.1411900002744</x>
      <y>-245.80946170479783</y>
      <steeringAngle>0.0</steeringAngle>
      <velocity>7.999999999999998</velocity>
      <orientation>0.0078880492</orientation>
      <time>10</time>
    </ksState>
    <ksState>
      <x>381.9411900002744</x>
      <y>-245.80315126543783</y>
      <steeringAngle>0.0</steeringAngle>
      <velocity>8.0</velocity>
      <orientation>0.0078880492</orientation>
      <time>11</time>
    </ksState>
    <ksState>
      <x>382.7411900002744</x>
      <y>-245.7968408260778</y>
      <steeringAngle>0.0</steeringAngle>
      <velocity>8.0</velocity>
      <orientation>0.0078880492</orientation>
      <time>12</time>
    </ksState>
    <ksState>
      <x>383.54119000027436</x>
      <y>-245.79053038671782</y>
      <steeringAngle>0.0</steeringAngle>
      <velocity>8.0</velocity>
      <orientation>0.0078880492</orientation>
      <time>13</time>
    </ksState>
    <ksState>
      <x>384.34119000027437</x>
      <y>-245.78421994735783</y>
      <steeringAngle>0.0</steeringAngle>
      <velocity>8.0</velocity>
      <orientation>0.0078880492</orientation>
      <time>14</time>
    </ksState>
    <ksState>
      <x>385.1411900002744</x>
      <y>-245.77790950799783</y>
      <steeringAngle>0.0</steeringAngle>
      <velocity>8.0</velocity>
      <orientation>0.0078880492</orientation>
      <time>15</time>
    </ksState>
    <ksState>
      <x>385.94123936470436</x>
      <y>-245.7809116527497</y>
      <steeringAngle>-0.03553333333333333</steeringAngle>
      <velocity>8.0</velocity>
      <orientation>0.002375514197161222</orientation>
      <time>16</time>
    </ksState>
    <ksState>
      <x>386.74110619817293</x>
      <y>-245.80844251851116</y>
      <steeringAngle>-0.07106666666666667</steeringAngle>
      <velocity>8.0</velocity>
      <orientation>-0.014176006683108418</orientation>
      <time>17</time>
    </ksState>
    <ksState>
      <x>387.5397122599227</x>
      <y>-245.8693896131268</y>
      <steeringAngle>-0.10659999999999997</steeringAngle>
      <velocity>8.0</velocity>
      <orientation>-0.04180848597380332</orientation>
      <time>18</time>
    </ksState>
    <ksState>
      <x>388.3348599283661</x>
      <y>-245.97264467522555</y>
      <steeringAngle>-0.1421333333333333</steeringAngle>
      <velocity>8.0</velocity>
      <orientation>-0.08059233824653825</orientation>
      <time>19</time>
    </ksState>
    <ksState>
      <x>389.1229203963864</x>
      <y>-246.12700102981054</y>
      <steeringAngle>-0.17766666666666667</steeringAngle>
      <velocity>8.0</velocity>
      <orientation>-0.13062715049569293</orientation>
      <time>20</time>
    </ksState>
    <ksState>
      <x>389.8600654648338</x>
      <y>-246.32900506049293</y>
      <steeringAngle>-0.21320000000000014</steeringAngle>
      <velocity>7.200000000000003</velocity>
      <orientation>-0.18887647756718579</orientation>
      <time>21</time>
    </ksState>
    <ksState>
      <x>390.5045093865667</x>
      <y>-246.56267837354522</y>
      <steeringAngle>-0.24873333333333347</steeringAngle>
      <velocity>6.400000000000004</velocity>
      <orientation>-0.25079356505296513</orientation>
      <time>22</time>
    </ksState>
    <ksState>
      <x>391.055603575291</x>
      <y>-246.81612182181956</y>
      <steeringAngle>-0.2842666666666668</steeringAngle>
      <velocity>5.600000000000001</velocity>
      <orientation>-0.31421570781688624</orientation>
      <time>23</time>
    </ksState>
    <ksState>
      <x>391.51466923006757</x>
      <y>-247.0758747637497</y>
      <steeringAngle>-0.3198</steeringAngle>
      <velocity>4.800000000000002</velocity>
      <orientation>-0.37694480755883886</orientation>
      <time>24</time>
    </ksState>
    <ksState>
      <x>391.8851374615824</x>
      <y>-247.32784101200045</y>
      <steeringAngle>-0.3553333333333332</steeringAngle>
      <velocity>4.000000000000001</velocity>
      <orientation>-0.43673464160705366</orientation>
      <time>25</time>
    </ksState>
    <ksState>
      <x>392.20343604636867</x>
      <y>-247.5848640299461</y>
      <steeringAngle>-0.39086666666666653</steeringAngle>
      <velocity>4.0</velocity>
      <orientation>-0.49745500791304087</orientation>
      <time>26</time>
    </ksState>
    <ksState>
      <x>392.5000069463373</x>
      <y>-247.86959686198944</y>
      <steeringAngle>-0.42639999999999995</steeringAngle>
      <velocity>4.0</velocity>
      <orientation>-0.5646246213694445</orientation>
      <time>27</time>
    </ksState>
    <ksState>
      <x>392.7704252027814</x>
      <y>-248.18229386329014</y>
      <steeringAngle>-0.4619333333333333</steeringAngle>
      <velocity>4.0</velocity>
      <orientation>-0.6384452050017885</orientation>
      <time>28</time>
    </ksState>
    <ksState>
      <x>393.0097519444802</x>
      <y>-248.52252528683536</y>
      <steeringAngle>-0.49746666666666667</steeringAngle>
      <velocity>4.0</velocity>
      <orientation>-0.7191457468150089</orientation>
      <time>29</time>
    </ksState>
    <ksState>
      <x>393.2125699658317</x>
      <y>-248.88900743613854</y>
      <steeringAngle>-0.533</steeringAngle>
      <velocity>4.0</velocity>
      <orientation>-0.8069856134148174</orientation>
      <time>30</time>
    </ksState>
    <ksState>
      <x>393.3820908387265</x>
      <y>-249.27218915608628</y>
      <steeringAngle>-0.4974666666666666</steeringAngle>
      <velocity>4.0</velocity>
      <orientation>-0.8948254802542667</orientation>
      <time>31</time>
    </ksState>
    <ksState>
      <x>393.52694314698414</x>
      <y>-249.66226568558594</y>
      <steeringAngle>-0.4619333333333334</steeringAngle>
      <velocity>4.0</velocity>
      <orientation>-0.9755260220414368</orientation>
      <time>32</time>
    </ksState>
    <ksState>
      <x>393.64956750154715</x>
      <y>-250.05718764946658</y>
      <steeringAngle>-0.42640000000000017</steeringAngle>
      <velocity>4.0</velocity>
      <orientation>-1.049346605291242</orientation>
      <time>33</time>
    </ksState>
    <ksState>
      <x>393.7524372484001</x>
      <y>-250.4553437557757</y>
      <steeringAngle>-0.3908666666666668</steeringAngle>
      <velocity>4.0</velocity>
      <orientation>-1.1165162181541044</orientation>
      <time>34</time>
    </ksState>
    <ksState>
      <x>393.8380244120488</x>
      <y>-250.85549728103496</y>
      <steeringAngle>-0.3553333333333335</steeringAngle>
      <velocity>4.0</velocity>
      <orientation>-1.1772365860323903</orientation>
      <time>35</time>
    </ksState>
    <ksState>
      <x>393.9147879874189</x>
      <y>-251.29700135418176</y>
      <steeringAngle>-0.31979999999999975</steeringAngle>
      <velocity>4.800000000000001</velocity>
      <orientation>-1.2370264210641388</orientation>
      <time>36</time>
    </ksState>
    <ksState>
      <x>393.98412076454036</x>
      <y>-251.81999968430176</y>
      <steeringAngle>-0.28426666666666645</steeringAngle>
      <velocity>5.600000000000004</velocity>
      <orientation>-1.2997555211954626</orientation>
      <time>37</time>
    </ksState>
    <ksState>
      <x>394.03825154819344</x>
      <y>-252.42429129617707</y>
      <steeringAngle>-0.2487333333333331</steeringAngle>
      <velocity>6.400000000000004</velocity>
      <orientation>-1.3631776578881383</orientation>
      <time>38</time>
    </ksState>
    <ksState>
      <x>394.07048071351426</x>
      <y>-253.10917792615513</y>
      <steeringAngle>-0.21319999999999992</steeringAngle>
      <velocity>7.200000000000004</velocity>
      <orientation>-1.4250947465659374</orientation>
      <time>39</time>
    </ksState>
    <ksState>
      <x>394.0758838584537</x>
      <y>-253.8736303869232</y>
      <steeringAngle>-0.17766666666666656</steeringAngle>
      <velocity>8.000000000000004</velocity>
      <orientation>-1.4833440761669026</orientation>
      <time>40</time>
    </ksState>
    <ksState>
      <x>394.05400227522506</x>
      <y>-254.67647609182274</y>
      <steeringAngle>-0.14213333333333336</steeringAngle>
      <velocity>8.0</velocity>
      <orientation>-1.533378887715651</orientation>
      <time>41</time>
    </ksState>
    <ksState>
      <x>394.01250874848154</x>
      <y>-255.47730353688544</y>
      <steeringAngle>-0.1066000000000001</steeringAngle>
      <velocity>8.0</velocity>
      <orientation>-1.5721627397226483</orientation>
      <time>42</time>
    </ksState>
    <ksState>
      <x>393.96031545652295</x>
      <y>-256.2765773914317</y>
      <steeringAngle>-0.07106666666666674</steeringAngle>
      <velocity>8.0</velocity>
      <orientation>-1.5997952187523352</orientation>
      <time>43</time>
    </ksState>
    <ksState>
      <x>393.9062350362114</x>
      <y>-257.07510716361725</y>
      <steeringAngle>-0.035533333333333354</steeringAngle>
      <velocity>8.0</velocity>
      <orientation>-1.6163467393813646</orientation>
      <time>44</time>
    </ksState>
    <ksState>
      <x>393.8590369348516</x>
      <y>-257.8737583043058</y>
      <steeringAngle>-2.0816681711721685e-17</steeringAngle>
      <velocity>8.0</velocity>
      <orientation>-1.6218592658397695</orientation>
      <time>45</time>
    </ksState>
    <ksState>
      <x>393.80890506375715</x>
      <y>-258.6722161746231</y>
      <steeringAngle>-0.03553333333333333</steeringAngle>
      <velocity>8.0</velocity>
      <orientation>-1.6273718008426084</orientation>
      <time>46</time>
    </ksState>
    <ksState>
      <x>393.7342981087363</x>
      <y>-259.46904669380643</y>
      <steeringAngle>-0.07106666666666667</steeringAngle>
      <velocity>8.0</velocity>
      <orientation>-1.643923321722878</orientation>
      <time>47</time>
    </ksState>
    <ksState>
      <x>393.6264078009903</x>
      <y>-260.26264989699894</y>
      <steeringAngle>-0.10659999999999997</steeringAngle>
      <velocity>8.0</velocity>
      <orientation>-1.6715558010135727</orientation>
      <time>48</time>
    </ksState>
    <ksState>
      <x>393.47648759820026</x>
      <y>-261.0503081520493</y>
      <steeringAngle>-0.1421333333333333</steeringAngle>
      <velocity>8.0</velocity>
      <orientation>-1.7103396532863078</orientation>
      <time>49</time>
    </ksState>
    <ksState>
      <x>393.27597351966995</x>
      <y>-261.82788095323673</y>
      <steeringAngle>-0.17766666666666667</steeringAngle>
      <velocity>8.0</velocity>
      <orientation>-1.7603744655354623</orientation>
      <time>50</time>
    </ksState>
    <ksState>
      <x>393.0353475596687</x>
      <y>-262.594131027908</y>
      <steeringAngle>-0.14213333333333336</steeringAngle>
      <velocity>8.0</velocity>
      <orientation>-1.8104092770842106</orientation>
      <time>51</time>
    </ksState>
    <ksState>
      <x>392.77640941794135</x>
      <y>-263.35307591937647</y>
      <steeringAngle>-0.1066000000000001</steeringAngle>
      <velocity>8.0</velocity>
      <orientation>-1.849193129091208</orientation>
      <time>52</time>
    </ksState>
    <ksState>
      <x>392.5076043807995</x>
      <y>-264.1076000649768</y>
      <steeringAngle>-0.07106666666666674</steeringAngle>
      <velocity>8.0</velocity>
      <orientation>-1.876825608120895</orientation>
      <time>53</time>
    </ksState>
    <ksState>
      <x>392.2371876748614</x>
      <y>-264.86089236818805</y>
      <steeringAngle>-0.035533333333333354</steeringAngle>
      <velocity>8.0</velocity>
      <orientation>-1.8933771287499244</orientation>
      <time>54</time>
    </ksState>
    <ksState>
      <x>391.97335768356794</x>
      <y>-265.61618372984213</y>
      <steeringAngle>-2.0816681711721685e-17</steeringAngle>
      <velocity>8.0</velocity>
      <orientation>-1.8988896552083292</orientation>
      <time>55</time>
    </ksState>
    <ksState>
      <x>391.7243904165591</x>
      <y>-266.3764885865471</y>
      <steeringAngle>0.03553333333333333</steeringAngle>
      <velocity>8.0</velocity>
      <orientation>-1.8933771202054903</orientation>
      <time>56</time>
    </ksState>
    <ksState>
      <x>391.4987622885493</x>
      <y>-267.14434080012103</y>
      <steeringAngle>0.07106666666666667</steeringAngle>
      <velocity>8.0</velocity>
      <orientation>-1.8768255993252208</orientation>
      <time>57</time>
    </ksState>
    <ksState>
      <x>391.3052481868368</x>
      <y>-267.9215143039548</y>
      <steeringAngle>0.10659999999999997</steeringAngle>
      <velocity>8.0</velocity>
      <orientation>-1.849193120034526</orientation>
      <time>58</time>
    </ksState>
    <ksState>
      <x>391.1529793460115</x>
      <y>-268.7087218966946</y>
      <steeringAngle>0.1421333333333333</steeringAngle>
      <velocity>8.0</velocity>
      <orientation>-1.810409267761791</orientation>
      <time>59</time>
    </ksState>
    <ksState>
      <x>391.0514440629264</x>
      <y>-269.5052869870195</y>
      <steeringAngle>0.17766666666666667</steeringAngle>
      <velocity>8.0</velocity>
      <orientation>-1.7603744555126362</orientation>
      <time>60</time>
    </ksState>
    <ksState>
      <x>390.99136276337</x>
      <y>-270.3061804050246</y>
      <steeringAngle>0.14213333333333336</steeringAngle>
      <velocity>8.0</velocity>
      <orientation>-1.7103396439638878</orientation>
      <time>61</time>
    </ksState>
    <ksState>
      <x>390.950996981349</x>
      <y>-271.10706548614985</y>
      <steeringAngle>0.1066000000000001</steeringAngle>
      <velocity>8.0</velocity>
      <orientation>-1.6715557919568904</orientation>
      <time>62</time>
    </ksState>
    <ksState>
      <x>390.9214336015191</x>
      <y>-271.90749589590445</y>
      <steeringAngle>0.07106666666666674</steeringAngle>
      <velocity>8.0</velocity>
      <orientation>-1.6439233129272035</orientation>
      <time>63</time>
    </ksState>
    <ksState>
      <x>390.8938233755471</x>
      <y>-272.7073784900077</y>
      <steeringAngle>0.035533333333333354</steeringAngle>
      <velocity>8.0</velocity>
      <orientation>-1.627371792298174</orientation>
      <time>64</time>
    </ksState>
    <ksState>
      <x>390.85935431635363</x>
      <y>-273.5066801785168</y>
      <steeringAngle>2.0816681711721685e-17</steeringAngle>
      <velocity>8.0</velocity>
      <orientation>-1.6218592658397692</orientation>
      <time>65</time>
    </ksState>
    <ksState>
      <x>390.8185217151661</x>
      <y>-274.30563743562146</y>
      <steeringAngle>0.0</steeringAngle>
      <velocity>8.0</velocity>
      <orientation>-1.6218592658397692</orientation>
      <time>66</time>
    </ksState>
    <ksState>
      <x>390.77768911397857</x>
      <y>-275.10459469272615</y>
      <steeringAngle>0.0</steeringAngle>
      <velocity>8.0</velocity>
      <orientation>-1.6218592658397692</orientation>
      <time>67</time>
    </ksState>
    <ksState>
      <x>390.73685651279106</x>
      <y>-275.90355194983084</y>
      <steeringAngle>0.0</steeringAngle>
      <velocity>8.0</velocity>
      <orientation>-1.6218592658397692</orientation>
      <time>68</time>
    </ksState>
    <ksState>
      <x>390.69602391160356</x>
      <y>-276.7025092069356</y>
      <steeringAngle>0.0</steeringAngle>
      <velocity>8.0</velocity>
      <orientation>-1.6218592658397692</orientation>
      <time>69</time>
    </ksState>
    <ksState>
      <x>390.655191310416</x>
      <y>-277.5014664640403</y>
      <steeringAngle>0.0</steeringAngle>
      <velocity>8.0</velocity>
      <orientation>-1.6218592658397692</orientation>
      <time>70</time>
    </ksState>
    <ksState>
      <x>390.6143587092285</x>
      <y>-278.30042372114497</y>
      <steeringAngle>0.0</steeringAngle>
      <velocity>8.0</velocity>
      <orientation>-1.6218592658397692</orientation>
      <time>71</time>
    </ksState>
    <ksState>
      <x>390.57352610804094</x>
      <y>-279.09938097824966</y>
      <steeringAngle>0.0</steeringAngle>
      <velocity>8.0</velocity>
      <orientation>-1.6218592658397692</orientation>
      <time>72</time>
    </ksState>
    <ksState>
      <x>390.53269350685343</x>
      <y>-279.89833823535434</y>
      <steeringAngle>0.0</steeringAngle>
      <velocity>8.0</velocity>
      <orientation>-1.6218592658397692</orientation>
      <time>73</time>
    </ksState>
    <ksState>
      <x>390.49186090566593</x>
      <y>-280.6972954924591</y>
      <steeringAngle>0.0</steeringAngle>
      <velocity>8.0</velocity>
      <orientation>-1.6218592658397692</orientation>
      <time>74</time>
    </ksState>
    <ksState>
      <x>390.45102830447837</x>
      <y>-281.4962527495638</y>
      <steeringAngle>0.0</steeringAngle>
      <velocity>8.0</velocity>
      <orientation>-1.6218592658397692</orientation>
      <time>75</time>
    </ksState>
    <ksState>
      <x>390.40089643338393</x>
      <y>-282.2947106198811</y>
      <steeringAngle>-0.03553333333333333</steeringAngle>
      <velocity>8.0</velocity>
      <orientation>-1.6273718008426081</orientation>
      <time>76</time>
    </ksState>
    <ksState>
      <x>390.3262894783631</x>
      <y>-283.0915411390644</y>
      <steeringAngle>-0.07106666666666667</steeringAngle>
      <velocity>8.0</velocity>
      <orientation>-1.6439233217228777</orientation>
      <time>77</time>
    </ksState>
    <ksState>
      <x>390.2183991706171</x>
      <y>-283.8851443422569</y>
      <steeringAngle>-0.10659999999999997</steeringAngle>
      <velocity>8.0</velocity>
      <orientation>-1.6715558010135725</orientation>
      <time>78</time>
    </ksState>
    <ksState>
      <x>390.06847896782705</x>
      <y>-284.6728025973073</y>
      <steeringAngle>-0.1421333333333333</steeringAngle>
      <velocity>8.0</velocity>
      <orientation>-1.7103396532863075</orientation>
      <time>79</time>
    </ksState>
    <ksState>
      <x>389.86796488929673</x>
      <y>-285.4503753984947</y>
      <steeringAngle>-0.17766666666666667</steeringAngle>
      <velocity>8.0</velocity>
      <orientation>-1.7603744655354623</orientation>
      <time>80</time>
    </ksState>
    <ksState>
      <x>389.6273389292955</x>
      <y>-286.216625473166</y>
      <steeringAngle>-0.14213333333333336</steeringAngle>
      <velocity>8.0</velocity>
      <orientation>-1.8104092770842106</orientation>
      <time>81</time>
    </ksState>
    <ksState>
      <x>389.36840078756813</x>
      <y>-286.97557036463445</y>
      <steeringAngle>-0.1066000000000001</steeringAngle>
      <velocity>8.0</velocity>
      <orientation>-1.849193129091208</orientation>
      <time>82</time>
    </ksState>
    <ksState>
      <x>389.09959575042626</x>
      <y>-287.7300945102348</y>
      <steeringAngle>-0.07106666666666674</steeringAngle>
      <velocity>8.0</velocity>
      <orientation>-1.876825608120895</orientation>
      <time>83</time>
    </ksState>
    <ksState>
      <x>388.82917904448817</x>
      <y>-288.48338681344603</y>
      <steeringAngle>-0.035533333333333354</steeringAngle>
      <velocity>8.0</velocity>
      <orientation>-1.8933771287499244</orientation>
      <time>84</time>
    </ksState>
    <ksState>
      <x>388.5653490531947</x>
      <y>-289.2386781751001</y>
      <steeringAngle>-2.0816681711721685e-17</steeringAngle>
      <velocity>8.0</velocity>
      <orientation>-1.8988896552083292</orientation>
      <time>85</time>
    </ksState>
    <ksState>
      <x>388.3286068941383</x>
      <y>-289.9608939798438</y>
      <steeringAngle>0.03553333333333333</steeringAngle>
      <velocity>7.199999999999999</velocity>
      <orientation>-1.8937446422258368</orientation>
      <time>86</time>
    </ksState>
    <ksState>
      <x>388.1357075251673</x>
      <y>-290.6132409030857</y>
      <steeringAngle>0.07106666666666664</steeringAngle>
      <velocity>6.400000000000001</velocity>
      <orientation>-1.8797679701048737</orientation>
      <time>87</time>
    </ksState>
    <ksState>
      <x>387.9868247096535</x>
      <y>-291.19518442880855</y>
      <steeringAngle>0.10659999999999997</steeringAngle>
      <velocity>5.600000000000004</velocity>
      <orientation>-1.8591362022389923</orientation>
      <time>88</time>
    </ksState>
    <ksState>
      <x>387.8793118885616</x>
      <y>-291.7051658725308</y>
      <steeringAngle>0.1421333333333333</steeringAngle>
      <velocity>4.800000000000003</velocity>
      <orientation>-1.8340199947303442</orientation>
      <time>89</time>
    </ksState>
    <ksState>
      <x>387.8082537531165</x>
      <y>-292.1411052571339</y>
      <steeringAngle>0.17766666666666653</steeringAngle>
      <velocity>4.000000000000006</velocity>
      <orientation>-1.8065950981451944</orientation>
      <time>90</time>
    </ksState>
    <ksState>
      <x>387.75455887699917</x>
      <y>-292.579968884093</y>
      <steeringAngle>0.17766666666666667</steeringAngle>
      <velocity>4.800000000000002</velocity>
      <orientation>-1.7759595611028602</orientation>
      <time>91</time>
    </ksState>
    <ksState>
      <x>387.7084680409455</x>
      <y>-293.10044859168323</y>
      <steeringAngle>0.17766666666666667</steeringAngle>
      <velocity>5.600000000000001</velocity>
      <orientation>-1.7397539264263202</orientation>
      <time>92</time>
    </ksState>
    <ksState>
      <x>387.6787373522805</x>
      <y>-293.7026078276505</y>
      <steeringAngle>0.17766666666666667</steeringAngle>
      <velocity>6.3999999999999995</velocity>
      <orientation>-1.6979781941166803</orientation>
      <time>93</time>
    </ksState>
    <ksState>
      <x>387.67547640002346</x>
      <y>-294.3858643540466</y>
      <steeringAngle>0.17766666666666667</steeringAngle>
      <velocity>7.200000000000002</velocity>
      <orientation>-1.6506323641745833</orientation>
      <time>94</time>
    </ksState>
    <ksState>
      <x>387.710101472996</x>
      <y>-295.14870952640956</y>
      <steeringAngle>0.17766666666666667</steeringAngle>
      <velocity>8.0</velocity>
      <orientation>-1.5977164366004333</orientation>
      <time>95</time>
    </ksState>
    <ksState>
      <x>387.7850258714453</x>
      <y>-295.90865556329874</y>
      <steeringAngle>0.17766666666666667</steeringAngle>
      <velocity>7.2</velocity>
      <orientation>-1.544800509156056</orientation>
      <time>96</time>
    </ksState>
    <ksState>
      <x>387.88605392326014</x>
      <y>-296.5844095419903</y>
      <steeringAngle>0.17766666666666667</steeringAngle>
      <velocity>6.4</velocity>
      <orientation>-1.4974546793632446</orientation>
      <time>97</time>
    </ksState>
    <ksState>
      <x>388.00167095194547</x>
      <y>-297.17611247006886</y>
      <steeringAngle>0.17766666666666667</steeringAngle>
      <velocity>5.599999999999999</velocity>
      <orientation>-1.45567894720806</orientation>
      <time>98</time>
    </ksState>
    <ksState>
      <x>388.1217881383385</x>
      <y>-297.6846351872094</y>
      <steeringAngle>0.17766666666666667</steeringAngle>
      <velocity>4.799999999999999</velocity>
      <orientation>-1.4194733126865455</orientation>
      <time>99</time>
    </ksState>
  </ksTrajectory>
</CommonRoadSolution>
