<?xml version="1.0" ?>
<CommonRoadSolution benchmark_id="KS2:SM1:ITA_Scicli-2_1_T-1:2020a" computation_time="0.6332133930000055" date="2023-11-26T00:13:30">
  <ksTrajectory planningProblem="1">
    <ksState>
      <x>-952.37989</x>
      <y>-912.15491</y>
      <steeringAngle>0.0</steeringAngle>
      <velocity>8.0</velocity>
      <orientation>-1.6897308</orientation>
      <time>0</time>
    </ksState>
    <ksState>
      <x>-952.470067249163</x>
      <y>-912.9095410771685</y>
      <steeringAngle>0.0</steeringAngle>
      <velocity>7.200000000000001</velocity>
      <orientation>-1.6897308</orientation>
      <time>1</time>
    </ksState>
    <ksState>
      <x>-952.5507521562648</x>
      <y>-913.5847373037406</y>
      <steeringAngle>0.0</steeringAngle>
      <velocity>6.400000000000001</velocity>
      <orientation>-1.6897308</orientation>
      <time>2</time>
    </ksState>
    <ksState>
      <x>-952.6219447213292</x>
      <y>-914.1804986799149</y>
      <steeringAngle>0.0</steeringAngle>
      <velocity>5.600000000000001</velocity>
      <orientation>-1.6897308</orientation>
      <time>3</time>
    </ksState>
    <ksState>
      <x>-952.683644944363</x>
      <y>-914.6968252057476</y>
      <steeringAngle>0.0</steeringAngle>
      <velocity>4.800000000000001</velocity>
      <orientation>-1.6897308</orientation>
      <time>4</time>
    </ksState>
    <ksState>
      <x>-952.7358528253684</x>
      <y>-915.1337168812594</y>
      <steeringAngle>0.0</steeringAngle>
      <velocity>4.000000000000001</velocity>
      <orientation>-1.6897308</orientation>
      <time>5</time>
    </ksState>
    <ksState>
      <x>-952.7785683643646</x>
      <y>-915.491173706608</y>
      <steeringAngle>0.0</steeringAngle>
      <velocity>3.2</velocity>
      <orientation>-1.6897308</orientation>
      <time>6</time>
    </ksState>
    <ksState>
      <x>-952.8117915613223</x>
      <y>-915.7691956815513</y>
      <steeringAngle>0.0</steeringAngle>
      <velocity>2.4000000000000004</velocity>
      <orientation>-1.6897308</orientation>
      <time>7</time>
    </ksState>
    <ksState>
      <x>-952.8355224162539</x>
      <y>-915.9677828061904</y>
      <steeringAngle>0.0</steeringAngle>
      <velocity>1.6</velocity>
      <orientation>-1.6897308</orientation>
      <time>8</time>
    </ksState>
    <ksState>
      <x>-952.849760929164</x>
      <y>-916.0869350805654</y>
      <steeringAngle>0.0</steeringAngle>
      <velocity>0.7999999999999998</velocity>
      <orientation>-1.6897308</orientation>
      <time>9</time>
    </ksState>
    <ksState>
      <x>-952.854507100059</x>
      <y>-916.1266525047291</y>
      <steeringAngle>0.0</steeringAngle>
      <velocity>-3.3306690738754696e-16</velocity>
      <orientation>-1.6897308</orientation>
      <time>10</time>
    </ksState>
    <ksState>
      <x>-952.854507100059</x>
      <y>-916.1266525047291</y>
      <steeringAngle>0.0</steeringAngle>
      <velocity>0.0</velocity>
      <orientation>-1.6897308</orientation>
      <time>11</time>
    </ksState>
    <ksState>
      <x>-952.854507100059</x>
      <y>-916.1266525047291</y>
      <steeringAngle>0.0</steeringAngle>
      <velocity>0.0</velocity>
      <orientation>-1.6897308</orientation>
      <time>12</time>
    </ksState>
    <ksState>
      <x>-952.854507100059</x>
      <y>-916.1266525047291</y>
      <steeringAngle>0.0</steeringAngle>
      <velocity>0.0</velocity>
      <orientation>-1.6897308</orientation>
      <time>13</time>
    </ksState>
    <ksState>
      <x>-952.854507100059</x>
      <y>-916.1266525047291</y>
      <steeringAngle>0.0</steeringAngle>
      <velocity>0.0</velocity>
      <orientation>-1.6897308</orientation>
      <time>14</time>
    </ksState>
    <ksState>
      <x>-952.854507100059</x>
      <y>-916.1266525047291</y>
      <steeringAngle>0.0</steeringAngle>
      <velocity>0.0</velocity>
      <orientation>-1.6897308</orientation>
      <time>15</time>
    </ksState>
    <ksState>
      <x>-952.854507100059</x>
      <y>-916.1266525047291</y>
      <steeringAngle>0.0</steeringAngle>
      <velocity>0.0</velocity>
      <orientation>-1.6897308</orientation>
      <time>16</time>
    </ksState>
    <ksState>
      <x>-952.854507100059</x>
      <y>-916.1266525047291</y>
      <steeringAngle>0.0</steeringAngle>
      <velocity>0.0</velocity>
      <orientation>-1.6897308</orientation>
      <time>17</time>
    </ksState>
    <ksState>
      <x>-952.854507100059</x>
      <y>-916.1266525047291</y>
      <steeringAngle>0.0</steeringAngle>
      <velocity>0.0</velocity>
      <orientation>-1.6897308</orientation>
      <time>18</time>
    </ksState>
    <ksState>
      <x>-952.854507100059</x>
      <y>-916.1266525047291</y>
      <steeringAngle>0.0</steeringAngle>
      <velocity>0.0</velocity>
      <orientation>-1.6897308</orientation>
      <time>19</time>
    </ksState>
    <ksState>
      <x>-952.854507100059</x>
      <y>-916.1266525047291</y>
      <steeringAngle>0.0</steeringAngle>
      <velocity>0.0</velocity>
      <orientation>-1.6897308</orientation>
      <time>20</time>
    </ksState>
    <ksState>
      <x>-952.8587282128094</x>
      <y>-916.1664325767973</y>
      <steeringAngle>0.03553333333333333</steeringAngle>
      <velocity>0.8</velocity>
      <orientation>-1.689363268221758</orientation>
      <time>21</time>
    </ksState>
    <ksState>
      <x>-952.869147492859</x>
      <y>-916.2860349661618</y>
      <steeringAngle>0.0710666666666667</steeringAngle>
      <velocity>1.6</velocity>
      <orientation>-1.6867884216297724</orientation>
      <time>22</time>
    </ksState>
    <ksState>
      <x>-952.8817469565862</x>
      <y>-916.485883348295</y>
      <steeringAngle>0.10660000000000003</steeringAngle>
      <velocity>2.4000000000000004</velocity>
      <orientation>-1.6797877173929352</orientation>
      <time>23</time>
    </ksState>
    <ksState>
      <x>-952.8910480584619</x>
      <y>-916.7663950805185</y>
      <steeringAngle>0.14213333333333342</steeringAngle>
      <velocity>3.2000000000000015</velocity>
      <orientation>-1.666120076452115</orientation>
      <time>24</time>
    </ksState>
    <ksState>
      <x>-952.8893570299277</x>
      <y>-917.1278041424612</y>
      <steeringAngle>0.17766666666666683</steeringAngle>
      <velocity>4.0000000000000036</velocity>
      <orientation>-1.6435101605788949</orientation>
      <time>25</time>
    </ksState>
    <ksState>
      <x>-952.8733045263403</x>
      <y>-917.5294281870454</y>
      <steeringAngle>0.17766666666666667</steeringAngle>
      <velocity>4.0</velocity>
      <orientation>-1.615659672423639</orientation>
      <time>26</time>
    </ksState>
    <ksState>
      <x>-952.8460742728248</x>
      <y>-917.9304495052409</y>
      <steeringAngle>0.17766666666666667</steeringAngle>
      <velocity>4.0</velocity>
      <orientation>-1.587809184268383</orientation>
      <time>27</time>
    </ksState>
    <ksState>
      <x>-952.807687383935</x>
      <y>-918.3305570311628</y>
      <steeringAngle>0.17766666666666667</steeringAngle>
      <velocity>4.0</velocity>
      <orientation>-1.559958696113127</orientation>
      <time>28</time>
    </ksState>
    <ksState>
      <x>-952.7581736327908</x>
      <y>-918.7294404413138</y>
      <steeringAngle>0.17766666666666667</steeringAngle>
      <velocity>4.0</velocity>
      <orientation>-1.5321082079578714</orientation>
      <time>29</time>
    </ksState>
    <ksState>
      <x>-952.6975714211816</x>
      <y>-919.1267903617362</y>
      <steeringAngle>0.17766666666666667</steeringAngle>
      <velocity>4.0</velocity>
      <orientation>-1.5042577198026155</orientation>
      <time>30</time>
    </ksState>
    <ksState>
      <x>-952.6373553448951</x>
      <y>-919.4831791836617</y>
      <steeringAngle>0.1421333333333333</steeringAngle>
      <velocity>3.1999999999999993</velocity>
      <orientation>-1.4816478048291732</orientation>
      <time>31</time>
    </ksState>
    <ksState>
      <x>-952.591075547223</x>
      <y>-919.7600159697201</y>
      <steeringAngle>0.10659999999999997</steeringAngle>
      <velocity>2.3999999999999977</velocity>
      <orientation>-1.4679801639584658</orientation>
      <time>32</time>
    </ksState>
    <ksState>
      <x>-952.5599028765182</x>
      <y>-919.9578245041595</y>
      <steeringAngle>0.07106666666666664</steeringAngle>
      <velocity>1.5999999999999976</velocity>
      <orientation>-1.4609794581052467</orientation>
      <time>33</time>
    </ksState>
  </ksTrajectory>
</CommonRoadSolution>
