<?xml version="1.0" ?>
<CommonRoadSolution benchmark_id="KS2:SM1:DEU_Ibbenbueren-2_2_T-1:2020a" computation_time="0.2963596250001501" date="2023-11-26T00:13:30">
  <ksTrajectory planningProblem="1">
    <ksState>
      <x>464.65587</x>
      <y>809.5352</y>
      <steeringAngle>0.0</steeringAngle>
      <velocity>8.0</velocity>
      <orientation>-2.3421255</orientation>
      <time>0</time>
    </ksState>
    <ksState>
      <x>464.1260824737158</x>
      <y>808.9902915894494</y>
      <steeringAngle>0.0</steeringAngle>
      <velocity>7.200000000000001</velocity>
      <orientation>-2.3421255</orientation>
      <time>1</time>
    </ksState>
    <ksState>
      <x>463.6520620557201</x>
      <y>808.5027419592226</y>
      <steeringAngle>0.0</steeringAngle>
      <velocity>6.400000000000001</velocity>
      <orientation>-2.3421255</orientation>
      <time>2</time>
    </ksState>
    <ksState>
      <x>463.2338087458732</x>
      <y>808.0725511091761</y>
      <steeringAngle>0.0</steeringAngle>
      <velocity>5.600000000000001</velocity>
      <orientation>-2.3421255</orientation>
      <time>3</time>
    </ksState>
    <ksState>
      <x>462.8713225441358</x>
      <y>807.6997190392694</y>
      <steeringAngle>0.0</steeringAngle>
      <velocity>4.800000000000001</velocity>
      <orientation>-2.3421255</orientation>
      <time>4</time>
    </ksState>
    <ksState>
      <x>462.5646034504934</x>
      <y>807.3842457494876</y>
      <steeringAngle>0.0</steeringAngle>
      <velocity>4.000000000000001</velocity>
      <orientation>-2.3421255</orientation>
      <time>5</time>
    </ksState>
    <ksState>
      <x>462.3136514648351</x>
      <y>807.1261312397168</y>
      <steeringAngle>0.0</steeringAngle>
      <velocity>3.2</velocity>
      <orientation>-2.3421255</orientation>
      <time>6</time>
    </ksState>
    <ksState>
      <x>462.11846658733117</x>
      <y>806.9253755101317</y>
      <steeringAngle>0.0</steeringAngle>
      <velocity>2.4000000000000004</velocity>
      <orientation>-2.3421255</orientation>
      <time>7</time>
    </ksState>
    <ksState>
      <x>461.97904881791044</x>
      <y>806.7819785606596</y>
      <steeringAngle>0.0</steeringAngle>
      <velocity>1.6</velocity>
      <orientation>-2.3421255</orientation>
      <time>8</time>
    </ksState>
    <ksState>
      <x>461.89539815654473</x>
      <y>806.695940391271</y>
      <steeringAngle>0.0</steeringAngle>
      <velocity>0.7999999999999998</velocity>
      <orientation>-2.3421255</orientation>
      <time>9</time>
    </ksState>
    <ksState>
      <x>461.867514603197</x>
      <y>806.6672610019284</y>
      <steeringAngle>0.0</steeringAngle>
      <velocity>-3.3306690738754696e-16</velocity>
      <orientation>-2.3421255</orientation>
      <time>10</time>
    </ksState>
    <ksState>
      <x>461.83963104864864</x>
      <y>806.6385816113508</y>
      <steeringAngle>0.0</steeringAngle>
      <velocity>0.8</velocity>
      <orientation>-2.3421255</orientation>
      <time>11</time>
    </ksState>
    <ksState>
      <x>461.75598038582984</x>
      <y>806.5525434404678</y>
      <steeringAngle>0.0</steeringAngle>
      <velocity>1.6</velocity>
      <orientation>-2.3421255</orientation>
      <time>12</time>
    </ksState>
    <ksState>
      <x>461.6165626148626</x>
      <y>806.409146489405</y>
      <steeringAngle>0.0</steeringAngle>
      <velocity>2.4000000000000004</velocity>
      <orientation>-2.3421255</orientation>
      <time>13</time>
    </ksState>
    <ksState>
      <x>461.42137773578384</x>
      <y>806.2083907582003</y>
      <steeringAngle>0.0</steeringAngle>
      <velocity>3.2000000000000006</velocity>
      <orientation>-2.3421255</orientation>
      <time>14</time>
    </ksState>
    <ksState>
      <x>461.1704257486087</x>
      <y>805.9502762468692</y>
      <steeringAngle>0.0</steeringAngle>
      <velocity>4.000000000000001</velocity>
      <orientation>-2.3421255</orientation>
      <time>15</time>
    </ksState>
    <ksState>
      <x>460.89159020819244</x>
      <y>805.663482346305</y>
      <steeringAngle>0.0</steeringAngle>
      <velocity>4.0</velocity>
      <orientation>-2.3421255</orientation>
      <time>16</time>
    </ksState>
    <ksState>
      <x>460.6127546677762</x>
      <y>805.3766884457409</y>
      <steeringAngle>0.0</steeringAngle>
      <velocity>4.0</velocity>
      <orientation>-2.3421255</orientation>
      <time>17</time>
    </ksState>
    <ksState>
      <x>460.33391912735993</x>
      <y>805.0898945451769</y>
      <steeringAngle>0.0</steeringAngle>
      <velocity>4.0</velocity>
      <orientation>-2.3421255</orientation>
      <time>18</time>
    </ksState>
    <ksState>
      <x>460.0550835869437</x>
      <y>804.8031006446128</y>
      <steeringAngle>0.0</steeringAngle>
      <velocity>4.0</velocity>
      <orientation>-2.3421255</orientation>
      <time>19</time>
    </ksState>
    <ksState>
      <x>459.7762480465274</x>
      <y>804.5163067440486</y>
      <steeringAngle>0.0</steeringAngle>
      <velocity>4.0</velocity>
      <orientation>-2.3421255</orientation>
      <time>20</time>
    </ksState>
    <ksState>
      <x>459.4695289513532</x>
      <y>804.2008334526913</y>
      <steeringAngle>0.0</steeringAngle>
      <velocity>4.8</velocity>
      <orientation>-2.3421255</orientation>
      <time>21</time>
    </ksState>
    <ksState>
      <x>459.10704274806415</x>
      <y>803.8280013811886</y>
      <steeringAngle>0.0</steeringAngle>
      <velocity>5.6</velocity>
      <orientation>-2.3421255</orientation>
      <time>22</time>
    </ksState>
    <ksState>
      <x>458.68878943667147</x>
      <y>803.3978105295523</y>
      <steeringAngle>0.0</steeringAngle>
      <velocity>6.4</velocity>
      <orientation>-2.3421255</orientation>
      <time>23</time>
    </ksState>
    <ksState>
      <x>458.21476901718177</x>
      <y>802.9102608977889</y>
      <steeringAngle>0.0</steeringAngle>
      <velocity>7.199999999999999</velocity>
      <orientation>-2.3421255</orientation>
      <time>24</time>
    </ksState>
    <ksState>
      <x>457.684981489599</x>
      <y>802.3653524859026</y>
      <steeringAngle>0.0</steeringAngle>
      <velocity>7.999999999999998</velocity>
      <orientation>-2.3421255</orientation>
      <time>25</time>
    </ksState>
    <ksState>
      <x>457.1273104087665</x>
      <y>801.7917646847743</y>
      <steeringAngle>0.0</steeringAngle>
      <velocity>8.0</velocity>
      <orientation>-2.3421255</orientation>
      <time>26</time>
    </ksState>
    <ksState>
      <x>456.569639327934</x>
      <y>801.2181768836462</y>
      <steeringAngle>0.0</steeringAngle>
      <velocity>8.0</velocity>
      <orientation>-2.3421255</orientation>
      <time>27</time>
    </ksState>
    <ksState>
      <x>456.0119682471015</x>
      <y>800.6445890825179</y>
      <steeringAngle>0.0</steeringAngle>
      <velocity>8.0</velocity>
      <orientation>-2.3421255</orientation>
      <time>28</time>
    </ksState>
    <ksState>
      <x>455.454297166269</x>
      <y>800.0710012813897</y>
      <steeringAngle>0.0</steeringAngle>
      <velocity>8.0</velocity>
      <orientation>-2.3421255</orientation>
      <time>29</time>
    </ksState>
    <ksState>
      <x>454.8966260854365</x>
      <y>799.4974134802615</y>
      <steeringAngle>0.0</steeringAngle>
      <velocity>8.0</velocity>
      <orientation>-2.3421255</orientation>
      <time>30</time>
    </ksState>
    <ksState>
      <x>454.36067848867646</x>
      <y>798.958523239096</y>
      <steeringAngle>-0.03553333333333333</steeringAngle>
      <velocity>7.199999999999999</velocity>
      <orientation>-2.347270512982492</orientation>
      <time>31</time>
    </ksState>
    <ksState>
      <x>453.8670707599207</x>
      <y>798.490422731806</y>
      <steeringAngle>-0.07106666666666664</steeringAngle>
      <velocity>6.400000000000001</velocity>
      <orientation>-2.3612471851034553</orientation>
      <time>32</time>
    </ksState>
    <ksState>
      <x>453.41620021587204</x>
      <y>798.0935095014958</y>
      <steeringAngle>-0.10659999999999997</steeringAngle>
      <velocity>5.600000000000004</velocity>
      <orientation>-2.3818789529693367</orientation>
      <time>33</time>
    </ksState>
  </ksTrajectory>
</CommonRoadSolution>
