<?xml version="1.0" ?>
<CommonRoadSolution benchmark_id="KS2:SM1:USA_Peach-1_1_T-1:2020a" computation_time="0.17654677199971047" date="2023-11-26T00:13:30">
  <ksTrajectory planningProblem="1500">
    <ksState>
      <x>0.0</x>
      <y>0.0</y>
      <steeringAngle>0.0</steeringAngle>
      <velocity>12.0</velocity>
      <orientation>-1.5153</orientation>
      <time>0</time>
    </ksState>
    <ksState>
      <x>0.06656141343073899</x>
      <y>-1.1981525688501038</y>
      <steeringAngle>0.0</steeringAngle>
      <velocity>12.0</velocity>
      <orientation>-1.5153</orientation>
      <time>1</time>
    </ksState>
    <ksState>
      <x>0.13312282686147797</x>
      <y>-2.3963051377002076</y>
      <steeringAngle>0.0</steeringAngle>
      <velocity>12.0</velocity>
      <orientation>-1.5153</orientation>
      <time>2</time>
    </ksState>
    <ksState>
      <x>0.19968424029221693</x>
      <y>-3.594457706550311</y>
      <steeringAngle>0.0</steeringAngle>
      <velocity>12.0</velocity>
      <orientation>-1.5153</orientation>
      <time>3</time>
    </ksState>
    <ksState>
      <x>0.2662456537229559</x>
      <y>-4.792610275400414</y>
      <steeringAngle>0.0</steeringAngle>
      <velocity>12.0</velocity>
      <orientation>-1.5153</orientation>
      <time>4</time>
    </ksState>
    <ksState>
      <x>0.33280706715369485</x>
      <y>-5.990762844250518</y>
      <steeringAngle>0.0</steeringAngle>
      <velocity>12.0</velocity>
      <orientation>-1.5153</orientation>
      <time>5</time>
    </ksState>
    <ksState>
      <x>0.3993684805844338</x>
      <y>-7.188915413100621</y>
      <steeringAngle>0.0</steeringAngle>
      <velocity>12.0</velocity>
      <orientation>-1.5153</orientation>
      <time>6</time>
    </ksState>
    <ksState>
      <x>0.4659298940151728</x>
      <y>-8.387067981950725</y>
      <steeringAngle>0.0</steeringAngle>
      <velocity>12.0</velocity>
      <orientation>-1.5153</orientation>
      <time>7</time>
    </ksState>
    <ksState>
      <x>0.5324913074459118</x>
      <y>-9.585220550800829</y>
      <steeringAngle>0.0</steeringAngle>
      <velocity>12.0</velocity>
      <orientation>-1.5153</orientation>
      <time>8</time>
    </ksState>
    <ksState>
      <x>0.5990527208766506</x>
      <y>-10.783373119650934</y>
      <steeringAngle>0.0</steeringAngle>
      <velocity>12.0</velocity>
      <orientation>-1.5153</orientation>
      <time>9</time>
    </ksState>
    <ksState>
      <x>0.6656141343073897</x>
      <y>-11.981525688501035</y>
      <steeringAngle>0.0</steeringAngle>
      <velocity>12.0</velocity>
      <orientation>-1.5153</orientation>
      <time>10</time>
    </ksState>
    <ksState>
      <x>0.7321755477381287</x>
      <y>-13.179678257351139</y>
      <steeringAngle>0.0</steeringAngle>
      <velocity>12.0</velocity>
      <orientation>-1.5153</orientation>
      <time>11</time>
    </ksState>
    <ksState>
      <x>0.7987369611688676</x>
      <y>-14.377830826201242</y>
      <steeringAngle>0.0</steeringAngle>
      <velocity>12.0</velocity>
      <orientation>-1.5153</orientation>
      <time>12</time>
    </ksState>
    <ksState>
      <x>0.8652983745996067</x>
      <y>-15.575983395051347</y>
      <steeringAngle>0.0</steeringAngle>
      <velocity>12.0</velocity>
      <orientation>-1.5153</orientation>
      <time>13</time>
    </ksState>
    <ksState>
      <x>0.9318597880303455</x>
      <y>-16.774135963901447</y>
      <steeringAngle>0.0</steeringAngle>
      <velocity>12.0</velocity>
      <orientation>-1.5153</orientation>
      <time>14</time>
    </ksState>
    <ksState>
      <x>0.9984212014610846</x>
      <y>-17.972288532751552</y>
      <steeringAngle>0.0</steeringAngle>
      <velocity>12.0</velocity>
      <orientation>-1.5153</orientation>
      <time>15</time>
    </ksState>
    <ksState>
      <x>1.0649826148918236</x>
      <y>-19.170441101601657</y>
      <steeringAngle>0.0</steeringAngle>
      <velocity>12.0</velocity>
      <orientation>-1.5153</orientation>
      <time>16</time>
    </ksState>
    <ksState>
      <x>1.1315440283225626</x>
      <y>-20.36859367045176</y>
      <steeringAngle>0.0</steeringAngle>
      <velocity>12.0</velocity>
      <orientation>-1.5153</orientation>
      <time>17</time>
    </ksState>
    <ksState>
      <x>1.1981054417533017</x>
      <y>-21.566746239301864</y>
      <steeringAngle>0.0</steeringAngle>
      <velocity>12.0</velocity>
      <orientation>-1.5153</orientation>
      <time>18</time>
    </ksState>
    <ksState>
      <x>1.2646668551840405</x>
      <y>-22.764898808151965</y>
      <steeringAngle>0.0</steeringAngle>
      <velocity>12.0</velocity>
      <orientation>-1.5153</orientation>
      <time>19</time>
    </ksState>
    <ksState>
      <x>1.3312282686147796</x>
      <y>-23.96305137700207</y>
      <steeringAngle>0.0</steeringAngle>
      <velocity>12.0</velocity>
      <orientation>-1.5153</orientation>
      <time>20</time>
    </ksState>
    <ksState>
      <x>1.3977896820455187</x>
      <y>-25.161203945852176</y>
      <steeringAngle>0.0</steeringAngle>
      <velocity>12.0</velocity>
      <orientation>-1.5153</orientation>
      <time>21</time>
    </ksState>
    <ksState>
      <x>1.4643510954762575</x>
      <y>-26.359356514702277</y>
      <steeringAngle>0.0</steeringAngle>
      <velocity>12.0</velocity>
      <orientation>-1.5153</orientation>
      <time>22</time>
    </ksState>
    <ksState>
      <x>1.5309125089069966</x>
      <y>-27.557509083552382</y>
      <steeringAngle>0.0</steeringAngle>
      <velocity>12.0</velocity>
      <orientation>-1.5153</orientation>
      <time>23</time>
    </ksState>
    <ksState>
      <x>1.5974739223377354</x>
      <y>-28.755661652402484</y>
      <steeringAngle>0.0</steeringAngle>
      <velocity>12.0</velocity>
      <orientation>-1.5153</orientation>
      <time>24</time>
    </ksState>
    <ksState>
      <x>1.6640353357684745</x>
      <y>-29.95381422125259</y>
      <steeringAngle>0.0</steeringAngle>
      <velocity>12.0</velocity>
      <orientation>-1.5153</orientation>
      <time>25</time>
    </ksState>
    <ksState>
      <x>1.7283780353910894</x>
      <y>-31.11202837065321</y>
      <steeringAngle>0.0</steeringAngle>
      <velocity>11.200000000000001</velocity>
      <orientation>-1.5153</orientation>
      <time>26</time>
    </ksState>
    <ksState>
      <x>1.7882833074266422</x>
      <y>-32.190365681680255</y>
      <steeringAngle>0.0</steeringAngle>
      <velocity>10.4</velocity>
      <orientation>-1.5153</orientation>
      <time>27</time>
    </ksState>
    <ksState>
      <x>1.8437511518923118</x>
      <y>-33.188826154642925</y>
      <steeringAngle>0.0</steeringAngle>
      <velocity>9.599999999999998</velocity>
      <orientation>-1.5153</orientation>
      <time>28</time>
    </ksState>
  </ksTrajectory>
</CommonRoadSolution>
