<?xml version="1.0" ?>
<CommonRoadSolution benchmark_id="KS2:SM1:ITA_Foggia-10_1_T-1:2020a" computation_time="0.32716110599994863" date="2023-11-26T00:13:30">
  <ksTrajectory planningProblem="1">
    <ksState>
      <x>-91.394049</x>
      <y>947.68755</y>
      <steeringAngle>0.0</steeringAngle>
      <velocity>12.0</velocity>
      <orientation>-0.39875943</orientation>
      <time>0</time>
    </ksState>
    <ksState>
      <x>-90.32505867288843</x>
      <y>947.2371505335167</y>
      <steeringAngle>0.0</steeringAngle>
      <velocity>11.200000000000001</velocity>
      <orientation>-0.39875943</orientation>
      <time>1</time>
    </ksState>
    <ksState>
      <x>-89.32979181705876</x>
      <y>946.8178130993928</y>
      <steeringAngle>0.0</steeringAngle>
      <velocity>10.4</velocity>
      <orientation>-0.39875943</orientation>
      <time>2</time>
    </ksState>
    <ksState>
      <x>-88.40824843222559</x>
      <y>946.4295376975081</y>
      <steeringAngle>0.0</steeringAngle>
      <velocity>9.599999999999998</velocity>
      <orientation>-0.39875943</orientation>
      <time>3</time>
    </ksState>
    <ksState>
      <x>-87.56042851830779</x>
      <y>946.0723243278284</y>
      <steeringAngle>0.0</steeringAngle>
      <velocity>8.799999999999999</velocity>
      <orientation>-0.39875943</orientation>
      <time>4</time>
    </ksState>
    <ksState>
      <x>-86.78633207527884</x>
      <y>945.7461729903425</y>
      <steeringAngle>0.0</steeringAngle>
      <velocity>7.999999999999997</velocity>
      <orientation>-0.39875943</orientation>
      <time>5</time>
    </ksState>
    <ksState>
      <x>-86.08932206792056</x>
      <y>945.4431555516717</y>
      <steeringAngle>-0.03553333333333333</steeringAngle>
      <velocity>7.199999999999999</velocity>
      <orientation>-0.40390444298249234</orientation>
      <time>6</time>
    </ksState>
    <ksState>
      <x>-85.4736574040379</x>
      <y>945.1538050782683</y>
      <steeringAngle>-0.07106666666666664</steeringAngle>
      <velocity>6.400000000000001</velocity>
      <orientation>-0.41788111510345544</orientation>
      <time>7</time>
    </ksState>
    <ksState>
      <x>-84.93985298057777</x>
      <y>944.8783469192305</y>
      <steeringAngle>-0.10659999999999997</steeringAngle>
      <velocity>5.600000000000004</velocity>
      <orientation>-0.4385128829693368</orientation>
      <time>8</time>
    </ksState>
    <ksState>
      <x>-84.48731486062519</x>
      <y>944.6197945461414</y>
      <steeringAngle>-0.1421333333333333</steeringAngle>
      <velocity>4.800000000000003</velocity>
      <orientation>-0.46362909047798506</orientation>
      <time>9</time>
    </ksState>
    <ksState>
      <x>-84.11433102130249</x>
      <y>944.3832032080388</y>
      <steeringAngle>-0.17766666666666653</steeringAngle>
      <velocity>4.000000000000006</velocity>
      <orientation>-0.4910539870631349</orientation>
      <time>10</time>
    </ksState>
    <ksState>
      <x>-83.81623912720069</x>
      <y>944.1782493594472</y>
      <steeringAngle>-0.17766666666666667</steeringAngle>
      <velocity>3.2000000000000006</velocity>
      <orientation>-0.5161194263313125</orientation>
      <time>11</time>
    </ksState>
    <ksState>
      <x>-83.58799645212991</x>
      <y>944.013713408525</y>
      <steeringAngle>-0.17766666666666667</steeringAngle>
      <velocity>2.4000000000000012</velocity>
      <orientation>-0.5356147679613423</orientation>
      <time>12</time>
    </ksState>
    <ksState>
      <x>-83.4269512803964</x>
      <y>943.8934790435598</y>
      <steeringAngle>-0.17766666666666667</steeringAngle>
      <velocity>1.6000000000000005</velocity>
      <orientation>-0.5495400119603232</orientation>
      <time>13</time>
    </ksState>
    <ksState>
      <x>-83.33113332645765</x>
      <y>943.8202660925874</y>
      <steeringAngle>-0.17766666666666667</steeringAngle>
      <velocity>0.8000000000000004</velocity>
      <orientation>-0.5578951583310774</orientation>
      <time>14</time>
    </ksState>
    <ksState>
      <x>-83.29933036157297</x>
      <y>943.7956841776594</y>
      <steeringAngle>-0.17766666666666667</steeringAngle>
      <velocity>2.7755575615628914e-16</velocity>
      <orientation>-0.5606802070772927</orientation>
      <time>15</time>
    </ksState>
    <ksState>
      <x>-83.29933036157297</x>
      <y>943.7956841776594</y>
      <steeringAngle>-0.14213333333333336</steeringAngle>
      <velocity>0.0</velocity>
      <orientation>-0.5606802070772927</orientation>
      <time>16</time>
    </ksState>
    <ksState>
      <x>-83.29933036157297</x>
      <y>943.7956841776594</y>
      <steeringAngle>-0.10660000000000001</steeringAngle>
      <velocity>0.0</velocity>
      <orientation>-0.5606802070772927</orientation>
      <time>17</time>
    </ksState>
    <ksState>
      <x>-83.29933036157297</x>
      <y>943.7956841776594</y>
      <steeringAngle>-0.07106666666666668</steeringAngle>
      <velocity>0.0</velocity>
      <orientation>-0.5606802070772927</orientation>
      <time>18</time>
    </ksState>
    <ksState>
      <x>-83.29933036157297</x>
      <y>943.7956841776594</y>
      <steeringAngle>-0.03553333333333333</steeringAngle>
      <velocity>0.0</velocity>
      <orientation>-0.5606802070772927</orientation>
      <time>19</time>
    </ksState>
    <ksState>
      <x>-83.29933036157297</x>
      <y>943.7956841776594</y>
      <steeringAngle>-0.0</steeringAngle>
      <velocity>0.0</velocity>
      <orientation>-0.5606802070772927</orientation>
      <time>20</time>
    </ksState>
    <ksState>
      <x>-83.29933036157297</x>
      <y>943.7956841776594</y>
      <steeringAngle>0.0</steeringAngle>
      <velocity>0.0</velocity>
      <orientation>-0.5606802070772927</orientation>
      <time>21</time>
    </ksState>
    <ksState>
      <x>-83.29933036157297</x>
      <y>943.7956841776594</y>
      <steeringAngle>0.0</steeringAngle>
      <velocity>0.0</velocity>
      <orientation>-0.5606802070772927</orientation>
      <time>22</time>
    </ksState>
    <ksState>
      <x>-83.29933036157297</x>
      <y>943.7956841776594</y>
      <steeringAngle>0.0</steeringAngle>
      <velocity>0.0</velocity>
      <orientation>-0.5606802070772927</orientation>
      <time>23</time>
    </ksState>
    <ksState>
      <x>-83.29933036157297</x>
      <y>943.7956841776594</y>
      <steeringAngle>0.0</steeringAngle>
      <velocity>0.0</velocity>
      <orientation>-0.5606802070772927</orientation>
      <time>24</time>
    </ksState>
    <ksState>
      <x>-83.29933036157297</x>
      <y>943.7956841776594</y>
      <steeringAngle>0.0</steeringAngle>
      <velocity>0.0</velocity>
      <orientation>-0.5606802070772927</orientation>
      <time>25</time>
    </ksState>
    <ksState>
      <x>-83.29933036157297</x>
      <y>943.7956841776594</y>
      <steeringAngle>0.0</steeringAngle>
      <velocity>0.0</velocity>
      <orientation>-0.5606802070772927</orientation>
      <time>26</time>
    </ksState>
    <ksState>
      <x>-83.29933036157297</x>
      <y>943.7956841776594</y>
      <steeringAngle>0.0</steeringAngle>
      <velocity>0.0</velocity>
      <orientation>-0.5606802070772927</orientation>
      <time>27</time>
    </ksState>
    <ksState>
      <x>-83.29933036157297</x>
      <y>943.7956841776594</y>
      <steeringAngle>0.0</steeringAngle>
      <velocity>0.0</velocity>
      <orientation>-0.5606802070772927</orientation>
      <time>28</time>
    </ksState>
    <ksState>
      <x>-83.29933036157297</x>
      <y>943.7956841776594</y>
      <steeringAngle>0.0</steeringAngle>
      <velocity>0.0</velocity>
      <orientation>-0.5606802070772927</orientation>
      <time>29</time>
    </ksState>
    <ksState>
      <x>-83.29933036157297</x>
      <y>943.7956841776594</y>
      <steeringAngle>0.0</steeringAngle>
      <velocity>0.0</velocity>
      <orientation>-0.5606802070772927</orientation>
      <time>30</time>
    </ksState>
    <ksState>
      <x>-83.29933036157297</x>
      <y>943.7956841776594</y>
      <steeringAngle>0.0</steeringAngle>
      <velocity>0.0</velocity>
      <orientation>-0.5606802070772927</orientation>
      <time>31</time>
    </ksState>
    <ksState>
      <x>-83.29933036157297</x>
      <y>943.7956841776594</y>
      <steeringAngle>0.0</steeringAngle>
      <velocity>0.0</velocity>
      <orientation>-0.5606802070772927</orientation>
      <time>32</time>
    </ksState>
    <ksState>
      <x>-83.29933036157297</x>
      <y>943.7956841776594</y>
      <steeringAngle>0.0</steeringAngle>
      <velocity>0.0</velocity>
      <orientation>-0.5606802070772927</orientation>
      <time>33</time>
    </ksState>
  </ksTrajectory>
</CommonRoadSolution>
