<?xml version="1.0" ?>
<CommonRoadSolution benchmark_id="KS2:SM1:DEU_Lohmar-52_1_T-1:2020a" computation_time="2.4320951249992504" date="2023-11-26T00:13:30">
  <ksTrajectory planningProblem="123">
    <ksState>
      <x>-273.23139</x>
      <y>-216.49906</y>
      <steeringAngle>0.0</steeringAngle>
      <velocity>12.0</velocity>
      <orientation>-0.68071636</orientation>
      <time>0</time>
    </ksState>
    <ksState>
      <x>-272.29884350747443</x>
      <y>-217.2542798615491</y>
      <steeringAngle>0.0</steeringAngle>
      <velocity>12.0</velocity>
      <orientation>-0.68071636</orientation>
      <time>1</time>
    </ksState>
    <ksState>
      <x>-271.3662970149488</x>
      <y>-218.0094997230982</y>
      <steeringAngle>0.0</steeringAngle>
      <velocity>12.0</velocity>
      <orientation>-0.68071636</orientation>
      <time>2</time>
    </ksState>
    <ksState>
      <x>-270.4337505224233</x>
      <y>-218.76471958464734</y>
      <steeringAngle>0.0</steeringAngle>
      <velocity>12.0</velocity>
      <orientation>-0.68071636</orientation>
      <time>3</time>
    </ksState>
    <ksState>
      <x>-269.50120402989774</x>
      <y>-219.51993944619645</y>
      <steeringAngle>0.0</steeringAngle>
      <velocity>12.0</velocity>
      <orientation>-0.68071636</orientation>
      <time>4</time>
    </ksState>
    <ksState>
      <x>-268.56865753737213</x>
      <y>-220.27515930774555</y>
      <steeringAngle>0.0</steeringAngle>
      <velocity>12.0</velocity>
      <orientation>-0.68071636</orientation>
      <time>5</time>
    </ksState>
    <ksState>
      <x>-267.6361110448466</x>
      <y>-221.03037916929466</y>
      <steeringAngle>0.0</steeringAngle>
      <velocity>12.0</velocity>
      <orientation>-0.68071636</orientation>
      <time>6</time>
    </ksState>
    <ksState>
      <x>-266.703564552321</x>
      <y>-221.78559903084377</y>
      <steeringAngle>0.0</steeringAngle>
      <velocity>12.0</velocity>
      <orientation>-0.68071636</orientation>
      <time>7</time>
    </ksState>
    <ksState>
      <x>-265.77101805979544</x>
      <y>-222.5408188923929</y>
      <steeringAngle>0.0</steeringAngle>
      <velocity>12.0</velocity>
      <orientation>-0.68071636</orientation>
      <time>8</time>
    </ksState>
    <ksState>
      <x>-264.8384715672699</x>
      <y>-223.296038753942</y>
      <steeringAngle>0.0</steeringAngle>
      <velocity>12.0</velocity>
      <orientation>-0.68071636</orientation>
      <time>9</time>
    </ksState>
    <ksState>
      <x>-263.9059250747443</x>
      <y>-224.05125861549112</y>
      <steeringAngle>0.0</steeringAngle>
      <velocity>12.0</velocity>
      <orientation>-0.68071636</orientation>
      <time>10</time>
    </ksState>
    <ksState>
      <x>-262.97337858221874</x>
      <y>-224.80647847704023</y>
      <steeringAngle>0.0</steeringAngle>
      <velocity>12.0</velocity>
      <orientation>-0.68071636</orientation>
      <time>11</time>
    </ksState>
    <ksState>
      <x>-262.04083208969314</x>
      <y>-225.56169833858934</y>
      <steeringAngle>0.0</steeringAngle>
      <velocity>12.0</velocity>
      <orientation>-0.68071636</orientation>
      <time>12</time>
    </ksState>
    <ksState>
      <x>-261.1082855971676</x>
      <y>-226.31691820013847</y>
      <steeringAngle>0.0</steeringAngle>
      <velocity>12.0</velocity>
      <orientation>-0.68071636</orientation>
      <time>13</time>
    </ksState>
    <ksState>
      <x>-260.17573910464205</x>
      <y>-227.07213806168758</y>
      <steeringAngle>0.0</steeringAngle>
      <velocity>12.0</velocity>
      <orientation>-0.68071636</orientation>
      <time>14</time>
    </ksState>
    <ksState>
      <x>-259.24319261211645</x>
      <y>-227.8273579232367</y>
      <steeringAngle>0.0</steeringAngle>
      <velocity>12.0</velocity>
      <orientation>-0.68071636</orientation>
      <time>15</time>
    </ksState>
    <ksState>
      <x>-258.34173100305475</x>
      <y>-228.55740378909334</y>
      <steeringAngle>0.0</steeringAngle>
      <velocity>11.200000000000001</velocity>
      <orientation>-0.68071636</orientation>
      <time>16</time>
    </ksState>
    <ksState>
      <x>-257.5024391605118</x>
      <y>-229.23710166389628</y>
      <steeringAngle>0.0</steeringAngle>
      <velocity>10.4</velocity>
      <orientation>-0.68071636</orientation>
      <time>17</time>
    </ksState>
    <ksState>
      <x>-256.7253170842471</x>
      <y>-229.86645154784037</y>
      <steeringAngle>0.0</steeringAngle>
      <velocity>9.599999999999998</velocity>
      <orientation>-0.68071636</orientation>
      <time>18</time>
    </ksState>
    <ksState>
      <x>-256.010364774192</x>
      <y>-230.44545344098105</y>
      <steeringAngle>0.0</steeringAngle>
      <velocity>8.799999999999999</velocity>
      <orientation>-0.68071636</orientation>
      <time>19</time>
    </ksState>
    <ksState>
      <x>-255.35758223032434</x>
      <y>-230.97410734333639</y>
      <steeringAngle>0.0</steeringAngle>
      <velocity>7.999999999999997</velocity>
      <orientation>-0.68071636</orientation>
      <time>20</time>
    </ksState>
    <ksState>
      <x>-254.73004238505317</x>
      <y>-231.47033503076227</y>
      <steeringAngle>0.03553333333333333</steeringAngle>
      <velocity>8.0</velocity>
      <orientation>-0.6752038249971613</orientation>
      <time>21</time>
    </ksState>
    <ksState>
      <x>-254.08735915166778</x>
      <y>-231.94726619515066</y>
      <steeringAngle>0.07106666666666667</steeringAngle>
      <velocity>8.0</velocity>
      <orientation>-0.6586523041168916</orientation>
      <time>22</time>
    </ksState>
    <ksState>
      <x>-253.42483724620956</x>
      <y>-232.3972785143274</y>
      <steeringAngle>0.10659999999999997</steeringAngle>
      <velocity>8.0</velocity>
      <orientation>-0.6310198248261967</orientation>
      <time>23</time>
    </ksState>
    <ksState>
      <x>-252.73865415957272</x>
      <y>-232.81204877069493</y>
      <steeringAngle>0.1421333333333333</steeringAngle>
      <velocity>8.0</velocity>
      <orientation>-0.5922359725534618</orientation>
      <time>24</time>
    </ksState>
    <ksState>
      <x>-252.0261679682763</x>
      <y>-233.18243881382148</y>
      <steeringAngle>0.17766666666666667</steeringAngle>
      <velocity>8.0</velocity>
      <orientation>-0.5422011603043071</orientation>
      <time>25</time>
    </ksState>
    <ksState>
      <x>-251.33217242436862</x>
      <y>-233.4995248856609</y>
      <steeringAngle>0.1421333333333334</steeringAngle>
      <velocity>7.2</velocity>
      <orientation>-0.49457383855867015</orientation>
      <time>26</time>
    </ksState>
    <ksState>
      <x>-250.70654579953955</x>
      <y>-233.77010172032374</y>
      <steeringAngle>0.10660000000000011</steeringAngle>
      <velocity>6.4</velocity>
      <orientation>-0.4615142681107022</orientation>
      <time>27</time>
    </ksState>
    <ksState>
      <x>-250.15348343386594</x>
      <y>-234.00464537579225</y>
      <steeringAngle>0.07106666666666674</steeringAngle>
      <velocity>5.600000000000001</velocity>
      <orientation>-0.4406973198168137</orientation>
      <time>28</time>
    </ksState>
    <ksState>
      <x>-249.67533268190036</x>
      <y>-234.2096260744915</y>
      <steeringAngle>0.03553333333333339</steeringAngle>
      <velocity>4.800000000000001</velocity>
      <orientation>-0.4298467101591509</orientation>
      <time>29</time>
    </ksState>
    <ksState>
      <x>-249.2731360096889</x>
      <y>-234.38811806711826</y>
      <steeringAngle>5.5294310796760726e-17</steeringAngle>
      <velocity>4.0</velocity>
      <orientation>-0.42672293432198527</orientation>
      <time>30</time>
    </ksState>
    <ksState>
      <x>-248.91078555630907</x>
      <y>-234.5575759137338</y>
      <steeringAngle>-0.035533333333333326</steeringAngle>
      <velocity>4.0</velocity>
      <orientation>-0.4294792088545857</orientation>
      <time>31</time>
    </ksState>
    <ksState>
      <x>-248.55267538534326</x>
      <y>-234.7361549497281</y>
      <steeringAngle>-0.07106666666666711</steeringAngle>
      <velocity>4.0</velocity>
      <orientation>-0.43775496939787106</orientation>
      <time>32</time>
    </ksState>
    <ksState>
      <x>-248.19995169395688</x>
      <y>-234.92579286687612</y>
      <steeringAngle>-0.10660000000000043</steeringAngle>
      <velocity>4.0</velocity>
      <orientation>-0.45157120921700794</orientation>
      <time>33</time>
    </ksState>
    <ksState>
      <x>-247.8539579328763</x>
      <y>-235.12836172134908</y>
      <steeringAngle>-0.14213333333333378</steeringAngle>
      <velocity>4.0</velocity>
      <orientation>-0.47096313560255376</orientation>
      <time>34</time>
    </ksState>
    <ksState>
      <x>-247.51627009748884</x>
      <y>-235.34564478168124</y>
      <steeringAngle>-0.1776666666666672</steeringAngle>
      <velocity>4.0</velocity>
      <orientation>-0.4959805420539511</orientation>
      <time>35</time>
    </ksState>
    <ksState>
      <x>-247.188731264829</x>
      <y>-235.57930604497736</y>
      <steeringAngle>-0.21319999999999995</steeringAngle>
      <velocity>4.0</velocity>
      <orientation>-0.5266883246914512</orientation>
      <time>36</time>
    </ksState>
    <ksState>
      <x>-246.8734846098113</x>
      <y>-235.83085104823667</y>
      <steeringAngle>-0.24873333333333336</steeringAngle>
      <velocity>4.0</velocity>
      <orientation>-0.5631671658141455</orientation>
      <time>37</time>
    </ksState>
    <ksState>
      <x>-246.5730037061575</x>
      <y>-236.10157751400513</y>
      <steeringAngle>-0.2842666666666667</steeringAngle>
      <velocity>4.0</velocity>
      <orientation>-0.6055143996595935</orientation>
      <time>38</time>
    </ksState>
    <ksState>
      <x>-246.29011846164832</x>
      <y>-236.39251429729885</y>
      <steeringAngle>-0.31980000000000003</steeringAngle>
      <velocity>4.0</velocity>
      <orientation>-0.6538450810267286</orientation>
      <time>39</time>
    </ksState>
    <ksState>
      <x>-246.0280344116933</x>
      <y>-236.70434710578004</y>
      <steeringAngle>-0.35533333333333333</steeringAngle>
      <velocity>4.0</velocity>
      <orientation>-0.708293282205007</orientation>
      <time>40</time>
    </ksState>
    <ksState>
      <x>-245.76002266449174</x>
      <y>-237.06349637345406</y>
      <steeringAngle>-0.31979999999999975</steeringAngle>
      <velocity>4.800000000000001</velocity>
      <orientation>-0.7680831172367556</orientation>
      <time>41</time>
    </ksState>
    <ksState>
      <x>-245.46180870015124</x>
      <y>-237.49870059995467</y>
      <steeringAngle>-0.28426666666666645</steeringAngle>
      <velocity>5.600000000000004</velocity>
      <orientation>-0.8308122173680791</orientation>
      <time>42</time>
    </ksState>
    <ksState>
      <x>-245.14041561455724</x>
      <y>-238.01329265047056</y>
      <steeringAngle>-0.2487333333333331</steeringAngle>
      <velocity>6.400000000000004</velocity>
      <orientation>-0.8942343540607549</orientation>
      <time>43</time>
    </ksState>
    <ksState>
      <x>-244.8021353596492</x>
      <y>-238.6096774961527</y>
      <steeringAngle>-0.21319999999999992</steeringAngle>
      <velocity>7.200000000000004</velocity>
      <orientation>-0.956151442738554</orientation>
      <time>44</time>
    </ksState>
    <ksState>
      <x>-244.4518258652627</x>
      <y>-239.2891626077573</y>
      <steeringAngle>-0.17766666666666656</steeringAngle>
      <velocity>8.000000000000004</velocity>
      <orientation>-1.0144007723395192</orientation>
      <time>45</time>
    </ksState>
    <ksState>
      <x>-244.1249212207688</x>
      <y>-239.9785875458953</y>
      <steeringAngle>-0.1421333333333334</steeringAngle>
      <velocity>7.2</velocity>
      <orientation>-1.062028094085156</orientation>
      <time>46</time>
    </ksState>
    <ksState>
      <x>-243.84549155096778</x>
      <y>-240.60031060062795</y>
      <steeringAngle>-0.10660000000000011</steeringAngle>
      <velocity>6.4</velocity>
      <orientation>-1.095087664533124</orientation>
      <time>47</time>
    </ksState>
    <ksState>
      <x>-243.6031214015331</x>
      <y>-241.14998815820877</y>
      <steeringAngle>-0.07106666666666674</steeringAngle>
      <velocity>5.600000000000001</velocity>
      <orientation>-1.1159046128270125</orientation>
      <time>48</time>
    </ksState>
    <ksState>
      <x>-243.39137451999835</x>
      <y>-241.6251812627513</y>
      <steeringAngle>-0.03553333333333339</steeringAngle>
      <velocity>4.800000000000001</velocity>
      <orientation>-1.1267552224846755</orientation>
      <time>49</time>
    </ksState>
    <ksState>
      <x>-243.20719176204005</x>
      <y>-242.0248039175655</y>
      <steeringAngle>-5.5294310796760726e-17</steeringAngle>
      <velocity>4.0</velocity>
      <orientation>-1.129878998321841</orientation>
      <time>50</time>
    </ksState>
    <ksState>
      <x>-243.01497650927578</x>
      <y>-242.42062067573687</y>
      <steeringAngle>0.035533333333333326</steeringAngle>
      <velocity>4.799999999999999</velocity>
      <orientation>-1.12675521965265</orientation>
      <time>51</time>
    </ksState>
    <ksState>
      <x>-242.77542156043023</x>
      <y>-242.88239925020127</y>
      <steeringAngle>0.07106666666666667</steeringAngle>
      <velocity>5.599999999999998</velocity>
      <orientation>-1.1159046085914772</orientation>
      <time>52</time>
    </ksState>
    <ksState>
      <x>-242.48011637298785</x>
      <y>-243.4054998490561</y>
      <steeringAngle>0.10659999999999999</steeringAngle>
      <velocity>6.3999999999999995</velocity>
      <orientation>-1.0950876595911494</orientation>
      <time>53</time>
    </ksState>
    <ksState>
      <x>-242.1177897570565</x>
      <y>-243.98276800989134</y>
      <steeringAngle>0.14213333333333333</steeringAngle>
      <velocity>7.199999999999999</velocity>
      <orientation>-1.0620280886099842</orientation>
      <time>54</time>
    </ksState>
    <ksState>
      <x>-241.67414545461844</x>
      <y>-244.60338767379824</y>
      <steeringAngle>0.17766666666666664</steeringAngle>
      <velocity>7.9999999999999964</velocity>
      <orientation>-1.0144007665284376</orientation>
      <time>55</time>
    </ksState>
    <ksState>
      <x>-241.16685259905478</x>
      <y>-245.22689942303967</y>
      <steeringAngle>0.17766666666666667</steeringAngle>
      <velocity>8.0</velocity>
      <orientation>-0.9586997902179258</orientation>
      <time>56</time>
    </ksState>
    <ksState>
      <x>-240.62563422594346</x>
      <y>-245.82120210229195</y>
      <steeringAngle>0.17766666666666667</steeringAngle>
      <velocity>8.0</velocity>
      <orientation>-0.9029988139074141</orientation>
      <time>57</time>
    </ksState>
    <ksState>
      <x>-240.05216910338345</x>
      <y>-246.38445227619633</y>
      <steeringAngle>0.17766666666666667</steeringAngle>
      <velocity>8.0</velocity>
      <orientation>-0.8472978375969024</orientation>
      <time>58</time>
    </ksState>
    <ksState>
      <x>-239.44823600350432</x>
      <y>-246.91490285733116</y>
      <steeringAngle>0.17766666666666667</steeringAngle>
      <velocity>8.0</velocity>
      <orientation>-0.7915968612863905</orientation>
      <time>59</time>
    </ksState>
    <ksState>
      <x>-238.81570820311038</x>
      <y>-247.41090849599072</y>
      <steeringAngle>0.17766666666666667</steeringAngle>
      <velocity>8.0</velocity>
      <orientation>-0.7358958849758788</orientation>
      <time>60</time>
    </ksState>
    <ksState>
      <x>-238.16260501622241</x>
      <y>-247.8783443277763</y>
      <steeringAngle>0.14213333333333336</steeringAngle>
      <velocity>8.0</velocity>
      <orientation>-0.6858610734271303</orientation>
      <time>61</time>
    </ksState>
    <ksState>
      <x>-237.49926586423499</x>
      <y>-248.32893003434924</y>
      <steeringAngle>0.1066000000000001</steeringAngle>
      <velocity>8.0</velocity>
      <orientation>-0.647077221420133</orientation>
      <time>62</time>
    </ksState>
    <ksState>
      <x>-236.83070287466876</x>
      <y>-248.77004947766255</y>
      <steeringAngle>0.07106666666666674</steeringAngle>
      <velocity>8.0</velocity>
      <orientation>-0.6194447423904461</orientation>
      <time>63</time>
    </ksState>
    <ksState>
      <x>-236.1615932122462</x>
      <y>-249.20921544695034</y>
      <steeringAngle>0.035533333333333354</steeringAngle>
      <velocity>8.0</velocity>
      <orientation>-0.6028932217614167</orientation>
      <time>64</time>
    </ksState>
    <ksState>
      <x>-235.4965433697785</x>
      <y>-249.65394009471433</y>
      <steeringAngle>2.0816681711721685e-17</steeringAngle>
      <velocity>8.0</velocity>
      <orientation>-0.5973806953030119</orientation>
      <time>65</time>
    </ksState>
    <ksState>
      <x>-234.84035204980722</x>
      <y>-250.11160932763846</y>
      <steeringAngle>-0.03553333333333333</steeringAngle>
      <velocity>8.0</velocity>
      <orientation>-0.6028932303058506</orientation>
      <time>66</time>
    </ksState>
    <ksState>
      <x>-234.19826710425318</x>
      <y>-250.58934565317003</y>
      <steeringAngle>-0.07106666666666667</steeringAngle>
      <velocity>8.0</velocity>
      <orientation>-0.6194447511861203</orientation>
      <time>67</time>
    </ksState>
    <ksState>
      <x>-233.57623190004415</x>
      <y>-251.0938439855236</y>
      <steeringAngle>-0.10659999999999997</steeringAngle>
      <velocity>8.0</velocity>
      <orientation>-0.6470772304768152</orientation>
      <time>68</time>
    </ksState>
    <ksState>
      <x>-232.98111271789787</x>
      <y>-251.63116581924635</y>
      <steeringAngle>-0.1421333333333333</steeringAngle>
      <velocity>8.0</velocity>
      <orientation>-0.6858610827495502</orientation>
      <time>69</time>
    </ksState>
    <ksState>
      <x>-232.42089675457774</x>
      <y>-252.20647741419</y>
      <steeringAngle>-0.17766666666666667</steeringAngle>
      <velocity>8.0</velocity>
      <orientation>-0.7358958949987048</orientation>
      <time>70</time>
    </ksState>
    <ksState>
      <x>-231.8911953271754</x>
      <y>-252.8101796813451</y>
      <steeringAngle>-0.14213333333333336</steeringAngle>
      <velocity>8.0</velocity>
      <orientation>-0.7859307065474532</orientation>
      <time>71</time>
    </ksState>
    <ksState>
      <x>-231.37724975845018</x>
      <y>-253.42573330363558</y>
      <steeringAngle>-0.1066000000000001</steeringAngle>
      <velocity>8.0</velocity>
      <orientation>-0.8247145585544505</orientation>
      <time>72</time>
    </ksState>
    <ksState>
      <x>-230.87220775799446</x>
      <y>-254.0474208554351</y>
      <steeringAngle>-0.07106666666666674</steeringAngle>
      <velocity>8.0</velocity>
      <orientation>-0.8523470375841374</orientation>
      <time>73</time>
    </ksState>
    <ksState>
      <x>-230.3690556307795</x>
      <y>-254.66984549007518</y>
      <steeringAngle>-0.035533333333333354</steeringAngle>
      <velocity>8.0</velocity>
      <orientation>-0.8688985582131667</orientation>
      <time>74</time>
    </ksState>
    <ksState>
      <x>-229.86077332997536</x>
      <y>-255.28768074965842</y>
      <steeringAngle>-2.0816681711721685e-17</steeringAngle>
      <velocity>8.0</velocity>
      <orientation>-0.8744110846715716</orientation>
      <time>75</time>
    </ksState>
    <ksState>
      <x>-229.3404854349151</x>
      <y>-255.89542138629943</y>
      <steeringAngle>0.03553333333333333</steeringAngle>
      <velocity>8.0</velocity>
      <orientation>-0.8688985496687328</orientation>
      <time>76</time>
    </ksState>
    <ksState>
      <x>-228.8016230295377</x>
      <y>-256.48714123733566</y>
      <steeringAngle>0.07106666666666667</steeringAngle>
      <velocity>8.0</velocity>
      <orientation>-0.8523470287884631</orientation>
      <time>77</time>
    </ksState>
    <ksState>
      <x>-228.2381114438243</x>
      <y>-257.0562642955486</y>
      <steeringAngle>0.10659999999999997</steeringAngle>
      <velocity>8.0</velocity>
      <orientation>-0.8247145494977682</orientation>
      <time>78</time>
    </ksState>
    <ksState>
      <x>-227.64459754906366</x>
      <y>-257.59535876841926</y>
      <steeringAngle>0.1421333333333333</steeringAngle>
      <velocity>8.0</velocity>
      <orientation>-0.7859306972250333</orientation>
      <time>79</time>
    </ksState>
    <ksState>
      <x>-227.01672986190064</x>
      <y>-258.09596592403324</y>
      <steeringAngle>0.17766666666666667</steeringAngle>
      <velocity>8.0</velocity>
      <orientation>-0.7358958849758787</orientation>
      <time>80</time>
    </ksState>
    <ksState>
      <x>-226.36362667501268</x>
      <y>-258.5634017558188</y>
      <steeringAngle>0.14213333333333336</steeringAngle>
      <velocity>8.0</velocity>
      <orientation>-0.6858610734271302</orientation>
      <time>81</time>
    </ksState>
    <ksState>
      <x>-225.70028752302525</x>
      <y>-259.01398746239175</y>
      <steeringAngle>0.1066000000000001</steeringAngle>
      <velocity>8.0</velocity>
      <orientation>-0.6470772214201329</orientation>
      <time>82</time>
    </ksState>
    <ksState>
      <x>-225.03172453345903</x>
      <y>-259.45510690570507</y>
      <steeringAngle>0.07106666666666674</steeringAngle>
      <velocity>8.0</velocity>
      <orientation>-0.619444742390446</orientation>
      <time>83</time>
    </ksState>
    <ksState>
      <x>-224.36261487103647</x>
      <y>-259.89427287499285</y>
      <steeringAngle>0.035533333333333354</steeringAngle>
      <velocity>8.0</velocity>
      <orientation>-0.6028932217614167</orientation>
      <time>84</time>
    </ksState>
    <ksState>
      <x>-223.69756502856876</x>
      <y>-260.3389975227568</y>
      <steeringAngle>2.0816681711721685e-17</steeringAngle>
      <velocity>8.0</velocity>
      <orientation>-0.5973806953030119</orientation>
      <time>85</time>
    </ksState>
    <ksState>
      <x>-223.0413737085975</x>
      <y>-260.7966667556809</y>
      <steeringAngle>-0.03553333333333333</steeringAngle>
      <velocity>8.0</velocity>
      <orientation>-0.6028932303058506</orientation>
      <time>86</time>
    </ksState>
    <ksState>
      <x>-222.39928876304344</x>
      <y>-261.27440308121254</y>
      <steeringAngle>-0.07106666666666667</steeringAngle>
      <velocity>8.0</velocity>
      <orientation>-0.6194447511861203</orientation>
      <time>87</time>
    </ksState>
    <ksState>
      <x>-221.77725355883442</x>
      <y>-261.7789014135661</y>
      <steeringAngle>-0.10659999999999997</steeringAngle>
      <velocity>8.0</velocity>
      <orientation>-0.6470772304768152</orientation>
      <time>88</time>
    </ksState>
    <ksState>
      <x>-221.18213437668814</x>
      <y>-262.31622324728886</y>
      <steeringAngle>-0.1421333333333333</steeringAngle>
      <velocity>8.0</velocity>
      <orientation>-0.6858610827495502</orientation>
      <time>89</time>
    </ksState>
    <ksState>
      <x>-220.621918413368</x>
      <y>-262.89153484223255</y>
      <steeringAngle>-0.17766666666666667</steeringAngle>
      <velocity>8.0</velocity>
      <orientation>-0.7358958949987048</orientation>
      <time>90</time>
    </ksState>
    <ksState>
      <x>-220.09221698596568</x>
      <y>-263.49523710938763</y>
      <steeringAngle>-0.14213333333333336</steeringAngle>
      <velocity>8.0</velocity>
      <orientation>-0.7859307065474532</orientation>
      <time>91</time>
    </ksState>
    <ksState>
      <x>-219.57827141724044</x>
      <y>-264.1107907316781</y>
      <steeringAngle>-0.1066000000000001</steeringAngle>
      <velocity>8.0</velocity>
      <orientation>-0.8247145585544505</orientation>
      <time>92</time>
    </ksState>
    <ksState>
      <x>-219.07322941678473</x>
      <y>-264.7324782834776</y>
      <steeringAngle>-0.07106666666666674</steeringAngle>
      <velocity>8.0</velocity>
      <orientation>-0.8523470375841374</orientation>
      <time>93</time>
    </ksState>
    <ksState>
      <x>-218.57007728956978</x>
      <y>-265.35490291811766</y>
      <steeringAngle>-0.035533333333333354</steeringAngle>
      <velocity>8.0</velocity>
      <orientation>-0.8688985582131667</orientation>
      <time>94</time>
    </ksState>
    <ksState>
      <x>-218.06179498876563</x>
      <y>-265.97273817770093</y>
      <steeringAngle>-2.0816681711721685e-17</steeringAngle>
      <velocity>8.0</velocity>
      <orientation>-0.8744110846715716</orientation>
      <time>95</time>
    </ksState>
    <ksState>
      <x>-217.58091401913683</x>
      <y>-266.56129234814324</y>
      <steeringAngle>-0.03553333333333333</steeringAngle>
      <velocity>7.199999999999999</velocity>
      <orientation>-0.879556097654064</orientation>
      <time>96</time>
    </ksState>
    <ksState>
      <x>-217.16609026544123</x>
      <y>-267.10044717579717</y>
      <steeringAngle>-0.07106666666666664</steeringAngle>
      <velocity>6.400000000000001</velocity>
      <orientation>-0.893532769775027</orientation>
      <time>97</time>
    </ksState>
    <ksState>
      <x>-216.81767827685871</x>
      <y>-267.5897665460433</y>
      <steeringAngle>-0.10659999999999997</steeringAngle>
      <velocity>5.600000000000004</velocity>
      <orientation>-0.9141645376409084</orientation>
      <time>98</time>
    </ksState>
    <ksState>
      <x>-216.53377012427097</x>
      <y>-268.02684347352215</y>
      <steeringAngle>-0.1421333333333333</steeringAngle>
      <velocity>4.800000000000003</velocity>
      <orientation>-0.9392807451495566</orientation>
      <time>99</time>
    </ksState>
  </ksTrajectory>
</CommonRoadSolution>
