<?xml version="1.0" ?>
<CommonRoadSolution benchmark_id="KS2:SM1:DEU_Moabit-5_2_T-1:2020a" computation_time="0.2763527259994589" date="2023-11-26T00:13:30">
  <ksTrajectory planningProblem="1">
    <ksState>
      <x>830.7568</x>
      <y>-530.69656</y>
      <steeringAngle>0.0</steeringAngle>
      <velocity>4.0</velocity>
      <orientation>1.3551824</orientation>
      <time>0</time>
    </ksState>
    <ksState>
      <x>830.8338209845958</x>
      <y>-530.3448957180606</y>
      <steeringAngle>0.0</steeringAngle>
      <velocity>3.2</velocity>
      <orientation>1.3551824</orientation>
      <time>1</time>
    </ksState>
    <ksState>
      <x>830.8937261947663</x>
      <y>-530.0713790546525</y>
      <steeringAngle>0.0</steeringAngle>
      <velocity>2.4000000000000004</velocity>
      <orientation>1.3551824</orientation>
      <time>2</time>
    </ksState>
    <ksState>
      <x>830.9365156305333</x>
      <y>-529.8760100096763</y>
      <steeringAngle>0.0</steeringAngle>
      <velocity>1.6</velocity>
      <orientation>1.3551824</orientation>
      <time>3</time>
    </ksState>
    <ksState>
      <x>830.9621892919056</x>
      <y>-529.7587885830923</y>
      <steeringAngle>0.0</steeringAngle>
      <velocity>0.7999999999999998</velocity>
      <orientation>1.3551824</orientation>
      <time>4</time>
    </ksState>
    <ksState>
      <x>830.9707471788944</x>
      <y>-529.7197147748489</y>
      <steeringAngle>0.0</steeringAngle>
      <velocity>-3.3306690738754696e-16</velocity>
      <orientation>1.3551824</orientation>
      <time>5</time>
    </ksState>
    <ksState>
      <x>830.9793050662516</x>
      <y>-529.6806409649229</y>
      <steeringAngle>0.0</steeringAngle>
      <velocity>0.8</velocity>
      <orientation>1.3551824</orientation>
      <time>6</time>
    </ksState>
    <ksState>
      <x>831.0049787280699</x>
      <y>-529.5634195363027</y>
      <steeringAngle>0.0</steeringAngle>
      <velocity>1.6</velocity>
      <orientation>1.3551824</orientation>
      <time>7</time>
    </ksState>
    <ksState>
      <x>831.0477681643115</x>
      <y>-529.3680504891593</y>
      <steeringAngle>0.0</steeringAngle>
      <velocity>2.4000000000000004</velocity>
      <orientation>1.3551824</orientation>
      <time>8</time>
    </ksState>
    <ksState>
      <x>831.1076733749654</x>
      <y>-529.0945338235445</y>
      <steeringAngle>0.0</steeringAngle>
      <velocity>3.2000000000000006</velocity>
      <orientation>1.3551824</orientation>
      <time>9</time>
    </ksState>
    <ksState>
      <x>831.1846943600267</x>
      <y>-528.7428695394793</y>
      <steeringAngle>0.0</steeringAngle>
      <velocity>4.000000000000001</velocity>
      <orientation>1.3551824</orientation>
      <time>10</time>
    </ksState>
    <ksState>
      <x>831.2702732320441</x>
      <y>-528.3521314473201</y>
      <steeringAngle>0.0</steeringAngle>
      <velocity>4.0</velocity>
      <orientation>1.3551824</orientation>
      <time>11</time>
    </ksState>
    <ksState>
      <x>831.3558521040615</x>
      <y>-527.9613933551609</y>
      <steeringAngle>0.0</steeringAngle>
      <velocity>4.0</velocity>
      <orientation>1.3551824</orientation>
      <time>12</time>
    </ksState>
    <ksState>
      <x>831.4414309760789</x>
      <y>-527.5706552630016</y>
      <steeringAngle>0.0</steeringAngle>
      <velocity>4.0</velocity>
      <orientation>1.3551824</orientation>
      <time>13</time>
    </ksState>
    <ksState>
      <x>831.5270098480963</x>
      <y>-527.1799171708425</y>
      <steeringAngle>0.0</steeringAngle>
      <velocity>4.0</velocity>
      <orientation>1.3551824</orientation>
      <time>14</time>
    </ksState>
    <ksState>
      <x>831.6125887201138</x>
      <y>-526.7891790786832</y>
      <steeringAngle>0.0</steeringAngle>
      <velocity>4.0</velocity>
      <orientation>1.3551824</orientation>
      <time>15</time>
    </ksState>
    <ksState>
      <x>831.7067254795528</x>
      <y>-526.3593671763042</y>
      <steeringAngle>0.0</steeringAngle>
      <velocity>4.8</velocity>
      <orientation>1.3551824</orientation>
      <time>16</time>
    </ksState>
    <ksState>
      <x>831.817978013405</x>
      <y>-525.8514076554492</y>
      <steeringAngle>0.0</steeringAngle>
      <velocity>5.6</velocity>
      <orientation>1.3551824</orientation>
      <time>17</time>
    </ksState>
    <ksState>
      <x>831.9463463216669</x>
      <y>-525.2653005161337</y>
      <steeringAngle>0.0</steeringAngle>
      <velocity>6.4</velocity>
      <orientation>1.3551824</orientation>
      <time>18</time>
    </ksState>
    <ksState>
      <x>832.0918304043365</x>
      <y>-524.601045758367</y>
      <steeringAngle>0.0</steeringAngle>
      <velocity>7.199999999999999</velocity>
      <orientation>1.3551824</orientation>
      <time>19</time>
    </ksState>
    <ksState>
      <x>832.2544302614126</x>
      <y>-523.8586433821548</y>
      <steeringAngle>0.0</steeringAngle>
      <velocity>7.999999999999998</velocity>
      <orientation>1.3551824</orientation>
      <time>20</time>
    </ksState>
    <ksState>
      <x>832.4255880054474</x>
      <y>-523.0771671978364</y>
      <steeringAngle>0.0</steeringAngle>
      <velocity>8.0</velocity>
      <orientation>1.3551824</orientation>
      <time>21</time>
    </ksState>
    <ksState>
      <x>832.5967457494822</x>
      <y>-522.295691013518</y>
      <steeringAngle>0.0</steeringAngle>
      <velocity>8.0</velocity>
      <orientation>1.3551824</orientation>
      <time>22</time>
    </ksState>
    <ksState>
      <x>832.767903493517</x>
      <y>-521.5142148291994</y>
      <steeringAngle>0.0</steeringAngle>
      <velocity>8.0</velocity>
      <orientation>1.3551824</orientation>
      <time>23</time>
    </ksState>
    <ksState>
      <x>832.9390612375519</x>
      <y>-520.732738644881</y>
      <steeringAngle>0.0</steeringAngle>
      <velocity>8.0</velocity>
      <orientation>1.3551824</orientation>
      <time>24</time>
    </ksState>
    <ksState>
      <x>833.1102189815866</x>
      <y>-519.9512624605626</y>
      <steeringAngle>0.0</steeringAngle>
      <velocity>8.0</velocity>
      <orientation>1.3551824</orientation>
      <time>25</time>
    </ksState>
    <ksState>
      <x>833.2813767256214</x>
      <y>-519.1697862762442</y>
      <steeringAngle>0.0</steeringAngle>
      <velocity>8.0</velocity>
      <orientation>1.3551824</orientation>
      <time>26</time>
    </ksState>
    <ksState>
      <x>833.4525344696563</x>
      <y>-518.3883100919257</y>
      <steeringAngle>0.0</steeringAngle>
      <velocity>8.0</velocity>
      <orientation>1.3551824</orientation>
      <time>27</time>
    </ksState>
    <ksState>
      <x>833.623692213691</x>
      <y>-517.6068339076072</y>
      <steeringAngle>0.0</steeringAngle>
      <velocity>8.0</velocity>
      <orientation>1.3551824</orientation>
      <time>28</time>
    </ksState>
    <ksState>
      <x>833.7948499577259</x>
      <y>-516.8253577232888</y>
      <steeringAngle>0.0</steeringAngle>
      <velocity>8.0</velocity>
      <orientation>1.3551824</orientation>
      <time>29</time>
    </ksState>
    <ksState>
      <x>833.9660077017606</x>
      <y>-516.0438815389704</y>
      <steeringAngle>0.0</steeringAngle>
      <velocity>8.0</velocity>
      <orientation>1.3551824</orientation>
      <time>30</time>
    </ksState>
    <ksState>
      <x>834.1370155736132</x>
      <y>-515.3033419881963</y>
      <steeringAngle>-0.03553333333333333</steeringAngle>
      <velocity>7.199999999999999</velocity>
      <orientation>1.3500373870175075</orientation>
      <time>31</time>
    </ksState>
    <ksState>
      <x>834.3093999385565</x>
      <y>-514.6452764097501</y>
      <steeringAngle>-0.07106666666666664</steeringAngle>
      <velocity>6.400000000000001</velocity>
      <orientation>1.3360607148965444</orientation>
      <time>32</time>
    </ksState>
    <ksState>
      <x>834.4830329910662</x>
      <y>-514.0702321306183</y>
      <steeringAngle>-0.10659999999999997</steeringAngle>
      <velocity>5.600000000000004</velocity>
      <orientation>1.315428947030663</orientation>
      <time>33</time>
    </ksState>
  </ksTrajectory>
</CommonRoadSolution>
