<?xml version="1.0" ?>
<CommonRoadSolution benchmark_id="KS2:SM1:USA_US101-8_4_T-1:2020a" computation_time="0.20999587299957057" date="2023-11-26T00:13:30">
  <ksTrajectory planningProblem="37">
    <ksState>
      <x>0.0</x>
      <y>0.0</y>
      <steeringAngle>0.0</steeringAngle>
      <velocity>12.0</velocity>
      <orientation>-0.83367</orientation>
      <time>0</time>
    </ksState>
    <ksState>
      <x>0.7797090948754463</x>
      <y>-0.858867700076703</y>
      <steeringAngle>0.0</steeringAngle>
      <velocity>11.200000000000001</velocity>
      <orientation>-0.83367</orientation>
      <time>1</time>
    </ksState>
    <ksState>
      <x>1.5056451483992486</x>
      <y>-1.6585031446168799</y>
      <steeringAngle>0.0</steeringAngle>
      <velocity>10.4</velocity>
      <orientation>-0.83367</orientation>
      <time>2</time>
    </ksState>
    <ksState>
      <x>2.177808160779572</x>
      <y>-2.3989063338498293</y>
      <steeringAngle>0.0</steeringAngle>
      <velocity>9.599999999999998</velocity>
      <orientation>-0.83367</orientation>
      <time>3</time>
    </ksState>
    <ksState>
      <x>2.796198132075582</x>
      <y>-3.0800772678407236</y>
      <steeringAngle>0.0</steeringAngle>
      <velocity>8.799999999999999</velocity>
      <orientation>-0.83367</orientation>
      <time>4</time>
    </ksState>
    <ksState>
      <x>3.360815062306623</x>
      <y>-3.702015946610871</y>
      <steeringAngle>0.0</steeringAngle>
      <velocity>7.999999999999997</velocity>
      <orientation>-0.83367</orientation>
      <time>5</time>
    </ksState>
    <ksState>
      <x>3.8652686978584976</x>
      <y>-4.270495539977873</y>
      <steeringAngle>-0.03553333333333333</steeringAngle>
      <velocity>7.199999999999999</velocity>
      <orientation>-0.8388150129824924</orientation>
      <time>6</time>
    </ksState>
    <ksState>
      <x>4.301707905872556</x>
      <y>-4.792307280474979</y>
      <steeringAngle>-0.07106666666666664</steeringAngle>
      <velocity>6.400000000000001</velocity>
      <orientation>-0.8527916851034555</orientation>
      <time>7</time>
    </ksState>
    <ksState>
      <x>4.669760668507262</x>
      <y>-5.267029856094718</y>
      <steeringAngle>-0.10659999999999997</steeringAngle>
      <velocity>5.600000000000004</velocity>
      <orientation>-0.8734234529693368</orientation>
      <time>8</time>
    </ksState>
    <ksState>
      <x>4.971235295606743</x>
      <y>-5.692180569201756</y>
      <steeringAngle>-0.1421333333333333</steeringAngle>
      <velocity>4.800000000000003</velocity>
      <orientation>-0.8985396604779851</orientation>
      <time>9</time>
    </ksState>
    <ksState>
      <x>5.209814358474581</x>
      <y>-6.06389610078767</y>
      <steeringAngle>-0.17766666666666653</steeringAngle>
      <velocity>4.000000000000006</velocity>
      <orientation>-0.9259645570631349</orientation>
      <time>10</time>
    </ksState>
    <ksState>
      <x>5.393803138906381</x>
      <y>-6.375365177995912</y>
      <steeringAngle>-0.17766666666666667</steeringAngle>
      <velocity>3.2000000000000006</velocity>
      <orientation>-0.9510299963313125</orientation>
      <time>11</time>
    </ksState>
    <ksState>
      <x>5.5314743674490465</x>
      <y>-6.6207494291223785</y>
      <steeringAngle>-0.17766666666666667</steeringAngle>
      <velocity>2.4000000000000012</velocity>
      <orientation>-0.9705253379613422</orientation>
      <time>12</time>
    </ksState>
    <ksState>
      <x>5.626869217211745</x>
      <y>-6.7976439527686185</y>
      <steeringAngle>-0.17766666666666667</steeringAngle>
      <velocity>1.6000000000000005</velocity>
      <orientation>-0.9844505819603232</orientation>
      <time>13</time>
    </ksState>
    <ksState>
      <x>5.682920498612131</x>
      <y>-6.904412254902054</y>
      <steeringAngle>-0.17766666666666667</steeringAngle>
      <velocity>0.8000000000000004</velocity>
      <orientation>-0.9928057283310773</orientation>
      <time>14</time>
    </ksState>
    <ksState>
      <x>5.701405772189465</x>
      <y>-6.940105304334082</y>
      <steeringAngle>-0.17766666666666667</steeringAngle>
      <velocity>2.7755575615628914e-16</velocity>
      <orientation>-0.9955907770772927</orientation>
      <time>15</time>
    </ksState>
    <ksState>
      <x>5.701405772189465</x>
      <y>-6.940105304334082</y>
      <steeringAngle>-0.14213333333333336</steeringAngle>
      <velocity>0.0</velocity>
      <orientation>-0.9955907770772927</orientation>
      <time>16</time>
    </ksState>
    <ksState>
      <x>5.701405772189465</x>
      <y>-6.940105304334082</y>
      <steeringAngle>-0.10660000000000001</steeringAngle>
      <velocity>0.0</velocity>
      <orientation>-0.9955907770772927</orientation>
      <time>17</time>
    </ksState>
    <ksState>
      <x>5.701405772189465</x>
      <y>-6.940105304334082</y>
      <steeringAngle>-0.07106666666666668</steeringAngle>
      <velocity>0.0</velocity>
      <orientation>-0.9955907770772927</orientation>
      <time>18</time>
    </ksState>
    <ksState>
      <x>5.701405772189465</x>
      <y>-6.940105304334082</y>
      <steeringAngle>-0.03553333333333333</steeringAngle>
      <velocity>0.0</velocity>
      <orientation>-0.9955907770772927</orientation>
      <time>19</time>
    </ksState>
    <ksState>
      <x>5.701405772189465</x>
      <y>-6.940105304334082</y>
      <steeringAngle>-0.0</steeringAngle>
      <velocity>0.0</velocity>
      <orientation>-0.9955907770772927</orientation>
      <time>20</time>
    </ksState>
    <ksState>
      <x>5.701405772189465</x>
      <y>-6.940105304334082</y>
      <steeringAngle>0.0</steeringAngle>
      <velocity>0.0</velocity>
      <orientation>-0.9955907770772927</orientation>
      <time>21</time>
    </ksState>
    <ksState>
      <x>5.701405772189465</x>
      <y>-6.940105304334082</y>
      <steeringAngle>0.0</steeringAngle>
      <velocity>0.0</velocity>
      <orientation>-0.9955907770772927</orientation>
      <time>22</time>
    </ksState>
    <ksState>
      <x>5.701405772189465</x>
      <y>-6.940105304334082</y>
      <steeringAngle>0.0</steeringAngle>
      <velocity>0.0</velocity>
      <orientation>-0.9955907770772927</orientation>
      <time>23</time>
    </ksState>
    <ksState>
      <x>5.701405772189465</x>
      <y>-6.940105304334082</y>
      <steeringAngle>0.0</steeringAngle>
      <velocity>0.0</velocity>
      <orientation>-0.9955907770772927</orientation>
      <time>24</time>
    </ksState>
    <ksState>
      <x>5.701405772189465</x>
      <y>-6.940105304334082</y>
      <steeringAngle>0.0</steeringAngle>
      <velocity>0.0</velocity>
      <orientation>-0.9955907770772927</orientation>
      <time>25</time>
    </ksState>
    <ksState>
      <x>5.701405772189465</x>
      <y>-6.940105304334082</y>
      <steeringAngle>0.0</steeringAngle>
      <velocity>0.0</velocity>
      <orientation>-0.9955907770772927</orientation>
      <time>26</time>
    </ksState>
    <ksState>
      <x>5.701405772189465</x>
      <y>-6.940105304334082</y>
      <steeringAngle>0.0</steeringAngle>
      <velocity>0.0</velocity>
      <orientation>-0.9955907770772927</orientation>
      <time>27</time>
    </ksState>
    <ksState>
      <x>5.701405772189465</x>
      <y>-6.940105304334082</y>
      <steeringAngle>0.0</steeringAngle>
      <velocity>0.0</velocity>
      <orientation>-0.9955907770772927</orientation>
      <time>28</time>
    </ksState>
    <ksState>
      <x>5.701405772189465</x>
      <y>-6.940105304334082</y>
      <steeringAngle>0.0</steeringAngle>
      <velocity>0.0</velocity>
      <orientation>-0.9955907770772927</orientation>
      <time>29</time>
    </ksState>
    <ksState>
      <x>5.701405772189465</x>
      <y>-6.940105304334082</y>
      <steeringAngle>0.0</steeringAngle>
      <velocity>0.0</velocity>
      <orientation>-0.9955907770772927</orientation>
      <time>30</time>
    </ksState>
    <ksState>
      <x>5.701405772189465</x>
      <y>-6.940105304334082</y>
      <steeringAngle>0.0</steeringAngle>
      <velocity>0.0</velocity>
      <orientation>-0.9955907770772927</orientation>
      <time>31</time>
    </ksState>
    <ksState>
      <x>5.701405772189465</x>
      <y>-6.940105304334082</y>
      <steeringAngle>0.0</steeringAngle>
      <velocity>0.0</velocity>
      <orientation>-0.9955907770772927</orientation>
      <time>32</time>
    </ksState>
    <ksState>
      <x>5.701405772189465</x>
      <y>-6.940105304334082</y>
      <steeringAngle>0.0</steeringAngle>
      <velocity>0.0</velocity>
      <orientation>-0.9955907770772927</orientation>
      <time>33</time>
    </ksState>
    <ksState>
      <x>5.701405772189465</x>
      <y>-6.940105304334082</y>
      <steeringAngle>0.0</steeringAngle>
      <velocity>0.0</velocity>
      <orientation>-0.9955907770772927</orientation>
      <time>34</time>
    </ksState>
    <ksState>
      <x>5.701405772189465</x>
      <y>-6.940105304334082</y>
      <steeringAngle>0.0</steeringAngle>
      <velocity>0.0</velocity>
      <orientation>-0.9955907770772927</orientation>
      <time>35</time>
    </ksState>
    <ksState>
      <x>5.701405772189465</x>
      <y>-6.940105304334082</y>
      <steeringAngle>0.0</steeringAngle>
      <velocity>0.0</velocity>
      <orientation>-0.9955907770772927</orientation>
      <time>36</time>
    </ksState>
    <ksState>
      <x>5.701405772189465</x>
      <y>-6.940105304334082</y>
      <steeringAngle>0.0</steeringAngle>
      <velocity>0.0</velocity>
      <orientation>-0.9955907770772927</orientation>
      <time>37</time>
    </ksState>
    <ksState>
      <x>5.701405772189465</x>
      <y>-6.940105304334082</y>
      <steeringAngle>0.0</steeringAngle>
      <velocity>0.0</velocity>
      <orientation>-0.9955907770772927</orientation>
      <time>38</time>
    </ksState>
    <ksState>
      <x>5.701405772189465</x>
      <y>-6.940105304334082</y>
      <steeringAngle>0.0</steeringAngle>
      <velocity>0.0</velocity>
      <orientation>-0.9955907770772927</orientation>
      <time>39</time>
    </ksState>
    <ksState>
      <x>5.701405772189465</x>
      <y>-6.940105304334082</y>
      <steeringAngle>0.0</steeringAngle>
      <velocity>0.0</velocity>
      <orientation>-0.9955907770772927</orientation>
      <time>40</time>
    </ksState>
    <ksState>
      <x>5.701405772189465</x>
      <y>-6.940105304334082</y>
      <steeringAngle>0.0</steeringAngle>
      <velocity>0.0</velocity>
      <orientation>-0.9955907770772927</orientation>
      <time>41</time>
    </ksState>
    <ksState>
      <x>5.701405772189465</x>
      <y>-6.940105304334082</y>
      <steeringAngle>0.0</steeringAngle>
      <velocity>0.0</velocity>
      <orientation>-0.9955907770772927</orientation>
      <time>42</time>
    </ksState>
    <ksState>
      <x>5.701405772189465</x>
      <y>-6.940105304334082</y>
      <steeringAngle>0.0</steeringAngle>
      <velocity>0.0</velocity>
      <orientation>-0.9955907770772927</orientation>
      <time>43</time>
    </ksState>
    <ksState>
      <x>5.701405772189465</x>
      <y>-6.940105304334082</y>
      <steeringAngle>0.0</steeringAngle>
      <velocity>0.0</velocity>
      <orientation>-0.9955907770772927</orientation>
      <time>44</time>
    </ksState>
    <ksState>
      <x>5.701405772189465</x>
      <y>-6.940105304334082</y>
      <steeringAngle>0.0</steeringAngle>
      <velocity>0.0</velocity>
      <orientation>-0.9955907770772927</orientation>
      <time>45</time>
    </ksState>
    <ksState>
      <x>5.701405772189465</x>
      <y>-6.940105304334082</y>
      <steeringAngle>0.0</steeringAngle>
      <velocity>0.0</velocity>
      <orientation>-0.9955907770772927</orientation>
      <time>46</time>
    </ksState>
    <ksState>
      <x>5.701405772189465</x>
      <y>-6.940105304334082</y>
      <steeringAngle>0.0</steeringAngle>
      <velocity>0.0</velocity>
      <orientation>-0.9955907770772927</orientation>
      <time>47</time>
    </ksState>
    <ksState>
      <x>5.701405772189465</x>
      <y>-6.940105304334082</y>
      <steeringAngle>0.0</steeringAngle>
      <velocity>0.0</velocity>
      <orientation>-0.9955907770772927</orientation>
      <time>48</time>
    </ksState>
    <ksState>
      <x>5.701405772189465</x>
      <y>-6.940105304334082</y>
      <steeringAngle>0.0</steeringAngle>
      <velocity>0.0</velocity>
      <orientation>-0.9955907770772927</orientation>
      <time>49</time>
    </ksState>
    <ksState>
      <x>5.701405772189465</x>
      <y>-6.940105304334082</y>
      <steeringAngle>0.0</steeringAngle>
      <velocity>0.0</velocity>
      <orientation>-0.9955907770772927</orientation>
      <time>50</time>
    </ksState>
    <ksState>
      <x>5.701405772189465</x>
      <y>-6.940105304334082</y>
      <steeringAngle>0.0</steeringAngle>
      <velocity>0.0</velocity>
      <orientation>-0.9955907770772927</orientation>
      <time>51</time>
    </ksState>
    <ksState>
      <x>5.701405772189465</x>
      <y>-6.940105304334082</y>
      <steeringAngle>0.0</steeringAngle>
      <velocity>0.0</velocity>
      <orientation>-0.9955907770772927</orientation>
      <time>52</time>
    </ksState>
    <ksState>
      <x>5.701405772189465</x>
      <y>-6.940105304334082</y>
      <steeringAngle>0.0</steeringAngle>
      <velocity>0.0</velocity>
      <orientation>-0.9955907770772927</orientation>
      <time>53</time>
    </ksState>
    <ksState>
      <x>5.701405772189465</x>
      <y>-6.940105304334082</y>
      <steeringAngle>0.0</steeringAngle>
      <velocity>0.0</velocity>
      <orientation>-0.9955907770772927</orientation>
      <time>54</time>
    </ksState>
    <ksState>
      <x>5.701405772189465</x>
      <y>-6.940105304334082</y>
      <steeringAngle>0.0</steeringAngle>
      <velocity>0.0</velocity>
      <orientation>-0.9955907770772927</orientation>
      <time>55</time>
    </ksState>
    <ksState>
      <x>5.701405772189465</x>
      <y>-6.940105304334082</y>
      <steeringAngle>0.0</steeringAngle>
      <velocity>0.0</velocity>
      <orientation>-0.9955907770772927</orientation>
      <time>56</time>
    </ksState>
    <ksState>
      <x>5.701405772189465</x>
      <y>-6.940105304334082</y>
      <steeringAngle>0.0</steeringAngle>
      <velocity>0.0</velocity>
      <orientation>-0.9955907770772927</orientation>
      <time>57</time>
    </ksState>
    <ksState>
      <x>5.701405772189465</x>
      <y>-6.940105304334082</y>
      <steeringAngle>0.0</steeringAngle>
      <velocity>0.0</velocity>
      <orientation>-0.9955907770772927</orientation>
      <time>58</time>
    </ksState>
    <ksState>
      <x>5.701405772189465</x>
      <y>-6.940105304334082</y>
      <steeringAngle>0.0</steeringAngle>
      <velocity>0.0</velocity>
      <orientation>-0.9955907770772927</orientation>
      <time>59</time>
    </ksState>
    <ksState>
      <x>5.701405772189465</x>
      <y>-6.940105304334082</y>
      <steeringAngle>0.0</steeringAngle>
      <velocity>0.0</velocity>
      <orientation>-0.9955907770772927</orientation>
      <time>60</time>
    </ksState>
    <ksState>
      <x>5.701405772189465</x>
      <y>-6.940105304334082</y>
      <steeringAngle>0.0</steeringAngle>
      <velocity>0.0</velocity>
      <orientation>-0.9955907770772927</orientation>
      <time>61</time>
    </ksState>
    <ksState>
      <x>5.701405772189465</x>
      <y>-6.940105304334082</y>
      <steeringAngle>0.0</steeringAngle>
      <velocity>0.0</velocity>
      <orientation>-0.9955907770772927</orientation>
      <time>62</time>
    </ksState>
    <ksState>
      <x>5.701405772189465</x>
      <y>-6.940105304334082</y>
      <steeringAngle>0.0</steeringAngle>
      <velocity>0.0</velocity>
      <orientation>-0.9955907770772927</orientation>
      <time>63</time>
    </ksState>
    <ksState>
      <x>5.701405772189465</x>
      <y>-6.940105304334082</y>
      <steeringAngle>0.0</steeringAngle>
      <velocity>0.0</velocity>
      <orientation>-0.9955907770772927</orientation>
      <time>64</time>
    </ksState>
    <ksState>
      <x>5.701405772189465</x>
      <y>-6.940105304334082</y>
      <steeringAngle>0.0</steeringAngle>
      <velocity>0.0</velocity>
      <orientation>-0.9955907770772927</orientation>
      <time>65</time>
    </ksState>
    <ksState>
      <x>5.701405772189465</x>
      <y>-6.940105304334082</y>
      <steeringAngle>0.0</steeringAngle>
      <velocity>0.0</velocity>
      <orientation>-0.9955907770772927</orientation>
      <time>66</time>
    </ksState>
    <ksState>
      <x>5.701405772189465</x>
      <y>-6.940105304334082</y>
      <steeringAngle>0.0</steeringAngle>
      <velocity>0.0</velocity>
      <orientation>-0.9955907770772927</orientation>
      <time>67</time>
    </ksState>
    <ksState>
      <x>5.701405772189465</x>
      <y>-6.940105304334082</y>
      <steeringAngle>0.0</steeringAngle>
      <velocity>0.0</velocity>
      <orientation>-0.9955907770772927</orientation>
      <time>68</time>
    </ksState>
    <ksState>
      <x>5.701405772189465</x>
      <y>-6.940105304334082</y>
      <steeringAngle>0.0</steeringAngle>
      <velocity>0.0</velocity>
      <orientation>-0.9955907770772927</orientation>
      <time>69</time>
    </ksState>
    <ksState>
      <x>5.701405772189465</x>
      <y>-6.940105304334082</y>
      <steeringAngle>0.0</steeringAngle>
      <velocity>0.0</velocity>
      <orientation>-0.9955907770772927</orientation>
      <time>70</time>
    </ksState>
    <ksState>
      <x>5.701405772189465</x>
      <y>-6.940105304334082</y>
      <steeringAngle>0.0</steeringAngle>
      <velocity>0.0</velocity>
      <orientation>-0.9955907770772927</orientation>
      <time>71</time>
    </ksState>
    <ksState>
      <x>5.701405772189465</x>
      <y>-6.940105304334082</y>
      <steeringAngle>0.0</steeringAngle>
      <velocity>0.0</velocity>
      <orientation>-0.9955907770772927</orientation>
      <time>72</time>
    </ksState>
    <ksState>
      <x>5.701405772189465</x>
      <y>-6.940105304334082</y>
      <steeringAngle>0.0</steeringAngle>
      <velocity>0.0</velocity>
      <orientation>-0.9955907770772927</orientation>
      <time>73</time>
    </ksState>
    <ksState>
      <x>5.701405772189465</x>
      <y>-6.940105304334082</y>
      <steeringAngle>0.0</steeringAngle>
      <velocity>0.0</velocity>
      <orientation>-0.9955907770772927</orientation>
      <time>74</time>
    </ksState>
    <ksState>
      <x>5.701405772189465</x>
      <y>-6.940105304334082</y>
      <steeringAngle>0.0</steeringAngle>
      <velocity>0.0</velocity>
      <orientation>-0.9955907770772927</orientation>
      <time>75</time>
    </ksState>
  </ksTrajectory>
</CommonRoadSolution>
