<?xml version="1.0" ?>
<CommonRoadSolution benchmark_id="KS2:SM1:DEU_Lohmar-15_1_T-1:2020a" computation_time="3.065331260000221" date="2023-11-26T00:13:30">
  <ksTrajectory planningProblem="123">
    <ksState>
      <x>166.17573</x>
      <y>102.69269</y>
      <steeringAngle>0.0</steeringAngle>
      <velocity>4.0</velocity>
      <orientation>-4.0539536</orientation>
      <time>0</time>
    </ksState>
    <ksState>
      <x>165.93437377246647</x>
      <y>103.0116899753526</y>
      <steeringAngle>-0.035533333333333326</steeringAngle>
      <velocity>4.0</velocity>
      <orientation>-4.0567098745326</orientation>
      <time>1</time>
    </ksState>
    <ksState>
      <x>165.70102507671476</x>
      <y>103.33677727568403</y>
      <steeringAngle>-0.07106666666666711</steeringAngle>
      <velocity>4.0</velocity>
      <orientation>-4.064985635075885</orientation>
      <time>2</time>
    </ksState>
    <ksState>
      <x>165.47760204514236</x>
      <y>103.66913053811496</y>
      <steeringAngle>-0.10660000000000043</steeringAngle>
      <velocity>4.0</velocity>
      <orientation>-4.0788018748950226</orientation>
      <time>3</time>
    </ksState>
    <ksState>
      <x>165.26616661981518</x>
      <y>104.00977828054967</y>
      <steeringAngle>-0.14213333333333378</steeringAngle>
      <velocity>4.0</velocity>
      <orientation>-4.098193801280568</orientation>
      <time>4</time>
    </ksState>
    <ksState>
      <x>165.0689449563787</x>
      <y>104.3595619536211</y>
      <steeringAngle>-0.1776666666666672</steeringAngle>
      <velocity>4.0</velocity>
      <orientation>-4.123211207731965</orientation>
      <time>5</time>
    </ksState>
    <ksState>
      <x>164.88834373878368</x>
      <y>104.71909286059368</y>
      <steeringAngle>-0.21319999999999995</steeringAngle>
      <velocity>4.0</velocity>
      <orientation>-4.1539189903694655</orientation>
      <time>6</time>
    </ksState>
    <ksState>
      <x>164.72696108588966</x>
      <y>105.08870208871093</y>
      <steeringAngle>-0.24873333333333336</steeringAngle>
      <velocity>4.0</velocity>
      <orientation>-4.1903978314921595</orientation>
      <time>7</time>
    </ksState>
    <ksState>
      <x>164.58759031165528</x>
      <y>105.46838271768405</y>
      <steeringAngle>-0.2842666666666667</steeringAngle>
      <velocity>4.0</velocity>
      <orientation>-4.232745065337608</orientation>
      <time>8</time>
    </ksState>
    <ksState>
      <x>164.47321436377828</x>
      <y>105.8577237198679</y>
      <steeringAngle>-0.31980000000000003</steeringAngle>
      <velocity>4.0</velocity>
      <orientation>-4.281075746704743</orientation>
      <time>9</time>
    </ksState>
    <ksState>
      <x>164.38698821469674</x>
      <y>106.2558352631578</y>
      <steeringAngle>-0.35533333333333333</steeringAngle>
      <velocity>4.0</velocity>
      <orientation>-4.335523947883021</orientation>
      <time>10</time>
    </ksState>
    <ksState>
      <x>164.3322058315694</x>
      <y>106.66126554240405</y>
      <steeringAngle>-0.39086666666666653</steeringAngle>
      <velocity>4.0</velocity>
      <orientation>-4.396244314189008</orientation>
      <time>11</time>
    </ksState>
    <ksState>
      <x>164.31224786206874</x>
      <y>107.07190987002231</y>
      <steeringAngle>-0.42639999999999995</steeringAngle>
      <velocity>4.0</velocity>
      <orientation>-4.463413927645412</orientation>
      <time>12</time>
    </ksState>
    <ksState>
      <x>164.33050492205345</x>
      <y>107.48491365668949</y>
      <steeringAngle>-0.4619333333333333</steeringAngle>
      <velocity>4.0</velocity>
      <orientation>-4.537234511277756</orientation>
      <time>13</time>
    </ksState>
    <ksState>
      <x>164.39027121999177</x>
      <y>107.89657213223752</y>
      <steeringAngle>-0.49746666666666667</steeringAngle>
      <velocity>4.0</velocity>
      <orientation>-4.617935053090976</orientation>
      <time>14</time>
    </ksState>
    <ksState>
      <x>164.4946020341747</x>
      <y>108.30223134482209</y>
      <steeringAngle>-0.533</steeringAngle>
      <velocity>4.0</velocity>
      <orientation>-4.705774919690785</orientation>
      <time>15</time>
    </ksState>
    <ksState>
      <x>164.63460274621525</x>
      <y>108.69715584074163</y>
      <steeringAngle>-0.4974666666666666</steeringAngle>
      <velocity>4.0</velocity>
      <orientation>-4.793614786530234</orientation>
      <time>16</time>
    </ksState>
    <ksState>
      <x>164.79726764745962</x>
      <y>109.08014672833191</y>
      <steeringAngle>-0.4619333333333334</steeringAngle>
      <velocity>4.0</velocity>
      <orientation>-4.8743153283174045</orientation>
      <time>17</time>
    </ksState>
    <ksState>
      <x>164.9794152999486</x>
      <y>109.45139101795816</y>
      <steeringAngle>-0.42640000000000017</steeringAngle>
      <velocity>4.0</velocity>
      <orientation>-4.948135911567209</orientation>
      <time>18</time>
    </ksState>
    <ksState>
      <x>165.17814138862698</x>
      <y>109.81141658856033</y>
      <steeringAngle>-0.3908666666666668</steeringAngle>
      <velocity>4.0</velocity>
      <orientation>-5.0153055244300715</orientation>
      <time>19</time>
    </ksState>
    <ksState>
      <x>165.3907998449739</x>
      <y>110.16102263442193</y>
      <steeringAngle>-0.3553333333333335</steeringAngle>
      <velocity>4.0</velocity>
      <orientation>-5.076025892308357</orientation>
      <time>20</time>
    </ksState>
    <ksState>
      <x>165.63827411599664</x>
      <y>110.53461998223183</y>
      <steeringAngle>-0.31979999999999975</steeringAngle>
      <velocity>4.800000000000001</velocity>
      <orientation>-5.135815727340106</orientation>
      <time>21</time>
    </ksState>
    <ksState>
      <x>165.94712615423677</x>
      <y>110.96234034153983</y>
      <steeringAngle>-0.28426666666666645</steeringAngle>
      <velocity>5.600000000000004</velocity>
      <orientation>-5.198544827471429</orientation>
      <time>22</time>
    </ksState>
    <ksState>
      <x>166.32286574086515</x>
      <y>111.4386997194911</y>
      <steeringAngle>-0.2487333333333331</steeringAngle>
      <velocity>6.400000000000004</velocity>
      <orientation>-5.261966964164105</orientation>
      <time>23</time>
    </ksState>
    <ksState>
      <x>166.76988229696784</x>
      <y>111.95858875918138</y>
      <steeringAngle>-0.21319999999999992</steeringAngle>
      <velocity>7.200000000000004</velocity>
      <orientation>-5.323884052841905</orientation>
      <time>24</time>
    </ksState>
    <ksState>
      <x>167.29104776771982</x>
      <y>112.51787697722773</y>
      <steeringAngle>-0.17766666666666656</steeringAngle>
      <velocity>8.000000000000004</velocity>
      <orientation>-5.38213338244287</orientation>
      <time>25</time>
    </ksState>
    <ksState>
      <x>167.85841462041876</x>
      <y>113.0863265211793</y>
      <steeringAngle>-0.14213333333333336</steeringAngle>
      <velocity>8.0</velocity>
      <orientation>-5.432168193991618</orientation>
      <time>26</time>
    </ksState>
    <ksState>
      <x>168.43864842039622</x>
      <y>113.63983808103234</y>
      <steeringAngle>-0.1066000000000001</steeringAngle>
      <velocity>8.0</velocity>
      <orientation>-5.470952045998616</orientation>
      <time>27</time>
    </ksState>
    <ksState>
      <x>169.02559128853673</x>
      <y>114.1848710193267</y>
      <steeringAngle>-0.07106666666666674</steeringAngle>
      <velocity>8.0</velocity>
      <orientation>-5.498584525028303</orientation>
      <time>28</time>
    </ksState>
    <ksState>
      <x>169.61339455413733</x>
      <y>114.72806694151039</y>
      <steeringAngle>-0.035533333333333354</steeringAngle>
      <velocity>8.0</velocity>
      <orientation>-5.515136045657332</orientation>
      <time>29</time>
    </ksState>
    <ksState>
      <x>170.19627936143627</x>
      <y>115.27607844386706</y>
      <steeringAngle>-2.0816681711721685e-17</steeringAngle>
      <velocity>8.0</velocity>
      <orientation>-5.520648572115737</orientation>
      <time>30</time>
    </ksState>
    <ksState>
      <x>170.77474821684552</x>
      <y>115.82868479862739</y>
      <steeringAngle>0.0</steeringAngle>
      <velocity>8.0</velocity>
      <orientation>-5.520648572115737</orientation>
      <time>31</time>
    </ksState>
    <ksState>
      <x>171.3532170722548</x>
      <y>116.38129115338772</y>
      <steeringAngle>0.0</steeringAngle>
      <velocity>8.0</velocity>
      <orientation>-5.520648572115737</orientation>
      <time>32</time>
    </ksState>
    <ksState>
      <x>171.93168592766406</x>
      <y>116.93389750814805</y>
      <steeringAngle>0.0</steeringAngle>
      <velocity>8.0</velocity>
      <orientation>-5.520648572115737</orientation>
      <time>33</time>
    </ksState>
    <ksState>
      <x>172.51015478307332</x>
      <y>117.48650386290838</y>
      <steeringAngle>0.0</steeringAngle>
      <velocity>8.0</velocity>
      <orientation>-5.520648572115737</orientation>
      <time>34</time>
    </ksState>
    <ksState>
      <x>173.08862363848257</x>
      <y>118.0391102176687</y>
      <steeringAngle>0.0</steeringAngle>
      <velocity>8.0</velocity>
      <orientation>-5.520648572115737</orientation>
      <time>35</time>
    </ksState>
    <ksState>
      <x>173.66709249389183</x>
      <y>118.59171657242904</y>
      <steeringAngle>0.0</steeringAngle>
      <velocity>8.0</velocity>
      <orientation>-5.520648572115737</orientation>
      <time>36</time>
    </ksState>
    <ksState>
      <x>174.2455613493011</x>
      <y>119.14432292718936</y>
      <steeringAngle>0.0</steeringAngle>
      <velocity>8.0</velocity>
      <orientation>-5.520648572115737</orientation>
      <time>37</time>
    </ksState>
    <ksState>
      <x>174.82403020471037</x>
      <y>119.69692928194969</y>
      <steeringAngle>0.0</steeringAngle>
      <velocity>8.0</velocity>
      <orientation>-5.520648572115737</orientation>
      <time>38</time>
    </ksState>
    <ksState>
      <x>175.40249906011962</x>
      <y>120.24953563671002</y>
      <steeringAngle>0.0</steeringAngle>
      <velocity>8.0</velocity>
      <orientation>-5.520648572115737</orientation>
      <time>39</time>
    </ksState>
    <ksState>
      <x>175.98096791552888</x>
      <y>120.80214199147035</y>
      <steeringAngle>0.0</steeringAngle>
      <velocity>8.0</velocity>
      <orientation>-5.520648572115737</orientation>
      <time>40</time>
    </ksState>
    <ksState>
      <x>176.55943677093813</x>
      <y>121.35474834623068</y>
      <steeringAngle>0.0</steeringAngle>
      <velocity>8.0</velocity>
      <orientation>-5.520648572115737</orientation>
      <time>41</time>
    </ksState>
    <ksState>
      <x>177.13790562634742</x>
      <y>121.90735470099101</y>
      <steeringAngle>0.0</steeringAngle>
      <velocity>8.0</velocity>
      <orientation>-5.520648572115737</orientation>
      <time>42</time>
    </ksState>
    <ksState>
      <x>177.71637448175667</x>
      <y>122.45996105575134</y>
      <steeringAngle>0.0</steeringAngle>
      <velocity>8.0</velocity>
      <orientation>-5.520648572115737</orientation>
      <time>43</time>
    </ksState>
    <ksState>
      <x>178.29484333716593</x>
      <y>123.01256741051166</y>
      <steeringAngle>0.0</steeringAngle>
      <velocity>8.0</velocity>
      <orientation>-5.520648572115737</orientation>
      <time>44</time>
    </ksState>
    <ksState>
      <x>178.87331219257518</x>
      <y>123.565173765272</y>
      <steeringAngle>0.0</steeringAngle>
      <velocity>8.0</velocity>
      <orientation>-5.520648572115737</orientation>
      <time>45</time>
    </ksState>
    <ksState>
      <x>179.45178104798444</x>
      <y>124.11778012003232</y>
      <steeringAngle>0.0</steeringAngle>
      <velocity>8.0</velocity>
      <orientation>-5.520648572115737</orientation>
      <time>46</time>
    </ksState>
    <ksState>
      <x>180.03024990339372</x>
      <y>124.67038647479265</y>
      <steeringAngle>0.0</steeringAngle>
      <velocity>8.0</velocity>
      <orientation>-5.520648572115737</orientation>
      <time>47</time>
    </ksState>
    <ksState>
      <x>180.60871875880298</x>
      <y>125.22299282955298</y>
      <steeringAngle>0.0</steeringAngle>
      <velocity>8.0</velocity>
      <orientation>-5.520648572115737</orientation>
      <time>48</time>
    </ksState>
    <ksState>
      <x>181.18718761421223</x>
      <y>125.77559918431331</y>
      <steeringAngle>0.0</steeringAngle>
      <velocity>8.0</velocity>
      <orientation>-5.520648572115737</orientation>
      <time>49</time>
    </ksState>
    <ksState>
      <x>181.7656564696215</x>
      <y>126.32820553907364</y>
      <steeringAngle>0.0</steeringAngle>
      <velocity>8.0</velocity>
      <orientation>-5.520648572115737</orientation>
      <time>50</time>
    </ksState>
    <ksState>
      <x>182.34412532503075</x>
      <y>126.88081189383396</y>
      <steeringAngle>0.0</steeringAngle>
      <velocity>8.0</velocity>
      <orientation>-5.520648572115737</orientation>
      <time>51</time>
    </ksState>
    <ksState>
      <x>182.92259418044003</x>
      <y>127.4334182485943</y>
      <steeringAngle>0.0</steeringAngle>
      <velocity>8.0</velocity>
      <orientation>-5.520648572115737</orientation>
      <time>52</time>
    </ksState>
    <ksState>
      <x>183.50106303584928</x>
      <y>127.98602460335462</y>
      <steeringAngle>0.0</steeringAngle>
      <velocity>8.0</velocity>
      <orientation>-5.520648572115737</orientation>
      <time>53</time>
    </ksState>
    <ksState>
      <x>184.07953189125854</x>
      <y>128.53863095811494</y>
      <steeringAngle>0.0</steeringAngle>
      <velocity>8.0</velocity>
      <orientation>-5.520648572115737</orientation>
      <time>54</time>
    </ksState>
    <ksState>
      <x>184.6580007466678</x>
      <y>129.09123731287528</y>
      <steeringAngle>0.0</steeringAngle>
      <velocity>8.0</velocity>
      <orientation>-5.520648572115737</orientation>
      <time>55</time>
    </ksState>
    <ksState>
      <x>185.23001940122717</x>
      <y>129.65056086325293</y>
      <steeringAngle>0.03553333333333333</steeringAngle>
      <velocity>8.0</velocity>
      <orientation>-5.515136037112898</orientation>
      <time>56</time>
    </ksState>
    <ksState>
      <x>185.78482447541487</x>
      <y>130.22735927144694</y>
      <steeringAngle>0.07106666666666667</steeringAngle>
      <velocity>8.0</velocity>
      <orientation>-5.498584516232628</orientation>
      <time>57</time>
    </ksState>
    <ksState>
      <x>186.31545278966337</x>
      <y>130.82725922538978</y>
      <steeringAngle>0.10659999999999997</steeringAngle>
      <velocity>8.0</velocity>
      <orientation>-5.4709520369419335</orientation>
      <time>58</time>
    </ksState>
    <ksState>
      <x>186.8141349471196</x>
      <y>131.45511087967483</y>
      <steeringAngle>0.1421333333333333</steeringAngle>
      <velocity>8.0</velocity>
      <orientation>-5.432168184669198</orientation>
      <time>59</time>
    </ksState>
    <ksState>
      <x>187.27214306968926</x>
      <y>132.11469705031178</y>
      <steeringAngle>0.17766666666666667</steeringAngle>
      <velocity>8.0</velocity>
      <orientation>-5.382133372420044</orientation>
      <time>60</time>
    </ksState>
    <ksState>
      <x>187.69538427243717</x>
      <y>132.79727079274315</y>
      <steeringAngle>0.14213333333333336</steeringAngle>
      <velocity>8.0</velocity>
      <orientation>-5.332098560871295</orientation>
      <time>61</time>
    </ksState>
    <ksState>
      <x>188.10113557414292</x>
      <y>133.48894426389217</y>
      <steeringAngle>0.1066000000000001</steeringAngle>
      <velocity>8.0</velocity>
      <orientation>-5.293314708864298</orientation>
      <time>62</time>
    </ksState>
    <ksState>
      <x>188.49709600463888</x>
      <y>134.18520439614753</y>
      <steeringAngle>0.07106666666666674</steeringAngle>
      <velocity>8.0</velocity>
      <orientation>-5.265682229834611</orientation>
      <time>63</time>
    </ksState>
    <ksState>
      <x>188.89107109691543</x>
      <y>134.8818808745745</y>
      <steeringAngle>0.035533333333333354</steeringAngle>
      <velocity>8.0</velocity>
      <orientation>-5.2491307092055814</orientation>
      <time>64</time>
    </ksState>
    <ksState>
      <x>189.29086107697958</x>
      <y>135.5748738594852</y>
      <steeringAngle>2.0816681711721685e-17</steeringAngle>
      <velocity>8.0</velocity>
      <orientation>-5.243618182747177</orientation>
      <time>65</time>
    </ksState>
    <ksState>
      <x>189.7041529068363</x>
      <y>136.259883376605</y>
      <steeringAngle>-0.03553333333333333</steeringAngle>
      <velocity>8.0</velocity>
      <orientation>-5.249130717750016</orientation>
      <time>66</time>
    </ksState>
    <ksState>
      <x>190.13840041560056</x>
      <y>136.93214387311772</y>
      <steeringAngle>-0.07106666666666667</steeringAngle>
      <velocity>8.0</velocity>
      <orientation>-5.265682238630285</orientation>
      <time>67</time>
    </ksState>
    <ksState>
      <x>190.60067675019886</x>
      <y>137.58616753713397</y>
      <steeringAngle>-0.10659999999999997</steeringAngle>
      <velocity>8.0</velocity>
      <orientation>-5.29331471792098</orientation>
      <time>68</time>
    </ksState>
    <ksState>
      <x>191.09748403092092</x>
      <y>138.21550379047966</y>
      <steeringAngle>-0.1421333333333333</steeringAngle>
      <velocity>8.0</velocity>
      <orientation>-5.332098570193716</orientation>
      <time>69</time>
    </ksState>
    <ksState>
      <x>191.63450519763032</x>
      <y>138.81252441268745</y>
      <steeringAngle>-0.17766666666666667</steeringAngle>
      <velocity>8.0</velocity>
      <orientation>-5.38213338244287</orientation>
      <time>70</time>
    </ksState>
    <ksState>
      <x>192.18629196139622</x>
      <y>139.34140988959237</y>
      <steeringAngle>-0.21320000000000014</steeringAngle>
      <velocity>7.200000000000003</velocity>
      <orientation>-5.440382709514362</orientation>
      <time>71</time>
    </ksState>
    <ksState>
      <x>192.71766531659492</x>
      <y>139.7744844130595</y>
      <steeringAngle>-0.24873333333333347</steeringAngle>
      <velocity>6.400000000000004</velocity>
      <orientation>-5.502299797000142</orientation>
      <time>72</time>
    </ksState>
    <ksState>
      <x>193.21808089457699</x>
      <y>140.11730015895188</y>
      <steeringAngle>-0.2842666666666668</steeringAngle>
      <velocity>5.600000000000001</velocity>
      <orientation>-5.565721939764063</orientation>
      <time>73</time>
    </ksState>
    <ksState>
      <x>193.67666555695524</x>
      <y>140.37790133636327</y>
      <steeringAngle>-0.3198</steeringAngle>
      <velocity>4.800000000000002</velocity>
      <orientation>-5.628451039506015</orientation>
      <time>74</time>
    </ksState>
    <ksState>
      <x>194.08308394756983</x>
      <y>140.56646907641843</y>
      <steeringAngle>-0.3553333333333332</steeringAngle>
      <velocity>4.000000000000001</velocity>
      <orientation>-5.68824087355423</orientation>
      <time>75</time>
    </ksState>
    <ksState>
      <x>194.4620531299508</x>
      <y>140.71604865323135</y>
      <steeringAngle>-0.31979999999999986</steeringAngle>
      <velocity>4.0</velocity>
      <orientation>-5.74268907274761</orientation>
      <time>76</time>
    </ksState>
    <ksState>
      <x>194.8439167582237</x>
      <y>140.85354004352914</y>
      <steeringAngle>-0.28426666666666656</steeringAngle>
      <velocity>4.0</velocity>
      <orientation>-5.791019752228867</orientation>
      <time>77</time>
    </ksState>
    <ksState>
      <x>195.22776386688176</x>
      <y>140.98117450638495</y>
      <steeringAngle>-0.2487333333333332</steeringAngle>
      <velocity>4.0</velocity>
      <orientation>-5.833366985951742</orientation>
      <time>78</time>
    </ksState>
    <ksState>
      <x>195.61285579031363</x>
      <y>141.10117364988633</y>
      <steeringAngle>-0.21319999999999986</steeringAngle>
      <velocity>4.0</velocity>
      <orientation>-5.86984582702537</orientation>
      <time>79</time>
    </ksState>
    <ksState>
      <x>195.9985840041486</x>
      <y>141.21574404670588</y>
      <steeringAngle>-0.1776666666666665</steeringAngle>
      <velocity>4.0</velocity>
      <orientation>-5.900553609674198</orientation>
      <time>80</time>
    </ksState>
    <ksState>
      <x>196.38751092131764</x>
      <y>141.3187737801167</y>
      <steeringAngle>-0.21319999999999995</steeringAngle>
      <velocity>4.0</velocity>
      <orientation>-5.931261392311698</orientation>
      <time>81</time>
    </ksState>
    <ksState>
      <x>196.7823605906425</x>
      <y>141.4009265694705</y>
      <steeringAngle>-0.24873333333333336</steeringAngle>
      <velocity>4.0</velocity>
      <orientation>-5.967740233434392</orientation>
      <time>82</time>
    </ksState>
    <ksState>
      <x>197.18255338437197</x>
      <y>141.45946989167814</y>
      <steeringAngle>-0.2842666666666667</steeringAngle>
      <velocity>4.0</velocity>
      <orientation>-6.01008746727984</orientation>
      <time>83</time>
    </ksState>
    <ksState>
      <x>197.58707526646194</x>
      <y>141.49156849514702</y>
      <steeringAngle>-0.31980000000000003</steeringAngle>
      <velocity>4.0</velocity>
      <orientation>-6.058418148646975</orientation>
      <time>84</time>
    </ksState>
    <ksState>
      <x>197.99440829441716</x>
      <y>141.49431695342986</y>
      <steeringAngle>-0.35533333333333333</steeringAngle>
      <velocity>4.0</velocity>
      <orientation>-6.112866349825254</orientation>
      <time>85</time>
    </ksState>
    <ksState>
      <x>198.40245599226375</x>
      <y>141.46478904945906</y>
      <steeringAngle>-0.39086666666666653</steeringAngle>
      <velocity>4.0</velocity>
      <orientation>-6.173586716131241</orientation>
      <time>86</time>
    </ksState>
    <ksState>
      <x>198.80846510206092</x>
      <y>141.40010762157343</y>
      <steeringAngle>-0.42639999999999995</steeringAngle>
      <velocity>4.0</velocity>
      <orientation>-6.2407563295876445</orientation>
      <time>87</time>
    </ksState>
    <ksState>
      <x>199.20894635894567</x>
      <y>141.29753954211034</y>
      <steeringAngle>-0.4619333333333333</steeringAngle>
      <velocity>4.0</velocity>
      <orientation>-0.03139160604040203</orientation>
      <time>88</time>
    </ksState>
    <ksState>
      <x>199.59959815901917</x>
      <y>141.15462039727973</y>
      <steeringAngle>-0.49746666666666667</steeringAngle>
      <velocity>4.0</velocity>
      <orientation>-0.11209214785362231</orientation>
      <time>89</time>
    </ksState>
    <ksState>
      <x>199.9752388914313</x>
      <y>140.96931428379267</y>
      <steeringAngle>-0.533</steeringAngle>
      <velocity>4.0</velocity>
      <orientation>-0.1999320144534309</orientation>
      <time>90</time>
    </ksState>
    <ksState>
      <x>200.3314395061962</x>
      <y>140.74582884188203</y>
      <steeringAngle>-0.533</steeringAngle>
      <velocity>4.0</velocity>
      <orientation>-0.29143631300825074</orientation>
      <time>91</time>
    </ksState>
    <ksState>
      <x>200.66572859898693</x>
      <y>140.49072994380882</y>
      <steeringAngle>-0.533</steeringAngle>
      <velocity>4.0</velocity>
      <orientation>-0.38294061156307063</orientation>
      <time>92</time>
    </ksState>
    <ksState>
      <x>200.97530907752224</x>
      <y>140.20615205684328</y>
      <steeringAngle>-0.533</steeringAngle>
      <velocity>4.0</velocity>
      <orientation>-0.4744449101178905</orientation>
      <time>93</time>
    </ksState>
    <ksState>
      <x>201.2575906215026</x>
      <y>139.89447629958005</y>
      <steeringAngle>-0.533</steeringAngle>
      <velocity>4.0</velocity>
      <orientation>-0.5659492086727104</orientation>
      <time>94</time>
    </ksState>
    <ksState>
      <x>201.51021132638274</x>
      <y>139.55831052365392</y>
      <steeringAngle>-0.533</steeringAngle>
      <velocity>4.0</velocity>
      <orientation>-0.6574535072275302</orientation>
      <time>95</time>
    </ksState>
    <ksState>
      <x>201.7137462272756</x>
      <y>139.2407689478214</y>
      <steeringAngle>-0.4974666666666667</steeringAngle>
      <velocity>3.1999999999999993</velocity>
      <orientation>-0.7366307103367696</orientation>
      <time>96</time>
    </ksState>
    <ksState>
      <x>201.85987726125188</x>
      <y>138.98872247952923</y>
      <steeringAngle>-0.4619333333333334</steeringAngle>
      <velocity>2.3999999999999986</velocity>
      <orientation>-0.7932378177389785</orientation>
      <time>97</time>
    </ksState>
    <ksState>
      <x>201.95926307394444</x>
      <y>138.80734463497308</y>
      <steeringAngle>-0.4264000000000001</steeringAngle>
      <velocity>1.5999999999999979</velocity>
      <orientation>-0.8302607779530371</orientation>
      <time>98</time>
    </ksState>
    <ksState>
      <x>202.0178370947771</x>
      <y>138.69871450538503</y>
      <steeringAngle>-0.39086666666666675</steeringAngle>
      <velocity>0.7999999999999972</velocity>
      <orientation>-0.8505207471758636</orientation>
      <time>99</time>
    </ksState>
  </ksTrajectory>
</CommonRoadSolution>
