<?xml version="1.0" ?>
<CommonRoadSolution benchmark_id="KS2:SM1:FRA_MoissyCramayel-1_1_T-1:2020a" computation_time="0.831676258000698" date="2023-11-26T00:13:30">
  <ksTrajectory planningProblem="1">
    <ksState>
      <x>-273.48767</x>
      <y>-648.75505</y>
      <steeringAngle>0.0</steeringAngle>
      <velocity>16.0</velocity>
      <orientation>-1.459762</orientation>
      <time>0</time>
    </ksState>
    <ksState>
      <x>-273.3148121449605</x>
      <y>-650.3054435503304</y>
      <steeringAngle>0.0</steeringAngle>
      <velocity>15.2</velocity>
      <orientation>-1.459762</orientation>
      <time>1</time>
    </ksState>
    <ksState>
      <x>-273.1508187953702</x>
      <y>-651.7763297385453</y>
      <steeringAngle>0.0</steeringAngle>
      <velocity>14.400000000000002</velocity>
      <orientation>-1.459762</orientation>
      <time>2</time>
    </ksState>
    <ksState>
      <x>-272.9956899511879</x>
      <y>-653.1677085650125</y>
      <steeringAngle>0.0</steeringAngle>
      <velocity>13.600000000000001</velocity>
      <orientation>-1.459762</orientation>
      <time>3</time>
    </ksState>
    <ksState>
      <x>-272.84942561240126</x>
      <y>-654.4795800298433</y>
      <steeringAngle>0.0</steeringAngle>
      <velocity>12.800000000000004</velocity>
      <orientation>-1.459762</orientation>
      <time>4</time>
    </ksState>
    <ksState>
      <x>-272.7120257790064</x>
      <y>-655.711944133073</y>
      <steeringAngle>0.0</steeringAngle>
      <velocity>12.000000000000002</velocity>
      <orientation>-1.459762</orientation>
      <time>5</time>
    </ksState>
    <ksState>
      <x>-272.5834904509267</x>
      <y>-656.8648008753884</y>
      <steeringAngle>0.0</steeringAngle>
      <velocity>11.200000000000001</velocity>
      <orientation>-1.459762</orientation>
      <time>6</time>
    </ksState>
    <ksState>
      <x>-272.4638196282855</x>
      <y>-657.938150255683</y>
      <steeringAngle>0.0</steeringAngle>
      <velocity>10.4</velocity>
      <orientation>-1.459762</orientation>
      <time>7</time>
    </ksState>
    <ksState>
      <x>-272.35301331104847</x>
      <y>-658.9319922742649</y>
      <steeringAngle>0.0</steeringAngle>
      <velocity>9.599999999999998</velocity>
      <orientation>-1.459762</orientation>
      <time>8</time>
    </ksState>
    <ksState>
      <x>-272.25107149920586</x>
      <y>-659.8463269312214</y>
      <steeringAngle>0.0</steeringAngle>
      <velocity>8.799999999999999</velocity>
      <orientation>-1.459762</orientation>
      <time>9</time>
    </ksState>
    <ksState>
      <x>-272.15799419275453</x>
      <y>-660.6811542265812</y>
      <steeringAngle>0.0</steeringAngle>
      <velocity>7.999999999999997</velocity>
      <orientation>-1.459762</orientation>
      <time>10</time>
    </ksState>
    <ksState>
      <x>-272.0600965176457</x>
      <y>-661.475171997402</y>
      <steeringAngle>0.03553333333333333</steeringAngle>
      <velocity>8.0</velocity>
      <orientation>-1.4542494649971611</orientation>
      <time>11</time>
    </ksState>
    <ksState>
      <x>-271.93786529458015</x>
      <y>-662.2660984175874</y>
      <steeringAngle>0.07106666666666667</steeringAngle>
      <velocity>8.0</velocity>
      <orientation>-1.4376979441168916</orientation>
      <time>12</time>
    </ksState>
    <ksState>
      <x>-271.78260398438476</x>
      <y>-663.0518084710927</y>
      <steeringAngle>0.10659999999999997</steeringAngle>
      <velocity>8.0</velocity>
      <orientation>-1.4100654648261968</orientation>
      <time>13</time>
    </ksState>
    <ksState>
      <x>-271.5857446512859</x>
      <y>-663.8290651834635</y>
      <steeringAngle>0.1421333333333333</steeringAngle>
      <velocity>8.0</velocity>
      <orientation>-1.3712816125534617</orientation>
      <time>14</time>
    </ksState>
    <ksState>
      <x>-271.33898687349443</x>
      <y>-664.5932222065516</y>
      <steeringAngle>0.17766666666666667</steeringAngle>
      <velocity>8.0</velocity>
      <orientation>-1.3212468003043072</orientation>
      <time>15</time>
    </ksState>
    <ksState>
      <x>-271.0528679578173</x>
      <y>-665.3436727350022</y>
      <steeringAngle>0.14213333333333336</steeringAngle>
      <velocity>8.0</velocity>
      <orientation>-1.2712119887555589</orientation>
      <time>16</time>
    </ksState>
    <ksState>
      <x>-270.7489076204541</x>
      <y>-666.0857336643318</y>
      <steeringAngle>0.1066000000000001</steeringAngle>
      <velocity>8.0</velocity>
      <orientation>-1.2324281367485614</orientation>
      <time>17</time>
    </ksState>
    <ksState>
      <x>-270.4353630852098</x>
      <y>-666.8227904183916</y>
      <steeringAngle>0.07106666666666674</steeringAngle>
      <velocity>8.0</velocity>
      <orientation>-1.2047956577188745</orientation>
      <time>18</time>
    </ksState>
    <ksState>
      <x>-270.1202836095611</x>
      <y>-667.558520948513</y>
      <steeringAngle>0.035533333333333354</steeringAngle>
      <velocity>8.0</velocity>
      <orientation>-1.188244137089845</orientation>
      <time>19</time>
    </ksState>
    <ksState>
      <x>-269.8116591928665</x>
      <y>-668.2966417209581</y>
      <steeringAngle>2.0816681711721685e-17</steeringAngle>
      <velocity>8.0</velocity>
      <orientation>-1.1827316106314403</orientation>
      <time>20</time>
    </ksState>
    <ksState>
      <x>-269.500329936708</x>
      <y>-669.0336100170406</y>
      <steeringAngle>0.03553333333333333</steeringAngle>
      <velocity>8.0</velocity>
      <orientation>-1.1772190756286014</orientation>
      <time>21</time>
    </ksState>
    <ksState>
      <x>-269.16644041117956</x>
      <y>-669.7609495930174</y>
      <steeringAngle>0.07106666666666667</steeringAngle>
      <velocity>8.0</velocity>
      <orientation>-1.1606675547483318</orientation>
      <time>22</time>
    </ksState>
    <ksState>
      <x>-268.8022068527952</x>
      <y>-670.4742379481511</y>
      <steeringAngle>0.10659999999999997</steeringAngle>
      <velocity>8.0</velocity>
      <orientation>-1.133035075457637</orientation>
      <time>23</time>
    </ksState>
    <ksState>
      <x>-268.40027331921226</x>
      <y>-671.1680181932829</y>
      <steeringAngle>0.1421333333333333</steeringAngle>
      <velocity>8.0</velocity>
      <orientation>-1.094251223184902</orientation>
      <time>24</time>
    </ksState>
    <ksState>
      <x>-267.9539266466377</x>
      <y>-671.8355509675472</y>
      <steeringAngle>0.17766666666666667</steeringAngle>
      <velocity>8.0</velocity>
      <orientation>-1.0442164109357472</orientation>
      <time>25</time>
    </ksState>
    <ksState>
      <x>-267.4734683356075</x>
      <y>-672.4791345603479</y>
      <steeringAngle>0.14213333333333336</steeringAngle>
      <velocity>8.0</velocity>
      <orientation>-0.9941815993869988</orientation>
      <time>26</time>
    </ksState>
    <ksState>
      <x>-266.9781434223031</x>
      <y>-673.1097687964843</y>
      <steeringAngle>0.1066000000000001</steeringAngle>
      <velocity>8.0</velocity>
      <orientation>-0.9553977473800015</orientation>
      <time>27</time>
    </ksState>
    <ksState>
      <x>-266.4749683829848</x>
      <y>-673.7329683745439</y>
      <steeringAngle>0.07106666666666674</steeringAngle>
      <velocity>8.0</velocity>
      <orientation>-0.9277652683503146</orientation>
      <time>28</time>
    </ksState>
    <ksState>
      <x>-265.97067965054765</x>
      <y>-674.3544724881784</y>
      <steeringAngle>0.035533333333333354</steeringAngle>
      <velocity>8.0</velocity>
      <orientation>-0.9112137477212852</orientation>
      <time>29</time>
    </ksState>
    <ksState>
      <x>-265.471946125318</x>
      <y>-674.9800411703447</y>
      <steeringAngle>2.0816681711721685e-17</steeringAngle>
      <velocity>8.0</velocity>
      <orientation>-0.9057012212628803</orientation>
      <time>30</time>
    </ksState>
    <ksState>
      <x>-265.0097134806262</x>
      <y>-675.5833516216693</y>
      <steeringAngle>-0.03553333333333333</steeringAngle>
      <velocity>7.199999999999999</velocity>
      <orientation>-0.9108462342453727</orientation>
      <time>31</time>
    </ksState>
    <ksState>
      <x>-264.61196025713093</x>
      <y>-676.1352203089597</y>
      <steeringAngle>-0.07106666666666664</steeringAngle>
      <velocity>6.400000000000001</velocity>
      <orientation>-0.9248229063663358</orientation>
      <time>32</time>
    </ksState>
    <ksState>
      <x>-264.2790271866021</x>
      <y>-676.6352002389913</y>
      <steeringAngle>-0.10659999999999997</steeringAngle>
      <velocity>5.600000000000004</velocity>
      <orientation>-0.9454546742322172</orientation>
      <time>33</time>
    </ksState>
  </ksTrajectory>
</CommonRoadSolution>
