<?xml version="1.0" ?>
<CommonRoadSolution benchmark_id="KS2:SM1:ITA_Siderno-8_4_T-1:2020a" computation_time="0.49324494500069704" date="2023-11-26T00:13:30">
  <ksTrajectory planningProblem="1">
    <ksState>
      <x>607.45826</x>
      <y>-654.86799</y>
      <steeringAngle>0.0</steeringAngle>
      <velocity>4.0</velocity>
      <orientation>-2.3090346</orientation>
      <time>0</time>
    </ksState>
    <ksState>
      <x>607.2159850817076</x>
      <y>-655.1342659155958</y>
      <steeringAngle>0.0</steeringAngle>
      <velocity>3.2</velocity>
      <orientation>-2.3090346</orientation>
      <time>1</time>
    </ksState>
    <ksState>
      <x>607.0275490343689</x>
      <y>-655.3413694052596</y>
      <steeringAngle>0.0</steeringAngle>
      <velocity>2.4000000000000004</velocity>
      <orientation>-2.3090346</orientation>
      <time>2</time>
    </ksState>
    <ksState>
      <x>606.8929518579158</x>
      <y>-655.4893004690663</y>
      <steeringAngle>0.0</steeringAngle>
      <velocity>1.6</velocity>
      <orientation>-2.3090346</orientation>
      <time>3</time>
    </ksState>
    <ksState>
      <x>606.8121935523207</x>
      <y>-655.5780591070462</y>
      <steeringAngle>0.0</steeringAngle>
      <velocity>0.7999999999999998</velocity>
      <orientation>-2.3090346</orientation>
      <time>4</time>
    </ksState>
    <ksState>
      <x>606.7852741175478</x>
      <y>-655.6076453192384</y>
      <steeringAngle>0.0</steeringAngle>
      <velocity>-3.3306690738754696e-16</velocity>
      <orientation>-2.3090346</orientation>
      <time>5</time>
    </ksState>
    <ksState>
      <x>606.7852741175478</x>
      <y>-655.6076453192384</y>
      <steeringAngle>0.0</steeringAngle>
      <velocity>0.0</velocity>
      <orientation>-2.3090346</orientation>
      <time>6</time>
    </ksState>
    <ksState>
      <x>606.7852741175478</x>
      <y>-655.6076453192384</y>
      <steeringAngle>0.0</steeringAngle>
      <velocity>0.0</velocity>
      <orientation>-2.3090346</orientation>
      <time>7</time>
    </ksState>
    <ksState>
      <x>606.7852741175478</x>
      <y>-655.6076453192384</y>
      <steeringAngle>0.0</steeringAngle>
      <velocity>0.0</velocity>
      <orientation>-2.3090346</orientation>
      <time>8</time>
    </ksState>
    <ksState>
      <x>606.7852741175478</x>
      <y>-655.6076453192384</y>
      <steeringAngle>0.0</steeringAngle>
      <velocity>0.0</velocity>
      <orientation>-2.3090346</orientation>
      <time>9</time>
    </ksState>
    <ksState>
      <x>606.7852741175478</x>
      <y>-655.6076453192384</y>
      <steeringAngle>0.0</steeringAngle>
      <velocity>0.0</velocity>
      <orientation>-2.3090346</orientation>
      <time>10</time>
    </ksState>
    <ksState>
      <x>606.758354681616</x>
      <y>-655.6372315327045</y>
      <steeringAngle>0.0</steeringAngle>
      <velocity>0.8</velocity>
      <orientation>-2.3090346</orientation>
      <time>11</time>
    </ksState>
    <ksState>
      <x>606.677596374618</x>
      <y>-655.7259901722261</y>
      <steeringAngle>0.0</steeringAngle>
      <velocity>1.6</velocity>
      <orientation>-2.3090346</orientation>
      <time>12</time>
    </ksState>
    <ksState>
      <x>606.5429991966718</x>
      <y>-655.8739212376738</y>
      <steeringAngle>0.0</steeringAngle>
      <velocity>2.4000000000000004</velocity>
      <orientation>-2.3090346</orientation>
      <time>13</time>
    </ksState>
    <ksState>
      <x>606.3545631478129</x>
      <y>-656.0810247290085</y>
      <steeringAngle>0.0</steeringAngle>
      <velocity>3.2000000000000006</velocity>
      <orientation>-2.3090346</orientation>
      <time>14</time>
    </ksState>
    <ksState>
      <x>606.112288228056</x>
      <y>-656.347300646214</y>
      <steeringAngle>0.0</steeringAngle>
      <velocity>4.000000000000001</velocity>
      <orientation>-2.3090346</orientation>
      <time>15</time>
    </ksState>
    <ksState>
      <x>605.8161744374949</x>
      <y>-656.6727489891871</y>
      <steeringAngle>0.0</steeringAngle>
      <velocity>4.8</velocity>
      <orientation>-2.3090346</orientation>
      <time>16</time>
    </ksState>
    <ksState>
      <x>605.4662217760181</x>
      <y>-657.0573697580504</y>
      <steeringAngle>0.0</steeringAngle>
      <velocity>5.6</velocity>
      <orientation>-2.3090346</orientation>
      <time>17</time>
    </ksState>
    <ksState>
      <x>605.0624302436362</x>
      <y>-657.5011629527925</y>
      <steeringAngle>0.0</steeringAngle>
      <velocity>6.4</velocity>
      <orientation>-2.3090346</orientation>
      <time>18</time>
    </ksState>
    <ksState>
      <x>604.6047998403557</x>
      <y>-658.004128573406</y>
      <steeringAngle>0.0</steeringAngle>
      <velocity>7.199999999999999</velocity>
      <orientation>-2.3090346</orientation>
      <time>19</time>
    </ksState>
    <ksState>
      <x>604.0933305661803</x>
      <y>-658.5662666198867</y>
      <steeringAngle>0.0</steeringAngle>
      <velocity>7.999999999999998</velocity>
      <orientation>-2.3090346</orientation>
      <time>20</time>
    </ksState>
    <ksState>
      <x>603.5480699300421</x>
      <y>-659.1517057831217</y>
      <steeringAngle>-0.03553333333333333</steeringAngle>
      <velocity>8.0</velocity>
      <orientation>-2.314547135002839</orientation>
      <time>21</time>
    </ksState>
    <ksState>
      <x>602.9849213721758</x>
      <y>-659.7203610176995</y>
      <steeringAngle>-0.07106666666666667</steeringAngle>
      <velocity>8.0</velocity>
      <orientation>-2.331098655883108</orientation>
      <time>22</time>
    </ksState>
    <ksState>
      <x>602.398090687704</x>
      <y>-660.2654079059441</y>
      <steeringAngle>-0.10659999999999997</steeringAngle>
      <velocity>8.0</velocity>
      <orientation>-2.3587311351738034</orientation>
      <time>23</time>
    </ksState>
    <ksState>
      <x>601.7825403879488</x>
      <y>-660.7791971841749</y>
      <steeringAngle>-0.1421333333333333</steeringAngle>
      <velocity>8.0</velocity>
      <orientation>-2.397514987446538</orientation>
      <time>24</time>
    </ksState>
    <ksState>
      <x>601.1342767204166</x>
      <y>-661.2530954582728</y>
      <steeringAngle>-0.17766666666666667</steeringAngle>
      <velocity>8.0</velocity>
      <orientation>-2.4475497996956928</orientation>
      <time>25</time>
    </ksState>
    <ksState>
      <x>600.4621875673135</x>
      <y>-661.6927955831778</y>
      <steeringAngle>-0.14213333333333336</steeringAngle>
      <velocity>8.0</velocity>
      <orientation>-2.497584611244441</orientation>
      <time>26</time>
    </ksState>
    <ksState>
      <x>599.7805764357943</x>
      <y>-662.1152320575931</y>
      <steeringAngle>-0.1066000000000001</steeringAngle>
      <velocity>8.0</velocity>
      <orientation>-2.5363684632514385</orientation>
      <time>27</time>
    </ksState>
    <ksState>
      <x>599.0941421174183</x>
      <y>-662.5279919888393</y>
      <steeringAngle>-0.07106666666666674</steeringAngle>
      <velocity>8.0</velocity>
      <orientation>-2.5640009422811256</orientation>
      <time>28</time>
    </ksState>
    <ksState>
      <x>598.4072433398551</x>
      <y>-662.9387772835005</y>
      <steeringAngle>-0.035533333333333354</steeringAngle>
      <velocity>8.0</velocity>
      <orientation>-2.5805524629101546</orientation>
      <time>29</time>
    </ksState>
    <ksState>
      <x>597.7241682473922</x>
      <y>-663.355286255015</y>
      <steeringAngle>-2.0816681711721685e-17</steeringAngle>
      <velocity>8.0</velocity>
      <orientation>-2.5860649893685594</orientation>
      <time>30</time>
    </ksState>
    <ksState>
      <x>597.0739311776332</x>
      <y>-663.7487761171556</y>
      <steeringAngle>-0.03553333333333333</steeringAngle>
      <velocity>7.199999999999999</velocity>
      <orientation>-2.5912100023510516</orientation>
      <time>31</time>
    </ksState>
    <ksState>
      <x>596.4818781189567</x>
      <y>-664.0837982813841</y>
      <steeringAngle>-0.07106666666666664</steeringAngle>
      <velocity>6.400000000000001</velocity>
      <orientation>-2.605186674472015</orientation>
      <time>32</time>
    </ksState>
    <ksState>
      <x>595.9484906426441</x>
      <y>-664.360062937102</y>
      <steeringAngle>-0.10659999999999997</steeringAngle>
      <velocity>5.600000000000004</velocity>
      <orientation>-2.6258184423378963</orientation>
      <time>33</time>
    </ksState>
  </ksTrajectory>
</CommonRoadSolution>
