<?xml version="1.0" ?>
<CommonRoadSolution benchmark_id="KS2:SM1:ESP_Monzon-7_2_T-1:2020a" computation_time="0.5058839039993472" date="2023-11-26T00:13:30">
  <ksTrajectory planningProblem="1">
    <ksState>
      <x>843.20354</x>
      <y>-93.698709</y>
      <steeringAngle>0.0</steeringAngle>
      <velocity>8.0</velocity>
      <orientation>0.91520713</orientation>
      <time>0</time>
    </ksState>
    <ksState>
      <x>843.6668560626936</x>
      <y>-93.09626545497257</y>
      <steeringAngle>0.0</steeringAngle>
      <velocity>7.200000000000001</velocity>
      <orientation>0.91520713</orientation>
      <time>1</time>
    </ksState>
    <ksState>
      <x>844.0814020132987</x>
      <y>-92.55723702024196</y>
      <steeringAngle>0.0</steeringAngle>
      <velocity>6.400000000000001</velocity>
      <orientation>0.91520713</orientation>
      <time>2</time>
    </ksState>
    <ksState>
      <x>844.4471778519372</x>
      <y>-92.08162369564954</y>
      <steeringAngle>0.0</steeringAngle>
      <velocity>5.600000000000001</velocity>
      <orientation>0.91520713</orientation>
      <time>3</time>
    </ksState>
    <ksState>
      <x>844.7641835786436</x>
      <y>-91.66942548115048</y>
      <steeringAngle>0.0</steeringAngle>
      <velocity>4.800000000000001</velocity>
      <orientation>0.91520713</orientation>
      <time>4</time>
    </ksState>
    <ksState>
      <x>845.0324191934307</x>
      <y>-91.32064237672833</y>
      <steeringAngle>0.0</steeringAngle>
      <velocity>4.000000000000001</velocity>
      <orientation>0.91520713</orientation>
      <time>5</time>
    </ksState>
    <ksState>
      <x>845.2518846963952</x>
      <y>-91.03527438225701</y>
      <steeringAngle>0.0</steeringAngle>
      <velocity>3.2</velocity>
      <orientation>0.91520713</orientation>
      <time>6</time>
    </ksState>
    <ksState>
      <x>845.4225800873886</x>
      <y>-90.81332149793002</y>
      <steeringAngle>0.0</steeringAngle>
      <velocity>2.4000000000000004</velocity>
      <orientation>0.91520713</orientation>
      <time>7</time>
    </ksState>
    <ksState>
      <x>845.5445053664728</x>
      <y>-90.65478372366655</y>
      <steeringAngle>0.0</steeringAngle>
      <velocity>1.6</velocity>
      <orientation>0.91520713</orientation>
      <time>8</time>
    </ksState>
    <ksState>
      <x>845.6176605336726</x>
      <y>-90.55966105943449</y>
      <steeringAngle>0.0</steeringAngle>
      <velocity>0.7999999999999998</velocity>
      <orientation>0.91520713</orientation>
      <time>9</time>
    </ksState>
    <ksState>
      <x>845.6420455890203</x>
      <y>-90.5279535051918</y>
      <steeringAngle>0.0</steeringAngle>
      <velocity>-3.3306690738754696e-16</velocity>
      <orientation>0.91520713</orientation>
      <time>10</time>
    </ksState>
    <ksState>
      <x>845.6420455890203</x>
      <y>-90.5279535051918</y>
      <steeringAngle>0.0</steeringAngle>
      <velocity>0.0</velocity>
      <orientation>0.91520713</orientation>
      <time>11</time>
    </ksState>
    <ksState>
      <x>845.6420455890203</x>
      <y>-90.5279535051918</y>
      <steeringAngle>0.0</steeringAngle>
      <velocity>0.0</velocity>
      <orientation>0.91520713</orientation>
      <time>12</time>
    </ksState>
    <ksState>
      <x>845.6420455890203</x>
      <y>-90.5279535051918</y>
      <steeringAngle>0.0</steeringAngle>
      <velocity>0.0</velocity>
      <orientation>0.91520713</orientation>
      <time>13</time>
    </ksState>
    <ksState>
      <x>845.6420455890203</x>
      <y>-90.5279535051918</y>
      <steeringAngle>0.0</steeringAngle>
      <velocity>0.0</velocity>
      <orientation>0.91520713</orientation>
      <time>14</time>
    </ksState>
    <ksState>
      <x>845.6420455890203</x>
      <y>-90.5279535051918</y>
      <steeringAngle>0.0</steeringAngle>
      <velocity>0.0</velocity>
      <orientation>0.91520713</orientation>
      <time>15</time>
    </ksState>
    <ksState>
      <x>845.6420455890203</x>
      <y>-90.5279535051918</y>
      <steeringAngle>0.0</steeringAngle>
      <velocity>0.0</velocity>
      <orientation>0.91520713</orientation>
      <time>16</time>
    </ksState>
    <ksState>
      <x>845.6420455890203</x>
      <y>-90.5279535051918</y>
      <steeringAngle>0.0</steeringAngle>
      <velocity>0.0</velocity>
      <orientation>0.91520713</orientation>
      <time>17</time>
    </ksState>
    <ksState>
      <x>845.6420455890203</x>
      <y>-90.5279535051918</y>
      <steeringAngle>0.0</steeringAngle>
      <velocity>0.0</velocity>
      <orientation>0.91520713</orientation>
      <time>18</time>
    </ksState>
    <ksState>
      <x>845.6420455890203</x>
      <y>-90.5279535051918</y>
      <steeringAngle>0.0</steeringAngle>
      <velocity>0.0</velocity>
      <orientation>0.91520713</orientation>
      <time>19</time>
    </ksState>
    <ksState>
      <x>845.6420455890203</x>
      <y>-90.5279535051918</y>
      <steeringAngle>0.0</steeringAngle>
      <velocity>0.0</velocity>
      <orientation>0.91520713</orientation>
      <time>20</time>
    </ksState>
    <ksState>
      <x>845.666430645418</x>
      <y>-90.49624594958384</y>
      <steeringAngle>0.0</steeringAngle>
      <velocity>0.8</velocity>
      <orientation>0.91520713</orientation>
      <time>21</time>
    </ksState>
    <ksState>
      <x>845.7395858138885</x>
      <y>-90.40112328369943</y>
      <steeringAngle>0.0</steeringAngle>
      <velocity>1.6</velocity>
      <orientation>0.91520713</orientation>
      <time>22</time>
    </ksState>
    <ksState>
      <x>845.8615110943252</x>
      <y>-90.24258550767735</y>
      <steeringAngle>0.0</steeringAngle>
      <velocity>2.4000000000000004</velocity>
      <orientation>0.91520713</orientation>
      <time>23</time>
    </ksState>
    <ksState>
      <x>846.0322064866958</x>
      <y>-90.02063262155957</y>
      <steeringAngle>0.0</steeringAngle>
      <velocity>3.2000000000000006</velocity>
      <orientation>0.91520713</orientation>
      <time>24</time>
    </ksState>
    <ksState>
      <x>846.251671990987</x>
      <y>-89.73526462536334</y>
      <steeringAngle>0.0</steeringAngle>
      <velocity>4.000000000000001</velocity>
      <orientation>0.91520713</orientation>
      <time>25</time>
    </ksState>
    <ksState>
      <x>846.4711374939516</x>
      <y>-89.44989663089203</y>
      <steeringAngle>0.0</steeringAngle>
      <velocity>3.2</velocity>
      <orientation>0.91520713</orientation>
      <time>26</time>
    </ksState>
    <ksState>
      <x>846.641832884945</x>
      <y>-89.22794374656503</y>
      <steeringAngle>0.0</steeringAngle>
      <velocity>2.4000000000000004</velocity>
      <orientation>0.91520713</orientation>
      <time>27</time>
    </ksState>
    <ksState>
      <x>846.7637581640291</x>
      <y>-89.06940597230157</y>
      <steeringAngle>0.0</steeringAngle>
      <velocity>1.6</velocity>
      <orientation>0.91520713</orientation>
      <time>28</time>
    </ksState>
    <ksState>
      <x>846.836913331229</x>
      <y>-88.9742833080695</y>
      <steeringAngle>0.0</steeringAngle>
      <velocity>0.7999999999999998</velocity>
      <orientation>0.91520713</orientation>
      <time>29</time>
    </ksState>
    <ksState>
      <x>846.8612983865767</x>
      <y>-88.94257575382682</y>
      <steeringAngle>0.0</steeringAngle>
      <velocity>-3.3306690738754696e-16</velocity>
      <orientation>0.91520713</orientation>
      <time>30</time>
    </ksState>
    <ksState>
      <x>846.8856834429744</x>
      <y>-88.91086819821885</y>
      <steeringAngle>0.0</steeringAngle>
      <velocity>0.8</velocity>
      <orientation>0.91520713</orientation>
      <time>31</time>
    </ksState>
    <ksState>
      <x>846.9588386114449</x>
      <y>-88.81574553233445</y>
      <steeringAngle>0.0</steeringAngle>
      <velocity>1.6</velocity>
      <orientation>0.91520713</orientation>
      <time>32</time>
    </ksState>
    <ksState>
      <x>847.0807638918816</x>
      <y>-88.65720775631236</y>
      <steeringAngle>0.0</steeringAngle>
      <velocity>2.4000000000000004</velocity>
      <orientation>0.91520713</orientation>
      <time>33</time>
    </ksState>
  </ksTrajectory>
</CommonRoadSolution>
