<?xml version="1.0" ?>
<CommonRoadSolution benchmark_id="KS2:SM1:ITA_Siderno-2_4_T-1:2020a" computation_time="0.3401826170002096" date="2023-11-26T00:13:30">
  <ksTrajectory planningProblem="1">
    <ksState>
      <x>184.84206</x>
      <y>-612.51591</y>
      <steeringAngle>0.0</steeringAngle>
      <velocity>8.0</velocity>
      <orientation>-2.1273178</orientation>
      <time>0</time>
    </ksState>
    <ksState>
      <x>184.44060079956904</x>
      <y>-613.1612242717191</y>
      <steeringAngle>0.0</steeringAngle>
      <velocity>7.200000000000001</velocity>
      <orientation>-2.1273178</orientation>
      <time>1</time>
    </ksState>
    <ksState>
      <x>184.08140046253723</x>
      <y>-613.7386107250478</y>
      <steeringAngle>0.0</steeringAngle>
      <velocity>6.400000000000001</velocity>
      <orientation>-2.1273178</orientation>
      <time>2</time>
    </ksState>
    <ksState>
      <x>183.76445898879882</x>
      <y>-614.2480693601558</y>
      <steeringAngle>0.0</steeringAngle>
      <velocity>5.600000000000001</velocity>
      <orientation>-2.1273178</orientation>
      <time>3</time>
    </ksState>
    <ksState>
      <x>183.48977637832397</x>
      <y>-614.6896001770912</y>
      <steeringAngle>0.0</steeringAngle>
      <velocity>4.800000000000001</velocity>
      <orientation>-2.1273178</orientation>
      <time>4</time>
    </ksState>
    <ksState>
      <x>183.2573526311017</x>
      <y>-615.0632031758715</y>
      <steeringAngle>0.0</steeringAngle>
      <velocity>4.000000000000001</velocity>
      <orientation>-2.1273178</orientation>
      <time>5</time>
    </ksState>
    <ksState>
      <x>183.067187747048</x>
      <y>-615.368878356632</y>
      <steeringAngle>0.0</steeringAngle>
      <velocity>3.2</velocity>
      <orientation>-2.1273178</orientation>
      <time>6</time>
    </ksState>
    <ksState>
      <x>182.9192817262918</x>
      <y>-615.6066257191652</y>
      <steeringAngle>0.0</steeringAngle>
      <velocity>2.4000000000000004</velocity>
      <orientation>-2.1273178</orientation>
      <time>7</time>
    </ksState>
    <ksState>
      <x>182.8136345687793</x>
      <y>-615.7764452635578</y>
      <steeringAngle>0.0</steeringAngle>
      <velocity>1.6</velocity>
      <orientation>-2.1273178</orientation>
      <time>8</time>
    </ksState>
    <ksState>
      <x>182.75024627448903</x>
      <y>-615.8783369898441</y>
      <steeringAngle>0.0</steeringAngle>
      <velocity>0.7999999999999998</velocity>
      <orientation>-2.1273178</orientation>
      <time>9</time>
    </ksState>
    <ksState>
      <x>182.72911684339303</x>
      <y>-615.9123008980692</y>
      <steeringAngle>0.0</steeringAngle>
      <velocity>-3.3306690738754696e-16</velocity>
      <orientation>-2.1273178</orientation>
      <time>10</time>
    </ksState>
    <ksState>
      <x>182.72911684339303</x>
      <y>-615.9123008980692</y>
      <steeringAngle>0.0</steeringAngle>
      <velocity>0.0</velocity>
      <orientation>-2.1273178</orientation>
      <time>11</time>
    </ksState>
    <ksState>
      <x>182.72911684339303</x>
      <y>-615.9123008980692</y>
      <steeringAngle>0.0</steeringAngle>
      <velocity>0.0</velocity>
      <orientation>-2.1273178</orientation>
      <time>12</time>
    </ksState>
    <ksState>
      <x>182.72911684339303</x>
      <y>-615.9123008980692</y>
      <steeringAngle>0.0</steeringAngle>
      <velocity>0.0</velocity>
      <orientation>-2.1273178</orientation>
      <time>13</time>
    </ksState>
    <ksState>
      <x>182.72911684339303</x>
      <y>-615.9123008980692</y>
      <steeringAngle>0.0</steeringAngle>
      <velocity>0.0</velocity>
      <orientation>-2.1273178</orientation>
      <time>14</time>
    </ksState>
    <ksState>
      <x>182.72911684339303</x>
      <y>-615.9123008980692</y>
      <steeringAngle>0.0</steeringAngle>
      <velocity>0.0</velocity>
      <orientation>-2.1273178</orientation>
      <time>15</time>
    </ksState>
    <ksState>
      <x>182.72911684339303</x>
      <y>-615.9123008980692</y>
      <steeringAngle>0.0</steeringAngle>
      <velocity>0.0</velocity>
      <orientation>-2.1273178</orientation>
      <time>16</time>
    </ksState>
    <ksState>
      <x>182.72911684339303</x>
      <y>-615.9123008980692</y>
      <steeringAngle>0.0</steeringAngle>
      <velocity>0.0</velocity>
      <orientation>-2.1273178</orientation>
      <time>17</time>
    </ksState>
    <ksState>
      <x>182.72911684339303</x>
      <y>-615.9123008980692</y>
      <steeringAngle>0.0</steeringAngle>
      <velocity>0.0</velocity>
      <orientation>-2.1273178</orientation>
      <time>18</time>
    </ksState>
    <ksState>
      <x>182.72911684339303</x>
      <y>-615.9123008980692</y>
      <steeringAngle>0.0</steeringAngle>
      <velocity>0.0</velocity>
      <orientation>-2.1273178</orientation>
      <time>19</time>
    </ksState>
    <ksState>
      <x>182.72911684339303</x>
      <y>-615.9123008980692</y>
      <steeringAngle>0.0</steeringAngle>
      <velocity>0.0</velocity>
      <orientation>-2.1273178</orientation>
      <time>20</time>
    </ksState>
    <ksState>
      <x>182.72911684339303</x>
      <y>-615.9123008980692</y>
      <steeringAngle>0.0</steeringAngle>
      <velocity>0.0</velocity>
      <orientation>-2.1273178</orientation>
      <time>21</time>
    </ksState>
    <ksState>
      <x>182.72911684339303</x>
      <y>-615.9123008980692</y>
      <steeringAngle>0.0</steeringAngle>
      <velocity>0.0</velocity>
      <orientation>-2.1273178</orientation>
      <time>22</time>
    </ksState>
    <ksState>
      <x>182.72911684339303</x>
      <y>-615.9123008980692</y>
      <steeringAngle>0.0</steeringAngle>
      <velocity>0.0</velocity>
      <orientation>-2.1273178</orientation>
      <time>23</time>
    </ksState>
    <ksState>
      <x>182.72911684339303</x>
      <y>-615.9123008980692</y>
      <steeringAngle>0.0</steeringAngle>
      <velocity>0.0</velocity>
      <orientation>-2.1273178</orientation>
      <time>24</time>
    </ksState>
    <ksState>
      <x>182.72911684339303</x>
      <y>-615.9123008980692</y>
      <steeringAngle>0.0</steeringAngle>
      <velocity>0.0</velocity>
      <orientation>-2.1273178</orientation>
      <time>25</time>
    </ksState>
    <ksState>
      <x>182.72911684339303</x>
      <y>-615.9123008980692</y>
      <steeringAngle>0.0</steeringAngle>
      <velocity>0.0</velocity>
      <orientation>-2.1273178</orientation>
      <time>26</time>
    </ksState>
    <ksState>
      <x>182.72911684339303</x>
      <y>-615.9123008980692</y>
      <steeringAngle>0.0</steeringAngle>
      <velocity>0.0</velocity>
      <orientation>-2.1273178</orientation>
      <time>27</time>
    </ksState>
    <ksState>
      <x>182.72911684339303</x>
      <y>-615.9123008980692</y>
      <steeringAngle>0.0</steeringAngle>
      <velocity>0.0</velocity>
      <orientation>-2.1273178</orientation>
      <time>28</time>
    </ksState>
    <ksState>
      <x>182.72911684339303</x>
      <y>-615.9123008980692</y>
      <steeringAngle>0.0</steeringAngle>
      <velocity>0.0</velocity>
      <orientation>-2.1273178</orientation>
      <time>29</time>
    </ksState>
    <ksState>
      <x>182.72911684339303</x>
      <y>-615.9123008980692</y>
      <steeringAngle>0.0</steeringAngle>
      <velocity>0.0</velocity>
      <orientation>-2.1273178</orientation>
      <time>30</time>
    </ksState>
    <ksState>
      <x>182.72911684339303</x>
      <y>-615.9123008980692</y>
      <steeringAngle>0.0</steeringAngle>
      <velocity>0.0</velocity>
      <orientation>-2.1273178</orientation>
      <time>31</time>
    </ksState>
    <ksState>
      <x>182.72911684339303</x>
      <y>-615.9123008980692</y>
      <steeringAngle>0.0</steeringAngle>
      <velocity>0.0</velocity>
      <orientation>-2.1273178</orientation>
      <time>32</time>
    </ksState>
    <ksState>
      <x>182.72911684339303</x>
      <y>-615.9123008980692</y>
      <steeringAngle>0.0</steeringAngle>
      <velocity>0.0</velocity>
      <orientation>-2.1273178</orientation>
      <time>33</time>
    </ksState>
  </ksTrajectory>
</CommonRoadSolution>
