<?xml version="1.0" ?>
<CommonRoadSolution benchmark_id="KS2:SM1:DEU_Flensburg-13_1_T-1:2020a" computation_time="3.956613871000002" date="2023-11-26T00:13:30">
  <ksTrajectory planningProblem="123">
    <ksState>
      <x>151.11456</x>
      <y>165.34444</y>
      <steeringAngle>0.0</steeringAngle>
      <velocity>8.0</velocity>
      <orientation>-2.7287167</orientation>
      <time>0</time>
    </ksState>
    <ksState>
      <x>150.3817834802651</x>
      <y>165.0234437817587</y>
      <steeringAngle>0.0</steeringAngle>
      <velocity>8.0</velocity>
      <orientation>-2.7287167</orientation>
      <time>1</time>
    </ksState>
    <ksState>
      <x>149.64900696053022</x>
      <y>164.70244756351738</y>
      <steeringAngle>0.0</steeringAngle>
      <velocity>8.0</velocity>
      <orientation>-2.7287167</orientation>
      <time>2</time>
    </ksState>
    <ksState>
      <x>148.91623044079535</x>
      <y>164.38145134527608</y>
      <steeringAngle>0.0</steeringAngle>
      <velocity>8.0</velocity>
      <orientation>-2.7287167</orientation>
      <time>3</time>
    </ksState>
    <ksState>
      <x>148.18345392106045</x>
      <y>164.06045512703477</y>
      <steeringAngle>0.0</steeringAngle>
      <velocity>8.0</velocity>
      <orientation>-2.7287167</orientation>
      <time>4</time>
    </ksState>
    <ksState>
      <x>147.45067740132555</x>
      <y>163.73945890879347</y>
      <steeringAngle>0.0</steeringAngle>
      <velocity>8.0</velocity>
      <orientation>-2.7287167</orientation>
      <time>5</time>
    </ksState>
    <ksState>
      <x>146.71790088159065</x>
      <y>163.41846269055216</y>
      <steeringAngle>0.0</steeringAngle>
      <velocity>8.0</velocity>
      <orientation>-2.7287167</orientation>
      <time>6</time>
    </ksState>
    <ksState>
      <x>145.98512436185575</x>
      <y>163.09746647231086</y>
      <steeringAngle>0.0</steeringAngle>
      <velocity>8.0</velocity>
      <orientation>-2.7287167</orientation>
      <time>7</time>
    </ksState>
    <ksState>
      <x>145.25234784212088</x>
      <y>162.77647025406955</y>
      <steeringAngle>0.0</steeringAngle>
      <velocity>8.0</velocity>
      <orientation>-2.7287167</orientation>
      <time>8</time>
    </ksState>
    <ksState>
      <x>144.51957132238599</x>
      <y>162.45547403582825</y>
      <steeringAngle>0.0</steeringAngle>
      <velocity>8.0</velocity>
      <orientation>-2.7287167</orientation>
      <time>9</time>
    </ksState>
    <ksState>
      <x>143.7867948026511</x>
      <y>162.13447781758694</y>
      <steeringAngle>0.0</steeringAngle>
      <velocity>8.0</velocity>
      <orientation>-2.7287167</orientation>
      <time>10</time>
    </ksState>
    <ksState>
      <x>143.0540182829162</x>
      <y>161.81348159934564</y>
      <steeringAngle>0.0</steeringAngle>
      <velocity>8.0</velocity>
      <orientation>-2.7287167</orientation>
      <time>11</time>
    </ksState>
    <ksState>
      <x>142.3212417631813</x>
      <y>161.49248538110433</y>
      <steeringAngle>0.0</steeringAngle>
      <velocity>8.0</velocity>
      <orientation>-2.7287167</orientation>
      <time>12</time>
    </ksState>
    <ksState>
      <x>141.58846524344642</x>
      <y>161.17148916286303</y>
      <steeringAngle>0.0</steeringAngle>
      <velocity>8.0</velocity>
      <orientation>-2.7287167</orientation>
      <time>13</time>
    </ksState>
    <ksState>
      <x>140.85568872371152</x>
      <y>160.85049294462172</y>
      <steeringAngle>0.0</steeringAngle>
      <velocity>8.0</velocity>
      <orientation>-2.7287167</orientation>
      <time>14</time>
    </ksState>
    <ksState>
      <x>140.12291220397663</x>
      <y>160.52949672638042</y>
      <steeringAngle>0.0</steeringAngle>
      <velocity>8.0</velocity>
      <orientation>-2.7287167</orientation>
      <time>15</time>
    </ksState>
    <ksState>
      <x>139.39013568424173</x>
      <y>160.2085005081391</y>
      <steeringAngle>0.0</steeringAngle>
      <velocity>8.0</velocity>
      <orientation>-2.7287167</orientation>
      <time>16</time>
    </ksState>
    <ksState>
      <x>138.65735916450683</x>
      <y>159.8875042898978</y>
      <steeringAngle>0.0</steeringAngle>
      <velocity>8.0</velocity>
      <orientation>-2.7287167</orientation>
      <time>17</time>
    </ksState>
    <ksState>
      <x>137.92458264477196</x>
      <y>159.5665080716565</y>
      <steeringAngle>0.0</steeringAngle>
      <velocity>8.0</velocity>
      <orientation>-2.7287167</orientation>
      <time>18</time>
    </ksState>
    <ksState>
      <x>137.19180612503706</x>
      <y>159.2455118534152</y>
      <steeringAngle>0.0</steeringAngle>
      <velocity>8.0</velocity>
      <orientation>-2.7287167</orientation>
      <time>19</time>
    </ksState>
    <ksState>
      <x>136.45902960530216</x>
      <y>158.9245156351739</y>
      <steeringAngle>0.0</steeringAngle>
      <velocity>8.0</velocity>
      <orientation>-2.7287167</orientation>
      <time>20</time>
    </ksState>
    <ksState>
      <x>135.72625308556727</x>
      <y>158.60351941693258</y>
      <steeringAngle>0.0</steeringAngle>
      <velocity>8.0</velocity>
      <orientation>-2.7287167</orientation>
      <time>21</time>
    </ksState>
    <ksState>
      <x>134.99347656583237</x>
      <y>158.28252319869128</y>
      <steeringAngle>0.0</steeringAngle>
      <velocity>8.0</velocity>
      <orientation>-2.7287167</orientation>
      <time>22</time>
    </ksState>
    <ksState>
      <x>134.2607000460975</x>
      <y>157.96152698044997</y>
      <steeringAngle>0.0</steeringAngle>
      <velocity>8.0</velocity>
      <orientation>-2.7287167</orientation>
      <time>23</time>
    </ksState>
    <ksState>
      <x>133.5279235263626</x>
      <y>157.64053076220867</y>
      <steeringAngle>0.0</steeringAngle>
      <velocity>8.0</velocity>
      <orientation>-2.7287167</orientation>
      <time>24</time>
    </ksState>
    <ksState>
      <x>132.7951470066277</x>
      <y>157.31953454396736</y>
      <steeringAngle>0.0</steeringAngle>
      <velocity>8.0</velocity>
      <orientation>-2.7287167</orientation>
      <time>25</time>
    </ksState>
    <ksState>
      <x>132.0661292084199</x>
      <y>156.99001789026497</y>
      <steeringAngle>0.03553333333333333</steeringAngle>
      <velocity>8.0</velocity>
      <orientation>-2.7232041649971612</orientation>
      <time>26</time>
    </ksState>
    <ksState>
      <x>131.34729685753348</x>
      <y>156.63818678680954</y>
      <steeringAngle>0.07106666666666667</steeringAngle>
      <velocity>8.0</velocity>
      <orientation>-2.706652644116892</orientation>
      <time>27</time>
    </ksState>
    <ksState>
      <x>130.64326419852515</x>
      <y>156.25636958228293</y>
      <steeringAngle>0.10659999999999997</steeringAngle>
      <velocity>8.0</velocity>
      <orientation>-2.6790201648261966</orientation>
      <time>28</time>
    </ksState>
    <ksState>
      <x>129.95966893232358</x>
      <y>155.83734797665804</y>
      <steeringAngle>0.1421333333333333</steeringAngle>
      <velocity>8.0</velocity>
      <orientation>-2.640236312553462</orientation>
      <time>29</time>
    </ksState>
    <ksState>
      <x>129.3034148903461</x>
      <y>155.37457806706632</y>
      <steeringAngle>0.17766666666666667</steeringAngle>
      <velocity>8.0</velocity>
      <orientation>-2.5902015003043073</orientation>
      <time>30</time>
    </ksState>
    <ksState>
      <x>128.67194892381013</x>
      <y>154.8783011658639</y>
      <steeringAngle>0.14213333333333336</steeringAngle>
      <velocity>8.0</velocity>
      <orientation>-2.540166688755559</orientation>
      <time>31</time>
    </ksState>
    <ksState>
      <x>128.05379714930234</x>
      <y>154.36748349467376</y>
      <steeringAngle>0.1066000000000001</steeringAngle>
      <velocity>8.0</velocity>
      <orientation>-2.5013828367485615</orientation>
      <time>32</time>
    </ksState>
    <ksState>
      <x>127.44327249596762</x>
      <y>153.8490025577462</y>
      <steeringAngle>0.07106666666666674</steeringAngle>
      <velocity>8.0</velocity>
      <orientation>-2.4737503577188744</orientation>
      <time>33</time>
    </ksState>
    <ksState>
      <x>126.83447041449249</x>
      <y>153.32945033273</y>
      <steeringAngle>0.035533333333333354</steeringAngle>
      <velocity>8.0</velocity>
      <orientation>-2.4571988370898454</orientation>
      <time>34</time>
    </ksState>
    <ksState>
      <x>126.22146719806665</x>
      <y>152.8153507684949</y>
      <steeringAngle>2.0816681711721685e-17</steeringAngle>
      <velocity>8.0</velocity>
      <orientation>-2.4516863106314406</orientation>
      <time>35</time>
    </ksState>
    <ksState>
      <x>125.59851411209489</x>
      <y>152.31337703626457</y>
      <steeringAngle>-0.03553333333333333</steeringAngle>
      <velocity>8.0</velocity>
      <orientation>-2.4571988456342795</orientation>
      <time>36</time>
    </ksState>
    <ksState>
      <x>124.96024094525606</x>
      <y>151.8305598467062</y>
      <steeringAngle>-0.07106666666666667</steeringAngle>
      <velocity>8.0</velocity>
      <orientation>-2.473750366514549</orientation>
      <time>37</time>
    </ksState>
    <ksState>
      <x>124.30188256383721</x>
      <y>151.37447805114928</y>
      <steeringAngle>-0.10659999999999997</steeringAngle>
      <velocity>8.0</velocity>
      <orientation>-2.501382845805244</orientation>
      <time>38</time>
    </ksState>
    <ksState>
      <x>123.61954013099674</x>
      <y>150.95341938742297</y>
      <steeringAngle>-0.1421333333333333</steeringAngle>
      <velocity>8.0</velocity>
      <orientation>-2.5401666980779787</orientation>
      <time>39</time>
    </ksState>
    <ksState>
      <x>122.91048785655111</x>
      <y>150.5764973411868</y>
      <steeringAngle>-0.17766666666666667</steeringAngle>
      <velocity>8.0</velocity>
      <orientation>-2.5902015103271334</orientation>
      <time>40</time>
    </ksState>
    <ksState>
      <x>122.17811960750534</x>
      <y>150.24521243278068</y>
      <steeringAngle>-0.17766666666666667</steeringAngle>
      <velocity>8.0</velocity>
      <orientation>-2.6459024866376453</orientation>
      <time>41</time>
    </ksState>
    <ksState>
      <x>121.42844380271272</x>
      <y>149.95521382990773</y>
      <steeringAngle>-0.17766666666666667</steeringAngle>
      <velocity>8.0</velocity>
      <orientation>-2.701603462948157</orientation>
      <time>42</time>
    </ksState>
    <ksState>
      <x>120.66378581394633</x>
      <y>149.70740106709712</y>
      <steeringAngle>-0.17766666666666667</steeringAngle>
      <velocity>8.0</velocity>
      <orientation>-2.7573044392586685</orientation>
      <time>43</time>
    </ksState>
    <ksState>
      <x>119.88651745469853</x>
      <y>149.50254280910366</y>
      <steeringAngle>-0.17766666666666667</steeringAngle>
      <velocity>8.0</velocity>
      <orientation>-2.8130054155691804</orientation>
      <time>44</time>
    </ksState>
    <ksState>
      <x>119.09904965253317</x>
      <y>149.3412744848544</y>
      <steeringAngle>-0.17766666666666667</steeringAngle>
      <velocity>8.0</velocity>
      <orientation>-2.8687063918796922</orientation>
      <time>45</time>
    </ksState>
    <ksState>
      <x>118.30593329909885</x>
      <y>149.21475776866524</y>
      <steeringAngle>-0.14213333333333336</steeringAngle>
      <velocity>8.0</velocity>
      <orientation>-2.9187412034284406</orientation>
      <time>46</time>
    </ksState>
    <ksState>
      <x>117.51118468986424</x>
      <y>149.1078888880362</y>
      <steeringAngle>-0.1066000000000001</steeringAngle>
      <velocity>8.0</velocity>
      <orientation>-2.957525055435438</orientation>
      <time>47</time>
    </ksState>
    <ksState>
      <x>116.71599028778122</x>
      <y>149.01182277963878</y>
      <steeringAngle>-0.07106666666666674</steeringAngle>
      <velocity>8.0</velocity>
      <orientation>-2.985157534465125</orientation>
      <time>48</time>
    </ksState>
    <ksState>
      <x>115.92117927600657</x>
      <y>148.91774863606327</y>
      <steeringAngle>-0.035533333333333354</steeringAngle>
      <velocity>8.0</velocity>
      <orientation>-3.001709055094154</orientation>
      <time>49</time>
    </ksState>
    <ksState>
      <x>115.12751789105896</x>
      <y>148.81688778469777</y>
      <steeringAngle>-2.0816681711721685e-17</steeringAngle>
      <velocity>8.0</velocity>
      <orientation>-3.007221581552559</orientation>
      <time>50</time>
    </ksState>
    <ksState>
      <x>114.3335055548344</x>
      <y>148.7189460413285</y>
      <steeringAngle>-0.03553333333333333</steeringAngle>
      <velocity>8.0</velocity>
      <orientation>-3.012734116555398</orientation>
      <time>51</time>
    </ksState>
    <ksState>
      <x>113.53658012334144</x>
      <y>148.6453598287659</y>
      <steeringAngle>-0.07106666666666667</steeringAngle>
      <velocity>8.0</velocity>
      <orientation>-3.029285637435667</orientation>
      <time>52</time>
    </ksState>
    <ksState>
      <x>112.73669012414408</x>
      <y>148.60508140021042</y>
      <steeringAngle>-0.10659999999999997</steeringAngle>
      <velocity>8.0</velocity>
      <orientation>-3.0569181167263624</orientation>
      <time>53</time>
    </ksState>
    <ksState>
      <x>111.93489397187733</x>
      <y>148.6072084084089</y>
      <steeringAngle>-0.1421333333333333</steeringAngle>
      <velocity>8.0</velocity>
      <orientation>-3.095701968999097</orientation>
      <time>54</time>
    </ksState>
    <ksState>
      <x>111.13368222091759</x>
      <y>148.66092141390467</y>
      <steeringAngle>-0.17766666666666667</steeringAngle>
      <velocity>8.0</velocity>
      <orientation>-3.1457367812482517</orientation>
      <time>55</time>
    </ksState>
    <ksState>
      <x>110.33672973430187</x>
      <y>148.76570536699415</y>
      <steeringAngle>-0.17766666666666667</steeringAngle>
      <velocity>8.0</velocity>
      <orientation>-3.2014377575587636</orientation>
      <time>56</time>
    </ksState>
    <ksState>
      <x>109.54684675349668</x>
      <y>148.91469489210917</y>
      <steeringAngle>-0.17766666666666667</steeringAngle>
      <velocity>8.0</velocity>
      <orientation>-3.2571387338692754</orientation>
      <time>57</time>
    </ksState>
    <ksState>
      <x>108.76648336967229</x>
      <y>149.1074278534371</y>
      <steeringAngle>-0.17766666666666667</steeringAngle>
      <velocity>8.0</velocity>
      <orientation>-3.312839710179787</orientation>
      <time>58</time>
    </ksState>
    <ksState>
      <x>107.99806011125469</x>
      <y>149.34330643253824</y>
      <steeringAngle>-0.17766666666666667</steeringAngle>
      <velocity>8.0</velocity>
      <orientation>-3.3685406864902987</orientation>
      <time>59</time>
    </ksState>
    <ksState>
      <x>107.24396047037001</x>
      <y>149.62159898269172</y>
      <steeringAngle>-0.17766666666666667</steeringAngle>
      <velocity>8.0</velocity>
      <orientation>-3.4242416628008105</orientation>
      <time>60</time>
    </ksState>
    <ksState>
      <x>106.50652355866507</x>
      <y>149.94144229433527</y>
      <steeringAngle>-0.17766666666666667</steeringAngle>
      <velocity>8.0</velocity>
      <orientation>-3.4799426391113224</orientation>
      <time>61</time>
    </ksState>
    <ksState>
      <x>105.78803667465685</x>
      <y>150.30184429137176</y>
      <steeringAngle>-0.17766666666666667</steeringAngle>
      <velocity>8.0</velocity>
      <orientation>-3.5356436154218343</orientation>
      <time>62</time>
    </ksState>
    <ksState>
      <x>105.09072845183569</x>
      <y>150.70168706995113</y>
      <steeringAngle>-0.17766666666666667</steeringAngle>
      <velocity>8.0</velocity>
      <orientation>-3.5913445917323457</orientation>
      <time>63</time>
    </ksState>
    <ksState>
      <x>104.41676179841525</x>
      <y>151.13973039912435</y>
      <steeringAngle>-0.17766666666666667</steeringAngle>
      <velocity>8.0</velocity>
      <orientation>-3.6470455680428575</orientation>
      <time>64</time>
    </ksState>
    <ksState>
      <x>103.7682272215454</x>
      <y>151.614615558355</y>
      <steeringAngle>-0.17766666666666667</steeringAngle>
      <velocity>8.0</velocity>
      <orientation>-3.7027465443533694</orientation>
      <time>65</time>
    </ksState>
    <ksState>
      <x>103.14713638893308</x>
      <y>152.12486953471677</y>
      <steeringAngle>-0.17766666666666667</steeringAngle>
      <velocity>8.0</velocity>
      <orientation>-3.758447520663881</orientation>
      <time>66</time>
    </ksState>
    <ksState>
      <x>102.55541572385451</x>
      <y>152.668909658677</y>
      <steeringAngle>-0.17766666666666667</steeringAngle>
      <velocity>8.0</velocity>
      <orientation>-3.814148496974393</orientation>
      <time>67</time>
    </ksState>
    <ksState>
      <x>101.99490065269592</x>
      <y>153.24504840950024</y>
      <steeringAngle>-0.17766666666666667</steeringAngle>
      <velocity>8.0</velocity>
      <orientation>-3.8698494732849045</orientation>
      <time>68</time>
    </ksState>
    <ksState>
      <x>101.46732977914672</x>
      <y>153.85149872200608</y>
      <steeringAngle>-0.17766666666666667</steeringAngle>
      <velocity>8.0</velocity>
      <orientation>-3.9255504495954163</orientation>
      <time>69</time>
    </ksState>
    <ksState>
      <x>100.9743395206494</x>
      <y>154.48637951150917</y>
      <steeringAngle>-0.17766666666666667</steeringAngle>
      <velocity>8.0</velocity>
      <orientation>-3.981251425905928</orientation>
      <time>70</time>
    </ksState>
    <ksState>
      <x>100.51001664971167</x>
      <y>155.14169951050536</y>
      <steeringAngle>-0.14213333333333336</steeringAngle>
      <velocity>8.0</velocity>
      <orientation>-4.031286237454677</orientation>
      <time>71</time>
    </ksState>
    <ksState>
      <x>100.06259241915016</x>
      <y>155.80717518055928</y>
      <steeringAngle>-0.1066000000000001</steeringAngle>
      <velocity>8.0</velocity>
      <orientation>-4.070070089461674</orientation>
      <time>72</time>
    </ksState>
    <ksState>
      <x>99.62465920133423</x>
      <y>156.47782958561464</y>
      <steeringAngle>-0.07106666666666674</steeringAngle>
      <velocity>8.0</velocity>
      <orientation>-4.097702568491361</orientation>
      <time>73</time>
    </ksState>
    <ksState>
      <x>99.18868203666915</x>
      <y>157.14902136209759</y>
      <steeringAngle>-0.035533333333333354</steeringAngle>
      <velocity>8.0</velocity>
      <orientation>-4.11425408912039</orientation>
      <time>74</time>
    </ksState>
    <ksState>
      <x>98.74712693856455</x>
      <y>157.8161798145157</y>
      <steeringAngle>-2.0816681711721685e-17</steeringAngle>
      <velocity>8.0</velocity>
      <orientation>-4.119766615578795</orientation>
      <time>75</time>
    </ksState>
    <ksState>
      <x>98.30029642895005</x>
      <y>158.479762888198</y>
      <steeringAngle>0.0</steeringAngle>
      <velocity>8.0</velocity>
      <orientation>-4.119766615578795</orientation>
      <time>76</time>
    </ksState>
    <ksState>
      <x>97.85346591933555</x>
      <y>159.1433459618803</y>
      <steeringAngle>0.0</steeringAngle>
      <velocity>8.0</velocity>
      <orientation>-4.119766615578795</orientation>
      <time>77</time>
    </ksState>
    <ksState>
      <x>97.40663540972105</x>
      <y>159.80692903556258</y>
      <steeringAngle>0.0</steeringAngle>
      <velocity>8.0</velocity>
      <orientation>-4.119766615578795</orientation>
      <time>78</time>
    </ksState>
    <ksState>
      <x>96.95980490010655</x>
      <y>160.47051210924488</y>
      <steeringAngle>0.0</steeringAngle>
      <velocity>8.0</velocity>
      <orientation>-4.119766615578795</orientation>
      <time>79</time>
    </ksState>
    <ksState>
      <x>96.51297439049205</x>
      <y>161.13409518292718</y>
      <steeringAngle>0.0</steeringAngle>
      <velocity>8.0</velocity>
      <orientation>-4.119766615578795</orientation>
      <time>80</time>
    </ksState>
    <ksState>
      <x>96.06614388087755</x>
      <y>161.7976782566095</y>
      <steeringAngle>0.0</steeringAngle>
      <velocity>8.0</velocity>
      <orientation>-4.119766615578795</orientation>
      <time>81</time>
    </ksState>
    <ksState>
      <x>95.61931337126305</x>
      <y>162.4612613302918</y>
      <steeringAngle>0.0</steeringAngle>
      <velocity>8.0</velocity>
      <orientation>-4.119766615578795</orientation>
      <time>82</time>
    </ksState>
    <ksState>
      <x>95.17248286164855</x>
      <y>163.12484440397407</y>
      <steeringAngle>0.0</steeringAngle>
      <velocity>8.0</velocity>
      <orientation>-4.119766615578795</orientation>
      <time>83</time>
    </ksState>
    <ksState>
      <x>94.72565235203405</x>
      <y>163.78842747765637</y>
      <steeringAngle>0.0</steeringAngle>
      <velocity>8.0</velocity>
      <orientation>-4.119766615578795</orientation>
      <time>84</time>
    </ksState>
    <ksState>
      <x>94.27882184241955</x>
      <y>164.45201055133867</y>
      <steeringAngle>0.0</steeringAngle>
      <velocity>8.0</velocity>
      <orientation>-4.119766615578795</orientation>
      <time>85</time>
    </ksState>
    <ksState>
      <x>93.83199133280505</x>
      <y>165.11559362502098</y>
      <steeringAngle>0.0</steeringAngle>
      <velocity>8.0</velocity>
      <orientation>-4.119766615578795</orientation>
      <time>86</time>
    </ksState>
    <ksState>
      <x>93.38516082319055</x>
      <y>165.77917669870328</y>
      <steeringAngle>0.0</steeringAngle>
      <velocity>8.0</velocity>
      <orientation>-4.119766615578795</orientation>
      <time>87</time>
    </ksState>
    <ksState>
      <x>92.93833031357605</x>
      <y>166.44275977238556</y>
      <steeringAngle>0.0</steeringAngle>
      <velocity>8.0</velocity>
      <orientation>-4.119766615578795</orientation>
      <time>88</time>
    </ksState>
    <ksState>
      <x>92.49149980396155</x>
      <y>167.10634284606786</y>
      <steeringAngle>0.0</steeringAngle>
      <velocity>8.0</velocity>
      <orientation>-4.119766615578795</orientation>
      <time>89</time>
    </ksState>
    <ksState>
      <x>92.04466929434705</x>
      <y>167.76992591975016</y>
      <steeringAngle>0.0</steeringAngle>
      <velocity>8.0</velocity>
      <orientation>-4.119766615578795</orientation>
      <time>90</time>
    </ksState>
    <ksState>
      <x>91.59783878473255</x>
      <y>168.43350899343247</y>
      <steeringAngle>0.0</steeringAngle>
      <velocity>8.0</velocity>
      <orientation>-4.119766615578795</orientation>
      <time>91</time>
    </ksState>
    <ksState>
      <x>91.15100827511804</x>
      <y>169.09709206711477</y>
      <steeringAngle>0.0</steeringAngle>
      <velocity>8.0</velocity>
      <orientation>-4.119766615578795</orientation>
      <time>92</time>
    </ksState>
    <ksState>
      <x>90.70417776550354</x>
      <y>169.76067514079705</y>
      <steeringAngle>0.0</steeringAngle>
      <velocity>8.0</velocity>
      <orientation>-4.119766615578795</orientation>
      <time>93</time>
    </ksState>
    <ksState>
      <x>90.25734725588904</x>
      <y>170.42425821447935</y>
      <steeringAngle>0.0</steeringAngle>
      <velocity>8.0</velocity>
      <orientation>-4.119766615578795</orientation>
      <time>94</time>
    </ksState>
    <ksState>
      <x>89.81051674627454</x>
      <y>171.08784128816166</y>
      <steeringAngle>0.0</steeringAngle>
      <velocity>8.0</velocity>
      <orientation>-4.119766615578795</orientation>
      <time>95</time>
    </ksState>
    <ksState>
      <x>89.39318275930007</x>
      <y>171.72303799927738</y>
      <steeringAngle>-0.03553333333333333</steeringAngle>
      <velocity>7.199999999999999</velocity>
      <orientation>-4.1249116285612875</orientation>
      <time>96</time>
    </ksState>
    <ksState>
      <x>89.03643407210596</x>
      <y>172.30225907019747</y>
      <steeringAngle>-0.07106666666666664</steeringAngle>
      <velocity>6.400000000000001</velocity>
      <orientation>-4.13888830068225</orientation>
      <time>97</time>
    </ksState>
    <ksState>
      <x>88.74057815556762</x>
      <y>172.8250340088999</y>
      <steeringAngle>-0.10659999999999997</steeringAngle>
      <velocity>5.600000000000004</velocity>
      <orientation>-4.159520068548132</orientation>
      <time>98</time>
    </ksState>
    <ksState>
      <x>88.50346803464578</x>
      <y>173.28916639324368</y>
      <steeringAngle>-0.1421333333333333</steeringAngle>
      <velocity>4.800000000000003</velocity>
      <orientation>-4.18463627605678</orientation>
      <time>99</time>
    </ksState>
  </ksTrajectory>
</CommonRoadSolution>
