<?xml version="1.0" ?>
<CommonRoadSolution benchmark_id="KS2:SM1:DEU_Guetersloh-27_1_T-1:2020a" computation_time="0.2483238199997686" date="2023-11-26T00:13:30">
  <ksTrajectory planningProblem="1">
    <ksState>
      <x>-412.87762</x>
      <y>-1045.1819</y>
      <steeringAngle>0.0</steeringAngle>
      <velocity>4.0</velocity>
      <orientation>2.0692963</orientation>
      <time>0</time>
    </ksState>
    <ksState>
      <x>-413.0497390963609</x>
      <y>-1044.8657117397372</y>
      <steeringAngle>0.0</steeringAngle>
      <velocity>3.2</velocity>
      <orientation>2.0692963</orientation>
      <time>1</time>
    </ksState>
    <ksState>
      <x>-413.18360950448374</x>
      <y>-1044.6197875376008</y>
      <steeringAngle>0.0</steeringAngle>
      <velocity>2.4000000000000004</velocity>
      <orientation>2.0692963</orientation>
      <time>2</time>
    </ksState>
    <ksState>
      <x>-413.2792312244172</x>
      <y>-1044.444127393501</y>
      <steeringAngle>0.0</steeringAngle>
      <velocity>1.6</velocity>
      <orientation>2.0692963</orientation>
      <time>3</time>
    </ksState>
    <ksState>
      <x>-413.3366042561806</x>
      <y>-1044.3387313074024</y>
      <steeringAngle>0.0</steeringAngle>
      <velocity>0.7999999999999998</velocity>
      <orientation>2.0692963</orientation>
      <time>4</time>
    </ksState>
    <ksState>
      <x>-413.35572859979936</x>
      <y>-1044.3035992792584</y>
      <steeringAngle>0.0</steeringAngle>
      <velocity>-3.3306690738754696e-16</velocity>
      <orientation>2.0692963</orientation>
      <time>5</time>
    </ksState>
    <ksState>
      <x>-413.35572859979936</x>
      <y>-1044.3035992792584</y>
      <steeringAngle>0.0</steeringAngle>
      <velocity>0.0</velocity>
      <orientation>2.0692963</orientation>
      <time>6</time>
    </ksState>
    <ksState>
      <x>-413.35572859979936</x>
      <y>-1044.3035992792584</y>
      <steeringAngle>0.0</steeringAngle>
      <velocity>0.0</velocity>
      <orientation>2.0692963</orientation>
      <time>7</time>
    </ksState>
    <ksState>
      <x>-413.35572859979936</x>
      <y>-1044.3035992792584</y>
      <steeringAngle>0.0</steeringAngle>
      <velocity>0.0</velocity>
      <orientation>2.0692963</orientation>
      <time>8</time>
    </ksState>
    <ksState>
      <x>-413.35572859979936</x>
      <y>-1044.3035992792584</y>
      <steeringAngle>0.0</steeringAngle>
      <velocity>0.0</velocity>
      <orientation>2.0692963</orientation>
      <time>9</time>
    </ksState>
    <ksState>
      <x>-413.35572859979936</x>
      <y>-1044.3035992792584</y>
      <steeringAngle>0.0</steeringAngle>
      <velocity>0.0</velocity>
      <orientation>2.0692963</orientation>
      <time>10</time>
    </ksState>
    <ksState>
      <x>-413.35572859979936</x>
      <y>-1044.3035992792584</y>
      <steeringAngle>0.0</steeringAngle>
      <velocity>0.0</velocity>
      <orientation>2.0692963</orientation>
      <time>11</time>
    </ksState>
    <ksState>
      <x>-413.35572859979936</x>
      <y>-1044.3035992792584</y>
      <steeringAngle>0.0</steeringAngle>
      <velocity>0.0</velocity>
      <orientation>2.0692963</orientation>
      <time>12</time>
    </ksState>
    <ksState>
      <x>-413.35572859979936</x>
      <y>-1044.3035992792584</y>
      <steeringAngle>0.0</steeringAngle>
      <velocity>0.0</velocity>
      <orientation>2.0692963</orientation>
      <time>13</time>
    </ksState>
    <ksState>
      <x>-413.35572859979936</x>
      <y>-1044.3035992792584</y>
      <steeringAngle>0.0</steeringAngle>
      <velocity>0.0</velocity>
      <orientation>2.0692963</orientation>
      <time>14</time>
    </ksState>
    <ksState>
      <x>-413.35572859979936</x>
      <y>-1044.3035992792584</y>
      <steeringAngle>0.0</steeringAngle>
      <velocity>0.0</velocity>
      <orientation>2.0692963</orientation>
      <time>15</time>
    </ksState>
    <ksState>
      <x>-413.35572859979936</x>
      <y>-1044.3035992792584</y>
      <steeringAngle>0.0</steeringAngle>
      <velocity>0.0</velocity>
      <orientation>2.0692963</orientation>
      <time>16</time>
    </ksState>
    <ksState>
      <x>-413.35572859979936</x>
      <y>-1044.3035992792584</y>
      <steeringAngle>0.0</steeringAngle>
      <velocity>0.0</velocity>
      <orientation>2.0692963</orientation>
      <time>17</time>
    </ksState>
    <ksState>
      <x>-413.35572859979936</x>
      <y>-1044.3035992792584</y>
      <steeringAngle>0.0</steeringAngle>
      <velocity>0.0</velocity>
      <orientation>2.0692963</orientation>
      <time>18</time>
    </ksState>
    <ksState>
      <x>-413.35572859979936</x>
      <y>-1044.3035992792584</y>
      <steeringAngle>0.0</steeringAngle>
      <velocity>0.0</velocity>
      <orientation>2.0692963</orientation>
      <time>19</time>
    </ksState>
    <ksState>
      <x>-413.35572859979936</x>
      <y>-1044.3035992792584</y>
      <steeringAngle>0.0</steeringAngle>
      <velocity>0.0</velocity>
      <orientation>2.0692963</orientation>
      <time>20</time>
    </ksState>
    <ksState>
      <x>-413.3748529442416</x>
      <y>-1044.2684672496016</y>
      <steeringAngle>0.0</steeringAngle>
      <velocity>0.8</velocity>
      <orientation>2.0692963</orientation>
      <time>21</time>
    </ksState>
    <ksState>
      <x>-413.4322259770016</x>
      <y>-1044.1630711616722</y>
      <steeringAngle>0.0</steeringAngle>
      <velocity>1.6</velocity>
      <orientation>2.0692963</orientation>
      <time>22</time>
    </ksState>
    <ksState>
      <x>-413.52784769799575</x>
      <y>-1043.9874110156238</y>
      <steeringAngle>0.0</steeringAngle>
      <velocity>2.4000000000000004</velocity>
      <orientation>2.0692963</orientation>
      <time>23</time>
    </ksState>
    <ksState>
      <x>-413.6617181071987</x>
      <y>-1043.7414868115031</y>
      <steeringAngle>0.0</steeringAngle>
      <velocity>3.2000000000000006</velocity>
      <orientation>2.0692963</orientation>
      <time>24</time>
    </ksState>
    <ksState>
      <x>-413.8338372046</x>
      <y>-1043.4252985493292</y>
      <steeringAngle>0.0</steeringAngle>
      <velocity>4.000000000000001</velocity>
      <orientation>2.0692963</orientation>
      <time>25</time>
    </ksState>
    <ksState>
      <x>-414.044204990133</x>
      <y>-1043.0388462292246</y>
      <steeringAngle>0.0</steeringAngle>
      <velocity>4.8</velocity>
      <orientation>2.0692963</orientation>
      <time>26</time>
    </ksState>
    <ksState>
      <x>-414.292821463877</x>
      <y>-1042.5821298510434</y>
      <steeringAngle>0.0</steeringAngle>
      <velocity>5.6</velocity>
      <orientation>2.0692963</orientation>
      <time>27</time>
    </ksState>
    <ksState>
      <x>-414.57968662582437</x>
      <y>-1042.0551494147999</y>
      <steeringAngle>0.0</steeringAngle>
      <velocity>6.4</velocity>
      <orientation>2.0692963</orientation>
      <time>28</time>
    </ksState>
    <ksState>
      <x>-414.90480047597066</x>
      <y>-1041.4579049205022</y>
      <steeringAngle>0.0</steeringAngle>
      <velocity>7.199999999999999</velocity>
      <orientation>2.0692963</orientation>
      <time>29</time>
    </ksState>
    <ksState>
      <x>-415.26816301431296</x>
      <y>-1040.7903963681554</y>
      <steeringAngle>0.0</steeringAngle>
      <velocity>7.999999999999998</velocity>
      <orientation>2.0692963</orientation>
      <time>30</time>
    </ksState>
    <ksState>
      <x>-415.623951781517</x>
      <y>-1040.1187886912878</y>
      <steeringAngle>-0.03553333333333333</steeringAngle>
      <velocity>7.199999999999999</velocity>
      <orientation>2.064151287017508</orientation>
      <time>31</time>
    </ksState>
    <ksState>
      <x>-415.9246841997295</x>
      <y>-1039.5086029101942</y>
      <steeringAngle>-0.07106666666666664</steeringAngle>
      <velocity>6.400000000000001</velocity>
      <orientation>2.0501746148965445</orientation>
      <time>32</time>
    </ksState>
    <ksState>
      <x>-416.170098377494</x>
      <y>-1038.9603363315684</y>
      <steeringAngle>-0.10659999999999997</steeringAngle>
      <velocity>5.600000000000004</velocity>
      <orientation>2.029542847030663</orientation>
      <time>33</time>
    </ksState>
  </ksTrajectory>
</CommonRoadSolution>
