<?xml version="1.0" ?>
<CommonRoadSolution benchmark_id="KS2:SM1:DEU_Flensburg-34_1_T-1:2020a" computation_time="1.109643030999905" date="2023-11-26T00:13:30">
  <ksTrajectory planningProblem="123">
    <ksState>
      <x>278.27148</x>
      <y>-340.9863</y>
      <steeringAngle>0.0</steeringAngle>
      <velocity>12.0</velocity>
      <orientation>0.85758507</orientation>
      <time>0</time>
    </ksState>
    <ksState>
      <x>279.05659884078693</x>
      <y>-340.07878228345595</y>
      <steeringAngle>0.0</steeringAngle>
      <velocity>12.0</velocity>
      <orientation>0.85758507</orientation>
      <time>1</time>
    </ksState>
    <ksState>
      <x>279.8417176815738</x>
      <y>-339.1712645669119</y>
      <steeringAngle>0.0</steeringAngle>
      <velocity>12.0</velocity>
      <orientation>0.85758507</orientation>
      <time>2</time>
    </ksState>
    <ksState>
      <x>280.62683652236075</x>
      <y>-338.26374685036774</y>
      <steeringAngle>0.0</steeringAngle>
      <velocity>12.0</velocity>
      <orientation>0.85758507</orientation>
      <time>3</time>
    </ksState>
    <ksState>
      <x>281.4119553631477</x>
      <y>-337.35622913382366</y>
      <steeringAngle>0.0</steeringAngle>
      <velocity>12.0</velocity>
      <orientation>0.85758507</orientation>
      <time>4</time>
    </ksState>
    <ksState>
      <x>282.1970742039346</x>
      <y>-336.4487114172796</y>
      <steeringAngle>0.0</steeringAngle>
      <velocity>12.0</velocity>
      <orientation>0.85758507</orientation>
      <time>5</time>
    </ksState>
    <ksState>
      <x>282.98219304472155</x>
      <y>-335.5411937007355</y>
      <steeringAngle>0.0</steeringAngle>
      <velocity>12.0</velocity>
      <orientation>0.85758507</orientation>
      <time>6</time>
    </ksState>
    <ksState>
      <x>283.76731188550843</x>
      <y>-334.6336759841914</y>
      <steeringAngle>0.0</steeringAngle>
      <velocity>12.0</velocity>
      <orientation>0.85758507</orientation>
      <time>7</time>
    </ksState>
    <ksState>
      <x>284.55243072629537</x>
      <y>-333.7261582676473</y>
      <steeringAngle>0.0</steeringAngle>
      <velocity>12.0</velocity>
      <orientation>0.85758507</orientation>
      <time>8</time>
    </ksState>
    <ksState>
      <x>285.3375495670823</x>
      <y>-332.8186405511032</y>
      <steeringAngle>0.0</steeringAngle>
      <velocity>12.0</velocity>
      <orientation>0.85758507</orientation>
      <time>9</time>
    </ksState>
    <ksState>
      <x>286.12266840786924</x>
      <y>-331.91112283455914</y>
      <steeringAngle>0.0</steeringAngle>
      <velocity>12.0</velocity>
      <orientation>0.85758507</orientation>
      <time>10</time>
    </ksState>
    <ksState>
      <x>286.9077872486562</x>
      <y>-331.00360511801506</y>
      <steeringAngle>0.0</steeringAngle>
      <velocity>12.0</velocity>
      <orientation>0.85758507</orientation>
      <time>11</time>
    </ksState>
    <ksState>
      <x>287.69290608944306</x>
      <y>-330.096087401471</y>
      <steeringAngle>0.0</steeringAngle>
      <velocity>12.0</velocity>
      <orientation>0.85758507</orientation>
      <time>12</time>
    </ksState>
    <ksState>
      <x>288.47802493023</x>
      <y>-329.18856968492685</y>
      <steeringAngle>0.0</steeringAngle>
      <velocity>12.0</velocity>
      <orientation>0.85758507</orientation>
      <time>13</time>
    </ksState>
    <ksState>
      <x>289.2631437710169</x>
      <y>-328.28105196838277</y>
      <steeringAngle>0.0</steeringAngle>
      <velocity>12.0</velocity>
      <orientation>0.85758507</orientation>
      <time>14</time>
    </ksState>
    <ksState>
      <x>290.04826261180386</x>
      <y>-327.3735342518387</y>
      <steeringAngle>0.0</steeringAngle>
      <velocity>12.0</velocity>
      <orientation>0.85758507</orientation>
      <time>15</time>
    </ksState>
    <ksState>
      <x>290.8333814525908</x>
      <y>-326.4660165352946</y>
      <steeringAngle>0.0</steeringAngle>
      <velocity>12.0</velocity>
      <orientation>0.85758507</orientation>
      <time>16</time>
    </ksState>
    <ksState>
      <x>291.6185002933777</x>
      <y>-325.55849881875054</y>
      <steeringAngle>0.0</steeringAngle>
      <velocity>12.0</velocity>
      <orientation>0.85758507</orientation>
      <time>17</time>
    </ksState>
    <ksState>
      <x>292.4036191341646</x>
      <y>-324.6509811022064</y>
      <steeringAngle>0.0</steeringAngle>
      <velocity>12.0</velocity>
      <orientation>0.85758507</orientation>
      <time>18</time>
    </ksState>
    <ksState>
      <x>293.18873797495155</x>
      <y>-323.7434633856623</y>
      <steeringAngle>0.0</steeringAngle>
      <velocity>12.0</velocity>
      <orientation>0.85758507</orientation>
      <time>19</time>
    </ksState>
    <ksState>
      <x>293.9738568157385</x>
      <y>-322.83594566911825</y>
      <steeringAngle>0.0</steeringAngle>
      <velocity>12.0</velocity>
      <orientation>0.85758507</orientation>
      <time>20</time>
    </ksState>
    <ksState>
      <x>294.7589756565254</x>
      <y>-321.92842795257417</y>
      <steeringAngle>0.0</steeringAngle>
      <velocity>12.0</velocity>
      <orientation>0.85758507</orientation>
      <time>21</time>
    </ksState>
    <ksState>
      <x>295.5440944973123</x>
      <y>-321.0209102360301</y>
      <steeringAngle>0.0</steeringAngle>
      <velocity>12.0</velocity>
      <orientation>0.85758507</orientation>
      <time>22</time>
    </ksState>
    <ksState>
      <x>296.32921333809924</x>
      <y>-320.11339251948596</y>
      <steeringAngle>0.0</steeringAngle>
      <velocity>12.0</velocity>
      <orientation>0.85758507</orientation>
      <time>23</time>
    </ksState>
    <ksState>
      <x>297.1143321788862</x>
      <y>-319.2058748029419</y>
      <steeringAngle>0.0</steeringAngle>
      <velocity>12.0</velocity>
      <orientation>0.85758507</orientation>
      <time>24</time>
    </ksState>
    <ksState>
      <x>297.8994510196731</x>
      <y>-318.2983570863978</y>
      <steeringAngle>0.0</steeringAngle>
      <velocity>12.0</velocity>
      <orientation>0.85758507</orientation>
      <time>25</time>
    </ksState>
    <ksState>
      <x>298.68456986046004</x>
      <y>-317.3908393698537</y>
      <steeringAngle>0.0</steeringAngle>
      <velocity>12.0</velocity>
      <orientation>0.85758507</orientation>
      <time>26</time>
    </ksState>
    <ksState>
      <x>299.4696887012469</x>
      <y>-316.48332165330964</y>
      <steeringAngle>0.0</steeringAngle>
      <velocity>12.0</velocity>
      <orientation>0.85758507</orientation>
      <time>27</time>
    </ksState>
    <ksState>
      <x>300.25480754203386</x>
      <y>-315.5758039367655</y>
      <steeringAngle>0.0</steeringAngle>
      <velocity>12.0</velocity>
      <orientation>0.85758507</orientation>
      <time>28</time>
    </ksState>
    <ksState>
      <x>301.0399263828208</x>
      <y>-314.66828622022143</y>
      <steeringAngle>0.0</steeringAngle>
      <velocity>12.0</velocity>
      <orientation>0.85758507</orientation>
      <time>29</time>
    </ksState>
    <ksState>
      <x>301.82504522360773</x>
      <y>-313.76076850367735</y>
      <steeringAngle>0.0</steeringAngle>
      <velocity>12.0</velocity>
      <orientation>0.85758507</orientation>
      <time>30</time>
    </ksState>
    <ksState>
      <x>302.5731612361297</x>
      <y>-312.8741983702277</y>
      <steeringAngle>0.03553333333333333</steeringAngle>
      <velocity>11.200000000000001</velocity>
      <orientation>0.865486343772344</orientation>
      <time>31</time>
    </ksState>
    <ksState>
      <x>303.2407855698354</x>
      <y>-312.024759396812</y>
      <steeringAngle>0.07106666666666667</steeringAngle>
      <velocity>10.400000000000007</velocity>
      <orientation>0.8877387745708339</orientation>
      <time>32</time>
    </ksState>
    <ksState>
      <x>303.82083976676523</x>
      <y>-311.2088388007533</y>
      <steeringAngle>0.10660000000000001</steeringAngle>
      <velocity>9.60000000000001</velocity>
      <orientation>0.9221867854555057</orientation>
      <time>33</time>
    </ksState>
    <ksState>
      <x>304.30959687335127</x>
      <y>-310.42700708338555</y>
      <steeringAngle>0.14213333333333344</steeringAngle>
      <velocity>8.800000000000008</velocity>
      <orientation>0.9666949175763506</orientation>
      <time>34</time>
    </ksState>
    <ksState>
      <x>304.70660135468955</x>
      <y>-309.6831877266472</y>
      <steeringAngle>0.17766666666666675</steeringAngle>
      <velocity>8.000000000000009</velocity>
      <orientation>1.019137215391332</orientation>
      <time>35</time>
    </ksState>
    <ksState>
      <x>305.0464803970178</x>
      <y>-308.95550492064837</y>
      <steeringAngle>0.14213333333333336</steeringAngle>
      <velocity>8.0</velocity>
      <orientation>1.0691720269400804</orientation>
      <time>36</time>
    </ksState>
    <ksState>
      <x>305.36791928893507</x>
      <y>-308.22084625957496</y>
      <steeringAngle>0.1066000000000001</steeringAngle>
      <velocity>8.0</velocity>
      <orientation>1.1079558789470778</orientation>
      <time>37</time>
    </ksState>
    <ksState>
      <x>305.6790951336543</x>
      <y>-307.48278635147125</y>
      <steeringAngle>0.07106666666666674</steeringAngle>
      <velocity>8.0</velocity>
      <orientation>1.1355883579767647</orientation>
      <time>38</time>
    </ksState>
    <ksState>
      <x>305.9882504158126</x>
      <y>-306.7445468913762</y>
      <steeringAngle>0.035533333333333354</steeringAngle>
      <velocity>8.0</velocity>
      <orientation>1.1521398786057941</orientation>
      <time>39</time>
    </ksState>
    <ksState>
      <x>306.3036140472595</x>
      <y>-306.0092802150908</y>
      <steeringAngle>2.0816681711721685e-17</steeringAngle>
      <velocity>8.0</velocity>
      <orientation>1.157652405064199</orientation>
      <time>40</time>
    </ksState>
    <ksState>
      <x>306.6333260426728</x>
      <y>-305.28035074302136</y>
      <steeringAngle>-0.03553333333333333</steeringAngle>
      <velocity>8.0</velocity>
      <orientation>1.15213987006136</orientation>
      <time>41</time>
    </ksState>
    <ksState>
      <x>306.9853497576627</x>
      <y>-304.56161269746906</y>
      <steeringAngle>-0.07106666666666667</steeringAngle>
      <velocity>8.0</velocity>
      <orientation>1.1355883491810905</orientation>
      <time>42</time>
    </ksState>
    <ksState>
      <x>307.36735560680125</x>
      <y>-303.8576823785832</y>
      <steeringAngle>-0.10659999999999997</steeringAngle>
      <velocity>8.0</velocity>
      <orientation>1.1079558698903957</orientation>
      <time>43</time>
    </ksState>
    <ksState>
      <x>307.78656037913225</x>
      <y>-303.17419942136434</y>
      <steeringAngle>-0.1421333333333333</steeringAngle>
      <velocity>8.0</velocity>
      <orientation>1.0691720176176607</orientation>
      <time>44</time>
    </ksState>
    <ksState>
      <x>308.2495061272824</x>
      <y>-302.5180694105395</y>
      <steeringAngle>-0.17766666666666667</steeringAngle>
      <velocity>8.0</velocity>
      <orientation>1.019137205368506</orientation>
      <time>45</time>
    </ksState>
    <ksState>
      <x>308.7459522234259</x>
      <y>-301.8867364530724</y>
      <steeringAngle>-0.14213333333333336</steeringAngle>
      <velocity>8.0</velocity>
      <orientation>0.9691023938197575</orientation>
      <time>46</time>
    </ksState>
    <ksState>
      <x>309.25693552125574</x>
      <y>-301.26872158361846</y>
      <steeringAngle>-0.1066000000000001</steeringAngle>
      <velocity>8.0</velocity>
      <orientation>0.9303185418127602</orientation>
      <time>47</time>
    </ksState>
    <ksState>
      <x>309.7755800407224</x>
      <y>-300.65833588857475</y>
      <steeringAngle>-0.07106666666666674</steeringAngle>
      <velocity>8.0</velocity>
      <orientation>0.9026860627830733</orientation>
      <time>48</time>
    </ksState>
    <ksState>
      <x>310.29529538664485</x>
      <y>-300.0496730523999</y>
      <steeringAngle>-0.035533333333333354</steeringAngle>
      <velocity>8.0</velocity>
      <orientation>0.8861345421540439</orientation>
      <time>49</time>
    </ksState>
    <ksState>
      <x>310.80955919775226</x>
      <y>-299.43680762028583</y>
      <steeringAngle>-2.0816681711721685e-17</steeringAngle>
      <velocity>8.0</velocity>
      <orientation>0.880622015695639</orientation>
      <time>50</time>
    </ksState>
    <ksState>
      <x>311.3188964851855</x>
      <y>-298.819899582058</y>
      <steeringAngle>0.0</steeringAngle>
      <velocity>8.0</velocity>
      <orientation>0.880622015695639</orientation>
      <time>51</time>
    </ksState>
    <ksState>
      <x>311.8282337726188</x>
      <y>-298.20299154383014</y>
      <steeringAngle>0.0</steeringAngle>
      <velocity>8.0</velocity>
      <orientation>0.880622015695639</orientation>
      <time>52</time>
    </ksState>
    <ksState>
      <x>312.337571060052</x>
      <y>-297.5860835056023</y>
      <steeringAngle>0.0</steeringAngle>
      <velocity>8.0</velocity>
      <orientation>0.880622015695639</orientation>
      <time>53</time>
    </ksState>
    <ksState>
      <x>312.8469083474853</x>
      <y>-296.96917546737444</y>
      <steeringAngle>0.0</steeringAngle>
      <velocity>8.0</velocity>
      <orientation>0.880622015695639</orientation>
      <time>54</time>
    </ksState>
    <ksState>
      <x>313.35624563491854</x>
      <y>-296.3522674291466</y>
      <steeringAngle>0.0</steeringAngle>
      <velocity>8.0</velocity>
      <orientation>0.880622015695639</orientation>
      <time>55</time>
    </ksState>
    <ksState>
      <x>313.8655829223518</x>
      <y>-295.73535939091875</y>
      <steeringAngle>0.0</steeringAngle>
      <velocity>8.0</velocity>
      <orientation>0.880622015695639</orientation>
      <time>56</time>
    </ksState>
    <ksState>
      <x>314.37492020978505</x>
      <y>-295.1184513526909</y>
      <steeringAngle>0.0</steeringAngle>
      <velocity>8.0</velocity>
      <orientation>0.880622015695639</orientation>
      <time>57</time>
    </ksState>
    <ksState>
      <x>314.8842574972183</x>
      <y>-294.50154331446305</y>
      <steeringAngle>0.0</steeringAngle>
      <velocity>8.0</velocity>
      <orientation>0.880622015695639</orientation>
      <time>58</time>
    </ksState>
    <ksState>
      <x>315.39359478465155</x>
      <y>-293.8846352762352</y>
      <steeringAngle>0.0</steeringAngle>
      <velocity>8.0</velocity>
      <orientation>0.880622015695639</orientation>
      <time>59</time>
    </ksState>
    <ksState>
      <x>315.9029320720848</x>
      <y>-293.26772723800735</y>
      <steeringAngle>0.0</steeringAngle>
      <velocity>8.0</velocity>
      <orientation>0.880622015695639</orientation>
      <time>60</time>
    </ksState>
    <ksState>
      <x>316.41226935951806</x>
      <y>-292.6508191997795</y>
      <steeringAngle>0.0</steeringAngle>
      <velocity>8.0</velocity>
      <orientation>0.880622015695639</orientation>
      <time>61</time>
    </ksState>
    <ksState>
      <x>316.9216066469513</x>
      <y>-292.03391116155166</y>
      <steeringAngle>0.0</steeringAngle>
      <velocity>8.0</velocity>
      <orientation>0.880622015695639</orientation>
      <time>62</time>
    </ksState>
    <ksState>
      <x>317.4309439343846</x>
      <y>-291.4170031233238</y>
      <steeringAngle>0.0</steeringAngle>
      <velocity>8.0</velocity>
      <orientation>0.880622015695639</orientation>
      <time>63</time>
    </ksState>
    <ksState>
      <x>317.9402812218178</x>
      <y>-290.80009508509596</y>
      <steeringAngle>0.0</steeringAngle>
      <velocity>8.0</velocity>
      <orientation>0.880622015695639</orientation>
      <time>64</time>
    </ksState>
    <ksState>
      <x>318.4496185092511</x>
      <y>-290.1831870468681</y>
      <steeringAngle>0.0</steeringAngle>
      <velocity>8.0</velocity>
      <orientation>0.880622015695639</orientation>
      <time>65</time>
    </ksState>
    <ksState>
      <x>318.95895579668434</x>
      <y>-289.56627900864027</y>
      <steeringAngle>0.0</steeringAngle>
      <velocity>8.0</velocity>
      <orientation>0.880622015695639</orientation>
      <time>66</time>
    </ksState>
    <ksState>
      <x>319.4682930841176</x>
      <y>-288.9493709704124</y>
      <steeringAngle>0.0</steeringAngle>
      <velocity>8.0</velocity>
      <orientation>0.880622015695639</orientation>
      <time>67</time>
    </ksState>
    <ksState>
      <x>319.97763037155084</x>
      <y>-288.33246293218457</y>
      <steeringAngle>0.0</steeringAngle>
      <velocity>8.0</velocity>
      <orientation>0.880622015695639</orientation>
      <time>68</time>
    </ksState>
    <ksState>
      <x>320.4869676589841</x>
      <y>-287.7155548939567</y>
      <steeringAngle>0.0</steeringAngle>
      <velocity>8.0</velocity>
      <orientation>0.880622015695639</orientation>
      <time>69</time>
    </ksState>
    <ksState>
      <x>320.99630494641735</x>
      <y>-287.0986468557289</y>
      <steeringAngle>0.0</steeringAngle>
      <velocity>8.0</velocity>
      <orientation>0.880622015695639</orientation>
      <time>70</time>
    </ksState>
    <ksState>
      <x>321.5056422338506</x>
      <y>-286.481738817501</y>
      <steeringAngle>0.0</steeringAngle>
      <velocity>8.0</velocity>
      <orientation>0.880622015695639</orientation>
      <time>71</time>
    </ksState>
    <ksState>
      <x>322.01497952128386</x>
      <y>-285.8648307792732</y>
      <steeringAngle>0.0</steeringAngle>
      <velocity>8.0</velocity>
      <orientation>0.880622015695639</orientation>
      <time>72</time>
    </ksState>
    <ksState>
      <x>322.5243168087171</x>
      <y>-285.24792274104533</y>
      <steeringAngle>0.0</steeringAngle>
      <velocity>8.0</velocity>
      <orientation>0.880622015695639</orientation>
      <time>73</time>
    </ksState>
    <ksState>
      <x>323.03365409615037</x>
      <y>-284.6310147028175</y>
      <steeringAngle>0.0</steeringAngle>
      <velocity>8.0</velocity>
      <orientation>0.880622015695639</orientation>
      <time>74</time>
    </ksState>
    <ksState>
      <x>323.5429913835836</x>
      <y>-284.01410666458963</y>
      <steeringAngle>0.0</steeringAngle>
      <velocity>8.0</velocity>
      <orientation>0.880622015695639</orientation>
      <time>75</time>
    </ksState>
    <ksState>
      <x>324.05949463254404</x>
      <y>-283.40314629845744</y>
      <steeringAngle>-0.03553333333333333</steeringAngle>
      <velocity>8.0</velocity>
      <orientation>0.8751094806928003</orientation>
      <time>76</time>
    </ksState>
    <ksState>
      <x>324.59467153691526</x>
      <y>-282.808091044664</y>
      <steeringAngle>-0.07106666666666667</steeringAngle>
      <velocity>8.0</velocity>
      <orientation>0.8585579598125306</orientation>
      <time>77</time>
    </ksState>
    <ksState>
      <x>325.15463749241405</x>
      <y>-282.2354790544777</y>
      <steeringAngle>-0.10659999999999997</steeringAngle>
      <velocity>8.0</velocity>
      <orientation>0.8309254805218357</orientation>
      <time>78</time>
    </ksState>
    <ksState>
      <x>325.7447916825556</x>
      <y>-281.6927087293751</y>
      <steeringAngle>-0.1421333333333333</steeringAngle>
      <velocity>8.0</velocity>
      <orientation>0.7921416282491007</orientation>
      <time>79</time>
    </ksState>
    <ksState>
      <x>326.36953804302755</x>
      <y>-281.1882116115315</y>
      <steeringAngle>-0.17766666666666667</steeringAngle>
      <velocity>8.0</velocity>
      <orientation>0.7421068159999461</orientation>
      <time>80</time>
    </ksState>
    <ksState>
      <x>327.02582868272657</x>
      <y>-280.72410436208213</y>
      <steeringAngle>-0.17766666666666667</steeringAngle>
      <velocity>8.0</velocity>
      <orientation>0.6864058396894344</orientation>
      <time>81</time>
    </ksState>
    <ksState>
      <x>327.7069393716019</x>
      <y>-280.2972540001759</y>
      <steeringAngle>-0.17766666666666667</steeringAngle>
      <velocity>8.0</velocity>
      <orientation>0.6307048633789225</orientation>
      <time>82</time>
    </ksState>
    <ksState>
      <x>328.4107574168496</x>
      <y>-279.90898455200903</y>
      <steeringAngle>-0.17766666666666667</steeringAngle>
      <velocity>8.0</velocity>
      <orientation>0.5750038870684109</orientation>
      <time>83</time>
    </ksState>
    <ksState>
      <x>329.13509971810043</x>
      <y>-279.56050035039516</y>
      <steeringAngle>-0.17766666666666667</steeringAngle>
      <velocity>8.0</velocity>
      <orientation>0.519302910757899</orientation>
      <time>84</time>
    </ksState>
    <ksState>
      <x>329.877719513696</x>
      <y>-279.25288232257003</y>
      <steeringAngle>-0.17766666666666667</steeringAngle>
      <velocity>8.0</velocity>
      <orientation>0.46360193444738723</orientation>
      <time>85</time>
    </ksState>
    <ksState>
      <x>330.6363133110592</x>
      <y>-278.9870846676707</y>
      <steeringAngle>-0.17766666666666667</steeringAngle>
      <velocity>8.0</velocity>
      <orientation>0.40790095813687544</orientation>
      <time>86</time>
    </ksState>
    <ksState>
      <x>331.4085281745363</x>
      <y>-278.7639317905106</y>
      <steeringAngle>-0.17766666666666667</steeringAngle>
      <velocity>8.0</velocity>
      <orientation>0.3521999818263637</orientation>
      <time>87</time>
    </ksState>
    <ksState>
      <x>332.19196881932874</x>
      <y>-278.584115881083</y>
      <steeringAngle>-0.17766666666666667</steeringAngle>
      <velocity>8.0</velocity>
      <orientation>0.296499005515852</orientation>
      <time>88</time>
    </ksState>
    <ksState>
      <x>332.98420517196803</x>
      <y>-278.4481946917393</y>
      <steeringAngle>-0.17766666666666667</steeringAngle>
      <velocity>8.0</velocity>
      <orientation>0.24079802920534019</orientation>
      <time>89</time>
    </ksState>
    <ksState>
      <x>333.78277987719196</x>
      <y>-278.35658982270945</y>
      <steeringAngle>-0.17766666666666667</steeringAngle>
      <velocity>8.0</velocity>
      <orientation>0.18509705289482836</orientation>
      <time>90</time>
    </ksState>
    <ksState>
      <x>334.54621241532845</x>
      <y>-278.31972194966687</y>
      <steeringAngle>-0.21320000000000014</steeringAngle>
      <velocity>7.200000000000003</velocity>
      <orientation>0.1268477258233355</orientation>
      <time>91</time>
    </ksState>
    <ksState>
      <x>335.23135933058023</x>
      <y>-278.3417421679293</y>
      <steeringAngle>-0.24873333333333347</steeringAngle>
      <velocity>6.400000000000004</velocity>
      <orientation>0.06493063833755616</orientation>
      <time>92</time>
    </ksState>
    <ksState>
      <x>335.83390935092467</x>
      <y>-278.4115408735175</y>
      <steeringAngle>-0.2842666666666668</steeringAngle>
      <velocity>5.600000000000001</velocity>
      <orientation>0.001508495573635027</orientation>
      <time>93</time>
    </ksState>
    <ksState>
      <x>336.3509387749081</x>
      <y>-278.5159125218331</y>
      <steeringAngle>-0.3198</steeringAngle>
      <velocity>4.800000000000002</velocity>
      <orientation>-0.061220604168317594</orientation>
      <time>94</time>
    </ksState>
    <ksState>
      <x>336.7813321833693</x>
      <y>-278.64039229839324</y>
      <steeringAngle>-0.3553333333333332</steeringAngle>
      <velocity>4.000000000000001</velocity>
      <orientation>-0.12101043821653235</orientation>
      <time>95</time>
    </ksState>
    <ksState>
      <x>337.1645803847824</x>
      <y>-278.7810345903735</y>
      <steeringAngle>-0.35533333333333333</steeringAngle>
      <velocity>4.0</velocity>
      <orientation>-0.17856714497324638</orientation>
      <time>96</time>
    </ksState>
    <ksState>
      <x>337.5391035484621</x>
      <y>-278.943490318165</y>
      <steeringAngle>-0.35533333333333333</steeringAngle>
      <velocity>4.0</velocity>
      <orientation>-0.23612385172996042</orientation>
      <time>97</time>
    </ksState>
    <ksState>
      <x>337.90366127471964</x>
      <y>-279.12722144986674</y>
      <steeringAngle>-0.35533333333333333</steeringAngle>
      <velocity>4.0</velocity>
      <orientation>-0.2936805584866744</orientation>
      <time>98</time>
    </ksState>
    <ksState>
      <x>338.25704619938455</x>
      <y>-279.33161949403666</y>
      <steeringAngle>-0.35533333333333333</steeringAngle>
      <velocity>4.0</velocity>
      <orientation>-0.3512372652433884</orientation>
      <time>99</time>
    </ksState>
  </ksTrajectory>
</CommonRoadSolution>
