<?xml version="1.0" ?>
<CommonRoadSolution benchmark_id="KS2:SM1:BEL_Nivelles-3_1_T-1:2020a" computation_time="0.6731853629999875" date="2023-11-26T00:13:30">
  <ksTrajectory planningProblem="1">
    <ksState>
      <x>-923.52766</x>
      <y>-629.01212</y>
      <steeringAngle>0.0</steeringAngle>
      <velocity>12.0</velocity>
      <orientation>-0.62671759</orientation>
      <time>0</time>
    </ksState>
    <ksState>
      <x>-922.5881099191894</x>
      <y>-629.6924476008771</y>
      <steeringAngle>0.0</steeringAngle>
      <velocity>11.200000000000001</velocity>
      <orientation>-0.62671759</orientation>
      <time>1</time>
    </ksState>
    <ksState>
      <x>-921.7133563960685</x>
      <y>-630.325856056582</y>
      <steeringAngle>0.0</steeringAngle>
      <velocity>10.4</velocity>
      <orientation>-0.62671759</orientation>
      <time>2</time>
    </ksState>
    <ksState>
      <x>-920.9033994303867</x>
      <y>-630.9123453672961</y>
      <steeringAngle>0.0</steeringAngle>
      <velocity>9.599999999999998</velocity>
      <orientation>-0.62671759</orientation>
      <time>3</time>
    </ksState>
    <ksState>
      <x>-920.1582390220725</x>
      <y>-631.4519155330712</y>
      <steeringAngle>0.0</steeringAngle>
      <velocity>8.799999999999999</velocity>
      <orientation>-0.62671759</orientation>
      <time>4</time>
    </ksState>
    <ksState>
      <x>-919.4778751711027</x>
      <y>-631.9445665539241</y>
      <steeringAngle>0.0</steeringAngle>
      <velocity>7.999999999999997</velocity>
      <orientation>-0.62671759</orientation>
      <time>5</time>
    </ksState>
    <ksState>
      <x>-918.8623078771079</x>
      <y>-632.3902984301222</y>
      <steeringAngle>0.0</steeringAngle>
      <velocity>7.200000000000001</velocity>
      <orientation>-0.62671759</orientation>
      <time>6</time>
    </ksState>
    <ksState>
      <x>-918.3115371406763</x>
      <y>-632.78911116124</y>
      <steeringAngle>0.0</steeringAngle>
      <velocity>6.400000000000001</velocity>
      <orientation>-0.62671759</orientation>
      <time>7</time>
    </ksState>
    <ksState>
      <x>-917.8255629616452</x>
      <y>-633.1410047473946</y>
      <steeringAngle>0.0</steeringAngle>
      <velocity>5.600000000000001</velocity>
      <orientation>-0.62671759</orientation>
      <time>8</time>
    </ksState>
    <ksState>
      <x>-917.4043853399694</x>
      <y>-633.4459791886194</y>
      <steeringAngle>0.0</steeringAngle>
      <velocity>4.800000000000001</velocity>
      <orientation>-0.62671759</orientation>
      <time>9</time>
    </ksState>
    <ksState>
      <x>-917.0480042756317</x>
      <y>-633.7040344849264</y>
      <steeringAngle>0.0</steeringAngle>
      <velocity>4.000000000000001</velocity>
      <orientation>-0.62671759</orientation>
      <time>10</time>
    </ksState>
    <ksState>
      <x>-916.6916232095141</x>
      <y>-633.9620897825223</y>
      <steeringAngle>0.0</steeringAngle>
      <velocity>4.8</velocity>
      <orientation>-0.62671759</orientation>
      <time>11</time>
    </ksState>
    <ksState>
      <x>-916.2704455860354</x>
      <y>-634.2670642250524</y>
      <steeringAngle>0.0</steeringAngle>
      <velocity>5.6</velocity>
      <orientation>-0.62671759</orientation>
      <time>12</time>
    </ksState>
    <ksState>
      <x>-915.7844714052084</x>
      <y>-634.6189578125076</y>
      <steeringAngle>0.0</steeringAngle>
      <velocity>6.4</velocity>
      <orientation>-0.62671759</orientation>
      <time>13</time>
    </ksState>
    <ksState>
      <x>-915.2337006670408</x>
      <y>-635.0177705448823</y>
      <steeringAngle>0.0</steeringAngle>
      <velocity>7.199999999999999</velocity>
      <orientation>-0.62671759</orientation>
      <time>14</time>
    </ksState>
    <ksState>
      <x>-914.6181333715372</x>
      <y>-635.4635024221731</y>
      <steeringAngle>0.0</steeringAngle>
      <velocity>7.999999999999998</velocity>
      <orientation>-0.62671759</orientation>
      <time>15</time>
    </ksState>
    <ksState>
      <x>-913.9701677982914</x>
      <y>-635.9326938712514</y>
      <steeringAngle>0.0</steeringAngle>
      <velocity>8.0</velocity>
      <orientation>-0.62671759</orientation>
      <time>16</time>
    </ksState>
    <ksState>
      <x>-913.3222022250457</x>
      <y>-636.4018853203298</y>
      <steeringAngle>0.0</steeringAngle>
      <velocity>8.0</velocity>
      <orientation>-0.62671759</orientation>
      <time>17</time>
    </ksState>
    <ksState>
      <x>-912.6742366517999</x>
      <y>-636.8710767694082</y>
      <steeringAngle>0.0</steeringAngle>
      <velocity>8.0</velocity>
      <orientation>-0.62671759</orientation>
      <time>18</time>
    </ksState>
    <ksState>
      <x>-912.0262710785541</x>
      <y>-637.3402682184867</y>
      <steeringAngle>0.0</steeringAngle>
      <velocity>8.0</velocity>
      <orientation>-0.62671759</orientation>
      <time>19</time>
    </ksState>
    <ksState>
      <x>-911.3783055053084</x>
      <y>-637.8094596675651</y>
      <steeringAngle>0.0</steeringAngle>
      <velocity>8.0</velocity>
      <orientation>-0.62671759</orientation>
      <time>20</time>
    </ksState>
    <ksState>
      <x>-910.7358212099621</x>
      <y>-638.2861798217481</y>
      <steeringAngle>-0.03553333333333333</steeringAngle>
      <velocity>8.0</velocity>
      <orientation>-0.6322301250028388</orientation>
      <time>21</time>
    </ksState>
    <ksState>
      <x>-910.1080258408599</x>
      <y>-638.7825446558908</y>
      <steeringAngle>-0.07106666666666667</steeringAngle>
      <velocity>8.0</velocity>
      <orientation>-0.6487816458831085</orientation>
      <time>22</time>
    </ksState>
    <ksState>
      <x>-909.501056587345</x>
      <y>-639.3050718684934</y>
      <steeringAngle>-0.10659999999999997</steeringAngle>
      <velocity>8.0</velocity>
      <orientation>-0.6764141251738034</orientation>
      <time>23</time>
    </ksState>
    <ksState>
      <x>-908.9219545755235</x>
      <y>-639.8596189394065</y>
      <steeringAngle>-0.1421333333333333</steeringAngle>
      <velocity>8.0</velocity>
      <orientation>-0.7151979774465382</orientation>
      <time>24</time>
    </ksState>
    <ksState>
      <x>-908.3788551055835</x>
      <y>-640.4511156195206</y>
      <steeringAngle>-0.17766666666666667</steeringAngle>
      <velocity>8.0</velocity>
      <orientation>-0.765232789695693</orientation>
      <time>25</time>
    </ksState>
    <ksState>
      <x>-907.8670898159776</x>
      <y>-641.0700956821355</y>
      <steeringAngle>-0.14213333333333336</steeringAngle>
      <velocity>8.0</velocity>
      <orientation>-0.8152676012444414</orientation>
      <time>26</time>
    </ksState>
    <ksState>
      <x>-907.3714212374559</x>
      <y>-641.7004598386305</y>
      <steeringAngle>-0.1066000000000001</steeringAngle>
      <velocity>8.0</velocity>
      <orientation>-0.8540514532514387</orientation>
      <time>27</time>
    </ksState>
    <ksState>
      <x>-906.8848323206681</x>
      <y>-642.3366941196513</y>
      <steeringAngle>-0.07106666666666674</steeringAngle>
      <velocity>8.0</velocity>
      <orientation>-0.8816839322811256</orientation>
      <time>28</time>
    </ksState>
    <ksState>
      <x>-906.4001540845367</x>
      <y>-642.9736097312893</y>
      <steeringAngle>-0.035533333333333354</steeringAngle>
      <velocity>8.0</velocity>
      <orientation>-0.898235452910155</orientation>
      <time>29</time>
    </ksState>
    <ksState>
      <x>-905.9102132636075</x>
      <y>-643.6060884244343</y>
      <steeringAngle>-2.0816681711721685e-17</steeringAngle>
      <velocity>8.0</velocity>
      <orientation>-0.9037479793685599</orientation>
      <time>30</time>
    </ksState>
    <ksState>
      <x>-905.4226088821803</x>
      <y>-644.240351888922</y>
      <steeringAngle>-0.03553333333333333</steeringAngle>
      <velocity>8.0</velocity>
      <orientation>-0.9092605143713987</orientation>
      <time>31</time>
    </ksState>
    <ksState>
      <x>-904.9545061949575</x>
      <y>-644.8894935901355</y>
      <steeringAngle>-0.07106666666666667</steeringAngle>
      <velocity>8.0</velocity>
      <orientation>-0.9258120352516683</orientation>
      <time>32</time>
    </ksState>
    <ksState>
      <x>-904.5135909853461</x>
      <y>-645.558104194715</y>
      <steeringAngle>-0.10659999999999997</steeringAngle>
      <velocity>8.0</velocity>
      <orientation>-0.9534445145423632</orientation>
      <time>33</time>
    </ksState>
  </ksTrajectory>
</CommonRoadSolution>
