<?xml version="1.0" ?>
<CommonRoadSolution benchmark_id="KS2:SM1:HRV_Pula-25_1_T-1:2020a" computation_time="0.30397376299970347" date="2023-11-26T00:13:30">
  <ksTrajectory planningProblem="1">
    <ksState>
      <x>753.34718</x>
      <y>-578.4464</y>
      <steeringAngle>0.0</steeringAngle>
      <velocity>0.0</velocity>
      <orientation>-2.9292064</orientation>
      <time>0</time>
    </ksState>
    <ksState>
      <x>753.34718</x>
      <y>-578.4464</y>
      <steeringAngle>0.0</steeringAngle>
      <velocity>0.0</velocity>
      <orientation>-2.9292064</orientation>
      <time>1</time>
    </ksState>
    <ksState>
      <x>753.34718</x>
      <y>-578.4464</y>
      <steeringAngle>0.0</steeringAngle>
      <velocity>0.0</velocity>
      <orientation>-2.9292064</orientation>
      <time>2</time>
    </ksState>
    <ksState>
      <x>753.34718</x>
      <y>-578.4464</y>
      <steeringAngle>0.0</steeringAngle>
      <velocity>0.0</velocity>
      <orientation>-2.9292064</orientation>
      <time>3</time>
    </ksState>
    <ksState>
      <x>753.34718</x>
      <y>-578.4464</y>
      <steeringAngle>0.0</steeringAngle>
      <velocity>0.0</velocity>
      <orientation>-2.9292064</orientation>
      <time>4</time>
    </ksState>
    <ksState>
      <x>753.34718</x>
      <y>-578.4464</y>
      <steeringAngle>0.0</steeringAngle>
      <velocity>0.0</velocity>
      <orientation>-2.9292064</orientation>
      <time>5</time>
    </ksState>
    <ksState>
      <x>753.3080787715911</x>
      <y>-578.4548317255095</y>
      <steeringAngle>0.0</steeringAngle>
      <velocity>0.8</velocity>
      <orientation>-2.9292064</orientation>
      <time>6</time>
    </ksState>
    <ksState>
      <x>753.190775087523</x>
      <y>-578.480126901788</y>
      <steeringAngle>0.0</steeringAngle>
      <velocity>1.6</velocity>
      <orientation>-2.9292064</orientation>
      <time>7</time>
    </ksState>
    <ksState>
      <x>752.9952689479668</x>
      <y>-578.5222855287988</y>
      <steeringAngle>0.0</steeringAngle>
      <velocity>2.4000000000000004</velocity>
      <orientation>-2.9292064</orientation>
      <time>8</time>
    </ksState>
    <ksState>
      <x>752.7215603529743</x>
      <y>-578.5813076065305</y>
      <steeringAngle>0.0</steeringAngle>
      <velocity>3.2000000000000006</velocity>
      <orientation>-2.9292064</orientation>
      <time>9</time>
    </ksState>
    <ksState>
      <x>752.3696493025667</x>
      <y>-578.6571931349787</y>
      <steeringAngle>0.0</steeringAngle>
      <velocity>4.000000000000001</velocity>
      <orientation>-2.9292064</orientation>
      <time>10</time>
    </ksState>
    <ksState>
      <x>752.0177382542863</x>
      <y>-578.7330786629682</y>
      <steeringAngle>0.0</steeringAngle>
      <velocity>3.2</velocity>
      <orientation>-2.9292064</orientation>
      <time>11</time>
    </ksState>
    <ksState>
      <x>751.744029661502</x>
      <y>-578.7921007402238</y>
      <steeringAngle>0.0</steeringAngle>
      <velocity>2.4000000000000004</velocity>
      <orientation>-2.9292064</orientation>
      <time>12</time>
    </ksState>
    <ksState>
      <x>751.5485235241146</x>
      <y>-578.8342593667668</y>
      <steeringAngle>0.0</steeringAngle>
      <velocity>1.6</velocity>
      <orientation>-2.9292064</orientation>
      <time>13</time>
    </ksState>
    <ksState>
      <x>751.4312198420841</x>
      <y>-578.8595545426059</y>
      <steeringAngle>0.0</steeringAngle>
      <velocity>0.7999999999999998</velocity>
      <orientation>-2.9292064</orientation>
      <time>14</time>
    </ksState>
    <ksState>
      <x>751.3921186153589</x>
      <y>-578.8679862677524</y>
      <steeringAngle>0.0</steeringAngle>
      <velocity>-3.3306690738754696e-16</velocity>
      <orientation>-2.9292064</orientation>
      <time>15</time>
    </ksState>
    <ksState>
      <x>751.3921186153589</x>
      <y>-578.8679862677524</y>
      <steeringAngle>0.0</steeringAngle>
      <velocity>0.0</velocity>
      <orientation>-2.9292064</orientation>
      <time>16</time>
    </ksState>
    <ksState>
      <x>751.3921186153589</x>
      <y>-578.8679862677524</y>
      <steeringAngle>0.0</steeringAngle>
      <velocity>0.0</velocity>
      <orientation>-2.9292064</orientation>
      <time>17</time>
    </ksState>
    <ksState>
      <x>751.3921186153589</x>
      <y>-578.8679862677524</y>
      <steeringAngle>0.0</steeringAngle>
      <velocity>0.0</velocity>
      <orientation>-2.9292064</orientation>
      <time>18</time>
    </ksState>
    <ksState>
      <x>751.3921186153589</x>
      <y>-578.8679862677524</y>
      <steeringAngle>0.0</steeringAngle>
      <velocity>0.0</velocity>
      <orientation>-2.9292064</orientation>
      <time>19</time>
    </ksState>
    <ksState>
      <x>751.3921186153589</x>
      <y>-578.8679862677524</y>
      <steeringAngle>0.0</steeringAngle>
      <velocity>0.0</velocity>
      <orientation>-2.9292064</orientation>
      <time>20</time>
    </ksState>
    <ksState>
      <x>751.3921186153589</x>
      <y>-578.8679862677524</y>
      <steeringAngle>0.0</steeringAngle>
      <velocity>0.0</velocity>
      <orientation>-2.9292064</orientation>
      <time>21</time>
    </ksState>
    <ksState>
      <x>751.3921186153589</x>
      <y>-578.8679862677524</y>
      <steeringAngle>0.0</steeringAngle>
      <velocity>0.0</velocity>
      <orientation>-2.9292064</orientation>
      <time>22</time>
    </ksState>
    <ksState>
      <x>751.3921186153589</x>
      <y>-578.8679862677524</y>
      <steeringAngle>0.0</steeringAngle>
      <velocity>0.0</velocity>
      <orientation>-2.9292064</orientation>
      <time>23</time>
    </ksState>
    <ksState>
      <x>751.3921186153589</x>
      <y>-578.8679862677524</y>
      <steeringAngle>0.0</steeringAngle>
      <velocity>0.0</velocity>
      <orientation>-2.9292064</orientation>
      <time>24</time>
    </ksState>
    <ksState>
      <x>751.3921186153589</x>
      <y>-578.8679862677524</y>
      <steeringAngle>0.0</steeringAngle>
      <velocity>0.0</velocity>
      <orientation>-2.9292064</orientation>
      <time>25</time>
    </ksState>
    <ksState>
      <x>751.3921186153589</x>
      <y>-578.8679862677524</y>
      <steeringAngle>0.0</steeringAngle>
      <velocity>0.0</velocity>
      <orientation>-2.9292064</orientation>
      <time>26</time>
    </ksState>
    <ksState>
      <x>751.3921186153589</x>
      <y>-578.8679862677524</y>
      <steeringAngle>0.0</steeringAngle>
      <velocity>0.0</velocity>
      <orientation>-2.9292064</orientation>
      <time>27</time>
    </ksState>
    <ksState>
      <x>751.3921186153589</x>
      <y>-578.8679862677524</y>
      <steeringAngle>0.0</steeringAngle>
      <velocity>0.0</velocity>
      <orientation>-2.9292064</orientation>
      <time>28</time>
    </ksState>
    <ksState>
      <x>751.3921186153589</x>
      <y>-578.8679862677524</y>
      <steeringAngle>0.0</steeringAngle>
      <velocity>0.0</velocity>
      <orientation>-2.9292064</orientation>
      <time>29</time>
    </ksState>
    <ksState>
      <x>751.3921186153589</x>
      <y>-578.8679862677524</y>
      <steeringAngle>0.0</steeringAngle>
      <velocity>0.0</velocity>
      <orientation>-2.9292064</orientation>
      <time>30</time>
    </ksState>
    <ksState>
      <x>751.3921186153589</x>
      <y>-578.8679862677524</y>
      <steeringAngle>0.0</steeringAngle>
      <velocity>0.0</velocity>
      <orientation>-2.9292064</orientation>
      <time>31</time>
    </ksState>
    <ksState>
      <x>751.3921186153589</x>
      <y>-578.8679862677524</y>
      <steeringAngle>0.0</steeringAngle>
      <velocity>0.0</velocity>
      <orientation>-2.9292064</orientation>
      <time>32</time>
    </ksState>
    <ksState>
      <x>751.3921186153589</x>
      <y>-578.8679862677524</y>
      <steeringAngle>0.0</steeringAngle>
      <velocity>0.0</velocity>
      <orientation>-2.9292064</orientation>
      <time>33</time>
    </ksState>
  </ksTrajectory>
</CommonRoadSolution>
