<?xml version="1.0" ?>
<CommonRoadSolution benchmark_id="KS2:SM1:FRA_Miramas-3_1_T-1:2020a" computation_time="0.394885185000021" date="2023-11-26T00:13:30">
  <ksTrajectory planningProblem="1">
    <ksState>
      <x>-172.0663</x>
      <y>266.165</y>
      <steeringAngle>0.0</steeringAngle>
      <velocity>12.0</velocity>
      <orientation>-1.5284532</orientation>
      <time>0</time>
    </ksState>
    <ksState>
      <x>-172.0171966492386</x>
      <y>265.0060397505477</y>
      <steeringAngle>0.0</steeringAngle>
      <velocity>11.200000000000001</velocity>
      <orientation>-1.5284532</orientation>
      <time>1</time>
    </ksState>
    <ksState>
      <x>-171.97147973648126</x>
      <y>263.9270077946453</y>
      <steeringAngle>0.0</steeringAngle>
      <velocity>10.4</velocity>
      <orientation>-1.5284532</orientation>
      <time>2</time>
    </ksState>
    <ksState>
      <x>-171.92914926171488</x>
      <y>262.9279041319833</y>
      <steeringAngle>0.0</steeringAngle>
      <velocity>9.599999999999998</velocity>
      <orientation>-1.5284532</orientation>
      <time>3</time>
    </ksState>
    <ksState>
      <x>-171.8902052249357</x>
      <y>262.0087287624739</y>
      <steeringAngle>0.0</steeringAngle>
      <velocity>8.799999999999999</velocity>
      <orientation>-1.5284532</orientation>
      <time>4</time>
    </ksState>
    <ksState>
      <x>-171.85464762614254</x>
      <y>261.16948168608815</y>
      <steeringAngle>0.0</steeringAngle>
      <velocity>7.999999999999997</velocity>
      <orientation>-1.5284532</orientation>
      <time>5</time>
    </ksState>
    <ksState>
      <x>-171.8310815028487</x>
      <y>260.409819158166</y>
      <steeringAngle>-0.03553333333333333</steeringAngle>
      <velocity>7.199999999999999</velocity>
      <orientation>-1.5335982129824923</orientation>
      <time>6</time>
    </ksState>
    <ksState>
      <x>-171.8298859120772</x>
      <y>259.72955064840295</y>
      <steeringAngle>-0.07106666666666664</steeringAngle>
      <velocity>6.400000000000001</velocity>
      <orientation>-1.5475748851034554</orientation>
      <time>7</time>
    </ksState>
    <ksState>
      <x>-171.8510769032366</x>
      <y>259.1292379783886</y>
      <steeringAngle>-0.10659999999999997</steeringAngle>
      <velocity>5.600000000000004</velocity>
      <orientation>-1.5682066529693368</orientation>
      <time>8</time>
    </ksState>
    <ksState>
      <x>-171.89167587625695</x>
      <y>258.60963062371593</y>
      <steeringAngle>-0.1421333333333333</steeringAngle>
      <velocity>4.800000000000003</velocity>
      <orientation>-1.593322860477985</orientation>
      <time>9</time>
    </ksState>
    <ksState>
      <x>-171.94638053752493</x>
      <y>258.1713387053594</y>
      <steeringAngle>-0.17766666666666653</steeringAngle>
      <velocity>4.000000000000006</velocity>
      <orientation>-1.6207477570631348</orientation>
      <time>10</time>
    </ksState>
    <ksState>
      <x>-172.00705817213134</x>
      <y>257.7743625576983</y>
      <steeringAngle>-0.1421333333333333</steeringAngle>
      <velocity>4.0</velocity>
      <orientation>-1.645765163407658</orientation>
      <time>11</time>
    </ksState>
    <ksState>
      <x>-172.06855899514156</x>
      <y>257.37815041433066</y>
      <steeringAngle>-0.10659999999999999</steeringAngle>
      <velocity>4.0</velocity>
      <orientation>-1.6651570896984087</orientation>
      <time>12</time>
    </ksState>
    <ksState>
      <x>-172.12873697482053</x>
      <y>256.9822088634213</y>
      <steeringAngle>-0.07106666666666664</steeringAngle>
      <velocity>4.0</velocity>
      <orientation>-1.6789733294333615</orientation>
      <time>13</time>
    </ksState>
    <ksState>
      <x>-172.18545131748664</x>
      <y>256.58607059647403</y>
      <steeringAngle>-0.03553333333333332</steeringAngle>
      <velocity>4.0</velocity>
      <orientation>-1.687249089895627</orientation>
      <time>14</time>
    </ksState>
    <ksState>
      <x>-172.2365513469139</x>
      <y>256.18932698517057</y>
      <steeringAngle>2.2985086056692694e-17</steeringAngle>
      <velocity>4.0</velocity>
      <orientation>-1.6900053531904673</orientation>
      <time>15</time>
    </ksState>
    <ksState>
      <x>-172.2840036652458</x>
      <y>255.7518731168262</y>
      <steeringAngle>0.035533333333333326</steeringAngle>
      <velocity>4.799999999999999</velocity>
      <orientation>-1.6868815745212764</orientation>
      <time>16</time>
    </ksState>
    <ksState>
      <x>-172.3263954294376</x>
      <y>255.23338592925114</y>
      <steeringAngle>0.07106666666666667</steeringAngle>
      <velocity>5.599999999999998</velocity>
      <orientation>-1.6760309634601036</orientation>
      <time>17</time>
    </ksState>
    <ksState>
      <x>-172.35413623879978</x>
      <y>254.6333277339496</y>
      <steeringAngle>0.10659999999999999</steeringAngle>
      <velocity>6.3999999999999995</velocity>
      <orientation>-1.6552140144597758</orientation>
      <time>18</time>
    </ksState>
    <ksState>
      <x>-172.35387615908957</x>
      <y>253.95177139843148</y>
      <steeringAngle>0.14213333333333333</steeringAngle>
      <velocity>7.199999999999999</velocity>
      <orientation>-1.6221544434786106</orientation>
      <time>19</time>
    </ksState>
    <ksState>
      <x>-172.30775707319188</x>
      <y>253.19028465249977</y>
      <steeringAngle>0.17766666666666664</steeringAngle>
      <velocity>7.9999999999999964</velocity>
      <orientation>-1.574527121397064</orientation>
      <time>20</time>
    </ksState>
    <ksState>
      <x>-172.21881521534775</x>
      <y>252.3920808091844</y>
      <steeringAngle>0.14213333333333336</steeringAngle>
      <velocity>8.0</velocity>
      <orientation>-1.5244923098483156</orientation>
      <time>21</time>
    </ksState>
    <ksState>
      <x>-172.11049888100047</x>
      <y>251.59752817956138</y>
      <steeringAngle>0.1066000000000001</steeringAngle>
      <velocity>8.0</velocity>
      <orientation>-1.4857084578413182</orientation>
      <time>22</time>
    </ksState>
    <ksState>
      <x>-171.9916501753419</x>
      <y>250.8054184526611</y>
      <steeringAngle>0.07106666666666674</steeringAngle>
      <velocity>8.0</velocity>
      <orientation>-1.4580759788116313</orientation>
      <time>23</time>
    </ksState>
    <ksState>
      <x>-171.87098317408527</x>
      <y>250.01420801053115</y>
      <steeringAngle>0.035533333333333354</steeringAngle>
      <velocity>8.0</velocity>
      <orientation>-1.4415244581826019</orientation>
      <time>24</time>
    </ksState>
    <ksState>
      <x>-171.7571642365264</x>
      <y>249.22230110012558</y>
      <steeringAngle>2.0816681711721685e-17</steeringAngle>
      <velocity>8.0</velocity>
      <orientation>-1.436011931724197</orientation>
      <time>25</time>
    </ksState>
    <ksState>
      <x>-171.65889431794506</x>
      <y>248.42832931330125</y>
      <steeringAngle>-0.03553333333333333</steeringAngle>
      <velocity>8.0</velocity>
      <orientation>-1.441524466727036</orientation>
      <time>26</time>
    </ksState>
    <ksState>
      <x>-171.58497872404058</x>
      <y>247.6314343647558</y>
      <steeringAngle>-0.07106666666666667</steeringAngle>
      <velocity>8.0</velocity>
      <orientation>-1.4580759876073055</orientation>
      <time>27</time>
    </ksState>
    <ksState>
      <x>-171.54436968597415</x>
      <y>246.83156108188518</y>
      <steeringAngle>-0.10659999999999997</steeringAngle>
      <velocity>8.0</velocity>
      <orientation>-1.4857084668980003</orientation>
      <time>28</time>
    </ksState>
    <ksState>
      <x>-171.5461652931825</x>
      <y>246.02976411896475</y>
      <steeringAngle>-0.1421333333333333</steeringAngle>
      <velocity>8.0</velocity>
      <orientation>-1.5244923191707354</orientation>
      <time>29</time>
    </ksState>
    <ksState>
      <x>-171.59954713482827</x>
      <y>245.22853023562118</y>
      <steeringAngle>-0.17766666666666667</steeringAngle>
      <velocity>8.0</velocity>
      <orientation>-1.5745271314198899</orientation>
      <time>30</time>
    </ksState>
    <ksState>
      <x>-171.68888426551513</x>
      <y>244.47077548044052</y>
      <steeringAngle>-0.1421333333333334</steeringAngle>
      <velocity>7.2</velocity>
      <orientation>-1.6221544531655268</orientation>
      <time>31</time>
    </ksState>
    <ksState>
      <x>-171.7824720705001</x>
      <y>243.79560008107433</y>
      <steeringAngle>-0.10660000000000011</steeringAngle>
      <velocity>6.4</velocity>
      <orientation>-1.6552140236134947</orientation>
      <time>32</time>
    </ksState>
    <ksState>
      <x>-171.86917896935623</x>
      <y>243.20115023429517</y>
      <steeringAngle>-0.07106666666666674</steeringAngle>
      <velocity>5.600000000000001</velocity>
      <orientation>-1.6760309719073831</orientation>
      <time>33</time>
    </ksState>
  </ksTrajectory>
</CommonRoadSolution>
