<?xml version="1.0" ?>
<CommonRoadSolution benchmark_id="KS2:SM1:ESP_Requena-6_2_T-1:2020a" computation_time="0.6863614950007104" date="2023-11-26T00:13:30">
  <ksTrajectory planningProblem="1">
    <ksState>
      <x>229.9301</x>
      <y>-657.23014</y>
      <steeringAngle>0.0</steeringAngle>
      <velocity>8.0</velocity>
      <orientation>-2.7931633</orientation>
      <time>0</time>
    </ksState>
    <ksState>
      <x>229.18137408537228</x>
      <y>-657.5120223867075</y>
      <steeringAngle>0.03553333333333333</steeringAngle>
      <velocity>8.0</velocity>
      <orientation>-2.787650764997161</orientation>
      <time>1</time>
    </ksState>
    <ksState>
      <x>228.4413753783109</x>
      <y>-657.8168288623391</y>
      <steeringAngle>0.07106666666666667</steeringAngle>
      <velocity>8.0</velocity>
      <orientation>-2.7710992441168916</orientation>
      <time>2</time>
    </ksState>
    <ksState>
      <x>227.71421447470001</x>
      <y>-658.1525123187123</y>
      <steeringAngle>0.10659999999999997</steeringAngle>
      <velocity>8.0</velocity>
      <orientation>-2.7434667648261963</orientation>
      <time>3</time>
    </ksState>
    <ksState>
      <x>227.00505249886638</x>
      <y>-658.5266391501284</y>
      <steeringAngle>0.1421333333333333</steeringAngle>
      <velocity>8.0</velocity>
      <orientation>-2.7046829125534617</orientation>
      <time>4</time>
    </ksState>
    <ksState>
      <x>226.320357509709</x>
      <y>-658.9461842950868</y>
      <steeringAngle>0.17766666666666667</steeringAngle>
      <velocity>8.0</velocity>
      <orientation>-2.654648100304307</orientation>
      <time>5</time>
    </ksState>
    <ksState>
      <x>225.65824121966236</x>
      <y>-659.4007632739399</y>
      <steeringAngle>0.14213333333333336</steeringAngle>
      <velocity>8.0</velocity>
      <orientation>-2.6046132887555586</orientation>
      <time>6</time>
    </ksState>
    <ksState>
      <x>225.00847502723443</x>
      <y>-659.870710297236</y>
      <steeringAngle>0.1066000000000001</steeringAngle>
      <velocity>8.0</velocity>
      <orientation>-2.5658294367485612</orientation>
      <time>7</time>
    </ksState>
    <ksState>
      <x>224.36582659273338</x>
      <y>-660.3487958794493</y>
      <steeringAngle>0.07106666666666674</steeringAngle>
      <velocity>8.0</velocity>
      <orientation>-2.538196957718874</orientation>
      <time>8</time>
    </ksState>
    <ksState>
      <x>223.72482816100285</x>
      <y>-660.8280614628649</y>
      <steeringAngle>0.035533333333333354</steeringAngle>
      <velocity>8.0</velocity>
      <orientation>-2.521645437089845</orientation>
      <time>9</time>
    </ksState>
    <ksState>
      <x>223.07998847797055</x>
      <y>-661.301615143541</y>
      <steeringAngle>2.0816681711721685e-17</steeringAngle>
      <velocity>8.0</velocity>
      <orientation>-2.5161329106314403</orientation>
      <time>10</time>
    </ksState>
    <ksState>
      <x>222.42600050876112</x>
      <y>-661.7624273735223</y>
      <steeringAngle>-0.03553333333333333</steeringAngle>
      <velocity>8.0</velocity>
      <orientation>-2.521645445634279</orientation>
      <time>11</time>
    </ksState>
    <ksState>
      <x>221.75795798222717</x>
      <y>-662.2031361853036</y>
      <steeringAngle>-0.07106666666666667</steeringAngle>
      <velocity>8.0</velocity>
      <orientation>-2.5381969665145485</orientation>
      <time>12</time>
    </ksState>
    <ksState>
      <x>221.07159375006398</x>
      <y>-662.6158715768439</y>
      <steeringAngle>-0.10659999999999997</steeringAngle>
      <velocity>8.0</velocity>
      <orientation>-2.5658294458052437</orientation>
      <time>13</time>
    </ksState>
    <ksState>
      <x>220.36355081614428</x>
      <y>-662.9921119224741</y>
      <steeringAngle>-0.1421333333333333</steeringAngle>
      <velocity>8.0</velocity>
      <orientation>-2.6046132980779784</orientation>
      <time>14</time>
    </ksState>
    <ksState>
      <x>219.6316959756066</x>
      <y>-663.3225871094653</y>
      <steeringAngle>-0.17766666666666667</steeringAngle>
      <velocity>8.0</velocity>
      <orientation>-2.654648110327133</orientation>
      <time>15</time>
    </ksState>
    <ksState>
      <x>218.9212474594472</x>
      <y>-663.600860891567</y>
      <steeringAngle>-0.1421333333333334</steeringAngle>
      <velocity>7.2</velocity>
      <orientation>-2.70227543207277</orientation>
      <time>16</time>
    </ksState>
    <ksState>
      <x>218.28163214923381</x>
      <y>-663.836472334608</y>
      <steeringAngle>-0.10660000000000011</steeringAngle>
      <velocity>6.4</velocity>
      <orientation>-2.735335002520738</orientation>
      <time>17</time>
    </ksState>
    <ksState>
      <x>217.71646040487857</x>
      <y>-664.0401132097472</y>
      <steeringAngle>-0.07106666666666674</steeringAngle>
      <velocity>5.600000000000001</velocity>
      <orientation>-2.7561519508146266</orientation>
      <time>18</time>
    </ksState>
    <ksState>
      <x>217.22771865757065</x>
      <y>-664.2183735050542</y>
      <steeringAngle>-0.03553333333333339</steeringAngle>
      <velocity>4.800000000000001</velocity>
      <orientation>-2.767002560472289</orientation>
      <time>19</time>
    </ksState>
    <ksState>
      <x>216.8162779960221</x>
      <y>-664.3743803529625</y>
      <steeringAngle>-5.5294310796760726e-17</steeringAngle>
      <velocity>4.0</velocity>
      <orientation>-2.770126336309455</orientation>
      <time>20</time>
    </ksState>
    <ksState>
      <x>216.48083140078265</x>
      <y>-664.505053919541</y>
      <steeringAngle>0.0</steeringAngle>
      <velocity>3.2</velocity>
      <orientation>-2.770126336309455</orientation>
      <time>21</time>
    </ksState>
    <ksState>
      <x>216.21992849368192</x>
      <y>-664.6066889156488</y>
      <steeringAngle>0.0</steeringAngle>
      <velocity>2.4000000000000004</velocity>
      <orientation>-2.770126336309455</orientation>
      <time>22</time>
    </ksState>
    <ksState>
      <x>216.03356927462497</x>
      <y>-664.6792853413228</y>
      <steeringAngle>0.0</steeringAngle>
      <velocity>1.6</velocity>
      <orientation>-2.770126336309455</orientation>
      <time>23</time>
    </ksState>
    <ksState>
      <x>215.921753743574</x>
      <y>-664.7228431965781</y>
      <steeringAngle>0.0</steeringAngle>
      <velocity>0.7999999999999998</velocity>
      <orientation>-2.770126336309455</orientation>
      <time>24</time>
    </ksState>
    <ksState>
      <x>215.88448190047967</x>
      <y>-664.7373624814336</y>
      <steeringAngle>0.0</steeringAngle>
      <velocity>-3.3306690738754696e-16</velocity>
      <orientation>-2.770126336309455</orientation>
      <time>25</time>
    </ksState>
    <ksState>
      <x>215.88448190047967</x>
      <y>-664.7373624814336</y>
      <steeringAngle>0.0</steeringAngle>
      <velocity>0.0</velocity>
      <orientation>-2.770126336309455</orientation>
      <time>26</time>
    </ksState>
    <ksState>
      <x>215.88448190047967</x>
      <y>-664.7373624814336</y>
      <steeringAngle>0.0</steeringAngle>
      <velocity>0.0</velocity>
      <orientation>-2.770126336309455</orientation>
      <time>27</time>
    </ksState>
    <ksState>
      <x>215.88448190047967</x>
      <y>-664.7373624814336</y>
      <steeringAngle>0.0</steeringAngle>
      <velocity>0.0</velocity>
      <orientation>-2.770126336309455</orientation>
      <time>28</time>
    </ksState>
    <ksState>
      <x>215.88448190047967</x>
      <y>-664.7373624814336</y>
      <steeringAngle>0.0</steeringAngle>
      <velocity>0.0</velocity>
      <orientation>-2.770126336309455</orientation>
      <time>29</time>
    </ksState>
    <ksState>
      <x>215.88448190047967</x>
      <y>-664.7373624814336</y>
      <steeringAngle>0.0</steeringAngle>
      <velocity>0.0</velocity>
      <orientation>-2.770126336309455</orientation>
      <time>30</time>
    </ksState>
    <ksState>
      <x>215.88448190047967</x>
      <y>-664.7373624814336</y>
      <steeringAngle>0.0</steeringAngle>
      <velocity>0.0</velocity>
      <orientation>-2.770126336309455</orientation>
      <time>31</time>
    </ksState>
    <ksState>
      <x>215.88448190047967</x>
      <y>-664.7373624814336</y>
      <steeringAngle>0.0</steeringAngle>
      <velocity>0.0</velocity>
      <orientation>-2.770126336309455</orientation>
      <time>32</time>
    </ksState>
    <ksState>
      <x>215.88448190047967</x>
      <y>-664.7373624814336</y>
      <steeringAngle>0.0</steeringAngle>
      <velocity>0.0</velocity>
      <orientation>-2.770126336309455</orientation>
      <time>33</time>
    </ksState>
  </ksTrajectory>
</CommonRoadSolution>
