<?xml version="1.0" ?>
<CommonRoadSolution benchmark_id="KS2:SM1:ITA_Siderno-5_4_T-1:2020a" computation_time="0.48874442799933604" date="2023-11-26T00:13:30">
  <ksTrajectory planningProblem="1">
    <ksState>
      <x>58.487692</x>
      <y>-884.38527</y>
      <steeringAngle>0.0</steeringAngle>
      <velocity>8.0</velocity>
      <orientation>-0.79440803</orientation>
      <time>0</time>
    </ksState>
    <ksState>
      <x>59.02022949364825</x>
      <y>-884.9274911880349</y>
      <steeringAngle>0.0</steeringAngle>
      <velocity>7.200000000000001</velocity>
      <orientation>-0.79440803</orientation>
      <time>1</time>
    </ksState>
    <ksState>
      <x>59.4967104087579</x>
      <y>-885.4126364612753</y>
      <steeringAngle>0.0</steeringAngle>
      <velocity>6.400000000000001</velocity>
      <orientation>-0.79440803</orientation>
      <time>2</time>
    </ksState>
    <ksState>
      <x>59.917134745469184</x>
      <y>-885.8407058198638</y>
      <steeringAngle>0.0</steeringAngle>
      <velocity>5.600000000000001</velocity>
      <orientation>-0.79440803</orientation>
      <time>3</time>
    </ksState>
    <ksState>
      <x>60.281502503821734</x>
      <y>-886.211699263841</y>
      <steeringAngle>0.0</steeringAngle>
      <velocity>4.800000000000001</velocity>
      <orientation>-0.79440803</orientation>
      <time>4</time>
    </ksState>
    <ksState>
      <x>60.589813683830094</x>
      <y>-886.5256167932215</y>
      <steeringAngle>0.0</steeringAngle>
      <velocity>4.000000000000001</velocity>
      <orientation>-0.79440803</orientation>
      <time>5</time>
    </ksState>
    <ksState>
      <x>60.8420682856057</x>
      <y>-886.7824584081189</y>
      <steeringAngle>0.0</steeringAngle>
      <velocity>3.2</velocity>
      <orientation>-0.79440803</orientation>
      <time>6</time>
    </ksState>
    <ksState>
      <x>61.038266308977526</x>
      <y>-886.9822241083591</y>
      <steeringAngle>0.0</steeringAngle>
      <velocity>2.4000000000000004</velocity>
      <orientation>-0.79440803</orientation>
      <time>7</time>
    </ksState>
    <ksState>
      <x>61.17840775401697</x>
      <y>-887.1249138940146</y>
      <steeringAngle>0.0</steeringAngle>
      <velocity>1.6</velocity>
      <orientation>-0.79440803</orientation>
      <time>8</time>
    </ksState>
    <ksState>
      <x>61.262492620752475</x>
      <y>-887.2105277651145</y>
      <steeringAngle>0.0</steeringAngle>
      <velocity>0.7999999999999998</velocity>
      <orientation>-0.79440803</orientation>
      <time>9</time>
    </ksState>
    <ksState>
      <x>61.29052090922114</x>
      <y>-887.2390657216966</y>
      <steeringAngle>0.0</steeringAngle>
      <velocity>-3.3306690738754696e-16</velocity>
      <orientation>-0.79440803</orientation>
      <time>10</time>
    </ksState>
    <ksState>
      <x>61.31854919889666</x>
      <y>-887.2676036795075</y>
      <steeringAngle>0.0</steeringAngle>
      <velocity>0.8</velocity>
      <orientation>-0.79440803</orientation>
      <time>11</time>
    </ksState>
    <ksState>
      <x>61.402634067092755</x>
      <y>-887.3532175520946</y>
      <steeringAngle>0.0</steeringAngle>
      <velocity>1.6</velocity>
      <orientation>-0.79440803</orientation>
      <time>12</time>
    </ksState>
    <ksState>
      <x>61.54277551368676</x>
      <y>-887.495907339333</y>
      <steeringAngle>0.0</steeringAngle>
      <velocity>2.4000000000000004</velocity>
      <orientation>-0.79440803</orientation>
      <time>13</time>
    </ksState>
    <ksState>
      <x>61.738973538641574</x>
      <y>-887.6956730411849</y>
      <steeringAngle>0.0</steeringAngle>
      <velocity>3.2000000000000006</velocity>
      <orientation>-0.79440803</orientation>
      <time>14</time>
    </ksState>
    <ksState>
      <x>61.991228141941946</x>
      <y>-887.9525146576348</y>
      <steeringAngle>0.0</steeringAngle>
      <velocity>4.000000000000001</velocity>
      <orientation>-0.79440803</orientation>
      <time>15</time>
    </ksState>
    <ksState>
      <x>62.27151103360383</x>
      <y>-888.2378942305577</y>
      <steeringAngle>0.0</steeringAngle>
      <velocity>4.0</velocity>
      <orientation>-0.79440803</orientation>
      <time>16</time>
    </ksState>
    <ksState>
      <x>62.55179392526571</x>
      <y>-888.5232738034805</y>
      <steeringAngle>0.0</steeringAngle>
      <velocity>4.0</velocity>
      <orientation>-0.79440803</orientation>
      <time>17</time>
    </ksState>
    <ksState>
      <x>62.832076816927604</x>
      <y>-888.8086533764034</y>
      <steeringAngle>0.0</steeringAngle>
      <velocity>4.0</velocity>
      <orientation>-0.79440803</orientation>
      <time>18</time>
    </ksState>
    <ksState>
      <x>63.11235970858949</x>
      <y>-889.0940329493263</y>
      <steeringAngle>0.0</steeringAngle>
      <velocity>4.0</velocity>
      <orientation>-0.79440803</orientation>
      <time>19</time>
    </ksState>
    <ksState>
      <x>63.39264260025137</x>
      <y>-889.3794125222493</y>
      <steeringAngle>0.0</steeringAngle>
      <velocity>4.0</velocity>
      <orientation>-0.79440803</orientation>
      <time>20</time>
    </ksState>
    <ksState>
      <x>63.70095378179954</x>
      <y>-889.6933300531977</y>
      <steeringAngle>0.0</steeringAngle>
      <velocity>4.8</velocity>
      <orientation>-0.79440803</orientation>
      <time>21</time>
    </ksState>
    <ksState>
      <x>64.06532154171177</x>
      <y>-890.0643234987629</y>
      <steeringAngle>0.0</steeringAngle>
      <velocity>5.6</velocity>
      <orientation>-0.79440803</orientation>
      <time>22</time>
    </ksState>
    <ksState>
      <x>64.48574587997686</x>
      <y>-890.4923928589335</y>
      <steeringAngle>0.0</steeringAngle>
      <velocity>6.4</velocity>
      <orientation>-0.79440803</orientation>
      <time>23</time>
    </ksState>
    <ksState>
      <x>64.96222679658824</x>
      <y>-890.9775381337029</y>
      <steeringAngle>0.0</steeringAngle>
      <velocity>7.199999999999999</velocity>
      <orientation>-0.79440803</orientation>
      <time>24</time>
    </ksState>
    <ksState>
      <x>65.49476429154181</x>
      <y>-891.5197593230669</y>
      <steeringAngle>0.0</steeringAngle>
      <velocity>7.999999999999998</velocity>
      <orientation>-0.79440803</orientation>
      <time>25</time>
    </ksState>
    <ksState>
      <x>66.05533007486558</x>
      <y>-892.0905184689126</y>
      <steeringAngle>0.0</steeringAngle>
      <velocity>8.0</velocity>
      <orientation>-0.79440803</orientation>
      <time>26</time>
    </ksState>
    <ksState>
      <x>66.61589585818935</x>
      <y>-892.6612776147584</y>
      <steeringAngle>0.0</steeringAngle>
      <velocity>8.0</velocity>
      <orientation>-0.79440803</orientation>
      <time>27</time>
    </ksState>
    <ksState>
      <x>67.17646164151313</x>
      <y>-893.2320367606042</y>
      <steeringAngle>0.0</steeringAngle>
      <velocity>8.0</velocity>
      <orientation>-0.79440803</orientation>
      <time>28</time>
    </ksState>
    <ksState>
      <x>67.7370274248369</x>
      <y>-893.80279590645</y>
      <steeringAngle>0.0</steeringAngle>
      <velocity>8.0</velocity>
      <orientation>-0.79440803</orientation>
      <time>29</time>
    </ksState>
    <ksState>
      <x>68.29759320816066</x>
      <y>-894.3735550522957</y>
      <steeringAngle>0.0</steeringAngle>
      <velocity>8.0</velocity>
      <orientation>-0.79440803</orientation>
      <time>30</time>
    </ksState>
    <ksState>
      <x>68.85149801686745</x>
      <y>-894.9508224410009</y>
      <steeringAngle>-0.03553333333333333</steeringAngle>
      <velocity>8.0</velocity>
      <orientation>-0.7999205650028388</orientation>
      <time>31</time>
    </ksState>
    <ksState>
      <x>69.3876411349999</x>
      <y>-895.5450072867508</y>
      <steeringAngle>-0.07106666666666667</steeringAngle>
      <velocity>8.0</velocity>
      <orientation>-0.8164720858831085</orientation>
      <time>32</time>
    </ksState>
    <ksState>
      <x>69.89888361974636</x>
      <y>-896.1615115320022</y>
      <steeringAngle>-0.10659999999999997</steeringAngle>
      <velocity>8.0</velocity>
      <orientation>-0.8441045651738034</orientation>
      <time>33</time>
    </ksState>
  </ksTrajectory>
</CommonRoadSolution>
