<?xml version="1.0" ?>
<CommonRoadSolution benchmark_id="KS2:SM1:DEU_Hennigsdorf-7_3_T-1:2020a" computation_time="0.38704185400001734" date="2023-11-26T00:13:30">
  <ksTrajectory planningProblem="1">
    <ksState>
      <x>-73.541297</x>
      <y>637.67587</y>
      <steeringAngle>0.0</steeringAngle>
      <velocity>12.0</velocity>
      <orientation>1.5527299</orientation>
      <time>0</time>
    </ksState>
    <ksState>
      <x>-73.52034108495718</x>
      <y>638.8356806951099</y>
      <steeringAngle>0.0</steeringAngle>
      <velocity>11.200000000000001</velocity>
      <orientation>1.5527299</orientation>
      <time>1</time>
    </ksState>
    <ksState>
      <x>-73.50083040544332</x>
      <y>639.9155044452449</y>
      <steeringAngle>0.0</steeringAngle>
      <velocity>10.4</velocity>
      <orientation>1.5527299</orientation>
      <time>2</time>
    </ksState>
    <ksState>
      <x>-73.48276496145282</x>
      <y>640.9153412507146</y>
      <steeringAngle>0.0</steeringAngle>
      <velocity>9.599999999999998</velocity>
      <orientation>1.5527299</orientation>
      <time>3</time>
    </ksState>
    <ksState>
      <x>-73.46614475298406</x>
      <y>641.8351911116072</y>
      <steeringAngle>0.0</steeringAngle>
      <velocity>8.799999999999999</velocity>
      <orientation>1.5527299</orientation>
      <time>4</time>
    </ksState>
    <ksState>
      <x>-73.45096978003657</x>
      <y>642.6750540279512</y>
      <steeringAngle>0.0</steeringAngle>
      <velocity>7.999999999999997</velocity>
      <orientation>1.5527299</orientation>
      <time>5</time>
    </ksState>
    <ksState>
      <x>-73.42862994873151</x>
      <y>643.4347536070175</y>
      <steeringAngle>-0.03553333333333333</steeringAngle>
      <velocity>7.199999999999999</velocity>
      <orientation>1.5475848870175077</orientation>
      <time>6</time>
    </ksState>
    <ksState>
      <x>-73.38875363165576</x>
      <y>644.1138534186424</y>
      <steeringAngle>-0.07106666666666664</steeringAngle>
      <velocity>6.400000000000001</velocity>
      <orientation>1.5336082148965446</orientation>
      <time>7</time>
    </ksState>
    <ksState>
      <x>-73.33135872742913</x>
      <y>644.7117916971084</y>
      <steeringAngle>-0.10659999999999997</steeringAngle>
      <velocity>5.600000000000004</velocity>
      <orientation>1.5129764470306633</orientation>
      <time>8</time>
    </ksState>
    <ksState>
      <x>-73.25946365080405</x>
      <y>645.2280001604227</y>
      <steeringAngle>-0.1421333333333333</steeringAngle>
      <velocity>4.800000000000003</velocity>
      <orientation>1.487860239522015</orientation>
      <time>9</time>
    </ksState>
    <ksState>
      <x>-73.17839785819082</x>
      <y>645.6621899149415</y>
      <steeringAngle>-0.17766666666666653</steeringAngle>
      <velocity>4.000000000000006</velocity>
      <orientation>1.4604353429368653</orientation>
      <time>10</time>
    </ksState>
    <ksState>
      <x>-73.09887739697362</x>
      <y>646.0150940855452</y>
      <steeringAngle>-0.17766666666666667</steeringAngle>
      <velocity>3.2000000000000006</velocity>
      <orientation>1.4353699036686878</orientation>
      <time>11</time>
    </ksState>
    <ksState>
      <x>-73.03092775799271</x>
      <y>646.2881318932417</y>
      <steeringAngle>-0.17766666666666667</steeringAngle>
      <velocity>2.4000000000000012</velocity>
      <orientation>1.415874562038658</orientation>
      <time>12</time>
    </ksState>
    <ksState>
      <x>-72.97913986800361</x>
      <y>646.4823221718547</y>
      <steeringAngle>-0.17766666666666667</steeringAngle>
      <velocity>1.6000000000000005</velocity>
      <orientation>1.401949318039677</orientation>
      <time>13</time>
    </ksState>
    <ksState>
      <x>-72.94677092245706</x>
      <y>646.5984835589472</y>
      <steeringAngle>-0.17766666666666667</steeringAngle>
      <velocity>0.8000000000000004</velocity>
      <orientation>1.3935941716689229</orientation>
      <time>14</time>
    </ksState>
    <ksState>
      <x>-72.93576572681457</x>
      <y>646.6371434190849</y>
      <steeringAngle>-0.17766666666666667</steeringAngle>
      <velocity>2.7755575615628914e-16</velocity>
      <orientation>1.3908091229227075</orientation>
      <time>15</time>
    </ksState>
    <ksState>
      <x>-72.93576572681457</x>
      <y>646.6371434190849</y>
      <steeringAngle>-0.14213333333333336</steeringAngle>
      <velocity>0.0</velocity>
      <orientation>1.3908091229227075</orientation>
      <time>16</time>
    </ksState>
    <ksState>
      <x>-72.93576572681457</x>
      <y>646.6371434190849</y>
      <steeringAngle>-0.10660000000000001</steeringAngle>
      <velocity>0.0</velocity>
      <orientation>1.3908091229227075</orientation>
      <time>17</time>
    </ksState>
    <ksState>
      <x>-72.93576572681457</x>
      <y>646.6371434190849</y>
      <steeringAngle>-0.07106666666666668</steeringAngle>
      <velocity>0.0</velocity>
      <orientation>1.3908091229227075</orientation>
      <time>18</time>
    </ksState>
    <ksState>
      <x>-72.93576572681457</x>
      <y>646.6371434190849</y>
      <steeringAngle>-0.03553333333333333</steeringAngle>
      <velocity>0.0</velocity>
      <orientation>1.3908091229227075</orientation>
      <time>19</time>
    </ksState>
    <ksState>
      <x>-72.93576572681457</x>
      <y>646.6371434190849</y>
      <steeringAngle>-0.0</steeringAngle>
      <velocity>0.0</velocity>
      <orientation>1.3908091229227075</orientation>
      <time>20</time>
    </ksState>
    <ksState>
      <x>-72.92860504732359</x>
      <y>646.6764972591437</y>
      <steeringAngle>0.0</steeringAngle>
      <velocity>0.8</velocity>
      <orientation>1.3908091229227075</orientation>
      <time>21</time>
    </ksState>
    <ksState>
      <x>-72.90712300906279</x>
      <y>646.7945587781543</y>
      <steeringAngle>0.0</steeringAngle>
      <velocity>1.6</velocity>
      <orientation>1.3908091229227075</orientation>
      <time>22</time>
    </ksState>
    <ksState>
      <x>-72.87131961206353</x>
      <y>646.9913279759443</y>
      <steeringAngle>0.0</steeringAngle>
      <velocity>2.4000000000000004</velocity>
      <orientation>1.3908091229227075</orientation>
      <time>23</time>
    </ksState>
    <ksState>
      <x>-72.8211948563353</x>
      <y>647.2668048524615</y>
      <steeringAngle>0.0</steeringAngle>
      <velocity>3.2000000000000006</velocity>
      <orientation>1.3908091229227075</orientation>
      <time>24</time>
    </ksState>
    <ksState>
      <x>-72.75674874188196</x>
      <y>647.6209894076848</y>
      <steeringAngle>0.0</steeringAngle>
      <velocity>4.000000000000001</velocity>
      <orientation>1.3908091229227075</orientation>
      <time>25</time>
    </ksState>
    <ksState>
      <x>-72.67798126872852</x>
      <y>648.0538816414767</y>
      <steeringAngle>0.0</steeringAngle>
      <velocity>4.8</velocity>
      <orientation>1.3908091229227075</orientation>
      <time>26</time>
    </ksState>
    <ksState>
      <x>-72.58489243684527</x>
      <y>648.5654815540006</y>
      <steeringAngle>0.0</steeringAngle>
      <velocity>5.6</velocity>
      <orientation>1.3908091229227075</orientation>
      <time>27</time>
    </ksState>
    <ksState>
      <x>-72.47748224623504</x>
      <y>649.1557891452406</y>
      <steeringAngle>0.0</steeringAngle>
      <velocity>6.4</velocity>
      <orientation>1.3908091229227075</orientation>
      <time>28</time>
    </ksState>
    <ksState>
      <x>-72.35575069689955</x>
      <y>649.8248044151876</y>
      <steeringAngle>0.0</steeringAngle>
      <velocity>7.199999999999999</velocity>
      <orientation>1.3908091229227075</orientation>
      <time>29</time>
    </ksState>
    <ksState>
      <x>-72.21969778883982</x>
      <y>650.5725273638358</y>
      <steeringAngle>0.0</steeringAngle>
      <velocity>7.999999999999998</velocity>
      <orientation>1.3908091229227075</orientation>
      <time>30</time>
    </ksState>
    <ksState>
      <x>-72.07517584910474</x>
      <y>651.3186881557776</y>
      <steeringAngle>-0.03553333333333333</steeringAngle>
      <velocity>7.199999999999999</velocity>
      <orientation>1.3856641099402152</orientation>
      <time>31</time>
    </ksState>
    <ksState>
      <x>-71.9263406339273</x>
      <y>651.9824763400169</y>
      <steeringAngle>-0.07106666666666664</steeringAngle>
      <velocity>6.400000000000001</velocity>
      <orientation>1.371687437819252</orientation>
      <time>32</time>
    </ksState>
    <ksState>
      <x>-71.77330037238902</x>
      <y>652.5633403845526</y>
      <steeringAngle>-0.10659999999999997</steeringAngle>
      <velocity>5.600000000000004</velocity>
      <orientation>1.3510556699533707</orientation>
      <time>33</time>
    </ksState>
  </ksTrajectory>
</CommonRoadSolution>
