<?xml version="1.0" ?>
<CommonRoadSolution benchmark_id="KS2:SM1:USA_US101-23_2_T-1:2020a" computation_time="0.4210809590003919" date="2023-11-26T00:13:30">
  <ksTrajectory planningProblem="97">
    <ksState>
      <x>0.0</x>
      <y>0.0</y>
      <steeringAngle>0.0</steeringAngle>
      <velocity>16.0</velocity>
      <orientation>-0.71162</orientation>
      <time>0</time>
    </ksState>
    <ksState>
      <x>1.1813956603153242</x>
      <y>-1.0187758795453303</y>
      <steeringAngle>0.0</steeringAngle>
      <velocity>15.2</velocity>
      <orientation>-0.71162</orientation>
      <time>1</time>
    </ksState>
    <ksState>
      <x>2.30220692736708</x>
      <y>-1.985306841822776</y>
      <steeringAngle>0.0</steeringAngle>
      <velocity>14.400000000000002</velocity>
      <orientation>-0.71162</orientation>
      <time>2</time>
    </ksState>
    <ksState>
      <x>3.3624338014356034</x>
      <y>-2.899592887074085</y>
      <steeringAngle>0.0</steeringAngle>
      <velocity>13.600000000000001</velocity>
      <orientation>-0.71162</orientation>
      <time>3</time>
    </ksState>
    <ksState>
      <x>4.362076282605779</x>
      <y>-3.761634015372456</y>
      <steeringAngle>0.0</steeringAngle>
      <velocity>12.800000000000004</velocity>
      <orientation>-0.71162</orientation>
      <time>4</time>
    </ksState>
    <ksState>
      <x>5.301134370904409</x>
      <y>-4.571430226741003</y>
      <steeringAngle>0.0</steeringAngle>
      <velocity>12.000000000000002</velocity>
      <orientation>-0.71162</orientation>
      <time>5</time>
    </ksState>
    <ksState>
      <x>6.179608066854892</x>
      <y>-5.32898152163108</y>
      <steeringAngle>0.0</steeringAngle>
      <velocity>11.200000000000001</velocity>
      <orientation>-0.71162</orientation>
      <time>6</time>
    </ksState>
    <ksState>
      <x>6.99749736961419</x>
      <y>-6.034287899315691</y>
      <steeringAngle>0.0</steeringAngle>
      <velocity>10.4</velocity>
      <orientation>-0.71162</orientation>
      <time>7</time>
    </ksState>
    <ksState>
      <x>7.754802279416837</x>
      <y>-6.6873493599970875</y>
      <steeringAngle>0.0</steeringAngle>
      <velocity>9.599999999999998</velocity>
      <orientation>-0.71162</orientation>
      <time>8</time>
    </ksState>
    <ksState>
      <x>8.451522796329492</x>
      <y>-7.288165903732753</y>
      <steeringAngle>0.0</steeringAngle>
      <velocity>8.799999999999999</velocity>
      <orientation>-0.71162</orientation>
      <time>9</time>
    </ksState>
    <ksState>
      <x>9.08765892037395</x>
      <y>-7.836737530541482</y>
      <steeringAngle>0.0</steeringAngle>
      <velocity>7.999999999999997</velocity>
      <orientation>-0.71162</orientation>
      <time>10</time>
    </ksState>
    <ksState>
      <x>9.657570801468713</x>
      <y>-8.339572459999692</y>
      <steeringAngle>-0.03553333333333333</steeringAngle>
      <velocity>7.199999999999999</velocity>
      <orientation>-0.7167650129824924</orientation>
      <time>11</time>
    </ksState>
    <ksState>
      <x>10.154292523861507</x>
      <y>-8.80436725914841</y>
      <steeringAngle>-0.07106666666666664</steeringAngle>
      <velocity>6.400000000000001</velocity>
      <orientation>-0.7307416851034555</orientation>
      <time>12</time>
    </ksState>
    <ksState>
      <x>10.57740354353718</x>
      <y>-9.230749042196289</y>
      <steeringAngle>-0.10659999999999997</steeringAngle>
      <velocity>5.600000000000004</velocity>
      <orientation>-0.7513734529693368</orientation>
      <time>13</time>
    </ksState>
    <ksState>
      <x>10.928396457060451</x>
      <y>-9.616033423266478</y>
      <steeringAngle>-0.1421333333333333</steeringAngle>
      <velocity>4.800000000000003</velocity>
      <orientation>-0.7764896604779851</orientation>
      <time>14</time>
    </ksState>
    <ksState>
      <x>11.210456093283607</x>
      <y>-9.95593747925104</y>
      <steeringAngle>-0.17766666666666653</steeringAngle>
      <velocity>4.000000000000006</velocity>
      <orientation>-0.8039145570631349</orientation>
      <time>15</time>
    </ksState>
    <ksState>
      <x>11.430996698691962</x>
      <y>-10.242689460495894</y>
      <steeringAngle>-0.17766666666666667</steeringAngle>
      <velocity>3.2000000000000006</velocity>
      <orientation>-0.8289799963313125</orientation>
      <time>16</time>
    </ksState>
    <ksState>
      <x>11.597518658669209</x>
      <y>-10.46948724424759</y>
      <steeringAngle>-0.17766666666666667</steeringAngle>
      <velocity>2.4000000000000012</velocity>
      <orientation>-0.8484753379613422</orientation>
      <time>17</time>
    </ksState>
    <ksState>
      <x>11.71374029456251</x>
      <y>-10.633451817273478</y>
      <steeringAngle>-0.17766666666666667</steeringAngle>
      <velocity>1.6000000000000005</velocity>
      <orientation>-0.8624005819603232</orientation>
      <time>18</time>
    </ksState>
    <ksState>
      <x>11.782373361437063</x>
      <y>-10.732601797699473</y>
      <steeringAngle>-0.17766666666666667</steeringAngle>
      <velocity>0.8000000000000004</velocity>
      <orientation>-0.8707557283310773</orientation>
      <time>19</time>
    </ksState>
    <ksState>
      <x>11.805066654906552</x>
      <y>-10.765778801007393</y>
      <steeringAngle>-0.17766666666666667</steeringAngle>
      <velocity>2.7755575615628914e-16</velocity>
      <orientation>-0.8735407770772927</orientation>
      <time>20</time>
    </ksState>
    <ksState>
      <x>11.805066654906552</x>
      <y>-10.765778801007393</y>
      <steeringAngle>-0.14213333333333336</steeringAngle>
      <velocity>0.0</velocity>
      <orientation>-0.8735407770772927</orientation>
      <time>21</time>
    </ksState>
    <ksState>
      <x>11.805066654906552</x>
      <y>-10.765778801007393</y>
      <steeringAngle>-0.10660000000000001</steeringAngle>
      <velocity>0.0</velocity>
      <orientation>-0.8735407770772927</orientation>
      <time>22</time>
    </ksState>
    <ksState>
      <x>11.805066654906552</x>
      <y>-10.765778801007393</y>
      <steeringAngle>-0.07106666666666668</steeringAngle>
      <velocity>0.0</velocity>
      <orientation>-0.8735407770772927</orientation>
      <time>23</time>
    </ksState>
    <ksState>
      <x>11.805066654906552</x>
      <y>-10.765778801007393</y>
      <steeringAngle>-0.03553333333333333</steeringAngle>
      <velocity>0.0</velocity>
      <orientation>-0.8735407770772927</orientation>
      <time>24</time>
    </ksState>
    <ksState>
      <x>11.805066654906552</x>
      <y>-10.765778801007393</y>
      <steeringAngle>-0.0</steeringAngle>
      <velocity>0.0</velocity>
      <orientation>-0.8735407770772927</orientation>
      <time>25</time>
    </ksState>
    <ksState>
      <x>11.805066654906552</x>
      <y>-10.765778801007393</y>
      <steeringAngle>0.0</steeringAngle>
      <velocity>0.0</velocity>
      <orientation>-0.8735407770772927</orientation>
      <time>26</time>
    </ksState>
    <ksState>
      <x>11.805066654906552</x>
      <y>-10.765778801007393</y>
      <steeringAngle>0.0</steeringAngle>
      <velocity>0.0</velocity>
      <orientation>-0.8735407770772927</orientation>
      <time>27</time>
    </ksState>
    <ksState>
      <x>11.805066654906552</x>
      <y>-10.765778801007393</y>
      <steeringAngle>0.0</steeringAngle>
      <velocity>0.0</velocity>
      <orientation>-0.8735407770772927</orientation>
      <time>28</time>
    </ksState>
    <ksState>
      <x>11.805066654906552</x>
      <y>-10.765778801007393</y>
      <steeringAngle>0.0</steeringAngle>
      <velocity>0.0</velocity>
      <orientation>-0.8735407770772927</orientation>
      <time>29</time>
    </ksState>
    <ksState>
      <x>11.805066654906552</x>
      <y>-10.765778801007393</y>
      <steeringAngle>0.0</steeringAngle>
      <velocity>0.0</velocity>
      <orientation>-0.8735407770772927</orientation>
      <time>30</time>
    </ksState>
    <ksState>
      <x>11.805066654906552</x>
      <y>-10.765778801007393</y>
      <steeringAngle>0.0</steeringAngle>
      <velocity>0.0</velocity>
      <orientation>-0.8735407770772927</orientation>
      <time>31</time>
    </ksState>
    <ksState>
      <x>11.805066654906552</x>
      <y>-10.765778801007393</y>
      <steeringAngle>0.0</steeringAngle>
      <velocity>0.0</velocity>
      <orientation>-0.8735407770772927</orientation>
      <time>32</time>
    </ksState>
    <ksState>
      <x>11.805066654906552</x>
      <y>-10.765778801007393</y>
      <steeringAngle>0.0</steeringAngle>
      <velocity>0.0</velocity>
      <orientation>-0.8735407770772927</orientation>
      <time>33</time>
    </ksState>
    <ksState>
      <x>11.805066654906552</x>
      <y>-10.765778801007393</y>
      <steeringAngle>0.0</steeringAngle>
      <velocity>0.0</velocity>
      <orientation>-0.8735407770772927</orientation>
      <time>34</time>
    </ksState>
    <ksState>
      <x>11.805066654906552</x>
      <y>-10.765778801007393</y>
      <steeringAngle>0.0</steeringAngle>
      <velocity>0.0</velocity>
      <orientation>-0.8735407770772927</orientation>
      <time>35</time>
    </ksState>
    <ksState>
      <x>11.805066654906552</x>
      <y>-10.765778801007393</y>
      <steeringAngle>0.0</steeringAngle>
      <velocity>0.0</velocity>
      <orientation>-0.8735407770772927</orientation>
      <time>36</time>
    </ksState>
    <ksState>
      <x>11.805066654906552</x>
      <y>-10.765778801007393</y>
      <steeringAngle>0.0</steeringAngle>
      <velocity>0.0</velocity>
      <orientation>-0.8735407770772927</orientation>
      <time>37</time>
    </ksState>
    <ksState>
      <x>11.805066654906552</x>
      <y>-10.765778801007393</y>
      <steeringAngle>0.0</steeringAngle>
      <velocity>0.0</velocity>
      <orientation>-0.8735407770772927</orientation>
      <time>38</time>
    </ksState>
    <ksState>
      <x>11.805066654906552</x>
      <y>-10.765778801007393</y>
      <steeringAngle>0.0</steeringAngle>
      <velocity>0.0</velocity>
      <orientation>-0.8735407770772927</orientation>
      <time>39</time>
    </ksState>
    <ksState>
      <x>11.805066654906552</x>
      <y>-10.765778801007393</y>
      <steeringAngle>0.0</steeringAngle>
      <velocity>0.0</velocity>
      <orientation>-0.8735407770772927</orientation>
      <time>40</time>
    </ksState>
    <ksState>
      <x>11.805066654906552</x>
      <y>-10.765778801007393</y>
      <steeringAngle>0.0</steeringAngle>
      <velocity>0.0</velocity>
      <orientation>-0.8735407770772927</orientation>
      <time>41</time>
    </ksState>
    <ksState>
      <x>11.805066654906552</x>
      <y>-10.765778801007393</y>
      <steeringAngle>0.0</steeringAngle>
      <velocity>0.0</velocity>
      <orientation>-0.8735407770772927</orientation>
      <time>42</time>
    </ksState>
    <ksState>
      <x>11.805066654906552</x>
      <y>-10.765778801007393</y>
      <steeringAngle>0.0</steeringAngle>
      <velocity>0.0</velocity>
      <orientation>-0.8735407770772927</orientation>
      <time>43</time>
    </ksState>
    <ksState>
      <x>11.805066654906552</x>
      <y>-10.765778801007393</y>
      <steeringAngle>0.0</steeringAngle>
      <velocity>0.0</velocity>
      <orientation>-0.8735407770772927</orientation>
      <time>44</time>
    </ksState>
    <ksState>
      <x>11.805066654906552</x>
      <y>-10.765778801007393</y>
      <steeringAngle>0.0</steeringAngle>
      <velocity>0.0</velocity>
      <orientation>-0.8735407770772927</orientation>
      <time>45</time>
    </ksState>
    <ksState>
      <x>11.805066654906552</x>
      <y>-10.765778801007393</y>
      <steeringAngle>0.0</steeringAngle>
      <velocity>0.0</velocity>
      <orientation>-0.8735407770772927</orientation>
      <time>46</time>
    </ksState>
    <ksState>
      <x>11.805066654906552</x>
      <y>-10.765778801007393</y>
      <steeringAngle>0.0</steeringAngle>
      <velocity>0.0</velocity>
      <orientation>-0.8735407770772927</orientation>
      <time>47</time>
    </ksState>
    <ksState>
      <x>11.805066654906552</x>
      <y>-10.765778801007393</y>
      <steeringAngle>0.0</steeringAngle>
      <velocity>0.0</velocity>
      <orientation>-0.8735407770772927</orientation>
      <time>48</time>
    </ksState>
    <ksState>
      <x>11.805066654906552</x>
      <y>-10.765778801007393</y>
      <steeringAngle>0.0</steeringAngle>
      <velocity>0.0</velocity>
      <orientation>-0.8735407770772927</orientation>
      <time>49</time>
    </ksState>
    <ksState>
      <x>11.805066654906552</x>
      <y>-10.765778801007393</y>
      <steeringAngle>0.0</steeringAngle>
      <velocity>0.0</velocity>
      <orientation>-0.8735407770772927</orientation>
      <time>50</time>
    </ksState>
    <ksState>
      <x>11.805066654906552</x>
      <y>-10.765778801007393</y>
      <steeringAngle>0.0</steeringAngle>
      <velocity>0.0</velocity>
      <orientation>-0.8735407770772927</orientation>
      <time>51</time>
    </ksState>
    <ksState>
      <x>11.805066654906552</x>
      <y>-10.765778801007393</y>
      <steeringAngle>0.0</steeringAngle>
      <velocity>0.0</velocity>
      <orientation>-0.8735407770772927</orientation>
      <time>52</time>
    </ksState>
    <ksState>
      <x>11.805066654906552</x>
      <y>-10.765778801007393</y>
      <steeringAngle>0.0</steeringAngle>
      <velocity>0.0</velocity>
      <orientation>-0.8735407770772927</orientation>
      <time>53</time>
    </ksState>
    <ksState>
      <x>11.805066654906552</x>
      <y>-10.765778801007393</y>
      <steeringAngle>0.0</steeringAngle>
      <velocity>0.0</velocity>
      <orientation>-0.8735407770772927</orientation>
      <time>54</time>
    </ksState>
    <ksState>
      <x>11.805066654906552</x>
      <y>-10.765778801007393</y>
      <steeringAngle>0.0</steeringAngle>
      <velocity>0.0</velocity>
      <orientation>-0.8735407770772927</orientation>
      <time>55</time>
    </ksState>
    <ksState>
      <x>11.805066654906552</x>
      <y>-10.765778801007393</y>
      <steeringAngle>0.0</steeringAngle>
      <velocity>0.0</velocity>
      <orientation>-0.8735407770772927</orientation>
      <time>56</time>
    </ksState>
    <ksState>
      <x>11.805066654906552</x>
      <y>-10.765778801007393</y>
      <steeringAngle>0.0</steeringAngle>
      <velocity>0.0</velocity>
      <orientation>-0.8735407770772927</orientation>
      <time>57</time>
    </ksState>
    <ksState>
      <x>11.805066654906552</x>
      <y>-10.765778801007393</y>
      <steeringAngle>0.0</steeringAngle>
      <velocity>0.0</velocity>
      <orientation>-0.8735407770772927</orientation>
      <time>58</time>
    </ksState>
    <ksState>
      <x>11.805066654906552</x>
      <y>-10.765778801007393</y>
      <steeringAngle>0.0</steeringAngle>
      <velocity>0.0</velocity>
      <orientation>-0.8735407770772927</orientation>
      <time>59</time>
    </ksState>
    <ksState>
      <x>11.805066654906552</x>
      <y>-10.765778801007393</y>
      <steeringAngle>0.0</steeringAngle>
      <velocity>0.0</velocity>
      <orientation>-0.8735407770772927</orientation>
      <time>60</time>
    </ksState>
    <ksState>
      <x>11.805066654906552</x>
      <y>-10.765778801007393</y>
      <steeringAngle>0.0</steeringAngle>
      <velocity>0.0</velocity>
      <orientation>-0.8735407770772927</orientation>
      <time>61</time>
    </ksState>
    <ksState>
      <x>11.805066654906552</x>
      <y>-10.765778801007393</y>
      <steeringAngle>0.0</steeringAngle>
      <velocity>0.0</velocity>
      <orientation>-0.8735407770772927</orientation>
      <time>62</time>
    </ksState>
    <ksState>
      <x>11.805066654906552</x>
      <y>-10.765778801007393</y>
      <steeringAngle>0.0</steeringAngle>
      <velocity>0.0</velocity>
      <orientation>-0.8735407770772927</orientation>
      <time>63</time>
    </ksState>
    <ksState>
      <x>11.805066654906552</x>
      <y>-10.765778801007393</y>
      <steeringAngle>0.0</steeringAngle>
      <velocity>0.0</velocity>
      <orientation>-0.8735407770772927</orientation>
      <time>64</time>
    </ksState>
    <ksState>
      <x>11.805066654906552</x>
      <y>-10.765778801007393</y>
      <steeringAngle>0.0</steeringAngle>
      <velocity>0.0</velocity>
      <orientation>-0.8735407770772927</orientation>
      <time>65</time>
    </ksState>
    <ksState>
      <x>11.805066654906552</x>
      <y>-10.765778801007393</y>
      <steeringAngle>0.0</steeringAngle>
      <velocity>0.0</velocity>
      <orientation>-0.8735407770772927</orientation>
      <time>66</time>
    </ksState>
    <ksState>
      <x>11.805066654906552</x>
      <y>-10.765778801007393</y>
      <steeringAngle>0.0</steeringAngle>
      <velocity>0.0</velocity>
      <orientation>-0.8735407770772927</orientation>
      <time>67</time>
    </ksState>
    <ksState>
      <x>11.805066654906552</x>
      <y>-10.765778801007393</y>
      <steeringAngle>0.0</steeringAngle>
      <velocity>0.0</velocity>
      <orientation>-0.8735407770772927</orientation>
      <time>68</time>
    </ksState>
    <ksState>
      <x>11.805066654906552</x>
      <y>-10.765778801007393</y>
      <steeringAngle>0.0</steeringAngle>
      <velocity>0.0</velocity>
      <orientation>-0.8735407770772927</orientation>
      <time>69</time>
    </ksState>
    <ksState>
      <x>11.805066654906552</x>
      <y>-10.765778801007393</y>
      <steeringAngle>0.0</steeringAngle>
      <velocity>0.0</velocity>
      <orientation>-0.8735407770772927</orientation>
      <time>70</time>
    </ksState>
    <ksState>
      <x>11.805066654906552</x>
      <y>-10.765778801007393</y>
      <steeringAngle>0.0</steeringAngle>
      <velocity>0.0</velocity>
      <orientation>-0.8735407770772927</orientation>
      <time>71</time>
    </ksState>
    <ksState>
      <x>11.805066654906552</x>
      <y>-10.765778801007393</y>
      <steeringAngle>0.0</steeringAngle>
      <velocity>0.0</velocity>
      <orientation>-0.8735407770772927</orientation>
      <time>72</time>
    </ksState>
    <ksState>
      <x>11.805066654906552</x>
      <y>-10.765778801007393</y>
      <steeringAngle>0.0</steeringAngle>
      <velocity>0.0</velocity>
      <orientation>-0.8735407770772927</orientation>
      <time>73</time>
    </ksState>
    <ksState>
      <x>11.805066654906552</x>
      <y>-10.765778801007393</y>
      <steeringAngle>0.0</steeringAngle>
      <velocity>0.0</velocity>
      <orientation>-0.8735407770772927</orientation>
      <time>74</time>
    </ksState>
    <ksState>
      <x>11.805066654906552</x>
      <y>-10.765778801007393</y>
      <steeringAngle>0.0</steeringAngle>
      <velocity>0.0</velocity>
      <orientation>-0.8735407770772927</orientation>
      <time>75</time>
    </ksState>
    <ksState>
      <x>11.805066654906552</x>
      <y>-10.765778801007393</y>
      <steeringAngle>0.0</steeringAngle>
      <velocity>0.0</velocity>
      <orientation>-0.8735407770772927</orientation>
      <time>76</time>
    </ksState>
    <ksState>
      <x>11.805066654906552</x>
      <y>-10.765778801007393</y>
      <steeringAngle>0.0</steeringAngle>
      <velocity>0.0</velocity>
      <orientation>-0.8735407770772927</orientation>
      <time>77</time>
    </ksState>
    <ksState>
      <x>11.805066654906552</x>
      <y>-10.765778801007393</y>
      <steeringAngle>0.0</steeringAngle>
      <velocity>0.0</velocity>
      <orientation>-0.8735407770772927</orientation>
      <time>78</time>
    </ksState>
    <ksState>
      <x>11.805066654906552</x>
      <y>-10.765778801007393</y>
      <steeringAngle>0.0</steeringAngle>
      <velocity>0.0</velocity>
      <orientation>-0.8735407770772927</orientation>
      <time>79</time>
    </ksState>
    <ksState>
      <x>11.805066654906552</x>
      <y>-10.765778801007393</y>
      <steeringAngle>0.0</steeringAngle>
      <velocity>0.0</velocity>
      <orientation>-0.8735407770772927</orientation>
      <time>80</time>
    </ksState>
    <ksState>
      <x>11.805066654906552</x>
      <y>-10.765778801007393</y>
      <steeringAngle>0.0</steeringAngle>
      <velocity>0.0</velocity>
      <orientation>-0.8735407770772927</orientation>
      <time>81</time>
    </ksState>
    <ksState>
      <x>11.805066654906552</x>
      <y>-10.765778801007393</y>
      <steeringAngle>0.0</steeringAngle>
      <velocity>0.0</velocity>
      <orientation>-0.8735407770772927</orientation>
      <time>82</time>
    </ksState>
    <ksState>
      <x>11.805066654906552</x>
      <y>-10.765778801007393</y>
      <steeringAngle>0.0</steeringAngle>
      <velocity>0.0</velocity>
      <orientation>-0.8735407770772927</orientation>
      <time>83</time>
    </ksState>
    <ksState>
      <x>11.805066654906552</x>
      <y>-10.765778801007393</y>
      <steeringAngle>0.0</steeringAngle>
      <velocity>0.0</velocity>
      <orientation>-0.8735407770772927</orientation>
      <time>84</time>
    </ksState>
    <ksState>
      <x>11.805066654906552</x>
      <y>-10.765778801007393</y>
      <steeringAngle>0.0</steeringAngle>
      <velocity>0.0</velocity>
      <orientation>-0.8735407770772927</orientation>
      <time>85</time>
    </ksState>
    <ksState>
      <x>11.805066654906552</x>
      <y>-10.765778801007393</y>
      <steeringAngle>0.0</steeringAngle>
      <velocity>0.0</velocity>
      <orientation>-0.8735407770772927</orientation>
      <time>86</time>
    </ksState>
    <ksState>
      <x>11.805066654906552</x>
      <y>-10.765778801007393</y>
      <steeringAngle>0.0</steeringAngle>
      <velocity>0.0</velocity>
      <orientation>-0.8735407770772927</orientation>
      <time>87</time>
    </ksState>
    <ksState>
      <x>11.805066654906552</x>
      <y>-10.765778801007393</y>
      <steeringAngle>0.0</steeringAngle>
      <velocity>0.0</velocity>
      <orientation>-0.8735407770772927</orientation>
      <time>88</time>
    </ksState>
    <ksState>
      <x>11.805066654906552</x>
      <y>-10.765778801007393</y>
      <steeringAngle>0.0</steeringAngle>
      <velocity>0.0</velocity>
      <orientation>-0.8735407770772927</orientation>
      <time>89</time>
    </ksState>
    <ksState>
      <x>11.805066654906552</x>
      <y>-10.765778801007393</y>
      <steeringAngle>0.0</steeringAngle>
      <velocity>0.0</velocity>
      <orientation>-0.8735407770772927</orientation>
      <time>90</time>
    </ksState>
    <ksState>
      <x>11.805066654906552</x>
      <y>-10.765778801007393</y>
      <steeringAngle>0.0</steeringAngle>
      <velocity>0.0</velocity>
      <orientation>-0.8735407770772927</orientation>
      <time>91</time>
    </ksState>
    <ksState>
      <x>11.805066654906552</x>
      <y>-10.765778801007393</y>
      <steeringAngle>0.0</steeringAngle>
      <velocity>0.0</velocity>
      <orientation>-0.8735407770772927</orientation>
      <time>92</time>
    </ksState>
    <ksState>
      <x>11.805066654906552</x>
      <y>-10.765778801007393</y>
      <steeringAngle>0.0</steeringAngle>
      <velocity>0.0</velocity>
      <orientation>-0.8735407770772927</orientation>
      <time>93</time>
    </ksState>
    <ksState>
      <x>11.805066654906552</x>
      <y>-10.765778801007393</y>
      <steeringAngle>0.0</steeringAngle>
      <velocity>0.0</velocity>
      <orientation>-0.8735407770772927</orientation>
      <time>94</time>
    </ksState>
    <ksState>
      <x>11.805066654906552</x>
      <y>-10.765778801007393</y>
      <steeringAngle>0.0</steeringAngle>
      <velocity>0.0</velocity>
      <orientation>-0.8735407770772927</orientation>
      <time>95</time>
    </ksState>
    <ksState>
      <x>11.805066654906552</x>
      <y>-10.765778801007393</y>
      <steeringAngle>0.0</steeringAngle>
      <velocity>0.0</velocity>
      <orientation>-0.8735407770772927</orientation>
      <time>96</time>
    </ksState>
    <ksState>
      <x>11.805066654906552</x>
      <y>-10.765778801007393</y>
      <steeringAngle>0.0</steeringAngle>
      <velocity>0.0</velocity>
      <orientation>-0.8735407770772927</orientation>
      <time>97</time>
    </ksState>
    <ksState>
      <x>11.805066654906552</x>
      <y>-10.765778801007393</y>
      <steeringAngle>0.0</steeringAngle>
      <velocity>0.0</velocity>
      <orientation>-0.8735407770772927</orientation>
      <time>98</time>
    </ksState>
    <ksState>
      <x>11.805066654906552</x>
      <y>-10.765778801007393</y>
      <steeringAngle>0.0</steeringAngle>
      <velocity>0.0</velocity>
      <orientation>-0.8735407770772927</orientation>
      <time>99</time>
    </ksState>
    <ksState>
      <x>11.805066654906552</x>
      <y>-10.765778801007393</y>
      <steeringAngle>0.0</steeringAngle>
      <velocity>0.0</velocity>
      <orientation>-0.8735407770772927</orientation>
      <time>100</time>
    </ksState>
    <ksState>
      <x>11.805066654906552</x>
      <y>-10.765778801007393</y>
      <steeringAngle>0.0</steeringAngle>
      <velocity>0.0</velocity>
      <orientation>-0.8735407770772927</orientation>
      <time>101</time>
    </ksState>
    <ksState>
      <x>11.805066654906552</x>
      <y>-10.765778801007393</y>
      <steeringAngle>0.0</steeringAngle>
      <velocity>0.0</velocity>
      <orientation>-0.8735407770772927</orientation>
      <time>102</time>
    </ksState>
    <ksState>
      <x>11.805066654906552</x>
      <y>-10.765778801007393</y>
      <steeringAngle>0.0</steeringAngle>
      <velocity>0.0</velocity>
      <orientation>-0.8735407770772927</orientation>
      <time>103</time>
    </ksState>
    <ksState>
      <x>11.805066654906552</x>
      <y>-10.765778801007393</y>
      <steeringAngle>0.0</steeringAngle>
      <velocity>0.0</velocity>
      <orientation>-0.8735407770772927</orientation>
      <time>104</time>
    </ksState>
    <ksState>
      <x>11.805066654906552</x>
      <y>-10.765778801007393</y>
      <steeringAngle>0.0</steeringAngle>
      <velocity>0.0</velocity>
      <orientation>-0.8735407770772927</orientation>
      <time>105</time>
    </ksState>
    <ksState>
      <x>11.805066654906552</x>
      <y>-10.765778801007393</y>
      <steeringAngle>0.0</steeringAngle>
      <velocity>0.0</velocity>
      <orientation>-0.8735407770772927</orientation>
      <time>106</time>
    </ksState>
    <ksState>
      <x>11.805066654906552</x>
      <y>-10.765778801007393</y>
      <steeringAngle>0.0</steeringAngle>
      <velocity>0.0</velocity>
      <orientation>-0.8735407770772927</orientation>
      <time>107</time>
    </ksState>
    <ksState>
      <x>11.805066654906552</x>
      <y>-10.765778801007393</y>
      <steeringAngle>0.0</steeringAngle>
      <velocity>0.0</velocity>
      <orientation>-0.8735407770772927</orientation>
      <time>108</time>
    </ksState>
    <ksState>
      <x>11.805066654906552</x>
      <y>-10.765778801007393</y>
      <steeringAngle>0.0</steeringAngle>
      <velocity>0.0</velocity>
      <orientation>-0.8735407770772927</orientation>
      <time>109</time>
    </ksState>
    <ksState>
      <x>11.805066654906552</x>
      <y>-10.765778801007393</y>
      <steeringAngle>0.0</steeringAngle>
      <velocity>0.0</velocity>
      <orientation>-0.8735407770772927</orientation>
      <time>110</time>
    </ksState>
    <ksState>
      <x>11.805066654906552</x>
      <y>-10.765778801007393</y>
      <steeringAngle>0.0</steeringAngle>
      <velocity>0.0</velocity>
      <orientation>-0.8735407770772927</orientation>
      <time>111</time>
    </ksState>
    <ksState>
      <x>11.805066654906552</x>
      <y>-10.765778801007393</y>
      <steeringAngle>0.0</steeringAngle>
      <velocity>0.0</velocity>
      <orientation>-0.8735407770772927</orientation>
      <time>112</time>
    </ksState>
    <ksState>
      <x>11.805066654906552</x>
      <y>-10.765778801007393</y>
      <steeringAngle>0.0</steeringAngle>
      <velocity>0.0</velocity>
      <orientation>-0.8735407770772927</orientation>
      <time>113</time>
    </ksState>
    <ksState>
      <x>11.805066654906552</x>
      <y>-10.765778801007393</y>
      <steeringAngle>0.0</steeringAngle>
      <velocity>0.0</velocity>
      <orientation>-0.8735407770772927</orientation>
      <time>114</time>
    </ksState>
    <ksState>
      <x>11.805066654906552</x>
      <y>-10.765778801007393</y>
      <steeringAngle>0.0</steeringAngle>
      <velocity>0.0</velocity>
      <orientation>-0.8735407770772927</orientation>
      <time>115</time>
    </ksState>
    <ksState>
      <x>11.805066654906552</x>
      <y>-10.765778801007393</y>
      <steeringAngle>0.0</steeringAngle>
      <velocity>0.0</velocity>
      <orientation>-0.8735407770772927</orientation>
      <time>116</time>
    </ksState>
    <ksState>
      <x>11.805066654906552</x>
      <y>-10.765778801007393</y>
      <steeringAngle>0.0</steeringAngle>
      <velocity>0.0</velocity>
      <orientation>-0.8735407770772927</orientation>
      <time>117</time>
    </ksState>
    <ksState>
      <x>11.805066654906552</x>
      <y>-10.765778801007393</y>
      <steeringAngle>0.0</steeringAngle>
      <velocity>0.0</velocity>
      <orientation>-0.8735407770772927</orientation>
      <time>118</time>
    </ksState>
    <ksState>
      <x>11.805066654906552</x>
      <y>-10.765778801007393</y>
      <steeringAngle>0.0</steeringAngle>
      <velocity>0.0</velocity>
      <orientation>-0.8735407770772927</orientation>
      <time>119</time>
    </ksState>
    <ksState>
      <x>11.805066654906552</x>
      <y>-10.765778801007393</y>
      <steeringAngle>0.0</steeringAngle>
      <velocity>0.0</velocity>
      <orientation>-0.8735407770772927</orientation>
      <time>120</time>
    </ksState>
    <ksState>
      <x>11.805066654906552</x>
      <y>-10.765778801007393</y>
      <steeringAngle>0.0</steeringAngle>
      <velocity>0.0</velocity>
      <orientation>-0.8735407770772927</orientation>
      <time>121</time>
    </ksState>
    <ksState>
      <x>11.805066654906552</x>
      <y>-10.765778801007393</y>
      <steeringAngle>0.0</steeringAngle>
      <velocity>0.0</velocity>
      <orientation>-0.8735407770772927</orientation>
      <time>122</time>
    </ksState>
    <ksState>
      <x>11.805066654906552</x>
      <y>-10.765778801007393</y>
      <steeringAngle>0.0</steeringAngle>
      <velocity>0.0</velocity>
      <orientation>-0.8735407770772927</orientation>
      <time>123</time>
    </ksState>
    <ksState>
      <x>11.805066654906552</x>
      <y>-10.765778801007393</y>
      <steeringAngle>0.0</steeringAngle>
      <velocity>0.0</velocity>
      <orientation>-0.8735407770772927</orientation>
      <time>124</time>
    </ksState>
    <ksState>
      <x>11.805066654906552</x>
      <y>-10.765778801007393</y>
      <steeringAngle>0.0</steeringAngle>
      <velocity>0.0</velocity>
      <orientation>-0.8735407770772927</orientation>
      <time>125</time>
    </ksState>
    <ksState>
      <x>11.805066654906552</x>
      <y>-10.765778801007393</y>
      <steeringAngle>0.0</steeringAngle>
      <velocity>0.0</velocity>
      <orientation>-0.8735407770772927</orientation>
      <time>126</time>
    </ksState>
    <ksState>
      <x>11.805066654906552</x>
      <y>-10.765778801007393</y>
      <steeringAngle>0.0</steeringAngle>
      <velocity>0.0</velocity>
      <orientation>-0.8735407770772927</orientation>
      <time>127</time>
    </ksState>
    <ksState>
      <x>11.805066654906552</x>
      <y>-10.765778801007393</y>
      <steeringAngle>0.0</steeringAngle>
      <velocity>0.0</velocity>
      <orientation>-0.8735407770772927</orientation>
      <time>128</time>
    </ksState>
    <ksState>
      <x>11.805066654906552</x>
      <y>-10.765778801007393</y>
      <steeringAngle>0.0</steeringAngle>
      <velocity>0.0</velocity>
      <orientation>-0.8735407770772927</orientation>
      <time>129</time>
    </ksState>
    <ksState>
      <x>11.805066654906552</x>
      <y>-10.765778801007393</y>
      <steeringAngle>0.0</steeringAngle>
      <velocity>0.0</velocity>
      <orientation>-0.8735407770772927</orientation>
      <time>130</time>
    </ksState>
    <ksState>
      <x>11.805066654906552</x>
      <y>-10.765778801007393</y>
      <steeringAngle>0.0</steeringAngle>
      <velocity>0.0</velocity>
      <orientation>-0.8735407770772927</orientation>
      <time>131</time>
    </ksState>
    <ksState>
      <x>11.805066654906552</x>
      <y>-10.765778801007393</y>
      <steeringAngle>0.0</steeringAngle>
      <velocity>0.0</velocity>
      <orientation>-0.8735407770772927</orientation>
      <time>132</time>
    </ksState>
    <ksState>
      <x>11.805066654906552</x>
      <y>-10.765778801007393</y>
      <steeringAngle>0.0</steeringAngle>
      <velocity>0.0</velocity>
      <orientation>-0.8735407770772927</orientation>
      <time>133</time>
    </ksState>
    <ksState>
      <x>11.805066654906552</x>
      <y>-10.765778801007393</y>
      <steeringAngle>0.0</steeringAngle>
      <velocity>0.0</velocity>
      <orientation>-0.8735407770772927</orientation>
      <time>134</time>
    </ksState>
    <ksState>
      <x>11.805066654906552</x>
      <y>-10.765778801007393</y>
      <steeringAngle>0.0</steeringAngle>
      <velocity>0.0</velocity>
      <orientation>-0.8735407770772927</orientation>
      <time>135</time>
    </ksState>
    <ksState>
      <x>11.805066654906552</x>
      <y>-10.765778801007393</y>
      <steeringAngle>0.0</steeringAngle>
      <velocity>0.0</velocity>
      <orientation>-0.8735407770772927</orientation>
      <time>136</time>
    </ksState>
    <ksState>
      <x>11.805066654906552</x>
      <y>-10.765778801007393</y>
      <steeringAngle>0.0</steeringAngle>
      <velocity>0.0</velocity>
      <orientation>-0.8735407770772927</orientation>
      <time>137</time>
    </ksState>
    <ksState>
      <x>11.805066654906552</x>
      <y>-10.765778801007393</y>
      <steeringAngle>0.0</steeringAngle>
      <velocity>0.0</velocity>
      <orientation>-0.8735407770772927</orientation>
      <time>138</time>
    </ksState>
    <ksState>
      <x>11.805066654906552</x>
      <y>-10.765778801007393</y>
      <steeringAngle>0.0</steeringAngle>
      <velocity>0.0</velocity>
      <orientation>-0.8735407770772927</orientation>
      <time>139</time>
    </ksState>
    <ksState>
      <x>11.805066654906552</x>
      <y>-10.765778801007393</y>
      <steeringAngle>0.0</steeringAngle>
      <velocity>0.0</velocity>
      <orientation>-0.8735407770772927</orientation>
      <time>140</time>
    </ksState>
  </ksTrajectory>
</CommonRoadSolution>
