<?xml version="1.0" ?>
<CommonRoadSolution benchmark_id="KS2:SM1:DEU_Flensburg-97_1_T-1:2020a" computation_time="2.3375470249998216" date="2023-11-26T00:13:30">
  <ksTrajectory planningProblem="123">
    <ksState>
      <x>454.15917</x>
      <y>-247.34246</y>
      <steeringAngle>0.0</steeringAngle>
      <velocity>12.0</velocity>
      <orientation>0.038093676</orientation>
      <time>0</time>
    </ksState>
    <ksState>
      <x>455.35917</x>
      <y>-247.2967475888</y>
      <steeringAngle>0.0</steeringAngle>
      <velocity>12.0</velocity>
      <orientation>0.038093676</orientation>
      <time>1</time>
    </ksState>
    <ksState>
      <x>456.55917</x>
      <y>-247.2510351776</y>
      <steeringAngle>0.0</steeringAngle>
      <velocity>12.0</velocity>
      <orientation>0.038093676</orientation>
      <time>2</time>
    </ksState>
    <ksState>
      <x>457.75917000000004</x>
      <y>-247.2053227664</y>
      <steeringAngle>0.0</steeringAngle>
      <velocity>12.0</velocity>
      <orientation>0.038093676</orientation>
      <time>3</time>
    </ksState>
    <ksState>
      <x>458.95917000000003</x>
      <y>-247.1596103552</y>
      <steeringAngle>0.0</steeringAngle>
      <velocity>12.0</velocity>
      <orientation>0.038093676</orientation>
      <time>4</time>
    </ksState>
    <ksState>
      <x>460.15917</x>
      <y>-247.113897944</y>
      <steeringAngle>0.0</steeringAngle>
      <velocity>12.0</velocity>
      <orientation>0.038093676</orientation>
      <time>5</time>
    </ksState>
    <ksState>
      <x>461.3191699995115</x>
      <y>-247.0697092798586</y>
      <steeringAngle>0.0</steeringAngle>
      <velocity>11.200000000000001</velocity>
      <orientation>0.038093676</orientation>
      <time>6</time>
    </ksState>
    <ksState>
      <x>462.39916999857195</x>
      <y>-247.02856810981442</y>
      <steeringAngle>0.0</steeringAngle>
      <velocity>10.4</velocity>
      <orientation>0.038093676</orientation>
      <time>7</time>
    </ksState>
    <ksState>
      <x>463.3991699974912</x>
      <y>-246.99047443385558</y>
      <steeringAngle>0.0</steeringAngle>
      <velocity>9.599999999999998</velocity>
      <orientation>0.038093676</orientation>
      <time>8</time>
    </ksState>
    <ksState>
      <x>464.31916999635723</x>
      <y>-246.95542825197876</y>
      <steeringAngle>0.0</steeringAngle>
      <velocity>8.799999999999999</velocity>
      <orientation>0.038093676</orientation>
      <time>9</time>
    </ksState>
    <ksState>
      <x>465.15916999519885</x>
      <y>-246.9234295641829</y>
      <steeringAngle>0.0</steeringAngle>
      <velocity>7.999999999999997</velocity>
      <orientation>0.038093676</orientation>
      <time>10</time>
    </ksState>
    <ksState>
      <x>465.9595005970988</x>
      <y>-246.9022624893468</y>
      <steeringAngle>-0.03553333333333333</steeringAngle>
      <velocity>8.0</velocity>
      <orientation>0.03258114099716122</orientation>
      <time>11</time>
    </ksState>
    <ksState>
      <x>466.76038956565435</x>
      <y>-246.9056245866213</y>
      <steeringAngle>-0.07106666666666667</steeringAngle>
      <velocity>8.0</velocity>
      <orientation>0.01602962011689158</orientation>
      <time>12</time>
    </ksState>
    <ksState>
      <x>467.56102738227895</x>
      <y>-246.94243801530916</y>
      <steeringAngle>-0.10659999999999997</steeringAngle>
      <velocity>8.0</velocity>
      <orientation>-0.011602859173803319</orientation>
      <time>13</time>
    </ksState>
    <ksState>
      <x>468.3594853773076</x>
      <y>-247.02166298723972</y>
      <steeringAngle>-0.1421333333333333</steeringAngle>
      <velocity>8.0</velocity>
      <orientation>-0.050386711446538245</orientation>
      <time>14</time>
    </ksState>
    <ksState>
      <x>469.15240075814444</x>
      <y>-247.15220456640702</y>
      <steeringAngle>-0.17766666666666667</steeringAngle>
      <velocity>8.0</velocity>
      <orientation>-0.10042152369569293</orientation>
      <time>15</time>
    </ksState>
    <ksState>
      <x>469.89531030455726</x>
      <y>-247.33185390872953</y>
      <steeringAngle>-0.21320000000000014</steeringAngle>
      <velocity>7.200000000000003</velocity>
      <orientation>-0.1586708507671858</orientation>
      <time>16</time>
    </ksState>
    <ksState>
      <x>470.5465174354401</x>
      <y>-247.54595775778125</y>
      <steeringAngle>-0.24873333333333347</steeringAngle>
      <velocity>6.400000000000004</velocity>
      <orientation>-0.22058793825296513</orientation>
      <time>17</time>
    </ksState>
    <ksState>
      <x>471.105014493809</x>
      <y>-247.7826419822495</y>
      <steeringAngle>-0.2842666666666668</steeringAngle>
      <velocity>5.600000000000001</velocity>
      <orientation>-0.2840100810168863</orientation>
      <time>18</time>
    </ksState>
    <ksState>
      <x>471.57171555076155</x>
      <y>-248.02841217913303</y>
      <steeringAngle>-0.3198</steeringAngle>
      <velocity>4.800000000000002</velocity>
      <orientation>-0.3467391807588389</orientation>
      <time>19</time>
    </ksState>
    <ksState>
      <x>471.9496244324338</x>
      <y>-248.26907496805669</y>
      <steeringAngle>-0.3553333333333332</steeringAngle>
      <velocity>4.000000000000001</velocity>
      <orientation>-0.4065290148070536</orientation>
      <time>20</time>
    </ksState>
    <ksState>
      <x>472.27554018450894</x>
      <y>-248.51636779726945</y>
      <steeringAngle>-0.39086666666666653</steeringAngle>
      <velocity>4.0</velocity>
      <orientation>-0.4672493811130408</orientation>
      <time>21</time>
    </ksState>
    <ksState>
      <x>472.5805750279976</x>
      <y>-248.79201399914695</y>
      <steeringAngle>-0.42639999999999995</steeringAngle>
      <velocity>4.0</velocity>
      <orientation>-0.5344189945694444</orientation>
      <time>22</time>
    </ksState>
    <ksState>
      <x>472.86031370444977</x>
      <y>-249.09640145115097</y>
      <steeringAngle>-0.4619333333333333</steeringAngle>
      <velocity>4.0</velocity>
      <orientation>-0.6082395782017884</orientation>
      <time>23</time>
    </ksState>
    <ksState>
      <x>473.1098066167327</x>
      <y>-249.42924976131698</y>
      <steeringAngle>-0.49746666666666667</steeringAngle>
      <velocity>4.0</velocity>
      <orientation>-0.6889401200150087</orientation>
      <time>24</time>
    </ksState>
    <ksState>
      <x>473.3236002613702</x>
      <y>-249.78943942393298</y>
      <steeringAngle>-0.533</steeringAngle>
      <velocity>4.0</velocity>
      <orientation>-0.7767799866148174</orientation>
      <time>25</time>
    </ksState>
    <ksState>
      <x>473.5046162905187</x>
      <y>-250.16732664790393</y>
      <steeringAngle>-0.4974666666666666</steeringAngle>
      <velocity>4.0</velocity>
      <orientation>-0.8646198534542666</orientation>
      <time>26</time>
    </ksState>
    <ksState>
      <x>473.66118323810207</x>
      <y>-250.55285055247856</y>
      <steeringAngle>-0.4619333333333334</steeringAngle>
      <velocity>4.0</velocity>
      <orientation>-0.9453203952414367</orientation>
      <time>27</time>
    </ksState>
    <ksState>
      <x>473.79567870851656</x>
      <y>-250.94388898834555</y>
      <steeringAngle>-0.42640000000000017</steeringAngle>
      <velocity>4.0</velocity>
      <orientation>-1.0191409784912417</orientation>
      <time>28</time>
    </ksState>
    <ksState>
      <x>473.91052625683415</x>
      <y>-251.33875670094596</y>
      <steeringAngle>-0.3908666666666668</steeringAngle>
      <velocity>4.0</velocity>
      <orientation>-1.0863105913541045</orientation>
      <time>29</time>
    </ksState>
    <ksState>
      <x>474.0081594296062</x>
      <y>-251.7361428732435</y>
      <steeringAngle>-0.3553333333333335</steeringAngle>
      <velocity>4.0</velocity>
      <orientation>-1.1470309592323902</orientation>
      <time>30</time>
    </ksState>
    <ksState>
      <x>474.0982218683219</x>
      <y>-252.17512721264688</y>
      <steeringAngle>-0.31979999999999975</steeringAngle>
      <velocity>4.800000000000001</velocity>
      <orientation>-1.2068207942641387</orientation>
      <time>31</time>
    </ksState>
    <ksState>
      <x>474.1833181091995</x>
      <y>-252.69579305277867</y>
      <steeringAngle>-0.28426666666666645</steeringAngle>
      <velocity>5.600000000000004</velocity>
      <orientation>-1.2695498943954622</orientation>
      <time>32</time>
    </ksState>
    <ksState>
      <x>474.25567443223133</x>
      <y>-253.29817420822687</y>
      <steeringAngle>-0.2487333333333331</steeringAngle>
      <velocity>6.400000000000004</velocity>
      <orientation>-1.332972031088138</orientation>
      <time>33</time>
    </ksState>
    <ksState>
      <x>474.30857318033856</x>
      <y>-253.98177506945268</y>
      <steeringAngle>-0.21319999999999992</steeringAngle>
      <velocity>7.200000000000004</velocity>
      <orientation>-1.3948891197659372</orientation>
      <time>34</time>
    </ksState>
    <ksState>
      <x>474.33706111524316</x>
      <y>-254.74571564064556</y>
      <steeringAngle>-0.17766666666666656</steeringAngle>
      <velocity>8.000000000000004</velocity>
      <orientation>-1.4531384493669024</orientation>
      <time>35</time>
    </ksState>
    <ksState>
      <x>474.3298840452464</x>
      <y>-255.54949510817028</y>
      <steeringAngle>-0.17766666666666667</steeringAngle>
      <velocity>8.0</velocity>
      <orientation>-1.5088394256774142</orientation>
      <time>36</time>
    </ksState>
    <ksState>
      <x>474.27796995651914</x>
      <y>-256.3516284694957</y>
      <steeringAngle>-0.17766666666666667</steeringAngle>
      <velocity>8.0</velocity>
      <orientation>-1.5645404019879259</orientation>
      <time>37</time>
    </ksState>
    <ksState>
      <x>474.18147987237955</x>
      <y>-257.14962763544696</y>
      <steeringAngle>-0.17766666666666667</steeringAngle>
      <velocity>8.0</velocity>
      <orientation>-1.6202413782984375</orientation>
      <time>38</time>
    </ksState>
    <ksState>
      <x>474.04071308544604</x>
      <y>-257.9410173749889</y>
      <steeringAngle>-0.17766666666666667</steeringAngle>
      <velocity>8.0</velocity>
      <orientation>-1.6759423546089494</orientation>
      <time>39</time>
    </ksState>
    <ksState>
      <x>473.8561062250745</x>
      <y>-258.72334295871804</y>
      <steeringAngle>-0.17766666666666667</steeringAngle>
      <velocity>8.0</velocity>
      <orientation>-1.7316433309194612</orientation>
      <time>40</time>
    </ksState>
    <ksState>
      <x>473.6375917792922</x>
      <y>-259.49618929955477</y>
      <steeringAngle>-0.14213333333333336</steeringAngle>
      <velocity>8.0</velocity>
      <orientation>-1.7816781424682095</orientation>
      <time>41</time>
    </ksState>
    <ksState>
      <x>473.40056285208925</x>
      <y>-260.26225952949216</y>
      <steeringAngle>-0.1066000000000001</steeringAngle>
      <velocity>8.0</velocity>
      <orientation>-1.820461994475207</orientation>
      <time>42</time>
    </ksState>
    <ksState>
      <x>473.15354410607375</x>
      <y>-261.02419428615025</y>
      <steeringAngle>-0.07106666666666674</steeringAngle>
      <velocity>8.0</velocity>
      <orientation>-1.8480944735048939</orientation>
      <time>43</time>
    </ksState>
    <ksState>
      <x>472.90487896905444</x>
      <y>-261.7849440075166</y>
      <steeringAngle>-0.035533333333333354</steeringAngle>
      <velocity>8.0</velocity>
      <orientation>-1.8646459941339233</orientation>
      <time>44</time>
    </ksState>
    <ksState>
      <x>472.66285525558806</x>
      <y>-262.5475027445428</y>
      <steeringAngle>-2.0816681711721685e-17</steeringAngle>
      <velocity>8.0</velocity>
      <orientation>-1.8701585205923281</orientation>
      <time>45</time>
    </ksState>
    <ksState>
      <x>472.43583215598625</x>
      <y>-263.31464594331226</y>
      <steeringAngle>0.03553333333333333</steeringAngle>
      <velocity>8.0</velocity>
      <orientation>-1.8646459855894892</orientation>
      <time>46</time>
    </ksState>
    <ksState>
      <x>472.232355377366</x>
      <y>-264.08866291638316</y>
      <steeringAngle>0.07106666666666667</steeringAngle>
      <velocity>8.0</velocity>
      <orientation>-1.8480944647092197</orientation>
      <time>47</time>
    </ksState>
    <ksState>
      <x>472.06124714564373</x>
      <y>-264.8710747872413</y>
      <steeringAngle>0.10659999999999997</steeringAngle>
      <velocity>8.0</velocity>
      <orientation>-1.8204619854185249</orientation>
      <time>48</time>
    </ksState>
    <ksState>
      <x>471.9316554035476</x>
      <y>-265.6623317457157</y>
      <steeringAngle>0.1421333333333333</steeringAngle>
      <velocity>8.0</velocity>
      <orientation>-1.7816781331457898</orientation>
      <time>49</time>
    </ksState>
    <ksState>
      <x>471.8530450954476</x>
      <y>-266.46148490769133</y>
      <steeringAngle>0.17766666666666667</steeringAngle>
      <velocity>8.0</velocity>
      <orientation>-1.731643320896635</orientation>
      <time>50</time>
    </ksState>
    <ksState>
      <x>471.8159960030324</x>
      <y>-267.2637737548726</y>
      <steeringAngle>0.14213333333333336</steeringAngle>
      <velocity>8.0</velocity>
      <orientation>-1.6816085093478867</orientation>
      <time>51</time>
    </ksState>
    <ksState>
      <x>471.7986540518534</x>
      <y>-268.0654878973552</y>
      <steeringAngle>0.1066000000000001</steeringAngle>
      <velocity>8.0</velocity>
      <orientation>-1.6428246573408893</orientation>
      <time>52</time>
    </ksState>
    <ksState>
      <x>471.7920969831717</x>
      <y>-268.8664372335414</y>
      <steeringAngle>0.07106666666666674</steeringAngle>
      <velocity>8.0</velocity>
      <orientation>-1.6151921783112024</orientation>
      <time>53</time>
    </ksState>
    <ksState>
      <x>471.78747652506064</x>
      <y>-269.66678287155946</y>
      <steeringAngle>0.035533333333333354</steeringAngle>
      <velocity>8.0</velocity>
      <orientation>-1.598640657682173</orientation>
      <time>54</time>
    </ksState>
    <ksState>
      <x>471.77598337666103</x>
      <y>-270.46674487867915</y>
      <steeringAngle>2.0816681711721685e-17</steeringAngle>
      <velocity>8.0</velocity>
      <orientation>-1.5931281312237682</orientation>
      <time>55</time>
    </ksState>
    <ksState>
      <x>471.74880964005104</x>
      <y>-271.2663133643072</y>
      <steeringAngle>-0.03553333333333333</steeringAngle>
      <velocity>8.0</velocity>
      <orientation>-1.598640666226607</orientation>
      <time>56</time>
    </ksState>
    <ksState>
      <x>471.6971241714305</x>
      <y>-272.0649582706161</y>
      <steeringAngle>-0.07106666666666667</steeringAngle>
      <velocity>8.0</velocity>
      <orientation>-1.6151921871068766</orientation>
      <time>57</time>
    </ksState>
    <ksState>
      <x>471.6120763747854</x>
      <y>-272.8613333298116</y>
      <steeringAngle>-0.10659999999999997</steeringAngle>
      <velocity>8.0</velocity>
      <orientation>-1.6428246663975714</orientation>
      <time>58</time>
    </ksState>
    <ksState>
      <x>471.4848452476748</x>
      <y>-273.65297329485117</y>
      <steeringAngle>-0.1421333333333333</steeringAngle>
      <velocity>8.0</velocity>
      <orientation>-1.6816085186703065</orientation>
      <time>59</time>
    </ksState>
    <ksState>
      <x>471.3067513987874</x>
      <y>-274.43598538787637</y>
      <steeringAngle>-0.17766666666666667</steeringAngle>
      <velocity>8.0</velocity>
      <orientation>-1.7316433309194612</orientation>
      <time>60</time>
    </ksState>
    <ksState>
      <x>471.08823695300515</x>
      <y>-275.2088317287131</y>
      <steeringAngle>-0.14213333333333336</steeringAngle>
      <velocity>8.0</velocity>
      <orientation>-1.7816781424682095</orientation>
      <time>61</time>
    </ksState>
    <ksState>
      <x>470.8512080258022</x>
      <y>-275.9749019586505</y>
      <steeringAngle>-0.1066000000000001</steeringAngle>
      <velocity>8.0</velocity>
      <orientation>-1.820461994475207</orientation>
      <time>62</time>
    </ksState>
    <ksState>
      <x>470.6041892797867</x>
      <y>-276.7368367153086</y>
      <steeringAngle>-0.07106666666666674</steeringAngle>
      <velocity>8.0</velocity>
      <orientation>-1.8480944735048939</orientation>
      <time>63</time>
    </ksState>
    <ksState>
      <x>470.35552414276736</x>
      <y>-277.4975864366749</y>
      <steeringAngle>-0.035533333333333354</steeringAngle>
      <velocity>8.0</velocity>
      <orientation>-1.8646459941339233</orientation>
      <time>64</time>
    </ksState>
    <ksState>
      <x>470.113500429301</x>
      <y>-278.2601451737011</y>
      <steeringAngle>-2.0816681711721685e-17</steeringAngle>
      <velocity>8.0</velocity>
      <orientation>-1.8701585205923281</orientation>
      <time>65</time>
    </ksState>
    <ksState>
      <x>469.8864773296992</x>
      <y>-279.0272883724706</y>
      <steeringAngle>0.03553333333333333</steeringAngle>
      <velocity>8.0</velocity>
      <orientation>-1.8646459855894892</orientation>
      <time>66</time>
    </ksState>
    <ksState>
      <x>469.6830005510789</x>
      <y>-279.8013053455415</y>
      <steeringAngle>0.07106666666666667</steeringAngle>
      <velocity>8.0</velocity>
      <orientation>-1.8480944647092197</orientation>
      <time>67</time>
    </ksState>
    <ksState>
      <x>469.51189231935666</x>
      <y>-280.58371721639963</y>
      <steeringAngle>0.10659999999999997</steeringAngle>
      <velocity>8.0</velocity>
      <orientation>-1.8204619854185249</orientation>
      <time>68</time>
    </ksState>
    <ksState>
      <x>469.38230057726054</x>
      <y>-281.374974174874</y>
      <steeringAngle>0.1421333333333333</steeringAngle>
      <velocity>8.0</velocity>
      <orientation>-1.7816781331457898</orientation>
      <time>69</time>
    </ksState>
    <ksState>
      <x>469.30369026916054</x>
      <y>-282.17412733684966</y>
      <steeringAngle>0.17766666666666667</steeringAngle>
      <velocity>8.0</velocity>
      <orientation>-1.731643320896635</orientation>
      <time>70</time>
    </ksState>
    <ksState>
      <x>469.26664117674534</x>
      <y>-282.97641618403094</y>
      <steeringAngle>0.14213333333333336</steeringAngle>
      <velocity>8.0</velocity>
      <orientation>-1.6816085093478867</orientation>
      <time>71</time>
    </ksState>
    <ksState>
      <x>469.24929922556635</x>
      <y>-283.7781303265135</y>
      <steeringAngle>0.1066000000000001</steeringAngle>
      <velocity>8.0</velocity>
      <orientation>-1.6428246573408893</orientation>
      <time>72</time>
    </ksState>
    <ksState>
      <x>469.2427421568846</x>
      <y>-284.5790796626997</y>
      <steeringAngle>0.07106666666666674</steeringAngle>
      <velocity>8.0</velocity>
      <orientation>-1.6151921783112024</orientation>
      <time>73</time>
    </ksState>
    <ksState>
      <x>469.23812169877357</x>
      <y>-285.3794253007178</y>
      <steeringAngle>0.035533333333333354</steeringAngle>
      <velocity>8.0</velocity>
      <orientation>-1.598640657682173</orientation>
      <time>74</time>
    </ksState>
    <ksState>
      <x>469.22662855037396</x>
      <y>-286.1793873078375</y>
      <steeringAngle>2.0816681711721685e-17</steeringAngle>
      <velocity>8.0</velocity>
      <orientation>-1.5931281312237682</orientation>
      <time>75</time>
    </ksState>
    <ksState>
      <x>469.19945481376396</x>
      <y>-286.97895579346556</y>
      <steeringAngle>-0.03553333333333333</steeringAngle>
      <velocity>8.0</velocity>
      <orientation>-1.598640666226607</orientation>
      <time>76</time>
    </ksState>
    <ksState>
      <x>469.14776934514344</x>
      <y>-287.77760069977444</y>
      <steeringAngle>-0.07106666666666667</steeringAngle>
      <velocity>8.0</velocity>
      <orientation>-1.6151921871068766</orientation>
      <time>77</time>
    </ksState>
    <ksState>
      <x>469.0627215484983</x>
      <y>-288.57397575896994</y>
      <steeringAngle>-0.10659999999999997</steeringAngle>
      <velocity>8.0</velocity>
      <orientation>-1.6428246663975714</orientation>
      <time>78</time>
    </ksState>
    <ksState>
      <x>468.9354904213877</x>
      <y>-289.3656157240095</y>
      <steeringAngle>-0.1421333333333333</steeringAngle>
      <velocity>8.0</velocity>
      <orientation>-1.6816085186703065</orientation>
      <time>79</time>
    </ksState>
    <ksState>
      <x>468.75739657250034</x>
      <y>-290.1486278170347</y>
      <steeringAngle>-0.17766666666666667</steeringAngle>
      <velocity>8.0</velocity>
      <orientation>-1.7316433309194612</orientation>
      <time>80</time>
    </ksState>
    <ksState>
      <x>468.5388821267181</x>
      <y>-290.92147415787144</y>
      <steeringAngle>-0.14213333333333336</steeringAngle>
      <velocity>8.0</velocity>
      <orientation>-1.7816781424682095</orientation>
      <time>81</time>
    </ksState>
    <ksState>
      <x>468.3018531995151</x>
      <y>-291.6875443878088</y>
      <steeringAngle>-0.1066000000000001</steeringAngle>
      <velocity>8.0</velocity>
      <orientation>-1.820461994475207</orientation>
      <time>82</time>
    </ksState>
    <ksState>
      <x>468.0548344534996</x>
      <y>-292.4494791444669</y>
      <steeringAngle>-0.07106666666666674</steeringAngle>
      <velocity>8.0</velocity>
      <orientation>-1.8480944735048939</orientation>
      <time>83</time>
    </ksState>
    <ksState>
      <x>467.8061693164803</x>
      <y>-293.21022886583324</y>
      <steeringAngle>-0.035533333333333354</steeringAngle>
      <velocity>8.0</velocity>
      <orientation>-1.8646459941339233</orientation>
      <time>84</time>
    </ksState>
    <ksState>
      <x>467.5641456030139</x>
      <y>-293.97278760285946</y>
      <steeringAngle>-2.0816681711721685e-17</steeringAngle>
      <velocity>8.0</velocity>
      <orientation>-1.8701585205923281</orientation>
      <time>85</time>
    </ksState>
    <ksState>
      <x>467.3282169413691</x>
      <y>-294.73720742639523</y>
      <steeringAngle>0.0</steeringAngle>
      <velocity>8.0</velocity>
      <orientation>-1.8701585205923281</orientation>
      <time>86</time>
    </ksState>
    <ksState>
      <x>467.0922882797243</x>
      <y>-295.501627249931</y>
      <steeringAngle>0.0</steeringAngle>
      <velocity>8.0</velocity>
      <orientation>-1.8701585205923281</orientation>
      <time>87</time>
    </ksState>
    <ksState>
      <x>466.85635961807947</x>
      <y>-296.26604707346684</y>
      <steeringAngle>0.0</steeringAngle>
      <velocity>8.0</velocity>
      <orientation>-1.8701585205923281</orientation>
      <time>88</time>
    </ksState>
    <ksState>
      <x>466.62043095643463</x>
      <y>-297.0304668970026</y>
      <steeringAngle>0.0</steeringAngle>
      <velocity>8.0</velocity>
      <orientation>-1.8701585205923281</orientation>
      <time>89</time>
    </ksState>
    <ksState>
      <x>466.38450229478985</x>
      <y>-297.7948867205384</y>
      <steeringAngle>0.0</steeringAngle>
      <velocity>8.0</velocity>
      <orientation>-1.8701585205923281</orientation>
      <time>90</time>
    </ksState>
    <ksState>
      <x>466.16860506658173</x>
      <y>-298.52360539420357</y>
      <steeringAngle>0.03553333333333333</steeringAngle>
      <velocity>7.199999999999999</velocity>
      <orientation>-1.8650135076098358</orientation>
      <time>91</time>
    </ksState>
    <ksState>
      <x>465.9945253980002</x>
      <y>-299.18122454219053</y>
      <steeringAngle>0.07106666666666664</steeringAngle>
      <velocity>6.400000000000001</velocity>
      <orientation>-1.8510368354888727</orientation>
      <time>92</time>
    </ksState>
    <ksState>
      <x>465.86242162556414</x>
      <y>-299.7672048773505</y>
      <steeringAngle>0.10659999999999997</steeringAngle>
      <velocity>5.600000000000004</velocity>
      <orientation>-1.8304050676229913</orientation>
      <time>93</time>
    </ksState>
    <ksState>
      <x>465.7696035058886</x>
      <y>-300.28006438667063</y>
      <steeringAngle>0.1421333333333333</steeringAngle>
      <velocity>4.800000000000003</velocity>
      <orientation>-1.805288860114343</orientation>
      <time>94</time>
    </ksState>
    <ksState>
      <x>465.7110980069177</x>
      <y>-300.7178651544307</y>
      <steeringAngle>0.17766666666666653</steeringAngle>
      <velocity>4.000000000000006</velocity>
      <orientation>-1.7778639635291933</orientation>
      <time>95</time>
    </ksState>
    <ksState>
      <x>465.67277606565</x>
      <y>-301.0772679883848</y>
      <steeringAngle>0.1421333333333333</steeringAngle>
      <velocity>3.1999999999999993</velocity>
      <orientation>-1.755254048555751</orientation>
      <time>96</time>
    </ksState>
    <ksState>
      <x>465.6425316179664</x>
      <y>-301.3563122486232</y>
      <steeringAngle>0.10659999999999997</steeringAngle>
      <velocity>2.3999999999999977</velocity>
      <orientation>-1.7415864076850436</orientation>
      <time>97</time>
    </ksState>
    <ksState>
      <x>465.61909583859966</x>
      <y>-301.5551858666358</y>
      <steeringAngle>0.07106666666666664</steeringAngle>
      <velocity>1.5999999999999976</velocity>
      <orientation>-1.7345857018318245</orientation>
      <time>98</time>
    </ksState>
    <ksState>
      <x>465.6033123358755</x>
      <y>-301.67420019784157</y>
      <steeringAngle>0.0355333333333333</steeringAngle>
      <velocity>0.7999999999999972</velocity>
      <orientation>-1.7320108573578572</orientation>
      <time>99</time>
    </ksState>
  </ksTrajectory>
</CommonRoadSolution>
