<?xml version="1.0" ?>
<CommonRoadSolution benchmark_id="KS2:SM1:ESP_Cambre-3_1_T-1:2020a" computation_time="0.30215625400069257" date="2023-11-26T00:13:30">
  <ksTrajectory planningProblem="1">
    <ksState>
      <x>-479.87746</x>
      <y>594.66441</y>
      <steeringAngle>0.0</steeringAngle>
      <velocity>12.0</velocity>
      <orientation>0.33931227</orientation>
      <time>0</time>
    </ksState>
    <ksState>
      <x>-478.78359880215874</x>
      <y>595.0505028369238</y>
      <steeringAngle>0.0</steeringAngle>
      <velocity>11.200000000000001</velocity>
      <orientation>0.33931227</orientation>
      <time>1</time>
    </ksState>
    <ksState>
      <x>-477.7651763080739</x>
      <y>595.4099685814846</y>
      <steeringAngle>0.0</steeringAngle>
      <velocity>10.4</velocity>
      <orientation>0.33931227</orientation>
      <time>2</time>
    </ksState>
    <ksState>
      <x>-476.8221925174534</x>
      <y>595.7428072337856</y>
      <steeringAngle>0.0</steeringAngle>
      <velocity>9.599999999999998</velocity>
      <orientation>0.33931227</orientation>
      <time>3</time>
    </ksState>
    <ksState>
      <x>-475.95464743021427</x>
      <y>596.0490187938559</y>
      <steeringAngle>0.0</steeringAngle>
      <velocity>8.799999999999999</velocity>
      <orientation>0.33931227</orientation>
      <time>4</time>
    </ksState>
    <ksState>
      <x>-475.16254104632935</x>
      <y>596.3286032617053</y>
      <steeringAngle>0.0</steeringAngle>
      <velocity>7.999999999999997</velocity>
      <orientation>0.33931227</orientation>
      <time>5</time>
    </ksState>
    <ksState>
      <x>-474.4458733653687</x>
      <y>596.5815606374855</y>
      <steeringAngle>0.0</steeringAngle>
      <velocity>7.200000000000001</velocity>
      <orientation>0.33931227</orientation>
      <time>6</time>
    </ksState>
    <ksState>
      <x>-473.8046443880167</x>
      <y>596.8078909209548</y>
      <steeringAngle>0.0</steeringAngle>
      <velocity>6.400000000000001</velocity>
      <orientation>0.33931227</orientation>
      <time>7</time>
    </ksState>
    <ksState>
      <x>-473.23885411408475</x>
      <y>597.0075941121801</y>
      <steeringAngle>0.0</steeringAngle>
      <velocity>5.600000000000001</velocity>
      <orientation>0.33931227</orientation>
      <time>8</time>
    </ksState>
    <ksState>
      <x>-472.74850254351935</x>
      <y>597.1806702111799</y>
      <steeringAngle>0.0</steeringAngle>
      <velocity>4.800000000000001</velocity>
      <orientation>0.33931227</orientation>
      <time>9</time>
    </ksState>
    <ksState>
      <x>-472.3335896763011</x>
      <y>597.3271192179612</y>
      <steeringAngle>0.0</steeringAngle>
      <velocity>4.000000000000001</velocity>
      <orientation>0.33931227</orientation>
      <time>10</time>
    </ksState>
    <ksState>
      <x>-471.9941155122799</x>
      <y>597.4469411325771</y>
      <steeringAngle>0.0</steeringAngle>
      <velocity>3.2</velocity>
      <orientation>0.33931227</orientation>
      <time>11</time>
    </ksState>
    <ksState>
      <x>-471.73008005168595</x>
      <y>597.5401359549461</y>
      <steeringAngle>0.0</steeringAngle>
      <velocity>2.4000000000000004</velocity>
      <orientation>0.33931227</orientation>
      <time>12</time>
    </ksState>
    <ksState>
      <x>-471.5414832944232</x>
      <y>597.6067036851023</y>
      <steeringAngle>0.0</steeringAngle>
      <velocity>1.6</velocity>
      <orientation>0.33931227</orientation>
      <time>13</time>
    </ksState>
    <ksState>
      <x>-471.4283252404533</x>
      <y>597.646644323059</y>
      <steeringAngle>0.0</steeringAngle>
      <velocity>0.7999999999999998</velocity>
      <orientation>0.33931227</orientation>
      <time>14</time>
    </ksState>
    <ksState>
      <x>-471.39060588972643</x>
      <y>597.6599578688341</y>
      <steeringAngle>0.0</steeringAngle>
      <velocity>-3.3306690738754696e-16</velocity>
      <orientation>0.33931227</orientation>
      <time>15</time>
    </ksState>
    <ksState>
      <x>-471.39060588972643</x>
      <y>597.6599578688341</y>
      <steeringAngle>0.0</steeringAngle>
      <velocity>0.0</velocity>
      <orientation>0.33931227</orientation>
      <time>16</time>
    </ksState>
    <ksState>
      <x>-471.39060588972643</x>
      <y>597.6599578688341</y>
      <steeringAngle>0.0</steeringAngle>
      <velocity>0.0</velocity>
      <orientation>0.33931227</orientation>
      <time>17</time>
    </ksState>
    <ksState>
      <x>-471.39060588972643</x>
      <y>597.6599578688341</y>
      <steeringAngle>0.0</steeringAngle>
      <velocity>0.0</velocity>
      <orientation>0.33931227</orientation>
      <time>18</time>
    </ksState>
    <ksState>
      <x>-471.39060588972643</x>
      <y>597.6599578688341</y>
      <steeringAngle>0.0</steeringAngle>
      <velocity>0.0</velocity>
      <orientation>0.33931227</orientation>
      <time>19</time>
    </ksState>
    <ksState>
      <x>-471.39060588972643</x>
      <y>597.6599578688341</y>
      <steeringAngle>0.0</steeringAngle>
      <velocity>0.0</velocity>
      <orientation>0.33931227</orientation>
      <time>20</time>
    </ksState>
    <ksState>
      <x>-471.39060588972643</x>
      <y>597.6599578688341</y>
      <steeringAngle>0.0</steeringAngle>
      <velocity>0.0</velocity>
      <orientation>0.33931227</orientation>
      <time>21</time>
    </ksState>
    <ksState>
      <x>-471.39060588972643</x>
      <y>597.6599578688341</y>
      <steeringAngle>0.0</steeringAngle>
      <velocity>0.0</velocity>
      <orientation>0.33931227</orientation>
      <time>22</time>
    </ksState>
    <ksState>
      <x>-471.39060588972643</x>
      <y>597.6599578688341</y>
      <steeringAngle>0.0</steeringAngle>
      <velocity>0.0</velocity>
      <orientation>0.33931227</orientation>
      <time>23</time>
    </ksState>
    <ksState>
      <x>-471.39060588972643</x>
      <y>597.6599578688341</y>
      <steeringAngle>0.0</steeringAngle>
      <velocity>0.0</velocity>
      <orientation>0.33931227</orientation>
      <time>24</time>
    </ksState>
    <ksState>
      <x>-471.39060588972643</x>
      <y>597.6599578688341</y>
      <steeringAngle>0.0</steeringAngle>
      <velocity>0.0</velocity>
      <orientation>0.33931227</orientation>
      <time>25</time>
    </ksState>
    <ksState>
      <x>-471.39060588972643</x>
      <y>597.6599578688341</y>
      <steeringAngle>0.0</steeringAngle>
      <velocity>0.0</velocity>
      <orientation>0.33931227</orientation>
      <time>26</time>
    </ksState>
    <ksState>
      <x>-471.39060588972643</x>
      <y>597.6599578688341</y>
      <steeringAngle>0.0</steeringAngle>
      <velocity>0.0</velocity>
      <orientation>0.33931227</orientation>
      <time>27</time>
    </ksState>
    <ksState>
      <x>-471.39060588972643</x>
      <y>597.6599578688341</y>
      <steeringAngle>0.0</steeringAngle>
      <velocity>0.0</velocity>
      <orientation>0.33931227</orientation>
      <time>28</time>
    </ksState>
    <ksState>
      <x>-471.39060588972643</x>
      <y>597.6599578688341</y>
      <steeringAngle>0.0</steeringAngle>
      <velocity>0.0</velocity>
      <orientation>0.33931227</orientation>
      <time>29</time>
    </ksState>
    <ksState>
      <x>-471.39060588972643</x>
      <y>597.6599578688341</y>
      <steeringAngle>0.0</steeringAngle>
      <velocity>0.0</velocity>
      <orientation>0.33931227</orientation>
      <time>30</time>
    </ksState>
    <ksState>
      <x>-471.39060588972643</x>
      <y>597.6599578688341</y>
      <steeringAngle>0.0</steeringAngle>
      <velocity>0.0</velocity>
      <orientation>0.33931227</orientation>
      <time>31</time>
    </ksState>
    <ksState>
      <x>-471.39060588972643</x>
      <y>597.6599578688341</y>
      <steeringAngle>0.0</steeringAngle>
      <velocity>0.0</velocity>
      <orientation>0.33931227</orientation>
      <time>32</time>
    </ksState>
    <ksState>
      <x>-471.39060588972643</x>
      <y>597.6599578688341</y>
      <steeringAngle>0.0</steeringAngle>
      <velocity>0.0</velocity>
      <orientation>0.33931227</orientation>
      <time>33</time>
    </ksState>
  </ksTrajectory>
</CommonRoadSolution>
