<?xml version="1.0" ?>
<CommonRoadSolution benchmark_id="KS2:SM1:ESP_Almansa-6_1_T-1:2020a" computation_time="0.707800667999436" date="2023-11-26T00:13:30">
  <ksTrajectory planningProblem="1">
    <ksState>
      <x>-1008.6572</x>
      <y>-759.65605</y>
      <steeringAngle>0.0</steeringAngle>
      <velocity>12.0</velocity>
      <orientation>-0.17065052</orientation>
      <time>0</time>
    </ksState>
    <ksState>
      <x>-1007.5140495783035</x>
      <y>-759.8530452086768</y>
      <steeringAngle>0.0</steeringAngle>
      <velocity>11.200000000000001</velocity>
      <orientation>-0.17065052</orientation>
      <time>1</time>
    </ksState>
    <ksState>
      <x>-1006.4497371172015</x>
      <y>-760.0364545408108</y>
      <steeringAngle>0.0</steeringAngle>
      <velocity>10.4</velocity>
      <orientation>-0.17065052</orientation>
      <time>2</time>
    </ksState>
    <ksState>
      <x>-1005.464262616389</x>
      <y>-760.2062779964547</y>
      <steeringAngle>0.0</steeringAngle>
      <velocity>9.599999999999998</velocity>
      <orientation>-0.17065052</orientation>
      <time>3</time>
    </ksState>
    <ksState>
      <x>-1004.5576260757791</x>
      <y>-760.3625155756233</y>
      <steeringAngle>0.0</steeringAngle>
      <velocity>8.799999999999999</velocity>
      <orientation>-0.17065052</orientation>
      <time>4</time>
    </ksState>
    <ksState>
      <x>-1003.7298274953436</x>
      <y>-760.5051672783216</y>
      <steeringAngle>0.0</steeringAngle>
      <velocity>7.999999999999997</velocity>
      <orientation>-0.17065052</orientation>
      <time>5</time>
    </ksState>
    <ksState>
      <x>-1002.9823498898918</x>
      <y>-760.6427163526346</y>
      <steeringAngle>-0.03553333333333333</steeringAngle>
      <velocity>7.199999999999999</velocity>
      <orientation>-0.17579553298249231</orientation>
      <time>6</time>
    </ksState>
    <ksState>
      <x>-1002.3172010307036</x>
      <y>-760.785347590213</y>
      <steeringAngle>-0.07106666666666664</steeringAngle>
      <velocity>6.400000000000001</velocity>
      <orientation>-0.18977220510345544</orientation>
      <time>7</time>
    </ksState>
    <ksState>
      <x>-1001.7349334362264</x>
      <y>-760.932957916098</y>
      <steeringAngle>-0.10659999999999997</steeringAngle>
      <velocity>5.600000000000004</velocity>
      <orientation>-0.2104039729693368</orientation>
      <time>8</time>
    </ksState>
    <ksState>
      <x>-1001.2356500089043</x>
      <y>-761.0824776099231</y>
      <steeringAngle>-0.1421333333333333</steeringAngle>
      <velocity>4.800000000000003</velocity>
      <orientation>-0.23552018047798506</orientation>
      <time>9</time>
    </ksState>
    <ksState>
      <x>-1000.8188262473948</x>
      <y>-761.2285952252273</y>
      <steeringAngle>-0.17766666666666653</steeringAngle>
      <velocity>4.000000000000006</velocity>
      <orientation>-0.26294507706313486</orientation>
      <time>10</time>
    </ksState>
    <ksState>
      <x>-1000.4821087834911</x>
      <y>-761.3608306474256</y>
      <steeringAngle>-0.17766666666666667</steeringAngle>
      <velocity>3.2000000000000006</velocity>
      <orientation>-0.28801051633131247</orientation>
      <time>11</time>
    </ksState>
    <ksState>
      <x>-1000.2225710837463</x>
      <y>-761.4694905769331</y>
      <steeringAngle>-0.17766666666666667</steeringAngle>
      <velocity>2.4000000000000012</velocity>
      <orientation>-0.3075058579613422</orientation>
      <time>12</time>
    </ksState>
    <ksState>
      <x>-1000.0385083641539</x>
      <y>-761.55019228146</y>
      <steeringAngle>-0.17766666666666667</steeringAngle>
      <velocity>1.6000000000000005</velocity>
      <orientation>-0.3214311019603232</orientation>
      <time>13</time>
    </ksState>
    <ksState>
      <x>-999.9286164284422</x>
      <y>-761.5998408358456</y>
      <steeringAngle>-0.17766666666666667</steeringAngle>
      <velocity>0.8000000000000004</velocity>
      <orientation>-0.3297862483310773</orientation>
      <time>14</time>
    </ksState>
    <ksState>
      <x>-999.8920784429229</x>
      <y>-761.6165941856951</y>
      <steeringAngle>-0.17766666666666667</steeringAngle>
      <velocity>2.7755575615628914e-16</velocity>
      <orientation>-0.33257129707729266</orientation>
      <time>15</time>
    </ksState>
    <ksState>
      <x>-999.8920784429229</x>
      <y>-761.6165941856951</y>
      <steeringAngle>-0.14213333333333336</steeringAngle>
      <velocity>0.0</velocity>
      <orientation>-0.33257129707729266</orientation>
      <time>16</time>
    </ksState>
    <ksState>
      <x>-999.8920784429229</x>
      <y>-761.6165941856951</y>
      <steeringAngle>-0.10660000000000001</steeringAngle>
      <velocity>0.0</velocity>
      <orientation>-0.33257129707729266</orientation>
      <time>17</time>
    </ksState>
    <ksState>
      <x>-999.8920784429229</x>
      <y>-761.6165941856951</y>
      <steeringAngle>-0.07106666666666668</steeringAngle>
      <velocity>0.0</velocity>
      <orientation>-0.33257129707729266</orientation>
      <time>18</time>
    </ksState>
    <ksState>
      <x>-999.8920784429229</x>
      <y>-761.6165941856951</y>
      <steeringAngle>-0.03553333333333333</steeringAngle>
      <velocity>0.0</velocity>
      <orientation>-0.33257129707729266</orientation>
      <time>19</time>
    </ksState>
    <ksState>
      <x>-999.8920784429229</x>
      <y>-761.6165941856951</y>
      <steeringAngle>-0.0</steeringAngle>
      <velocity>0.0</velocity>
      <orientation>-0.33257129707729266</orientation>
      <time>20</time>
    </ksState>
    <ksState>
      <x>-999.8920784429229</x>
      <y>-761.6165941856951</y>
      <steeringAngle>0.0</steeringAngle>
      <velocity>0.0</velocity>
      <orientation>-0.33257129707729266</orientation>
      <time>21</time>
    </ksState>
    <ksState>
      <x>-999.8920784429229</x>
      <y>-761.6165941856951</y>
      <steeringAngle>0.0</steeringAngle>
      <velocity>0.0</velocity>
      <orientation>-0.33257129707729266</orientation>
      <time>22</time>
    </ksState>
    <ksState>
      <x>-999.8920784429229</x>
      <y>-761.6165941856951</y>
      <steeringAngle>0.0</steeringAngle>
      <velocity>0.0</velocity>
      <orientation>-0.33257129707729266</orientation>
      <time>23</time>
    </ksState>
    <ksState>
      <x>-999.8920784429229</x>
      <y>-761.6165941856951</y>
      <steeringAngle>0.0</steeringAngle>
      <velocity>0.0</velocity>
      <orientation>-0.33257129707729266</orientation>
      <time>24</time>
    </ksState>
    <ksState>
      <x>-999.8920784429229</x>
      <y>-761.6165941856951</y>
      <steeringAngle>0.0</steeringAngle>
      <velocity>0.0</velocity>
      <orientation>-0.33257129707729266</orientation>
      <time>25</time>
    </ksState>
    <ksState>
      <x>-999.8920784429229</x>
      <y>-761.6165941856951</y>
      <steeringAngle>0.0</steeringAngle>
      <velocity>0.0</velocity>
      <orientation>-0.33257129707729266</orientation>
      <time>26</time>
    </ksState>
    <ksState>
      <x>-999.8920784429229</x>
      <y>-761.6165941856951</y>
      <steeringAngle>0.0</steeringAngle>
      <velocity>0.0</velocity>
      <orientation>-0.33257129707729266</orientation>
      <time>27</time>
    </ksState>
    <ksState>
      <x>-999.8920784429229</x>
      <y>-761.6165941856951</y>
      <steeringAngle>0.0</steeringAngle>
      <velocity>0.0</velocity>
      <orientation>-0.33257129707729266</orientation>
      <time>28</time>
    </ksState>
    <ksState>
      <x>-999.8920784429229</x>
      <y>-761.6165941856951</y>
      <steeringAngle>0.0</steeringAngle>
      <velocity>0.0</velocity>
      <orientation>-0.33257129707729266</orientation>
      <time>29</time>
    </ksState>
    <ksState>
      <x>-999.8920784429229</x>
      <y>-761.6165941856951</y>
      <steeringAngle>0.0</steeringAngle>
      <velocity>0.0</velocity>
      <orientation>-0.33257129707729266</orientation>
      <time>30</time>
    </ksState>
    <ksState>
      <x>-999.8920784429229</x>
      <y>-761.6165941856951</y>
      <steeringAngle>0.0</steeringAngle>
      <velocity>0.0</velocity>
      <orientation>-0.33257129707729266</orientation>
      <time>31</time>
    </ksState>
    <ksState>
      <x>-999.8920784429229</x>
      <y>-761.6165941856951</y>
      <steeringAngle>0.0</steeringAngle>
      <velocity>0.0</velocity>
      <orientation>-0.33257129707729266</orientation>
      <time>32</time>
    </ksState>
    <ksState>
      <x>-999.8920784429229</x>
      <y>-761.6165941856951</y>
      <steeringAngle>0.0</steeringAngle>
      <velocity>0.0</velocity>
      <orientation>-0.33257129707729266</orientation>
      <time>33</time>
    </ksState>
  </ksTrajectory>
</CommonRoadSolution>
