<?xml version="1.0" ?>
<CommonRoadSolution benchmark_id="KS2:SM1:DEU_Muehlhausen-6_1_T-1:2020a" computation_time="0.2699141020002571" date="2023-11-26T00:13:30">
  <ksTrajectory planningProblem="1">
    <ksState>
      <x>-345.9259</x>
      <y>-198.76499</y>
      <steeringAngle>0.0</steeringAngle>
      <velocity>8.0</velocity>
      <orientation>-2.9011526</orientation>
      <time>0</time>
    </ksState>
    <ksState>
      <x>-346.66403729126785</x>
      <y>-198.94596883338917</y>
      <steeringAngle>0.0</steeringAngle>
      <velocity>7.200000000000001</velocity>
      <orientation>-2.9011526</orientation>
      <time>1</time>
    </ksState>
    <ksState>
      <x>-347.32447591993684</x>
      <y>-199.10789726317537</y>
      <steeringAngle>0.0</steeringAngle>
      <velocity>6.400000000000001</velocity>
      <orientation>-2.9011526</orientation>
      <time>2</time>
    </ksState>
    <ksState>
      <x>-347.9072158862013</x>
      <y>-199.25077528940628</y>
      <steeringAngle>0.0</steeringAngle>
      <velocity>5.600000000000001</velocity>
      <orientation>-2.9011526</orientation>
      <time>3</time>
    </ksState>
    <ksState>
      <x>-348.41225719011624</x>
      <y>-199.37460291209538</y>
      <steeringAngle>0.0</steeringAngle>
      <velocity>4.800000000000001</velocity>
      <orientation>-2.9011526</orientation>
      <time>4</time>
    </ksState>
    <ksState>
      <x>-348.8395998317017</x>
      <y>-199.47938013124758</y>
      <steeringAngle>0.0</steeringAngle>
      <velocity>4.000000000000001</velocity>
      <orientation>-2.9011526</orientation>
      <time>5</time>
    </ksState>
    <ksState>
      <x>-349.2280931432669</x>
      <y>-199.57463214891192</y>
      <steeringAngle>0.0</steeringAngle>
      <velocity>4.0</velocity>
      <orientation>-2.9011526</orientation>
      <time>6</time>
    </ksState>
    <ksState>
      <x>-349.61658645483203</x>
      <y>-199.66988416657625</y>
      <steeringAngle>0.0</steeringAngle>
      <velocity>4.0</velocity>
      <orientation>-2.9011526</orientation>
      <time>7</time>
    </ksState>
    <ksState>
      <x>-350.0050797663972</x>
      <y>-199.76513618424062</y>
      <steeringAngle>0.0</steeringAngle>
      <velocity>4.0</velocity>
      <orientation>-2.9011526</orientation>
      <time>8</time>
    </ksState>
    <ksState>
      <x>-350.3935730779624</x>
      <y>-199.86038820190495</y>
      <steeringAngle>0.0</steeringAngle>
      <velocity>4.0</velocity>
      <orientation>-2.9011526</orientation>
      <time>9</time>
    </ksState>
    <ksState>
      <x>-350.7820663895276</x>
      <y>-199.9556402195693</y>
      <steeringAngle>0.0</steeringAngle>
      <velocity>4.0</velocity>
      <orientation>-2.9011526</orientation>
      <time>10</time>
    </ksState>
    <ksState>
      <x>-351.20940903324737</x>
      <y>-200.0604174392448</y>
      <steeringAngle>0.0</steeringAngle>
      <velocity>4.8</velocity>
      <orientation>-2.9011526</orientation>
      <time>11</time>
    </ksState>
    <ksState>
      <x>-351.7144503393241</x>
      <y>-200.18424506246393</y>
      <steeringAngle>0.0</steeringAngle>
      <velocity>5.6</velocity>
      <orientation>-2.9011526</orientation>
      <time>12</time>
    </ksState>
    <ksState>
      <x>-352.2971903077423</x>
      <y>-200.32712308922288</y>
      <steeringAngle>0.0</steeringAngle>
      <velocity>6.4</velocity>
      <orientation>-2.9011526</orientation>
      <time>13</time>
    </ksState>
    <ksState>
      <x>-352.9576289384928</x>
      <y>-200.48905151951945</y>
      <steeringAngle>0.0</steeringAngle>
      <velocity>7.199999999999999</velocity>
      <orientation>-2.9011526</orientation>
      <time>14</time>
    </ksState>
    <ksState>
      <x>-353.6957662315699</x>
      <y>-200.6700303533522</y>
      <steeringAngle>0.0</steeringAngle>
      <velocity>7.999999999999998</velocity>
      <orientation>-2.9011526</orientation>
      <time>15</time>
    </ksState>
    <ksState>
      <x>-354.43390352283774</x>
      <y>-200.85100918674135</y>
      <steeringAngle>0.0</steeringAngle>
      <velocity>7.200000000000001</velocity>
      <orientation>-2.9011526</orientation>
      <time>16</time>
    </ksState>
    <ksState>
      <x>-355.09434215150674</x>
      <y>-201.01293761652755</y>
      <steeringAngle>0.0</steeringAngle>
      <velocity>6.400000000000001</velocity>
      <orientation>-2.9011526</orientation>
      <time>17</time>
    </ksState>
    <ksState>
      <x>-355.6770821177712</x>
      <y>-201.15581564275845</y>
      <steeringAngle>0.0</steeringAngle>
      <velocity>5.600000000000001</velocity>
      <orientation>-2.9011526</orientation>
      <time>18</time>
    </ksState>
    <ksState>
      <x>-356.18212342168613</x>
      <y>-201.27964326544756</y>
      <steeringAngle>0.0</steeringAngle>
      <velocity>4.800000000000001</velocity>
      <orientation>-2.9011526</orientation>
      <time>19</time>
    </ksState>
    <ksState>
      <x>-356.6094660632716</x>
      <y>-201.38442048459976</y>
      <steeringAngle>0.0</steeringAngle>
      <velocity>4.000000000000001</velocity>
      <orientation>-2.9011526</orientation>
      <time>20</time>
    </ksState>
    <ksState>
      <x>-357.0368087069914</x>
      <y>-201.48919770427526</y>
      <steeringAngle>0.0</steeringAngle>
      <velocity>4.8</velocity>
      <orientation>-2.9011526</orientation>
      <time>21</time>
    </ksState>
    <ksState>
      <x>-357.54185001306814</x>
      <y>-201.6130253274944</y>
      <steeringAngle>0.0</steeringAngle>
      <velocity>5.6</velocity>
      <orientation>-2.9011526</orientation>
      <time>22</time>
    </ksState>
    <ksState>
      <x>-358.12458998148634</x>
      <y>-201.75590335425335</y>
      <steeringAngle>0.0</steeringAngle>
      <velocity>6.4</velocity>
      <orientation>-2.9011526</orientation>
      <time>23</time>
    </ksState>
    <ksState>
      <x>-358.78502861223683</x>
      <y>-201.91783178454992</y>
      <steeringAngle>0.0</steeringAngle>
      <velocity>7.199999999999999</velocity>
      <orientation>-2.9011526</orientation>
      <time>24</time>
    </ksState>
    <ksState>
      <x>-359.52316590531393</x>
      <y>-202.09881061838266</y>
      <steeringAngle>0.0</steeringAngle>
      <velocity>7.999999999999998</velocity>
      <orientation>-2.9011526</orientation>
      <time>25</time>
    </ksState>
    <ksState>
      <x>-360.3023467463157</x>
      <y>-202.28026417218285</y>
      <steeringAngle>-0.03553333333333333</steeringAngle>
      <velocity>8.0</velocity>
      <orientation>-2.906665135002839</orientation>
      <time>26</time>
    </ksState>
    <ksState>
      <x>-361.0870028358565</x>
      <y>-202.43780748427886</y>
      <steeringAngle>-0.07106666666666667</steeringAngle>
      <velocity>8.0</velocity>
      <orientation>-2.9232166558831083</orientation>
      <time>27</time>
    </ksState>
    <ksState>
      <x>-361.8781331339581</x>
      <y>-202.56254406290975</y>
      <steeringAngle>-0.10659999999999997</steeringAngle>
      <velocity>8.0</velocity>
      <orientation>-2.9508491351738035</orientation>
      <time>28</time>
    </ksState>
    <ksState>
      <x>-362.6756483446632</x>
      <y>-202.64531532995045</y>
      <steeringAngle>-0.1421333333333333</steeringAngle>
      <velocity>8.0</velocity>
      <orientation>-2.989632987446538</orientation>
      <time>29</time>
    </ksState>
    <ksState>
      <x>-363.4780438584246</x>
      <y>-202.6767286444996</y>
      <steeringAngle>-0.17766666666666667</steeringAngle>
      <velocity>8.0</velocity>
      <orientation>-3.039667799695693</orientation>
      <time>30</time>
    </ksState>
    <ksState>
      <x>-364.28112215668614</x>
      <y>-202.66646821460188</y>
      <steeringAngle>-0.14213333333333336</steeringAngle>
      <velocity>8.0</velocity>
      <orientation>-3.0897026112444412</orientation>
      <time>31</time>
    </ksState>
    <ksState>
      <x>-365.082466232445</x>
      <y>-202.63656868662127</y>
      <steeringAngle>-0.1066000000000001</steeringAngle>
      <velocity>8.0</velocity>
      <orientation>-3.1284864632514386</orientation>
      <time>32</time>
    </ksState>
    <ksState>
      <x>-365.8824117284404</x>
      <y>-202.59594803025803</y>
      <steeringAngle>-0.07106666666666674</steeringAngle>
      <velocity>8.0</velocity>
      <orientation>-3.1561189422811258</orientation>
      <time>33</time>
    </ksState>
  </ksTrajectory>
</CommonRoadSolution>
