<?xml version="1.0" ?>
<CommonRoadSolution benchmark_id="KS2:SM1:DEU_Muehlhausen-2_1_T-1:2020a" computation_time="0.7656854819997534" date="2023-11-26T00:13:30">
  <ksTrajectory planningProblem="1">
    <ksState>
      <x>-116.24432</x>
      <y>369.92685</y>
      <steeringAngle>0.0</steeringAngle>
      <velocity>8.0</velocity>
      <orientation>0.14387747</orientation>
      <time>0</time>
    </ksState>
    <ksState>
      <x>-115.49217271629908</x>
      <y>370.03582000741704</y>
      <steeringAngle>0.0</steeringAngle>
      <velocity>7.200000000000001</velocity>
      <orientation>0.14387747</orientation>
      <time>1</time>
    </ksState>
    <ksState>
      <x>-114.81919883124947</x>
      <y>370.13331948768433</y>
      <steeringAngle>0.0</steeringAngle>
      <velocity>6.400000000000001</velocity>
      <orientation>0.14387747</orientation>
      <time>2</time>
    </ksState>
    <ksState>
      <x>-114.22539834465307</x>
      <y>370.2193484408307</y>
      <steeringAngle>0.0</steeringAngle>
      <velocity>5.600000000000001</velocity>
      <orientation>0.14387747</orientation>
      <time>3</time>
    </ksState>
    <ksState>
      <x>-113.71077125645392</x>
      <y>370.2939068668641</y>
      <steeringAngle>0.0</steeringAngle>
      <velocity>4.800000000000001</velocity>
      <orientation>0.14387747</orientation>
      <time>4</time>
    </ksState>
    <ksState>
      <x>-113.27531756663151</x>
      <y>370.3569947657876</y>
      <steeringAngle>0.0</steeringAngle>
      <velocity>4.000000000000001</velocity>
      <orientation>0.14387747</orientation>
      <time>5</time>
    </ksState>
    <ksState>
      <x>-112.91956913306595</x>
      <y>370.41225349122124</y>
      <steeringAngle>0.03553333333333333</steeringAngle>
      <velocity>3.2</velocity>
      <orientation>0.14626621837979256</orientation>
      <time>6</time>
    </ksState>
    <ksState>
      <x>-112.64386838774917</x>
      <y>370.46178340476354</y>
      <steeringAngle>0.07106666666666668</steeringAngle>
      <velocity>2.4</velocity>
      <orientation>0.1519671333855892</orientation>
      <time>7</time>
    </ksState>
    <ksState>
      <x>-112.44777150084215</x>
      <y>370.5022678341003</y>
      <steeringAngle>0.10660000000000003</steeringAngle>
      <velocity>1.5999999999999994</velocity>
      <orientation>0.15878266713032066</orientation>
      <time>8</time>
    </ksState>
    <ksState>
      <x>-112.3306440666681</x>
      <y>370.5296024817101</y>
      <steeringAngle>0.14213333333333342</steeringAngle>
      <velocity>0.7999999999999988</velocity>
      <orientation>0.16450692861680039</orientation>
      <time>9</time>
    </ksState>
    <ksState>
      <x>-112.29175677123837</x>
      <y>370.5395774029312</y>
      <steeringAngle>0.17766666666666675</steeringAngle>
      <velocity>-1.5265566588595902e-15</velocity>
      <orientation>0.1669144230913562</orientation>
      <time>10</time>
    </ksState>
    <ksState>
      <x>-112.25307845588416</x>
      <y>370.55072481706475</y>
      <steeringAngle>0.21319999999999997</steeringAngle>
      <velocity>0.8</velocity>
      <orientation>0.17008065657250984</orientation>
      <time>11</time>
    </ksState>
    <ksState>
      <x>-112.13766557964665</x>
      <y>370.5871379003546</y>
      <steeringAngle>0.24873333333333328</steeringAngle>
      <velocity>1.6000000000000005</velocity>
      <orientation>0.1811212488829097</orientation>
      <time>12</time>
    </ksState>
    <ksState>
      <x>-111.94709363019781</x>
      <y>370.65491518927604</y>
      <steeringAngle>0.2842666666666665</steeringAngle>
      <velocity>2.400000000000001</velocity>
      <orientation>0.2023935702838697</orientation>
      <time>13</time>
    </ksState>
    <ksState>
      <x>-111.6842995981917</x>
      <y>370.76286244866947</y>
      <steeringAngle>0.31979999999999986</steeringAngle>
      <velocity>3.200000000000001</velocity>
      <orientation>0.2363258265635658</orientation>
      <time>14</time>
    </ksState>
    <ksState>
      <x>-111.35449111964925</x>
      <y>370.92304075843475</y>
      <steeringAngle>0.3553333333333332</steeringAngle>
      <velocity>4.0</velocity>
      <orientation>0.28543238735154264</orientation>
      <time>15</time>
    </ksState>
    <ksState>
      <x>-110.96270175447479</x>
      <y>371.14057141476854</y>
      <steeringAngle>0.31979999999999975</steeringAngle>
      <velocity>4.800000000000001</velocity>
      <orientation>0.3452222223832912</orientation>
      <time>16</time>
    </ksState>
    <ksState>
      <x>-110.51215967239683</x>
      <y>371.4150638911109</y>
      <steeringAngle>0.28426666666666645</steeringAngle>
      <velocity>5.600000000000004</velocity>
      <orientation>0.40795132251461474</orientation>
      <time>17</time>
    </ksState>
    <ksState>
      <x>-110.00790165417415</x>
      <y>371.752439564478</y>
      <steeringAngle>0.2487333333333331</steeringAngle>
      <velocity>6.400000000000004</velocity>
      <orientation>0.4713734592072906</orientation>
      <time>18</time>
    </ksState>
    <ksState>
      <x>-109.45467851760276</x>
      <y>372.15747360771644</y>
      <steeringAngle>0.21319999999999992</steeringAngle>
      <velocity>7.200000000000004</velocity>
      <orientation>0.5332905478850896</orientation>
      <time>19</time>
    </ksState>
    <ksState>
      <x>-108.85638375135413</x>
      <y>372.63335188146834</y>
      <steeringAngle>0.17766666666666656</steeringAngle>
      <velocity>8.000000000000004</velocity>
      <orientation>0.5915398774860549</orientation>
      <time>20</time>
    </ksState>
    <ksState>
      <x>-108.28064052584433</x>
      <y>373.13500054611933</y>
      <steeringAngle>0.17766666666666667</steeringAngle>
      <velocity>7.2</velocity>
      <orientation>0.6444558049304322</orientation>
      <time>21</time>
    </ksState>
    <ksState>
      <x>-107.78862906119319</x>
      <y>373.609104781096</y>
      <steeringAngle>0.17766666666666667</steeringAngle>
      <velocity>6.4</velocity>
      <orientation>0.6918016347232434</orientation>
      <time>22</time>
    </ksState>
    <ksState>
      <x>-107.3735584766515</x>
      <y>374.0463645005614</y>
      <steeringAngle>0.17766666666666667</steeringAngle>
      <velocity>5.599999999999999</velocity>
      <orientation>0.7335773668784282</orientation>
      <time>23</time>
    </ksState>
    <ksState>
      <x>-107.02886992962122</x>
      <y>374.4390645105705</y>
      <steeringAngle>0.17766666666666667</steeringAngle>
      <velocity>4.799999999999999</velocity>
      <orientation>0.7697830013999427</orientation>
      <time>24</time>
    </ksState>
    <ksState>
      <x>-106.74847198741534</x>
      <y>374.78091450472374</y>
      <steeringAngle>0.17766666666666667</steeringAngle>
      <velocity>4.0</velocity>
      <orientation>0.8004185382892727</orientation>
      <time>25</time>
    </ksState>
    <ksState>
      <x>-106.52415434845895</x>
      <y>375.0643233350198</y>
      <steeringAngle>0.1421333333333333</steeringAngle>
      <velocity>3.1999999999999993</velocity>
      <orientation>0.823028453262715</orientation>
      <time>26</time>
    </ksState>
    <ksState>
      <x>-106.34957666709835</x>
      <y>375.28410290403946</y>
      <steeringAngle>0.10659999999999997</steeringAngle>
      <velocity>2.3999999999999977</velocity>
      <orientation>0.8366960941334223</orientation>
      <time>27</time>
    </ksState>
    <ksState>
      <x>-106.22356580838284</x>
      <y>375.43973456913915</y>
      <steeringAngle>0.07106666666666664</steeringAngle>
      <velocity>1.5999999999999976</velocity>
      <orientation>0.8436967999866415</orientation>
      <time>28</time>
    </ksState>
    <ksState>
      <x>-106.14666877653946</x>
      <y>375.53193205546216</y>
      <steeringAngle>0.0355333333333333</steeringAngle>
      <velocity>0.7999999999999972</velocity>
      <orientation>0.8462716444606088</orientation>
      <time>29</time>
    </ksState>
    <ksState>
      <x>-106.12055578770651</x>
      <y>375.5622369500266</y>
      <steeringAngle>-2.5153490401663703e-17</steeringAngle>
      <velocity>-2.914335439641036e-15</velocity>
      <orientation>0.84663915603914</orientation>
      <time>30</time>
    </ksState>
    <ksState>
      <x>-106.12055578770651</x>
      <y>375.5622369500266</y>
      <steeringAngle>0.0</steeringAngle>
      <velocity>0.0</velocity>
      <orientation>0.84663915603914</orientation>
      <time>31</time>
    </ksState>
    <ksState>
      <x>-106.12055578770651</x>
      <y>375.5622369500266</y>
      <steeringAngle>0.0</steeringAngle>
      <velocity>0.0</velocity>
      <orientation>0.84663915603914</orientation>
      <time>32</time>
    </ksState>
    <ksState>
      <x>-106.12055578770651</x>
      <y>375.5622369500266</y>
      <steeringAngle>0.0</steeringAngle>
      <velocity>0.0</velocity>
      <orientation>0.84663915603914</orientation>
      <time>33</time>
    </ksState>
  </ksTrajectory>
</CommonRoadSolution>
