<?xml version="1.0" ?>
<CommonRoadSolution benchmark_id="KS2:SM1:DEU_Muehlhausen-7_2_T-1:2020a" computation_time="0.36734112899921456" date="2023-11-26T00:13:30">
  <ksTrajectory planningProblem="1">
    <ksState>
      <x>-493.51123</x>
      <y>111.03667</y>
      <steeringAngle>0.0</steeringAngle>
      <velocity>4.0</velocity>
      <orientation>-3.3398274</orientation>
      <time>0</time>
    </ksState>
    <ksState>
      <x>-493.8641796698587</x>
      <y>111.10756802399726</y>
      <steeringAngle>0.0</steeringAngle>
      <velocity>3.2</velocity>
      <orientation>-3.3398274</orientation>
      <time>1</time>
    </ksState>
    <ksState>
      <x>-494.138696079425</x>
      <y>111.16271093148563</y>
      <steeringAngle>0.0</steeringAngle>
      <velocity>2.4000000000000004</velocity>
      <orientation>-3.3398274</orientation>
      <time>2</time>
    </ksState>
    <ksState>
      <x>-494.3347792287988</x>
      <y>111.2020987224852</y>
      <steeringAngle>0.0</steeringAngle>
      <velocity>1.6</velocity>
      <orientation>-3.3398274</orientation>
      <time>3</time>
    </ksState>
    <ksState>
      <x>-494.4524291180199</x>
      <y>111.22573139700395</y>
      <steeringAngle>0.0</steeringAngle>
      <velocity>0.7999999999999998</velocity>
      <orientation>-3.3398274</orientation>
      <time>4</time>
    </ksState>
    <ksState>
      <x>-494.4916457471402</x>
      <y>111.23360895505232</y>
      <steeringAngle>0.0</steeringAngle>
      <velocity>-3.3306690738754696e-16</velocity>
      <orientation>-3.3398274</orientation>
      <time>5</time>
    </ksState>
    <ksState>
      <x>-494.4916457471402</x>
      <y>111.23360895505232</y>
      <steeringAngle>0.0</steeringAngle>
      <velocity>0.0</velocity>
      <orientation>-3.3398274</orientation>
      <time>6</time>
    </ksState>
    <ksState>
      <x>-494.4916457471402</x>
      <y>111.23360895505232</y>
      <steeringAngle>0.0</steeringAngle>
      <velocity>0.0</velocity>
      <orientation>-3.3398274</orientation>
      <time>7</time>
    </ksState>
    <ksState>
      <x>-494.4916457471402</x>
      <y>111.23360895505232</y>
      <steeringAngle>0.0</steeringAngle>
      <velocity>0.0</velocity>
      <orientation>-3.3398274</orientation>
      <time>8</time>
    </ksState>
    <ksState>
      <x>-494.4916457471402</x>
      <y>111.23360895505232</y>
      <steeringAngle>0.0</steeringAngle>
      <velocity>0.0</velocity>
      <orientation>-3.3398274</orientation>
      <time>9</time>
    </ksState>
    <ksState>
      <x>-494.4916457471402</x>
      <y>111.23360895505232</y>
      <steeringAngle>0.0</steeringAngle>
      <velocity>0.0</velocity>
      <orientation>-3.3398274</orientation>
      <time>10</time>
    </ksState>
    <ksState>
      <x>-494.4916457471402</x>
      <y>111.23360895505232</y>
      <steeringAngle>0.0</steeringAngle>
      <velocity>0.0</velocity>
      <orientation>-3.3398274</orientation>
      <time>11</time>
    </ksState>
    <ksState>
      <x>-494.4916457471402</x>
      <y>111.23360895505232</y>
      <steeringAngle>0.0</steeringAngle>
      <velocity>0.0</velocity>
      <orientation>-3.3398274</orientation>
      <time>12</time>
    </ksState>
    <ksState>
      <x>-494.4916457471402</x>
      <y>111.23360895505232</y>
      <steeringAngle>0.0</steeringAngle>
      <velocity>0.0</velocity>
      <orientation>-3.3398274</orientation>
      <time>13</time>
    </ksState>
    <ksState>
      <x>-494.4916457471402</x>
      <y>111.23360895505232</y>
      <steeringAngle>0.0</steeringAngle>
      <velocity>0.0</velocity>
      <orientation>-3.3398274</orientation>
      <time>14</time>
    </ksState>
    <ksState>
      <x>-494.4916457471402</x>
      <y>111.23360895505232</y>
      <steeringAngle>0.0</steeringAngle>
      <velocity>0.0</velocity>
      <orientation>-3.3398274</orientation>
      <time>15</time>
    </ksState>
    <ksState>
      <x>-494.53086237794906</x>
      <y>111.24148651343988</y>
      <steeringAngle>0.0</steeringAngle>
      <velocity>0.8</velocity>
      <orientation>-3.3398274</orientation>
      <time>16</time>
    </ksState>
    <ksState>
      <x>-494.6485122692138</x>
      <y>111.26511918836914</y>
      <steeringAngle>0.0</steeringAngle>
      <velocity>1.6</velocity>
      <orientation>-3.3398274</orientation>
      <time>17</time>
    </ksState>
    <ksState>
      <x>-494.8445954207627</x>
      <y>111.30450697980562</y>
      <steeringAngle>0.0</steeringAngle>
      <velocity>2.4000000000000004</velocity>
      <orientation>-3.3398274</orientation>
      <time>18</time>
    </ksState>
    <ksState>
      <x>-495.11911183254387</x>
      <y>111.35964988773891</y>
      <steeringAngle>0.0</steeringAngle>
      <velocity>3.2000000000000006</velocity>
      <orientation>-3.3398274</orientation>
      <time>19</time>
    </ksState>
    <ksState>
      <x>-495.472061504536</x>
      <y>111.43054791216473</y>
      <steeringAngle>0.0</steeringAngle>
      <velocity>4.000000000000001</velocity>
      <orientation>-3.3398274</orientation>
      <time>20</time>
    </ksState>
    <ksState>
      <x>-495.82501117439466</x>
      <y>111.50144593616199</y>
      <steeringAngle>0.0</steeringAngle>
      <velocity>3.2</velocity>
      <orientation>-3.3398274</orientation>
      <time>21</time>
    </ksState>
    <ksState>
      <x>-496.099527583961</x>
      <y>111.55658884365036</y>
      <steeringAngle>0.0</steeringAngle>
      <velocity>2.4000000000000004</velocity>
      <orientation>-3.3398274</orientation>
      <time>22</time>
    </ksState>
    <ksState>
      <x>-496.2956107333348</x>
      <y>111.59597663464993</y>
      <steeringAngle>0.0</steeringAngle>
      <velocity>1.6</velocity>
      <orientation>-3.3398274</orientation>
      <time>23</time>
    </ksState>
    <ksState>
      <x>-496.41326062255587</x>
      <y>111.61960930916868</y>
      <steeringAngle>0.0</steeringAngle>
      <velocity>0.7999999999999998</velocity>
      <orientation>-3.3398274</orientation>
      <time>24</time>
    </ksState>
    <ksState>
      <x>-496.45247725167616</x>
      <y>111.62748686721704</y>
      <steeringAngle>0.0</steeringAngle>
      <velocity>-3.3306690738754696e-16</velocity>
      <orientation>-3.3398274</orientation>
      <time>25</time>
    </ksState>
    <ksState>
      <x>-496.45247725167616</x>
      <y>111.62748686721704</y>
      <steeringAngle>0.0</steeringAngle>
      <velocity>0.0</velocity>
      <orientation>-3.3398274</orientation>
      <time>26</time>
    </ksState>
    <ksState>
      <x>-496.45247725167616</x>
      <y>111.62748686721704</y>
      <steeringAngle>0.0</steeringAngle>
      <velocity>0.0</velocity>
      <orientation>-3.3398274</orientation>
      <time>27</time>
    </ksState>
    <ksState>
      <x>-496.45247725167616</x>
      <y>111.62748686721704</y>
      <steeringAngle>0.0</steeringAngle>
      <velocity>0.0</velocity>
      <orientation>-3.3398274</orientation>
      <time>28</time>
    </ksState>
    <ksState>
      <x>-496.45247725167616</x>
      <y>111.62748686721704</y>
      <steeringAngle>0.0</steeringAngle>
      <velocity>0.0</velocity>
      <orientation>-3.3398274</orientation>
      <time>29</time>
    </ksState>
    <ksState>
      <x>-496.45247725167616</x>
      <y>111.62748686721704</y>
      <steeringAngle>0.0</steeringAngle>
      <velocity>0.0</velocity>
      <orientation>-3.3398274</orientation>
      <time>30</time>
    </ksState>
    <ksState>
      <x>-496.45247725167616</x>
      <y>111.62748686721704</y>
      <steeringAngle>0.0</steeringAngle>
      <velocity>0.0</velocity>
      <orientation>-3.3398274</orientation>
      <time>31</time>
    </ksState>
    <ksState>
      <x>-496.45247725167616</x>
      <y>111.62748686721704</y>
      <steeringAngle>0.0</steeringAngle>
      <velocity>0.0</velocity>
      <orientation>-3.3398274</orientation>
      <time>32</time>
    </ksState>
    <ksState>
      <x>-496.45247725167616</x>
      <y>111.62748686721704</y>
      <steeringAngle>0.0</steeringAngle>
      <velocity>0.0</velocity>
      <orientation>-3.3398274</orientation>
      <time>33</time>
    </ksState>
  </ksTrajectory>
</CommonRoadSolution>
