<?xml version="1.0" ?>
<CommonRoadSolution benchmark_id="KS2:SM1:DEU_BadWaldsee-4_5_T-1:2020a" computation_time="0.27271845199999234" date="2023-11-26T00:13:30">
  <ksTrajectory planningProblem="1">
    <ksState>
      <x>394.15228</x>
      <y>-679.64922</y>
      <steeringAngle>0.0</steeringAngle>
      <velocity>4.0</velocity>
      <orientation>-0.943644</orientation>
      <time>0</time>
    </ksState>
    <ksState>
      <x>394.36354289404073</x>
      <y>-679.9407126909232</y>
      <steeringAngle>0.0</steeringAngle>
      <velocity>3.2</velocity>
      <orientation>-0.943644</orientation>
      <time>1</time>
    </ksState>
    <ksState>
      <x>394.52785847810077</x>
      <y>-680.1674292280404</y>
      <steeringAngle>0.0</steeringAngle>
      <velocity>2.4000000000000004</velocity>
      <orientation>-0.943644</orientation>
      <time>2</time>
    </ksState>
    <ksState>
      <x>394.64522675224</x>
      <y>-680.3293696114343</y>
      <steeringAngle>0.0</steeringAngle>
      <velocity>1.6</velocity>
      <orientation>-0.943644</orientation>
      <time>3</time>
    </ksState>
    <ksState>
      <x>394.7156477164822</x>
      <y>-680.4265338411377</y>
      <steeringAngle>0.0</steeringAngle>
      <velocity>0.7999999999999998</velocity>
      <orientation>-0.943644</orientation>
      <time>4</time>
    </ksState>
    <ksState>
      <x>394.7391213708584</x>
      <y>-680.4589219171934</y>
      <steeringAngle>0.0</steeringAngle>
      <velocity>-3.3306690738754696e-16</velocity>
      <orientation>-0.943644</orientation>
      <time>5</time>
    </ksState>
    <ksState>
      <x>394.7391213708584</x>
      <y>-680.4589219171934</y>
      <steeringAngle>0.0</steeringAngle>
      <velocity>0.0</velocity>
      <orientation>-0.943644</orientation>
      <time>6</time>
    </ksState>
    <ksState>
      <x>394.7391213708584</x>
      <y>-680.4589219171934</y>
      <steeringAngle>0.0</steeringAngle>
      <velocity>0.0</velocity>
      <orientation>-0.943644</orientation>
      <time>7</time>
    </ksState>
    <ksState>
      <x>394.7391213708584</x>
      <y>-680.4589219171934</y>
      <steeringAngle>0.0</steeringAngle>
      <velocity>0.0</velocity>
      <orientation>-0.943644</orientation>
      <time>8</time>
    </ksState>
    <ksState>
      <x>394.7391213708584</x>
      <y>-680.4589219171934</y>
      <steeringAngle>0.0</steeringAngle>
      <velocity>0.0</velocity>
      <orientation>-0.943644</orientation>
      <time>9</time>
    </ksState>
    <ksState>
      <x>394.7391213708584</x>
      <y>-680.4589219171934</y>
      <steeringAngle>0.0</steeringAngle>
      <velocity>0.0</velocity>
      <orientation>-0.943644</orientation>
      <time>10</time>
    </ksState>
    <ksState>
      <x>394.7625950262454</x>
      <y>-680.4913099946436</y>
      <steeringAngle>0.0</steeringAngle>
      <velocity>0.8</velocity>
      <orientation>-0.943644</orientation>
      <time>11</time>
    </ksState>
    <ksState>
      <x>394.83301599171085</x>
      <y>-680.5884742260348</y>
      <steeringAngle>0.0</steeringAngle>
      <velocity>1.6</velocity>
      <orientation>-0.943644</orientation>
      <time>12</time>
    </ksState>
    <ksState>
      <x>394.950384267152</x>
      <y>-680.750414611225</y>
      <steeringAngle>0.0</steeringAngle>
      <velocity>2.4000000000000004</velocity>
      <orientation>-0.943644</orientation>
      <time>13</time>
    </ksState>
    <ksState>
      <x>395.1146998525378</x>
      <y>-680.9771311501715</y>
      <steeringAngle>0.0</steeringAngle>
      <velocity>3.2000000000000006</velocity>
      <orientation>-0.943644</orientation>
      <time>14</time>
    </ksState>
    <ksState>
      <x>395.3259627478555</x>
      <y>-681.2686238428566</y>
      <steeringAngle>0.0</steeringAngle>
      <velocity>4.000000000000001</velocity>
      <orientation>-0.943644</orientation>
      <time>15</time>
    </ksState>
    <ksState>
      <x>395.5372256418962</x>
      <y>-681.5601165337798</y>
      <steeringAngle>0.0</steeringAngle>
      <velocity>3.2</velocity>
      <orientation>-0.943644</orientation>
      <time>16</time>
    </ksState>
    <ksState>
      <x>395.70154122595625</x>
      <y>-681.786833070897</y>
      <steeringAngle>0.0</steeringAngle>
      <velocity>2.4000000000000004</velocity>
      <orientation>-0.943644</orientation>
      <time>17</time>
    </ksState>
    <ksState>
      <x>395.81890950009546</x>
      <y>-681.948773454291</y>
      <steeringAngle>0.0</steeringAngle>
      <velocity>1.6</velocity>
      <orientation>-0.943644</orientation>
      <time>18</time>
    </ksState>
    <ksState>
      <x>395.88933046433766</x>
      <y>-682.0459376839943</y>
      <steeringAngle>0.0</steeringAngle>
      <velocity>0.7999999999999998</velocity>
      <orientation>-0.943644</orientation>
      <time>19</time>
    </ksState>
    <ksState>
      <x>395.9128041187139</x>
      <y>-682.07832576005</y>
      <steeringAngle>0.0</steeringAngle>
      <velocity>-3.3306690738754696e-16</velocity>
      <orientation>-0.943644</orientation>
      <time>20</time>
    </ksState>
    <ksState>
      <x>395.93627777410086</x>
      <y>-682.1107138375003</y>
      <steeringAngle>0.0</steeringAngle>
      <velocity>0.8</velocity>
      <orientation>-0.943644</orientation>
      <time>21</time>
    </ksState>
    <ksState>
      <x>396.00669873956633</x>
      <y>-682.2078780688914</y>
      <steeringAngle>0.0</steeringAngle>
      <velocity>1.6</velocity>
      <orientation>-0.943644</orientation>
      <time>22</time>
    </ksState>
    <ksState>
      <x>396.1240670150075</x>
      <y>-682.3698184540816</y>
      <steeringAngle>0.0</steeringAngle>
      <velocity>2.4000000000000004</velocity>
      <orientation>-0.943644</orientation>
      <time>23</time>
    </ksState>
    <ksState>
      <x>396.2883826003933</x>
      <y>-682.5965349930282</y>
      <steeringAngle>0.0</steeringAngle>
      <velocity>3.2000000000000006</velocity>
      <orientation>-0.943644</orientation>
      <time>24</time>
    </ksState>
    <ksState>
      <x>396.499645495711</x>
      <y>-682.8880276857133</y>
      <steeringAngle>0.0</steeringAngle>
      <velocity>4.000000000000001</velocity>
      <orientation>-0.943644</orientation>
      <time>25</time>
    </ksState>
    <ksState>
      <x>396.7109083897517</x>
      <y>-683.1795203766364</y>
      <steeringAngle>0.0</steeringAngle>
      <velocity>3.2</velocity>
      <orientation>-0.943644</orientation>
      <time>26</time>
    </ksState>
    <ksState>
      <x>396.8752239738117</x>
      <y>-683.4062369137537</y>
      <steeringAngle>0.0</steeringAngle>
      <velocity>2.4000000000000004</velocity>
      <orientation>-0.943644</orientation>
      <time>27</time>
    </ksState>
    <ksState>
      <x>396.99259224795094</x>
      <y>-683.5681772971476</y>
      <steeringAngle>0.0</steeringAngle>
      <velocity>1.6</velocity>
      <orientation>-0.943644</orientation>
      <time>28</time>
    </ksState>
    <ksState>
      <x>397.06301321219314</x>
      <y>-683.665341526851</y>
      <steeringAngle>0.0</steeringAngle>
      <velocity>0.7999999999999998</velocity>
      <orientation>-0.943644</orientation>
      <time>29</time>
    </ksState>
    <ksState>
      <x>397.0864868665694</x>
      <y>-683.6977296029066</y>
      <steeringAngle>0.0</steeringAngle>
      <velocity>-3.3306690738754696e-16</velocity>
      <orientation>-0.943644</orientation>
      <time>30</time>
    </ksState>
    <ksState>
      <x>397.0864868665694</x>
      <y>-683.6977296029066</y>
      <steeringAngle>0.0</steeringAngle>
      <velocity>0.0</velocity>
      <orientation>-0.943644</orientation>
      <time>31</time>
    </ksState>
    <ksState>
      <x>397.0864868665694</x>
      <y>-683.6977296029066</y>
      <steeringAngle>0.0</steeringAngle>
      <velocity>0.0</velocity>
      <orientation>-0.943644</orientation>
      <time>32</time>
    </ksState>
    <ksState>
      <x>397.0864868665694</x>
      <y>-683.6977296029066</y>
      <steeringAngle>0.0</steeringAngle>
      <velocity>0.0</velocity>
      <orientation>-0.943644</orientation>
      <time>33</time>
    </ksState>
  </ksTrajectory>
</CommonRoadSolution>
