<?xml version="1.0" ?>
<CommonRoadSolution benchmark_id="KS2:SM1:DEU_Flensburg-70_1_T-1:2020a" computation_time="0.4868638840002859" date="2023-11-26T00:13:30">
  <ksTrajectory planningProblem="123">
    <ksState>
      <x>103.01587999999998</x>
      <y>144.59565</y>
      <steeringAngle>0.0</steeringAngle>
      <velocity>16.0</velocity>
      <orientation>-2.7272489</orientation>
      <time>0</time>
    </ksState>
    <ksState>
      <x>101.55127085541056</x>
      <y>143.95150711710443</y>
      <steeringAngle>0.0</steeringAngle>
      <velocity>16.0</velocity>
      <orientation>-2.7272489</orientation>
      <time>1</time>
    </ksState>
    <ksState>
      <x>100.08666171082112</x>
      <y>143.30736423420888</y>
      <steeringAngle>0.0</steeringAngle>
      <velocity>16.0</velocity>
      <orientation>-2.7272489</orientation>
      <time>2</time>
    </ksState>
    <ksState>
      <x>98.6220525662317</x>
      <y>142.6632213513133</y>
      <steeringAngle>0.0</steeringAngle>
      <velocity>16.0</velocity>
      <orientation>-2.7272489</orientation>
      <time>3</time>
    </ksState>
    <ksState>
      <x>97.15744342164226</x>
      <y>142.01907846841772</y>
      <steeringAngle>0.0</steeringAngle>
      <velocity>16.0</velocity>
      <orientation>-2.7272489</orientation>
      <time>4</time>
    </ksState>
    <ksState>
      <x>95.69283427705284</x>
      <y>141.37493558552217</y>
      <steeringAngle>0.0</steeringAngle>
      <velocity>16.0</velocity>
      <orientation>-2.7272489</orientation>
      <time>5</time>
    </ksState>
    <ksState>
      <x>94.2282251324634</x>
      <y>140.7307927026266</y>
      <steeringAngle>0.0</steeringAngle>
      <velocity>16.0</velocity>
      <orientation>-2.7272489</orientation>
      <time>6</time>
    </ksState>
    <ksState>
      <x>92.76361598787398</x>
      <y>140.08664981973104</y>
      <steeringAngle>0.0</steeringAngle>
      <velocity>16.0</velocity>
      <orientation>-2.7272489</orientation>
      <time>7</time>
    </ksState>
    <ksState>
      <x>91.29900684328453</x>
      <y>139.44250693683546</y>
      <steeringAngle>0.0</steeringAngle>
      <velocity>16.0</velocity>
      <orientation>-2.7272489</orientation>
      <time>8</time>
    </ksState>
    <ksState>
      <x>89.83439769869511</x>
      <y>138.79836405393988</y>
      <steeringAngle>0.0</steeringAngle>
      <velocity>16.0</velocity>
      <orientation>-2.7272489</orientation>
      <time>9</time>
    </ksState>
    <ksState>
      <x>88.36978855410567</x>
      <y>138.15422117104433</y>
      <steeringAngle>0.0</steeringAngle>
      <velocity>16.0</velocity>
      <orientation>-2.7272489</orientation>
      <time>10</time>
    </ksState>
    <ksState>
      <x>86.90517940951625</x>
      <y>137.51007828814875</y>
      <steeringAngle>0.0</steeringAngle>
      <velocity>16.0</velocity>
      <orientation>-2.7272489</orientation>
      <time>11</time>
    </ksState>
    <ksState>
      <x>85.4405702649268</x>
      <y>136.8659354052532</y>
      <steeringAngle>0.0</steeringAngle>
      <velocity>16.0</velocity>
      <orientation>-2.7272489</orientation>
      <time>12</time>
    </ksState>
    <ksState>
      <x>83.97596112033739</x>
      <y>136.22179252235762</y>
      <steeringAngle>0.0</steeringAngle>
      <velocity>16.0</velocity>
      <orientation>-2.7272489</orientation>
      <time>13</time>
    </ksState>
    <ksState>
      <x>82.51135197574794</x>
      <y>135.57764963946204</y>
      <steeringAngle>0.0</steeringAngle>
      <velocity>16.0</velocity>
      <orientation>-2.7272489</orientation>
      <time>14</time>
    </ksState>
    <ksState>
      <x>81.04674283115853</x>
      <y>134.9335067565665</y>
      <steeringAngle>0.0</steeringAngle>
      <velocity>16.0</velocity>
      <orientation>-2.7272489</orientation>
      <time>15</time>
    </ksState>
    <ksState>
      <x>79.58213368656908</x>
      <y>134.2893638736709</y>
      <steeringAngle>0.0</steeringAngle>
      <velocity>16.0</velocity>
      <orientation>-2.7272489</orientation>
      <time>16</time>
    </ksState>
    <ksState>
      <x>78.11752454197966</x>
      <y>133.64522099077536</y>
      <steeringAngle>0.0</steeringAngle>
      <velocity>16.0</velocity>
      <orientation>-2.7272489</orientation>
      <time>17</time>
    </ksState>
    <ksState>
      <x>76.65291539739022</x>
      <y>133.00107810787978</y>
      <steeringAngle>0.0</steeringAngle>
      <velocity>16.0</velocity>
      <orientation>-2.7272489</orientation>
      <time>18</time>
    </ksState>
    <ksState>
      <x>75.1883062528008</x>
      <y>132.3569352249842</y>
      <steeringAngle>0.0</steeringAngle>
      <velocity>16.0</velocity>
      <orientation>-2.7272489</orientation>
      <time>19</time>
    </ksState>
    <ksState>
      <x>73.72369710821135</x>
      <y>131.71279234208865</y>
      <steeringAngle>0.0</steeringAngle>
      <velocity>16.0</velocity>
      <orientation>-2.7272489</orientation>
      <time>20</time>
    </ksState>
    <ksState>
      <x>72.25908796362194</x>
      <y>131.06864945919307</y>
      <steeringAngle>0.0</steeringAngle>
      <velocity>16.0</velocity>
      <orientation>-2.7272489</orientation>
      <time>21</time>
    </ksState>
    <ksState>
      <x>70.79447881903249</x>
      <y>130.42450657629752</y>
      <steeringAngle>0.0</steeringAngle>
      <velocity>16.0</velocity>
      <orientation>-2.7272489</orientation>
      <time>22</time>
    </ksState>
    <ksState>
      <x>69.32986967444307</x>
      <y>129.78036369340194</y>
      <steeringAngle>0.0</steeringAngle>
      <velocity>16.0</velocity>
      <orientation>-2.7272489</orientation>
      <time>23</time>
    </ksState>
    <ksState>
      <x>67.86526052985363</x>
      <y>129.13622081050636</y>
      <steeringAngle>0.0</steeringAngle>
      <velocity>16.0</velocity>
      <orientation>-2.7272489</orientation>
      <time>24</time>
    </ksState>
    <ksState>
      <x>66.40065138526421</x>
      <y>128.4920779276108</y>
      <steeringAngle>0.0</steeringAngle>
      <velocity>16.0</velocity>
      <orientation>-2.7272489</orientation>
      <time>25</time>
    </ksState>
    <ksState>
      <x>64.97265746959604</x>
      <y>127.86403861692246</y>
      <steeringAngle>0.0</steeringAngle>
      <velocity>15.2</velocity>
      <orientation>-2.7272489</orientation>
      <time>26</time>
    </ksState>
    <ksState>
      <x>63.617894011657604</x>
      <y>127.26820645059888</y>
      <steeringAngle>0.0</steeringAngle>
      <velocity>14.400000000000002</velocity>
      <orientation>-2.7272489</orientation>
      <time>27</time>
    </ksState>
    <ksState>
      <x>62.336361011110064</x>
      <y>126.70458142849108</y>
      <steeringAngle>0.0</steeringAngle>
      <velocity>13.600000000000001</velocity>
      <orientation>-2.7272489</orientation>
      <time>28</time>
    </ksState>
    <ksState>
      <x>61.12805846785081</x>
      <y>126.17316355055394</y>
      <steeringAngle>0.0</steeringAngle>
      <velocity>12.800000000000004</velocity>
      <orientation>-2.7272489</orientation>
      <time>29</time>
    </ksState>
    <ksState>
      <x>59.99298638184746</x>
      <y>125.67395281677318</y>
      <steeringAngle>0.0</steeringAngle>
      <velocity>12.000000000000002</velocity>
      <orientation>-2.7272489</orientation>
      <time>30</time>
    </ksState>
    <ksState>
      <x>58.89452952340539</x>
      <y>125.1908456546015</y>
      <steeringAngle>0.0</steeringAngle>
      <velocity>12.0</velocity>
      <orientation>-2.7272489</orientation>
      <time>31</time>
    </ksState>
    <ksState>
      <x>57.79607266496331</x>
      <y>124.70773849242983</y>
      <steeringAngle>0.0</steeringAngle>
      <velocity>12.0</velocity>
      <orientation>-2.7272489</orientation>
      <time>32</time>
    </ksState>
    <ksState>
      <x>56.69761580652124</x>
      <y>124.22463133025815</y>
      <steeringAngle>0.0</steeringAngle>
      <velocity>12.0</velocity>
      <orientation>-2.7272489</orientation>
      <time>33</time>
    </ksState>
    <ksState>
      <x>55.599158948079165</x>
      <y>123.74152416808647</y>
      <steeringAngle>0.0</steeringAngle>
      <velocity>12.0</velocity>
      <orientation>-2.7272489</orientation>
      <time>34</time>
    </ksState>
    <ksState>
      <x>54.500702089637095</x>
      <y>123.2584170059148</y>
      <steeringAngle>0.0</steeringAngle>
      <velocity>12.0</velocity>
      <orientation>-2.7272489</orientation>
      <time>35</time>
    </ksState>
    <ksState>
      <x>53.438860460256976</x>
      <y>122.79141341601219</y>
      <steeringAngle>0.0</steeringAngle>
      <velocity>11.200000000000001</velocity>
      <orientation>-2.7272489</orientation>
      <time>36</time>
    </ksState>
    <ksState>
      <x>52.45024928851911</x>
      <y>122.35661697043592</y>
      <steeringAngle>0.0</steeringAngle>
      <velocity>10.4</velocity>
      <orientation>-2.7272489</orientation>
      <time>37</time>
    </ksState>
    <ksState>
      <x>51.53486857414001</x>
      <y>121.95402766906129</y>
      <steeringAngle>0.0</steeringAngle>
      <velocity>9.599999999999998</velocity>
      <orientation>-2.7272489</orientation>
      <time>38</time>
    </ksState>
    <ksState>
      <x>50.692718317039095</x>
      <y>121.58364551185285</y>
      <steeringAngle>0.0</steeringAngle>
      <velocity>8.799999999999999</velocity>
      <orientation>-2.7272489</orientation>
      <time>39</time>
    </ksState>
    <ksState>
      <x>49.92379851719003</x>
      <y>121.24547049879904</y>
      <steeringAngle>0.0</steeringAngle>
      <velocity>7.999999999999997</velocity>
      <orientation>-2.7272489</orientation>
      <time>40</time>
    </ksState>
    <ksState>
      <x>49.19149394489531</x>
      <y>120.92339905735125</y>
      <steeringAngle>0.0</steeringAngle>
      <velocity>8.0</velocity>
      <orientation>-2.7272489</orientation>
      <time>41</time>
    </ksState>
    <ksState>
      <x>48.4591893726006</x>
      <y>120.60132761590347</y>
      <steeringAngle>0.0</steeringAngle>
      <velocity>8.0</velocity>
      <orientation>-2.7272489</orientation>
      <time>42</time>
    </ksState>
    <ksState>
      <x>47.72688480030588</x>
      <y>120.27925617445568</y>
      <steeringAngle>0.0</steeringAngle>
      <velocity>8.0</velocity>
      <orientation>-2.7272489</orientation>
      <time>43</time>
    </ksState>
    <ksState>
      <x>46.994580228011166</x>
      <y>119.95718473300789</y>
      <steeringAngle>0.0</steeringAngle>
      <velocity>8.0</velocity>
      <orientation>-2.7272489</orientation>
      <time>44</time>
    </ksState>
    <ksState>
      <x>46.26227565571645</x>
      <y>119.63511329156012</y>
      <steeringAngle>0.0</steeringAngle>
      <velocity>8.0</velocity>
      <orientation>-2.7272489</orientation>
      <time>45</time>
    </ksState>
    <ksState>
      <x>45.529971083421735</x>
      <y>119.31304185011233</y>
      <steeringAngle>0.0</steeringAngle>
      <velocity>8.0</velocity>
      <orientation>-2.7272489</orientation>
      <time>46</time>
    </ksState>
    <ksState>
      <x>44.79766651112702</x>
      <y>118.99097040866455</y>
      <steeringAngle>0.0</steeringAngle>
      <velocity>8.0</velocity>
      <orientation>-2.7272489</orientation>
      <time>47</time>
    </ksState>
    <ksState>
      <x>44.065361938832304</x>
      <y>118.66889896721676</y>
      <steeringAngle>0.0</steeringAngle>
      <velocity>8.0</velocity>
      <orientation>-2.7272489</orientation>
      <time>48</time>
    </ksState>
    <ksState>
      <x>43.33305736653759</x>
      <y>118.34682752576897</y>
      <steeringAngle>0.0</steeringAngle>
      <velocity>8.0</velocity>
      <orientation>-2.7272489</orientation>
      <time>49</time>
    </ksState>
    <ksState>
      <x>42.60075279424287</x>
      <y>118.0247560843212</y>
      <steeringAngle>0.0</steeringAngle>
      <velocity>8.0</velocity>
      <orientation>-2.7272489</orientation>
      <time>50</time>
    </ksState>
    <ksState>
      <x>41.86844822194816</x>
      <y>117.70268464287341</y>
      <steeringAngle>0.0</steeringAngle>
      <velocity>8.0</velocity>
      <orientation>-2.7272489</orientation>
      <time>51</time>
    </ksState>
    <ksState>
      <x>41.13614364965344</x>
      <y>117.38061320142563</y>
      <steeringAngle>0.0</steeringAngle>
      <velocity>8.0</velocity>
      <orientation>-2.7272489</orientation>
      <time>52</time>
    </ksState>
    <ksState>
      <x>40.403839077358725</x>
      <y>117.05854175997784</y>
      <steeringAngle>0.0</steeringAngle>
      <velocity>8.0</velocity>
      <orientation>-2.7272489</orientation>
      <time>53</time>
    </ksState>
    <ksState>
      <x>39.67153450506401</x>
      <y>116.73647031853005</y>
      <steeringAngle>0.0</steeringAngle>
      <velocity>8.0</velocity>
      <orientation>-2.7272489</orientation>
      <time>54</time>
    </ksState>
    <ksState>
      <x>38.939229932769294</x>
      <y>116.41439887708228</y>
      <steeringAngle>0.0</steeringAngle>
      <velocity>8.0</velocity>
      <orientation>-2.7272489</orientation>
      <time>55</time>
    </ksState>
    <ksState>
      <x>38.20692536047458</x>
      <y>116.09232743563449</y>
      <steeringAngle>0.0</steeringAngle>
      <velocity>8.0</velocity>
      <orientation>-2.7272489</orientation>
      <time>56</time>
    </ksState>
    <ksState>
      <x>37.47462078817986</x>
      <y>115.77025599418671</y>
      <steeringAngle>0.0</steeringAngle>
      <velocity>8.0</velocity>
      <orientation>-2.7272489</orientation>
      <time>57</time>
    </ksState>
    <ksState>
      <x>36.74231621588515</x>
      <y>115.44818455273892</y>
      <steeringAngle>0.0</steeringAngle>
      <velocity>8.0</velocity>
      <orientation>-2.7272489</orientation>
      <time>58</time>
    </ksState>
    <ksState>
      <x>36.01001164359043</x>
      <y>115.12611311129113</y>
      <steeringAngle>0.0</steeringAngle>
      <velocity>8.0</velocity>
      <orientation>-2.7272489</orientation>
      <time>59</time>
    </ksState>
    <ksState>
      <x>35.277707071295715</x>
      <y>114.80404166984336</y>
      <steeringAngle>0.0</steeringAngle>
      <velocity>8.0</velocity>
      <orientation>-2.7272489</orientation>
      <time>60</time>
    </ksState>
    <ksState>
      <x>34.545402499001</x>
      <y>114.48197022839557</y>
      <steeringAngle>0.0</steeringAngle>
      <velocity>8.0</velocity>
      <orientation>-2.7272489</orientation>
      <time>61</time>
    </ksState>
    <ksState>
      <x>33.813097926706284</x>
      <y>114.15989878694779</y>
      <steeringAngle>0.0</steeringAngle>
      <velocity>8.0</velocity>
      <orientation>-2.7272489</orientation>
      <time>62</time>
    </ksState>
    <ksState>
      <x>33.08079335441157</x>
      <y>113.8378273455</y>
      <steeringAngle>0.0</steeringAngle>
      <velocity>8.0</velocity>
      <orientation>-2.7272489</orientation>
      <time>63</time>
    </ksState>
    <ksState>
      <x>32.34848878211685</x>
      <y>113.51575590405221</y>
      <steeringAngle>0.0</steeringAngle>
      <velocity>8.0</velocity>
      <orientation>-2.7272489</orientation>
      <time>64</time>
    </ksState>
    <ksState>
      <x>31.616184209822137</x>
      <y>113.19368446260444</y>
      <steeringAngle>0.0</steeringAngle>
      <velocity>8.0</velocity>
      <orientation>-2.7272489</orientation>
      <time>65</time>
    </ksState>
    <ksState>
      <x>30.88387963752742</x>
      <y>112.87161302115665</y>
      <steeringAngle>0.0</steeringAngle>
      <velocity>8.0</velocity>
      <orientation>-2.7272489</orientation>
      <time>66</time>
    </ksState>
    <ksState>
      <x>30.151575065232706</x>
      <y>112.54954157970887</y>
      <steeringAngle>0.0</steeringAngle>
      <velocity>8.0</velocity>
      <orientation>-2.7272489</orientation>
      <time>67</time>
    </ksState>
    <ksState>
      <x>29.41927049293799</x>
      <y>112.22747013826108</y>
      <steeringAngle>0.0</steeringAngle>
      <velocity>8.0</velocity>
      <orientation>-2.7272489</orientation>
      <time>68</time>
    </ksState>
    <ksState>
      <x>28.686965920643274</x>
      <y>111.9053986968133</y>
      <steeringAngle>0.0</steeringAngle>
      <velocity>8.0</velocity>
      <orientation>-2.7272489</orientation>
      <time>69</time>
    </ksState>
    <ksState>
      <x>27.95466134834856</x>
      <y>111.58332725536552</y>
      <steeringAngle>0.0</steeringAngle>
      <velocity>8.0</velocity>
      <orientation>-2.7272489</orientation>
      <time>70</time>
    </ksState>
    <ksState>
      <x>27.222356776053843</x>
      <y>111.26125581391773</y>
      <steeringAngle>0.0</steeringAngle>
      <velocity>8.0</velocity>
      <orientation>-2.7272489</orientation>
      <time>71</time>
    </ksState>
    <ksState>
      <x>26.490052203759127</x>
      <y>110.93918437246995</y>
      <steeringAngle>0.0</steeringAngle>
      <velocity>8.0</velocity>
      <orientation>-2.7272489</orientation>
      <time>72</time>
    </ksState>
    <ksState>
      <x>25.75774763146441</x>
      <y>110.61711293102216</y>
      <steeringAngle>0.0</steeringAngle>
      <velocity>8.0</velocity>
      <orientation>-2.7272489</orientation>
      <time>73</time>
    </ksState>
    <ksState>
      <x>25.025443059169696</x>
      <y>110.29504148957437</y>
      <steeringAngle>0.0</steeringAngle>
      <velocity>8.0</velocity>
      <orientation>-2.7272489</orientation>
      <time>74</time>
    </ksState>
    <ksState>
      <x>24.29313848687498</x>
      <y>109.9729700481266</y>
      <steeringAngle>0.0</steeringAngle>
      <velocity>8.0</velocity>
      <orientation>-2.7272489</orientation>
      <time>75</time>
    </ksState>
    <ksState>
      <x>23.560833914580265</x>
      <y>109.65089860667881</y>
      <steeringAngle>0.0</steeringAngle>
      <velocity>8.0</velocity>
      <orientation>-2.7272489</orientation>
      <time>76</time>
    </ksState>
    <ksState>
      <x>22.82852934228555</x>
      <y>109.32882716523103</y>
      <steeringAngle>0.0</steeringAngle>
      <velocity>8.0</velocity>
      <orientation>-2.7272489</orientation>
      <time>77</time>
    </ksState>
    <ksState>
      <x>22.096224769990833</x>
      <y>109.00675572378324</y>
      <steeringAngle>0.0</steeringAngle>
      <velocity>8.0</velocity>
      <orientation>-2.7272489</orientation>
      <time>78</time>
    </ksState>
    <ksState>
      <x>21.363920197696117</x>
      <y>108.68468428233545</y>
      <steeringAngle>0.0</steeringAngle>
      <velocity>8.0</velocity>
      <orientation>-2.7272489</orientation>
      <time>79</time>
    </ksState>
    <ksState>
      <x>20.631615625401402</x>
      <y>108.36261284088768</y>
      <steeringAngle>0.0</steeringAngle>
      <velocity>8.0</velocity>
      <orientation>-2.7272489</orientation>
      <time>80</time>
    </ksState>
    <ksState>
      <x>19.903082276875487</x>
      <y>108.03202649020663</y>
      <steeringAngle>0.03553333333333333</steeringAngle>
      <velocity>8.0</velocity>
      <orientation>-2.7217363649971613</orientation>
      <time>81</time>
    </ksState>
    <ksState>
      <x>19.184767117836607</x>
      <y>107.67914066400432</y>
      <steeringAngle>0.07106666666666667</steeringAngle>
      <velocity>8.0</velocity>
      <orientation>-2.705184844116892</orientation>
      <time>82</time>
    </ksState>
    <ksState>
      <x>18.48129564831666</x>
      <y>107.29629049201232</y>
      <steeringAngle>0.10659999999999997</steeringAngle>
      <velocity>8.0</velocity>
      <orientation>-2.6775523648261967</orientation>
      <time>83</time>
    </ksState>
    <ksState>
      <x>17.798316158188268</x>
      <y>106.87626595699369</y>
      <steeringAngle>0.1421333333333333</steeringAngle>
      <velocity>8.0</velocity>
      <orientation>-2.638768512553462</orientation>
      <time>84</time>
    </ksState>
    <ksState>
      <x>17.14274207656898</x>
      <y>106.41253329656921</y>
      <steeringAngle>0.17766666666666667</steeringAngle>
      <velocity>8.0</velocity>
      <orientation>-2.5887337003043074</orientation>
      <time>85</time>
    </ksState>
    <ksState>
      <x>16.51200522523372</x>
      <y>105.91533006455245</y>
      <steeringAngle>0.14213333333333336</steeringAngle>
      <velocity>8.0</velocity>
      <orientation>-2.538698888755559</orientation>
      <time>86</time>
    </ksState>
    <ksState>
      <x>15.89460389451883</x>
      <y>105.4036056207756</y>
      <steeringAngle>0.1066000000000001</steeringAngle>
      <velocity>8.0</velocity>
      <orientation>-2.4999150367485616</orientation>
      <time>87</time>
    </ksState>
    <ksState>
      <x>15.28484092489835</x>
      <y>104.88422911460074</y>
      <steeringAngle>0.07106666666666674</steeringAngle>
      <velocity>8.0</velocity>
      <orientation>-2.4722825577188745</orientation>
      <time>88</time>
    </ksState>
    <ksState>
      <x>14.676802097717957</x>
      <y>104.36378384988136</y>
      <steeringAngle>0.035533333333333354</steeringAngle>
      <velocity>8.0</velocity>
      <orientation>-2.4557310370898455</orientation>
      <time>89</time>
    </ksState>
    <ksState>
      <x>14.064554136699783</x>
      <y>103.84878507364571</y>
      <steeringAngle>2.0816681711721685e-17</steeringAngle>
      <velocity>8.0</velocity>
      <orientation>-2.4502185106314407</orientation>
      <time>90</time>
    </ksState>
    <ksState>
      <x>13.442338518564044</x>
      <y>103.34589751193937</y>
      <steeringAngle>-0.03553333333333333</steeringAngle>
      <velocity>8.0</velocity>
      <orientation>-2.4557310456342796</orientation>
      <time>91</time>
    </ksState>
    <ksState>
      <x>12.80477471810107</x>
      <y>102.86214398546258</y>
      <steeringAngle>-0.07106666666666667</steeringAngle>
      <velocity>8.0</velocity>
      <orientation>-2.472282566514549</orientation>
      <time>92</time>
    </ksState>
    <ksState>
      <x>12.147086482497006</x>
      <y>102.40509634312002</y>
      <steeringAngle>-0.10659999999999997</steeringAngle>
      <velocity>8.0</velocity>
      <orientation>-2.499915045805244</orientation>
      <time>93</time>
    </ksState>
    <ksState>
      <x>11.46536281437294</x>
      <y>101.98303659110248</y>
      <steeringAngle>-0.1421333333333333</steeringAngle>
      <velocity>8.0</velocity>
      <orientation>-2.5386988980779788</orientation>
      <time>94</time>
    </ksState>
    <ksState>
      <x>10.756864549712168</x>
      <y>101.6050742043389</y>
      <steeringAngle>-0.17766666666666667</steeringAngle>
      <velocity>8.0</velocity>
      <orientation>-2.5887337103271335</orientation>
      <time>95</time>
    </ksState>
    <ksState>
      <x>10.066287790887218</x>
      <y>101.28060982711224</y>
      <steeringAngle>-0.1421333333333334</steeringAngle>
      <velocity>7.2</velocity>
      <orientation>-2.6363610320727706</orientation>
      <time>96</time>
    </ksState>
    <ksState>
      <x>9.443580392250254</x>
      <y>101.00338069293981</y>
      <steeringAngle>-0.10660000000000011</steeringAngle>
      <velocity>6.4</velocity>
      <orientation>-2.6694206025207383</orientation>
      <time>97</time>
    </ksState>
    <ksState>
      <x>8.893049105048108</x>
      <y>100.76295605099031</y>
      <steeringAngle>-0.07106666666666674</steeringAngle>
      <velocity>5.600000000000001</velocity>
      <orientation>-2.690237550814627</orientation>
      <time>98</time>
    </ksState>
    <ksState>
      <x>8.417110107439354</x>
      <y>100.55289106342775</y>
      <steeringAngle>-0.03553333333333339</steeringAngle>
      <velocity>4.800000000000001</velocity>
      <orientation>-2.7010881604722896</orientation>
      <time>99</time>
    </ksState>
  </ksTrajectory>
</CommonRoadSolution>
