<?xml version="1.0" ?>
<CommonRoadSolution benchmark_id="KS2:SM1:DEU_Lohmar-14_1_T-1:2020a" computation_time="0.7281610589998309" date="2023-11-26T00:13:30">
  <ksTrajectory planningProblem="123">
    <ksState>
      <x>-309.82962</x>
      <y>18.248694</y>
      <steeringAngle>0.0</steeringAngle>
      <velocity>8.0</velocity>
      <orientation>-4.4815065</orientation>
      <time>0</time>
    </ksState>
    <ksState>
      <x>-310.00361830167554</x>
      <y>19.02957348249714</y>
      <steeringAngle>-0.03553333333333333</steeringAngle>
      <velocity>8.0</velocity>
      <orientation>-4.487019035002839</orientation>
      <time>1</time>
    </ksState>
    <ksState>
      <x>-310.15365512441355</x>
      <y>19.815699443054495</y>
      <steeringAngle>-0.07106666666666667</steeringAngle>
      <velocity>8.0</velocity>
      <orientation>-4.503570555883108</orientation>
      <time>2</time>
    </ksState>
    <ksState>
      <x>-310.2708248352965</x>
      <y>20.607985768491496</y>
      <steeringAngle>-0.10659999999999997</steeringAngle>
      <velocity>8.0</velocity>
      <orientation>-4.531203035173803</orientation>
      <time>3</time>
    </ksState>
    <ksState>
      <x>-310.3459701279411</x>
      <y>21.406255634481067</y>
      <steeringAngle>-0.1421333333333333</steeringAngle>
      <velocity>8.0</velocity>
      <orientation>-4.569986887446539</orientation>
      <time>4</time>
    </ksState>
    <ksState>
      <x>-310.36971317063546</x>
      <y>22.208914730709942</y>
      <steeringAngle>-0.17766666666666667</steeringAngle>
      <velocity>8.0</velocity>
      <orientation>-4.620021699695693</orientation>
      <time>5</time>
    </ksState>
    <ksState>
      <x>-310.34221250036484</x>
      <y>23.01225566448758</y>
      <steeringAngle>-0.17766666666666667</steeringAngle>
      <velocity>8.0</velocity>
      <orientation>-4.675722676006204</orientation>
      <time>6</time>
    </ksState>
    <ksState>
      <x>-310.27003074438954</x>
      <y>23.812819713183252</y>
      <steeringAngle>-0.17766666666666667</steeringAngle>
      <velocity>8.0</velocity>
      <orientation>-4.731423652316717</orientation>
      <time>7</time>
    </ksState>
    <ksState>
      <x>-310.1533917930863</x>
      <y>24.608123655229925</y>
      <steeringAngle>-0.17766666666666667</steeringAngle>
      <velocity>8.0</velocity>
      <orientation>-4.787124628627228</orientation>
      <time>8</time>
    </ksState>
    <ksState>
      <x>-309.9926574367594</x>
      <y>25.395700619628997</y>
      <steeringAngle>-0.17766666666666667</steeringAngle>
      <velocity>8.0</velocity>
      <orientation>-4.84282560493774</orientation>
      <time>9</time>
    </ksState>
    <ksState>
      <x>-309.7883262400886</x>
      <y>26.173107703414843</y>
      <steeringAngle>-0.17766666666666667</steeringAngle>
      <velocity>8.0</velocity>
      <orientation>-4.898526581248252</orientation>
      <time>10</time>
    </ksState>
    <ksState>
      <x>-309.54103199492897</x>
      <y>26.937933499958714</y>
      <steeringAngle>-0.17766666666666667</steeringAngle>
      <velocity>8.0</velocity>
      <orientation>-4.954227557558763</orientation>
      <time>11</time>
    </ksState>
    <ksState>
      <x>-309.2515417527744</x>
      <y>27.68780575685114</y>
      <steeringAngle>-0.17766666666666667</steeringAngle>
      <velocity>8.0</velocity>
      <orientation>-5.009928533869275</orientation>
      <time>12</time>
    </ksState>
    <ksState>
      <x>-308.92075346037683</x>
      <y>28.420398488734854</y>
      <steeringAngle>-0.17766666666666667</steeringAngle>
      <velocity>8.0</velocity>
      <orientation>-5.065629510179787</orientation>
      <time>13</time>
    </ksState>
    <ksState>
      <x>-308.549693155721</x>
      <y>29.133439342027714</y>
      <steeringAngle>-0.17766666666666667</steeringAngle>
      <velocity>8.0</velocity>
      <orientation>-5.121330486490299</orientation>
      <time>14</time>
    </ksState>
    <ksState>
      <x>-308.1395117916605</x>
      <y>29.824716609432567</y>
      <steeringAngle>-0.17766666666666667</steeringAngle>
      <velocity>8.0</velocity>
      <orientation>-5.1770314628008105</orientation>
      <time>15</time>
    </ksState>
    <ksState>
      <x>-307.69981119825553</x>
      <y>30.49680545602921</y>
      <steeringAngle>-0.14213333333333336</steeringAngle>
      <velocity>8.0</velocity>
      <orientation>-5.227066274349559</orientation>
      <time>16</time>
    </ksState>
    <ksState>
      <x>-307.24447097222594</x>
      <y>31.15688998704515</y>
      <steeringAngle>-0.1066000000000001</steeringAngle>
      <velocity>8.0</velocity>
      <orientation>-5.265850126356557</orientation>
      <time>17</time>
    </ksState>
    <ksState>
      <x>-306.7808354836003</x>
      <y>31.810040021856214</y>
      <steeringAngle>-0.07106666666666674</steeringAngle>
      <velocity>8.0</velocity>
      <orientation>-5.293482605386243</orientation>
      <time>18</time>
    </ksState>
    <ksState>
      <x>-306.3159834917878</x>
      <y>32.46156677850986</y>
      <steeringAngle>-0.035533333333333354</steeringAngle>
      <velocity>8.0</velocity>
      <orientation>-5.310034126015273</orientation>
      <time>19</time>
    </ksState>
    <ksState>
      <x>-305.856927643031</x>
      <y>33.11680645451958</y>
      <steeringAngle>-2.0816681711721685e-17</steeringAngle>
      <velocity>8.0</velocity>
      <orientation>-5.315546652473677</orientation>
      <time>20</time>
    </ksState>
    <ksState>
      <x>-305.4031310083855</x>
      <y>33.77564529246437</y>
      <steeringAngle>0.0</steeringAngle>
      <velocity>8.0</velocity>
      <orientation>-5.315546652473677</orientation>
      <time>21</time>
    </ksState>
    <ksState>
      <x>-304.94933437374004</x>
      <y>34.43448413040915</y>
      <steeringAngle>0.0</steeringAngle>
      <velocity>8.0</velocity>
      <orientation>-5.315546652473677</orientation>
      <time>22</time>
    </ksState>
    <ksState>
      <x>-304.4955377390945</x>
      <y>35.09332296835394</y>
      <steeringAngle>0.0</steeringAngle>
      <velocity>8.0</velocity>
      <orientation>-5.315546652473677</orientation>
      <time>23</time>
    </ksState>
    <ksState>
      <x>-304.04174110444904</x>
      <y>35.75216180629872</y>
      <steeringAngle>0.0</steeringAngle>
      <velocity>8.0</velocity>
      <orientation>-5.315546652473677</orientation>
      <time>24</time>
    </ksState>
    <ksState>
      <x>-303.5879444698036</x>
      <y>36.41100064424351</y>
      <steeringAngle>0.0</steeringAngle>
      <velocity>8.0</velocity>
      <orientation>-5.315546652473677</orientation>
      <time>25</time>
    </ksState>
    <ksState>
      <x>-303.1341478351581</x>
      <y>37.06983948218829</y>
      <steeringAngle>0.0</steeringAngle>
      <velocity>8.0</velocity>
      <orientation>-5.315546652473677</orientation>
      <time>26</time>
    </ksState>
    <ksState>
      <x>-302.68035120051263</x>
      <y>37.72867832013308</y>
      <steeringAngle>0.0</steeringAngle>
      <velocity>8.0</velocity>
      <orientation>-5.315546652473677</orientation>
      <time>27</time>
    </ksState>
    <ksState>
      <x>-302.2265545658671</x>
      <y>38.38751715807786</y>
      <steeringAngle>0.0</steeringAngle>
      <velocity>8.0</velocity>
      <orientation>-5.315546652473677</orientation>
      <time>28</time>
    </ksState>
    <ksState>
      <x>-301.77275793122163</x>
      <y>39.04635599602265</y>
      <steeringAngle>0.0</steeringAngle>
      <velocity>8.0</velocity>
      <orientation>-5.315546652473677</orientation>
      <time>29</time>
    </ksState>
    <ksState>
      <x>-301.31896129657616</x>
      <y>39.70519483396743</y>
      <steeringAngle>0.0</steeringAngle>
      <velocity>8.0</velocity>
      <orientation>-5.315546652473677</orientation>
      <time>30</time>
    </ksState>
    <ksState>
      <x>-300.8651646619307</x>
      <y>40.36403367191222</y>
      <steeringAngle>0.0</steeringAngle>
      <velocity>8.0</velocity>
      <orientation>-5.315546652473677</orientation>
      <time>31</time>
    </ksState>
    <ksState>
      <x>-300.4113680272852</x>
      <y>41.022872509857</y>
      <steeringAngle>0.0</steeringAngle>
      <velocity>8.0</velocity>
      <orientation>-5.315546652473677</orientation>
      <time>32</time>
    </ksState>
    <ksState>
      <x>-299.9575713926397</x>
      <y>41.68171134780179</y>
      <steeringAngle>0.0</steeringAngle>
      <velocity>8.0</velocity>
      <orientation>-5.315546652473677</orientation>
      <time>33</time>
    </ksState>
    <ksState>
      <x>-299.5037747579942</x>
      <y>42.34055018574657</y>
      <steeringAngle>0.0</steeringAngle>
      <velocity>8.0</velocity>
      <orientation>-5.315546652473677</orientation>
      <time>34</time>
    </ksState>
    <ksState>
      <x>-299.04997812334875</x>
      <y>42.99938902369136</y>
      <steeringAngle>0.0</steeringAngle>
      <velocity>8.0</velocity>
      <orientation>-5.315546652473677</orientation>
      <time>35</time>
    </ksState>
    <ksState>
      <x>-298.5961814887033</x>
      <y>43.65822786163614</y>
      <steeringAngle>0.0</steeringAngle>
      <velocity>8.0</velocity>
      <orientation>-5.315546652473677</orientation>
      <time>36</time>
    </ksState>
    <ksState>
      <x>-298.1423848540578</x>
      <y>44.31706669958093</y>
      <steeringAngle>0.0</steeringAngle>
      <velocity>8.0</velocity>
      <orientation>-5.315546652473677</orientation>
      <time>37</time>
    </ksState>
    <ksState>
      <x>-297.6885882194123</x>
      <y>44.97590553752571</y>
      <steeringAngle>0.0</steeringAngle>
      <velocity>8.0</velocity>
      <orientation>-5.315546652473677</orientation>
      <time>38</time>
    </ksState>
    <ksState>
      <x>-297.2347915847668</x>
      <y>45.6347443754705</y>
      <steeringAngle>0.0</steeringAngle>
      <velocity>8.0</velocity>
      <orientation>-5.315546652473677</orientation>
      <time>39</time>
    </ksState>
    <ksState>
      <x>-296.78099495012134</x>
      <y>46.29358321341528</y>
      <steeringAngle>0.0</steeringAngle>
      <velocity>8.0</velocity>
      <orientation>-5.315546652473677</orientation>
      <time>40</time>
    </ksState>
    <ksState>
      <x>-296.32719831547587</x>
      <y>46.95242205136007</y>
      <steeringAngle>0.0</steeringAngle>
      <velocity>8.0</velocity>
      <orientation>-5.315546652473677</orientation>
      <time>41</time>
    </ksState>
    <ksState>
      <x>-295.8734016808304</x>
      <y>47.61126088930485</y>
      <steeringAngle>0.0</steeringAngle>
      <velocity>8.0</velocity>
      <orientation>-5.315546652473677</orientation>
      <time>42</time>
    </ksState>
    <ksState>
      <x>-295.41960504618487</x>
      <y>48.27009972724964</y>
      <steeringAngle>0.0</steeringAngle>
      <velocity>8.0</velocity>
      <orientation>-5.315546652473677</orientation>
      <time>43</time>
    </ksState>
    <ksState>
      <x>-294.9658084115394</x>
      <y>48.92893856519442</y>
      <steeringAngle>0.0</steeringAngle>
      <velocity>8.0</velocity>
      <orientation>-5.315546652473677</orientation>
      <time>44</time>
    </ksState>
    <ksState>
      <x>-294.5120117768939</x>
      <y>49.58777740313921</y>
      <steeringAngle>0.0</steeringAngle>
      <velocity>8.0</velocity>
      <orientation>-5.315546652473677</orientation>
      <time>45</time>
    </ksState>
    <ksState>
      <x>-294.05821514224846</x>
      <y>50.24661624108399</y>
      <steeringAngle>0.0</steeringAngle>
      <velocity>8.0</velocity>
      <orientation>-5.315546652473677</orientation>
      <time>46</time>
    </ksState>
    <ksState>
      <x>-293.604418507603</x>
      <y>50.905455079028776</y>
      <steeringAngle>0.0</steeringAngle>
      <velocity>8.0</velocity>
      <orientation>-5.315546652473677</orientation>
      <time>47</time>
    </ksState>
    <ksState>
      <x>-293.15062187295746</x>
      <y>51.56429391697356</y>
      <steeringAngle>0.0</steeringAngle>
      <velocity>8.0</velocity>
      <orientation>-5.315546652473677</orientation>
      <time>48</time>
    </ksState>
    <ksState>
      <x>-292.696825238312</x>
      <y>52.223132754918346</y>
      <steeringAngle>0.0</steeringAngle>
      <velocity>8.0</velocity>
      <orientation>-5.315546652473677</orientation>
      <time>49</time>
    </ksState>
    <ksState>
      <x>-292.2430286036665</x>
      <y>52.88197159286313</y>
      <steeringAngle>0.0</steeringAngle>
      <velocity>8.0</velocity>
      <orientation>-5.315546652473677</orientation>
      <time>50</time>
    </ksState>
    <ksState>
      <x>-291.78923196902105</x>
      <y>53.540810430807916</y>
      <steeringAngle>0.0</steeringAngle>
      <velocity>8.0</velocity>
      <orientation>-5.315546652473677</orientation>
      <time>51</time>
    </ksState>
    <ksState>
      <x>-291.3354353343756</x>
      <y>54.1996492687527</y>
      <steeringAngle>0.0</steeringAngle>
      <velocity>8.0</velocity>
      <orientation>-5.315546652473677</orientation>
      <time>52</time>
    </ksState>
    <ksState>
      <x>-290.88163869973005</x>
      <y>54.858488106697486</y>
      <steeringAngle>0.0</steeringAngle>
      <velocity>8.0</velocity>
      <orientation>-5.315546652473677</orientation>
      <time>53</time>
    </ksState>
    <ksState>
      <x>-290.4278420650846</x>
      <y>55.51732694464227</y>
      <steeringAngle>0.0</steeringAngle>
      <velocity>8.0</velocity>
      <orientation>-5.315546652473677</orientation>
      <time>54</time>
    </ksState>
    <ksState>
      <x>-289.9740454304391</x>
      <y>56.176165782587056</y>
      <steeringAngle>0.0</steeringAngle>
      <velocity>8.0</velocity>
      <orientation>-5.315546652473677</orientation>
      <time>55</time>
    </ksState>
    <ksState>
      <x>-289.52024879579363</x>
      <y>56.83500462053184</y>
      <steeringAngle>0.0</steeringAngle>
      <velocity>8.0</velocity>
      <orientation>-5.315546652473677</orientation>
      <time>56</time>
    </ksState>
    <ksState>
      <x>-289.06645216114816</x>
      <y>57.493843458476626</y>
      <steeringAngle>0.0</steeringAngle>
      <velocity>8.0</velocity>
      <orientation>-5.315546652473677</orientation>
      <time>57</time>
    </ksState>
    <ksState>
      <x>-288.61265552650264</x>
      <y>58.15268229642141</y>
      <steeringAngle>0.0</steeringAngle>
      <velocity>8.0</velocity>
      <orientation>-5.315546652473677</orientation>
      <time>58</time>
    </ksState>
    <ksState>
      <x>-288.15885889185716</x>
      <y>58.811521134366195</y>
      <steeringAngle>0.0</steeringAngle>
      <velocity>8.0</velocity>
      <orientation>-5.315546652473677</orientation>
      <time>59</time>
    </ksState>
    <ksState>
      <x>-287.7050622572117</x>
      <y>59.47035997231098</y>
      <steeringAngle>0.0</steeringAngle>
      <velocity>8.0</velocity>
      <orientation>-5.315546652473677</orientation>
      <time>60</time>
    </ksState>
    <ksState>
      <x>-287.2512656225662</x>
      <y>60.129198810255765</y>
      <steeringAngle>0.0</steeringAngle>
      <velocity>8.0</velocity>
      <orientation>-5.315546652473677</orientation>
      <time>61</time>
    </ksState>
    <ksState>
      <x>-286.79746898792075</x>
      <y>60.78803764820055</y>
      <steeringAngle>0.0</steeringAngle>
      <velocity>8.0</velocity>
      <orientation>-5.315546652473677</orientation>
      <time>62</time>
    </ksState>
    <ksState>
      <x>-286.3436723532752</x>
      <y>61.446876486145335</y>
      <steeringAngle>0.0</steeringAngle>
      <velocity>8.0</velocity>
      <orientation>-5.315546652473677</orientation>
      <time>63</time>
    </ksState>
    <ksState>
      <x>-285.88987571862975</x>
      <y>62.10571532409012</y>
      <steeringAngle>0.0</steeringAngle>
      <velocity>8.0</velocity>
      <orientation>-5.315546652473677</orientation>
      <time>64</time>
    </ksState>
    <ksState>
      <x>-285.4360790839843</x>
      <y>62.764554162034905</y>
      <steeringAngle>0.0</steeringAngle>
      <velocity>8.0</velocity>
      <orientation>-5.315546652473677</orientation>
      <time>65</time>
    </ksState>
    <ksState>
      <x>-284.9822824493388</x>
      <y>63.42339299997969</y>
      <steeringAngle>0.0</steeringAngle>
      <velocity>8.0</velocity>
      <orientation>-5.315546652473677</orientation>
      <time>66</time>
    </ksState>
    <ksState>
      <x>-284.52848581469334</x>
      <y>64.08223183792448</y>
      <steeringAngle>0.0</steeringAngle>
      <velocity>8.0</velocity>
      <orientation>-5.315546652473677</orientation>
      <time>67</time>
    </ksState>
    <ksState>
      <x>-284.0746891800478</x>
      <y>64.74107067586927</y>
      <steeringAngle>0.0</steeringAngle>
      <velocity>8.0</velocity>
      <orientation>-5.315546652473677</orientation>
      <time>68</time>
    </ksState>
    <ksState>
      <x>-283.62089254540234</x>
      <y>65.39990951381405</y>
      <steeringAngle>0.0</steeringAngle>
      <velocity>8.0</velocity>
      <orientation>-5.315546652473677</orientation>
      <time>69</time>
    </ksState>
    <ksState>
      <x>-283.16709591075687</x>
      <y>66.05874835175884</y>
      <steeringAngle>0.0</steeringAngle>
      <velocity>8.0</velocity>
      <orientation>-5.315546652473677</orientation>
      <time>70</time>
    </ksState>
    <ksState>
      <x>-282.7056435338773</x>
      <y>66.7122847922449</y>
      <steeringAngle>-0.03553333333333333</steeringAngle>
      <velocity>8.0</velocity>
      <orientation>-5.321059187476516</orientation>
      <time>71</time>
    </ksState>
    <ksState>
      <x>-282.2242058909878</x>
      <y>67.35159916721898</y>
      <steeringAngle>-0.07106666666666667</steeringAngle>
      <velocity>8.0</velocity>
      <orientation>-5.337610708356785</orientation>
      <time>72</time>
    </ksState>
    <ksState>
      <x>-281.71612251409147</x>
      <y>67.97070953277954</y>
      <steeringAngle>-0.10659999999999997</steeringAngle>
      <velocity>8.0</velocity>
      <orientation>-5.36524318764748</orientation>
      <time>73</time>
    </ksState>
    <ksState>
      <x>-281.1753716759111</x>
      <y>68.56271470586577</y>
      <steeringAngle>-0.1421333333333333</steeringAngle>
      <velocity>8.0</velocity>
      <orientation>-5.404027039920216</orientation>
      <time>74</time>
    </ksState>
    <ksState>
      <x>-280.5968333443963</x>
      <y>69.11959777779693</y>
      <steeringAngle>-0.17766666666666667</steeringAngle>
      <velocity>8.0</velocity>
      <orientation>-5.45406185216937</orientation>
      <time>75</time>
    </ksState>
    <ksState>
      <x>-279.99008109520145</x>
      <y>69.64580281165462</y>
      <steeringAngle>-0.14213333333333336</steeringAngle>
      <velocity>8.0</velocity>
      <orientation>-5.504096663718118</orientation>
      <time>76</time>
    </ksState>
    <ksState>
      <x>-279.3715687093545</x>
      <y>70.1561837851256</y>
      <steeringAngle>-0.1066000000000001</steeringAngle>
      <velocity>8.0</velocity>
      <orientation>-5.542880515725116</orientation>
      <time>77</time>
    </ksState>
    <ksState>
      <x>-278.7469739317746</x>
      <y>70.6576259035268</y>
      <steeringAngle>-0.07106666666666674</steeringAngle>
      <velocity>8.0</velocity>
      <orientation>-5.570512994754803</orientation>
      <time>78</time>
    </ksState>
    <ksState>
      <x>-278.1216530013467</x>
      <y>71.15717392213617</y>
      <steeringAngle>-0.035533333333333354</steeringAngle>
      <velocity>8.0</velocity>
      <orientation>-5.587064515383832</orientation>
      <time>79</time>
    </ksState>
    <ksState>
      <x>-277.5008917326653</x>
      <y>71.66187854129487</y>
      <steeringAngle>-2.0816681711721685e-17</steeringAngle>
      <velocity>8.0</velocity>
      <orientation>-5.592577041842237</orientation>
      <time>80</time>
    </ksState>
    <ksState>
      <x>-276.89015556282686</x>
      <y>72.1786468704541</y>
      <steeringAngle>0.03553333333333333</steeringAngle>
      <velocity>8.0</velocity>
      <orientation>-5.587064506839398</orientation>
      <time>81</time>
    </ksState>
    <ksState>
      <x>-276.29533260734127</x>
      <y>72.71408195117529</y>
      <steeringAngle>0.07106666666666667</steeringAngle>
      <velocity>8.0</velocity>
      <orientation>-5.5705129859591285</orientation>
      <time>82</time>
    </ksState>
    <ksState>
      <x>-275.7229636706629</x>
      <y>73.27429634134089</y>
      <steeringAngle>0.10659999999999997</steeringAngle>
      <velocity>8.0</velocity>
      <orientation>-5.542880506668434</orientation>
      <time>83</time>
    </ksState>
    <ksState>
      <x>-275.1804494965705</x>
      <y>73.86468601339014</y>
      <steeringAngle>0.1421333333333333</steeringAngle>
      <velocity>8.0</velocity>
      <orientation>-5.504096654395698</orientation>
      <time>84</time>
    </ksState>
    <ksState>
      <x>-274.6762235375517</x>
      <y>74.48965124369256</y>
      <steeringAngle>0.17766666666666667</steeringAngle>
      <velocity>8.0</velocity>
      <orientation>-5.454061842146544</orientation>
      <time>85</time>
    </ksState>
    <ksState>
      <x>-274.2050225647568</x>
      <y>75.14004318152493</y>
      <steeringAngle>0.14213333333333336</steeringAngle>
      <velocity>8.0</velocity>
      <orientation>-5.4040270305977955</orientation>
      <time>86</time>
    </ksState>
    <ksState>
      <x>-273.7506123033978</x>
      <y>75.80076825589322</y>
      <steeringAngle>0.1066000000000001</steeringAngle>
      <velocity>8.0</velocity>
      <orientation>-5.365243178590798</orientation>
      <time>87</time>
    </ksState>
    <ksState>
      <x>-273.3056379695175</x>
      <y>76.4667717667507</y>
      <steeringAngle>0.07106666666666674</steeringAngle>
      <velocity>8.0</velocity>
      <orientation>-5.337610699561111</orientation>
      <time>88</time>
    </ksState>
    <ksState>
      <x>-272.86261391896676</x>
      <y>77.1333332264537</y>
      <steeringAngle>0.035533333333333354</steeringAngle>
      <velocity>8.0</velocity>
      <orientation>-5.321059178932082</orientation>
      <time>89</time>
    </ksState>
    <ksState>
      <x>-272.414054736051</x>
      <y>77.79580282176886</y>
      <steeringAngle>2.0816681711721685e-17</steeringAngle>
      <velocity>8.0</velocity>
      <orientation>-5.315546652473677</orientation>
      <time>90</time>
    </ksState>
    <ksState>
      <x>-271.95260235917146</x>
      <y>78.44933926225492</y>
      <steeringAngle>-0.03553333333333333</steeringAngle>
      <velocity>8.0</velocity>
      <orientation>-5.321059187476516</orientation>
      <time>91</time>
    </ksState>
    <ksState>
      <x>-271.4711647162819</x>
      <y>79.088653637229</y>
      <steeringAngle>-0.07106666666666667</steeringAngle>
      <velocity>8.0</velocity>
      <orientation>-5.337610708356785</orientation>
      <time>92</time>
    </ksState>
    <ksState>
      <x>-270.9630813393856</x>
      <y>79.70776400278956</y>
      <steeringAngle>-0.10659999999999997</steeringAngle>
      <velocity>8.0</velocity>
      <orientation>-5.36524318764748</orientation>
      <time>93</time>
    </ksState>
    <ksState>
      <x>-270.42233050120524</x>
      <y>80.2997691758758</y>
      <steeringAngle>-0.1421333333333333</steeringAngle>
      <velocity>8.0</velocity>
      <orientation>-5.404027039920216</orientation>
      <time>94</time>
    </ksState>
    <ksState>
      <x>-269.84379216969046</x>
      <y>80.85665224780695</y>
      <steeringAngle>-0.17766666666666667</steeringAngle>
      <velocity>8.0</velocity>
      <orientation>-5.45406185216937</orientation>
      <time>95</time>
    </ksState>
    <ksState>
      <x>-269.2679034634389</x>
      <y>81.35717756178234</y>
      <steeringAngle>-0.1421333333333334</steeringAngle>
      <velocity>7.2</velocity>
      <orientation>-5.501689173915007</orientation>
      <time>96</time>
    </ksState>
    <ksState>
      <x>-268.7444265222771</x>
      <y>81.79374644434616</y>
      <steeringAngle>-0.10660000000000011</steeringAngle>
      <velocity>6.4</velocity>
      <orientation>-5.534748744362975</orientation>
      <time>97</time>
    </ksState>
    <ksState>
      <x>-268.2803499203567</x>
      <y>82.17521939777154</y>
      <steeringAngle>-0.07106666666666674</steeringAngle>
      <velocity>5.600000000000001</velocity>
      <orientation>-5.555565692656863</orientation>
      <time>98</time>
    </ksState>
    <ksState>
      <x>-267.8797561348341</x>
      <y>82.5071378326997</y>
      <steeringAngle>-0.03553333333333339</steeringAngle>
      <velocity>4.800000000000001</velocity>
      <orientation>-5.5664163023145266</orientation>
      <time>99</time>
    </ksState>
  </ksTrajectory>
</CommonRoadSolution>
