<?xml version="1.0" ?>
<CommonRoadSolution benchmark_id="KS2:SM1:DEU_Lohmar-50_1_T-1:2020a" computation_time="0.49073139099982654" date="2023-11-26T00:13:30">
  <ksTrajectory planningProblem="123">
    <ksState>
      <x>-296.20141</x>
      <y>-197.89686</y>
      <steeringAngle>0.0</steeringAngle>
      <velocity>12.0</velocity>
      <orientation>-0.68071642</orientation>
      <time>0</time>
    </ksState>
    <ksState>
      <x>-295.26886355278765</x>
      <y>-198.6520799175019</y>
      <steeringAngle>0.0</steeringAngle>
      <velocity>12.0</velocity>
      <orientation>-0.68071642</orientation>
      <time>1</time>
    </ksState>
    <ksState>
      <x>-294.3363171055753</x>
      <y>-199.4072998350038</y>
      <steeringAngle>0.0</steeringAngle>
      <velocity>12.0</velocity>
      <orientation>-0.68071642</orientation>
      <time>2</time>
    </ksState>
    <ksState>
      <x>-293.4037706583629</x>
      <y>-200.16251975250572</y>
      <steeringAngle>0.0</steeringAngle>
      <velocity>12.0</velocity>
      <orientation>-0.68071642</orientation>
      <time>3</time>
    </ksState>
    <ksState>
      <x>-292.4712242111505</x>
      <y>-200.91773967000762</y>
      <steeringAngle>0.0</steeringAngle>
      <velocity>12.0</velocity>
      <orientation>-0.68071642</orientation>
      <time>4</time>
    </ksState>
    <ksState>
      <x>-291.53867776393815</x>
      <y>-201.67295958750952</y>
      <steeringAngle>0.0</steeringAngle>
      <velocity>12.0</velocity>
      <orientation>-0.68071642</orientation>
      <time>5</time>
    </ksState>
    <ksState>
      <x>-290.6061313167258</x>
      <y>-202.42817950501143</y>
      <steeringAngle>0.0</steeringAngle>
      <velocity>12.0</velocity>
      <orientation>-0.68071642</orientation>
      <time>6</time>
    </ksState>
    <ksState>
      <x>-289.67358486951343</x>
      <y>-203.18339942251333</y>
      <steeringAngle>0.0</steeringAngle>
      <velocity>12.0</velocity>
      <orientation>-0.68071642</orientation>
      <time>7</time>
    </ksState>
    <ksState>
      <x>-288.741038422301</x>
      <y>-203.93861934001524</y>
      <steeringAngle>0.0</steeringAngle>
      <velocity>12.0</velocity>
      <orientation>-0.68071642</orientation>
      <time>8</time>
    </ksState>
    <ksState>
      <x>-287.80849197508866</x>
      <y>-204.69383925751714</y>
      <steeringAngle>0.0</steeringAngle>
      <velocity>12.0</velocity>
      <orientation>-0.68071642</orientation>
      <time>9</time>
    </ksState>
    <ksState>
      <x>-286.8759455278763</x>
      <y>-205.44905917501904</y>
      <steeringAngle>0.0</steeringAngle>
      <velocity>12.0</velocity>
      <orientation>-0.68071642</orientation>
      <time>10</time>
    </ksState>
    <ksState>
      <x>-285.94339908066394</x>
      <y>-206.20427909252095</y>
      <steeringAngle>0.0</steeringAngle>
      <velocity>12.0</velocity>
      <orientation>-0.68071642</orientation>
      <time>11</time>
    </ksState>
    <ksState>
      <x>-285.0108526334516</x>
      <y>-206.95949901002285</y>
      <steeringAngle>0.0</steeringAngle>
      <velocity>12.0</velocity>
      <orientation>-0.68071642</orientation>
      <time>12</time>
    </ksState>
    <ksState>
      <x>-284.07830618623916</x>
      <y>-207.71471892752476</y>
      <steeringAngle>0.0</steeringAngle>
      <velocity>12.0</velocity>
      <orientation>-0.68071642</orientation>
      <time>13</time>
    </ksState>
    <ksState>
      <x>-283.1457597390268</x>
      <y>-208.46993884502666</y>
      <steeringAngle>0.0</steeringAngle>
      <velocity>12.0</velocity>
      <orientation>-0.68071642</orientation>
      <time>14</time>
    </ksState>
    <ksState>
      <x>-282.21321329181444</x>
      <y>-209.22515876252857</y>
      <steeringAngle>0.0</steeringAngle>
      <velocity>12.0</velocity>
      <orientation>-0.68071642</orientation>
      <time>15</time>
    </ksState>
    <ksState>
      <x>-281.2806668446021</x>
      <y>-209.98037868003047</y>
      <steeringAngle>0.0</steeringAngle>
      <velocity>12.0</velocity>
      <orientation>-0.68071642</orientation>
      <time>16</time>
    </ksState>
    <ksState>
      <x>-280.3481203973897</x>
      <y>-210.73559859753237</y>
      <steeringAngle>0.0</steeringAngle>
      <velocity>12.0</velocity>
      <orientation>-0.68071642</orientation>
      <time>17</time>
    </ksState>
    <ksState>
      <x>-279.4155739501773</x>
      <y>-211.49081851503428</y>
      <steeringAngle>0.0</steeringAngle>
      <velocity>12.0</velocity>
      <orientation>-0.68071642</orientation>
      <time>18</time>
    </ksState>
    <ksState>
      <x>-278.48302750296494</x>
      <y>-212.24603843253618</y>
      <steeringAngle>0.0</steeringAngle>
      <velocity>12.0</velocity>
      <orientation>-0.68071642</orientation>
      <time>19</time>
    </ksState>
    <ksState>
      <x>-277.5504810557526</x>
      <y>-213.00125835003809</y>
      <steeringAngle>0.0</steeringAngle>
      <velocity>12.0</velocity>
      <orientation>-0.68071642</orientation>
      <time>20</time>
    </ksState>
    <ksState>
      <x>-276.6179346085402</x>
      <y>-213.75647826754</y>
      <steeringAngle>0.0</steeringAngle>
      <velocity>12.0</velocity>
      <orientation>-0.68071642</orientation>
      <time>21</time>
    </ksState>
    <ksState>
      <x>-275.68538816132786</x>
      <y>-214.5116981850419</y>
      <steeringAngle>0.0</steeringAngle>
      <velocity>12.0</velocity>
      <orientation>-0.68071642</orientation>
      <time>22</time>
    </ksState>
    <ksState>
      <x>-274.75284171411545</x>
      <y>-215.2669181025438</y>
      <steeringAngle>0.0</steeringAngle>
      <velocity>12.0</velocity>
      <orientation>-0.68071642</orientation>
      <time>23</time>
    </ksState>
    <ksState>
      <x>-273.8202952669031</x>
      <y>-216.0221380200457</y>
      <steeringAngle>0.0</steeringAngle>
      <velocity>12.0</velocity>
      <orientation>-0.68071642</orientation>
      <time>24</time>
    </ksState>
    <ksState>
      <x>-272.8877488196907</x>
      <y>-216.7773579375476</y>
      <steeringAngle>0.0</steeringAngle>
      <velocity>12.0</velocity>
      <orientation>-0.68071642</orientation>
      <time>25</time>
    </ksState>
    <ksState>
      <x>-271.95520237247837</x>
      <y>-217.5325778550495</y>
      <steeringAngle>0.0</steeringAngle>
      <velocity>12.0</velocity>
      <orientation>-0.68071642</orientation>
      <time>26</time>
    </ksState>
    <ksState>
      <x>-271.022655925266</x>
      <y>-218.28779777255141</y>
      <steeringAngle>0.0</steeringAngle>
      <velocity>12.0</velocity>
      <orientation>-0.68071642</orientation>
      <time>27</time>
    </ksState>
    <ksState>
      <x>-270.0901094780536</x>
      <y>-219.04301769005332</y>
      <steeringAngle>0.0</steeringAngle>
      <velocity>12.0</velocity>
      <orientation>-0.68071642</orientation>
      <time>28</time>
    </ksState>
    <ksState>
      <x>-269.15756303084123</x>
      <y>-219.79823760755522</y>
      <steeringAngle>0.0</steeringAngle>
      <velocity>12.0</velocity>
      <orientation>-0.68071642</orientation>
      <time>29</time>
    </ksState>
    <ksState>
      <x>-268.22501658362887</x>
      <y>-220.55345752505713</y>
      <steeringAngle>0.0</steeringAngle>
      <velocity>12.0</velocity>
      <orientation>-0.68071642</orientation>
      <time>30</time>
    </ksState>
    <ksState>
      <x>-267.2924701364165</x>
      <y>-221.30867744255903</y>
      <steeringAngle>0.0</steeringAngle>
      <velocity>12.0</velocity>
      <orientation>-0.68071642</orientation>
      <time>31</time>
    </ksState>
    <ksState>
      <x>-266.35992368920415</x>
      <y>-222.06389736006093</y>
      <steeringAngle>0.0</steeringAngle>
      <velocity>12.0</velocity>
      <orientation>-0.68071642</orientation>
      <time>32</time>
    </ksState>
    <ksState>
      <x>-265.42737724199173</x>
      <y>-222.81911727756284</y>
      <steeringAngle>0.0</steeringAngle>
      <velocity>12.0</velocity>
      <orientation>-0.68071642</orientation>
      <time>33</time>
    </ksState>
    <ksState>
      <x>-264.4948307947794</x>
      <y>-223.57433719506474</y>
      <steeringAngle>0.0</steeringAngle>
      <velocity>12.0</velocity>
      <orientation>-0.68071642</orientation>
      <time>34</time>
    </ksState>
    <ksState>
      <x>-263.562284347567</x>
      <y>-224.32955711256665</y>
      <steeringAngle>0.0</steeringAngle>
      <velocity>12.0</velocity>
      <orientation>-0.68071642</orientation>
      <time>35</time>
    </ksState>
    <ksState>
      <x>-262.62973790035466</x>
      <y>-225.08477703006855</y>
      <steeringAngle>0.0</steeringAngle>
      <velocity>12.0</velocity>
      <orientation>-0.68071642</orientation>
      <time>36</time>
    </ksState>
    <ksState>
      <x>-261.6971914531423</x>
      <y>-225.83999694757046</y>
      <steeringAngle>0.0</steeringAngle>
      <velocity>12.0</velocity>
      <orientation>-0.68071642</orientation>
      <time>37</time>
    </ksState>
    <ksState>
      <x>-260.7646450059299</x>
      <y>-226.59521686507236</y>
      <steeringAngle>0.0</steeringAngle>
      <velocity>12.0</velocity>
      <orientation>-0.68071642</orientation>
      <time>38</time>
    </ksState>
    <ksState>
      <x>-259.8320985587175</x>
      <y>-227.35043678257426</y>
      <steeringAngle>0.0</steeringAngle>
      <velocity>12.0</velocity>
      <orientation>-0.68071642</orientation>
      <time>39</time>
    </ksState>
    <ksState>
      <x>-258.89955211150516</x>
      <y>-228.10565670007617</y>
      <steeringAngle>0.0</steeringAngle>
      <velocity>12.0</velocity>
      <orientation>-0.68071642</orientation>
      <time>40</time>
    </ksState>
    <ksState>
      <x>-257.9670056642928</x>
      <y>-228.86087661757807</y>
      <steeringAngle>0.0</steeringAngle>
      <velocity>12.0</velocity>
      <orientation>-0.68071642</orientation>
      <time>41</time>
    </ksState>
    <ksState>
      <x>-257.03445921708044</x>
      <y>-229.61609653507998</y>
      <steeringAngle>0.0</steeringAngle>
      <velocity>12.0</velocity>
      <orientation>-0.68071642</orientation>
      <time>42</time>
    </ksState>
    <ksState>
      <x>-256.101912769868</x>
      <y>-230.37131645258188</y>
      <steeringAngle>0.0</steeringAngle>
      <velocity>12.0</velocity>
      <orientation>-0.68071642</orientation>
      <time>43</time>
    </ksState>
    <ksState>
      <x>-255.16936632265563</x>
      <y>-231.12653637008378</y>
      <steeringAngle>0.0</steeringAngle>
      <velocity>12.0</velocity>
      <orientation>-0.68071642</orientation>
      <time>44</time>
    </ksState>
    <ksState>
      <x>-254.23681987544327</x>
      <y>-231.8817562875857</y>
      <steeringAngle>0.0</steeringAngle>
      <velocity>12.0</velocity>
      <orientation>-0.68071642</orientation>
      <time>45</time>
    </ksState>
    <ksState>
      <x>-253.3042734282309</x>
      <y>-232.6369762050876</y>
      <steeringAngle>0.0</steeringAngle>
      <velocity>12.0</velocity>
      <orientation>-0.68071642</orientation>
      <time>46</time>
    </ksState>
    <ksState>
      <x>-252.37172698101853</x>
      <y>-233.3921961225895</y>
      <steeringAngle>0.0</steeringAngle>
      <velocity>12.0</velocity>
      <orientation>-0.68071642</orientation>
      <time>47</time>
    </ksState>
    <ksState>
      <x>-251.43918053380617</x>
      <y>-234.1474160400914</y>
      <steeringAngle>0.0</steeringAngle>
      <velocity>12.0</velocity>
      <orientation>-0.68071642</orientation>
      <time>48</time>
    </ksState>
    <ksState>
      <x>-250.50663408659378</x>
      <y>-234.9026359575933</y>
      <steeringAngle>0.0</steeringAngle>
      <velocity>12.0</velocity>
      <orientation>-0.68071642</orientation>
      <time>49</time>
    </ksState>
    <ksState>
      <x>-249.57408763938142</x>
      <y>-235.6578558750952</y>
      <steeringAngle>0.0</steeringAngle>
      <velocity>12.0</velocity>
      <orientation>-0.68071642</orientation>
      <time>50</time>
    </ksState>
    <ksState>
      <x>-248.68165244093112</x>
      <y>-236.39896557431902</y>
      <steeringAngle>-0.03553333333333333</steeringAngle>
      <velocity>11.200000000000001</velocity>
      <orientation>-0.688617693772344</orientation>
      <time>51</time>
    </ksState>
    <ksState>
      <x>-247.87498635984545</x>
      <y>-237.1176857244049</y>
      <steeringAngle>-0.07106666666666667</steeringAngle>
      <velocity>10.400000000000007</velocity>
      <orientation>-0.710870124570834</orientation>
      <time>52</time>
    </ksState>
    <ksState>
      <x>-247.1604217647312</x>
      <y>-237.81881818682396</y>
      <steeringAngle>-0.10660000000000001</steeringAngle>
      <velocity>9.60000000000001</velocity>
      <orientation>-0.7453181354555057</orientation>
      <time>53</time>
    </ksState>
    <ksState>
      <x>-246.5417278452506</x>
      <y>-238.50245711017345</y>
      <steeringAngle>-0.14213333333333344</steeringAngle>
      <velocity>8.800000000000008</velocity>
      <orientation>-0.7898262675763505</orientation>
      <time>54</time>
    </ksState>
    <ksState>
      <x>-246.02004335829477</x>
      <y>-239.1648203713307</y>
      <steeringAngle>-0.17766666666666675</steeringAngle>
      <velocity>8.000000000000009</velocity>
      <orientation>-0.842268565391332</orientation>
      <time>55</time>
    </ksState>
    <ksState>
      <x>-245.55743231626627</x>
      <y>-239.82134992386705</y>
      <steeringAngle>-0.14213333333333336</steeringAngle>
      <velocity>8.0</velocity>
      <orientation>-0.8923033769400804</orientation>
      <time>56</time>
    </ksState>
    <ksState>
      <x>-245.1117463612355</x>
      <y>-240.48799101097129</y>
      <steeringAngle>-0.1066000000000001</steeringAngle>
      <velocity>8.0</velocity>
      <orientation>-0.9310872289470777</orientation>
      <time>57</time>
    </ksState>
    <ksState>
      <x>-244.67556490203995</x>
      <y>-241.15978604588955</y>
      <steeringAngle>-0.07106666666666674</steeringAngle>
      <velocity>8.0</velocity>
      <orientation>-0.9587197079767646</orientation>
      <time>58</time>
    </ksState>
    <ksState>
      <x>-244.24134089176056</x>
      <y>-241.8321133455172</y>
      <steeringAngle>-0.035533333333333354</steeringAngle>
      <velocity>8.0</velocity>
      <orientation>-0.9752712286057941</orientation>
      <time>59</time>
    </ksState>
    <ksState>
      <x>-243.80152844090804</x>
      <y>-242.5004218920511</y>
      <steeringAngle>-2.0816681711721685e-17</steeringAngle>
      <velocity>8.0</velocity>
      <orientation>-0.9807837550641989</orientation>
      <time>60</time>
    </ksState>
    <ksState>
      <x>-243.34870648617184</x>
      <y>-243.15996753298876</y>
      <steeringAngle>0.03553333333333333</steeringAngle>
      <velocity>8.0</velocity>
      <orientation>-0.9752712200613601</orientation>
      <time>61</time>
    </ksState>
    <ksState>
      <x>-242.87571404697</x>
      <y>-243.8055550378999</y>
      <steeringAngle>0.07106666666666667</steeringAngle>
      <velocity>8.0</velocity>
      <orientation>-0.9587196991810905</orientation>
      <time>62</time>
    </ksState>
    <ksState>
      <x>-242.37581259975227</x>
      <y>-244.43129052969536</y>
      <steeringAngle>0.10659999999999997</steeringAngle>
      <velocity>8.0</velocity>
      <orientation>-0.9310872198903956</orientation>
      <time>63</time>
    </ksState>
    <ksState>
      <x>-241.84289022336065</x>
      <y>-245.03035257547592</y>
      <steeringAngle>0.1421333333333333</steeringAngle>
      <velocity>8.0</velocity>
      <orientation>-0.8923033676176606</orientation>
      <time>64</time>
    </ksState>
    <ksState>
      <x>-241.2717219480588</x>
      <y>-245.5947922605832</y>
      <steeringAngle>0.17766666666666667</steeringAngle>
      <velocity>8.0</velocity>
      <orientation>-0.842268555368506</orientation>
      <time>65</time>
    </ksState>
    <ksState>
      <x>-240.67193893835903</x>
      <y>-246.1289274221629</y>
      <steeringAngle>0.14213333333333336</steeringAngle>
      <velocity>8.0</velocity>
      <orientation>-0.7922337438197575</orientation>
      <time>66</time>
    </ksState>
    <ksState>
      <x>-240.0601888051597</x>
      <y>-246.6473944742094</y>
      <steeringAngle>0.1066000000000001</steeringAngle>
      <velocity>8.0</velocity>
      <orientation>-0.7534498918127602</orientation>
      <time>67</time>
    </ksState>
    <ksState>
      <x>-239.4422393069561</x>
      <y>-247.15700339481097</y>
      <steeringAngle>0.07106666666666674</steeringAngle>
      <velocity>8.0</velocity>
      <orientation>-0.7258174127830733</orientation>
      <time>68</time>
    </ksState>
    <ksState>
      <x>-238.8235388212261</x>
      <y>-247.66472792433973</y>
      <steeringAngle>0.035533333333333354</steeringAngle>
      <velocity>8.0</velocity>
      <orientation>-0.709265892154044</orientation>
      <time>69</time>
    </ksState>
    <ksState>
      <x>-238.20946538538755</x>
      <y>-248.17754867342518</y>
      <steeringAngle>2.0816681711721685e-17</steeringAngle>
      <velocity>8.0</velocity>
      <orientation>-0.7037533656956392</orientation>
      <time>70</time>
    </ksState>
    <ksState>
      <x>-237.59953032863072</x>
      <y>-248.69521577353785</y>
      <steeringAngle>0.0</steeringAngle>
      <velocity>8.0</velocity>
      <orientation>-0.7037533656956392</orientation>
      <time>71</time>
    </ksState>
    <ksState>
      <x>-236.9895952718739</x>
      <y>-249.2128828736505</y>
      <steeringAngle>0.0</steeringAngle>
      <velocity>8.0</velocity>
      <orientation>-0.7037533656956392</orientation>
      <time>72</time>
    </ksState>
    <ksState>
      <x>-236.37966021511707</x>
      <y>-249.73054997376317</y>
      <steeringAngle>0.0</steeringAngle>
      <velocity>8.0</velocity>
      <orientation>-0.7037533656956392</orientation>
      <time>73</time>
    </ksState>
    <ksState>
      <x>-235.76972515836025</x>
      <y>-250.24821707387582</y>
      <steeringAngle>0.0</steeringAngle>
      <velocity>8.0</velocity>
      <orientation>-0.7037533656956392</orientation>
      <time>74</time>
    </ksState>
    <ksState>
      <x>-235.15979010160345</x>
      <y>-250.7658841739885</y>
      <steeringAngle>0.0</steeringAngle>
      <velocity>8.0</velocity>
      <orientation>-0.7037533656956392</orientation>
      <time>75</time>
    </ksState>
    <ksState>
      <x>-234.54985504484662</x>
      <y>-251.28355127410117</y>
      <steeringAngle>0.0</steeringAngle>
      <velocity>8.0</velocity>
      <orientation>-0.7037533656956392</orientation>
      <time>76</time>
    </ksState>
    <ksState>
      <x>-233.9399199880898</x>
      <y>-251.80121837421382</y>
      <steeringAngle>0.0</steeringAngle>
      <velocity>8.0</velocity>
      <orientation>-0.7037533656956392</orientation>
      <time>77</time>
    </ksState>
    <ksState>
      <x>-233.32998493133297</x>
      <y>-252.3188854743265</y>
      <steeringAngle>0.0</steeringAngle>
      <velocity>8.0</velocity>
      <orientation>-0.7037533656956392</orientation>
      <time>78</time>
    </ksState>
    <ksState>
      <x>-232.72004987457615</x>
      <y>-252.83655257443914</y>
      <steeringAngle>0.0</steeringAngle>
      <velocity>8.0</velocity>
      <orientation>-0.7037533656956392</orientation>
      <time>79</time>
    </ksState>
    <ksState>
      <x>-232.11011481781935</x>
      <y>-253.3542196745518</y>
      <steeringAngle>0.0</steeringAngle>
      <velocity>8.0</velocity>
      <orientation>-0.7037533656956392</orientation>
      <time>80</time>
    </ksState>
    <ksState>
      <x>-231.50017976106253</x>
      <y>-253.8718867746645</y>
      <steeringAngle>0.0</steeringAngle>
      <velocity>8.0</velocity>
      <orientation>-0.7037533656956392</orientation>
      <time>81</time>
    </ksState>
    <ksState>
      <x>-230.8902447043057</x>
      <y>-254.38955387477714</y>
      <steeringAngle>0.0</steeringAngle>
      <velocity>8.0</velocity>
      <orientation>-0.7037533656956392</orientation>
      <time>82</time>
    </ksState>
    <ksState>
      <x>-230.28030964754888</x>
      <y>-254.9072209748898</y>
      <steeringAngle>0.0</steeringAngle>
      <velocity>8.0</velocity>
      <orientation>-0.7037533656956392</orientation>
      <time>83</time>
    </ksState>
    <ksState>
      <x>-229.67037459079205</x>
      <y>-255.42488807500246</y>
      <steeringAngle>0.0</steeringAngle>
      <velocity>8.0</velocity>
      <orientation>-0.7037533656956392</orientation>
      <time>84</time>
    </ksState>
    <ksState>
      <x>-229.06043953403525</x>
      <y>-255.94255517511513</y>
      <steeringAngle>0.0</steeringAngle>
      <velocity>8.0</velocity>
      <orientation>-0.7037533656956392</orientation>
      <time>85</time>
    </ksState>
    <ksState>
      <x>-228.45050447727843</x>
      <y>-256.4602222752278</y>
      <steeringAngle>0.0</steeringAngle>
      <velocity>8.0</velocity>
      <orientation>-0.7037533656956392</orientation>
      <time>86</time>
    </ksState>
    <ksState>
      <x>-227.8405694205216</x>
      <y>-256.9778893753405</y>
      <steeringAngle>0.0</steeringAngle>
      <velocity>8.0</velocity>
      <orientation>-0.7037533656956392</orientation>
      <time>87</time>
    </ksState>
    <ksState>
      <x>-227.23063436376478</x>
      <y>-257.49555647545316</y>
      <steeringAngle>0.0</steeringAngle>
      <velocity>8.0</velocity>
      <orientation>-0.7037533656956392</orientation>
      <time>88</time>
    </ksState>
    <ksState>
      <x>-226.62069930700795</x>
      <y>-258.0132235755658</y>
      <steeringAngle>0.0</steeringAngle>
      <velocity>8.0</velocity>
      <orientation>-0.7037533656956392</orientation>
      <time>89</time>
    </ksState>
    <ksState>
      <x>-226.01076425025116</x>
      <y>-258.53089067567845</y>
      <steeringAngle>0.0</steeringAngle>
      <velocity>8.0</velocity>
      <orientation>-0.7037533656956392</orientation>
      <time>90</time>
    </ksState>
    <ksState>
      <x>-225.40687362124302</x>
      <y>-259.05564231537784</y>
      <steeringAngle>-0.03553333333333333</steeringAngle>
      <velocity>8.0</velocity>
      <orientation>-0.709265900698478</orientation>
      <time>91</time>
    </ksState>
    <ksState>
      <x>-224.8191402010124</x>
      <y>-259.5988499191386</y>
      <steeringAngle>-0.07106666666666667</steeringAngle>
      <velocity>8.0</velocity>
      <orientation>-0.7258174215787476</orientation>
      <time>92</time>
    </ksState>
    <ksState>
      <x>-224.2541845767899</x>
      <y>-260.1665395396904</y>
      <steeringAngle>-0.10659999999999997</steeringAngle>
      <velocity>8.0</velocity>
      <orientation>-0.7534499008694425</orientation>
      <time>93</time>
    </ksState>
    <ksState>
      <x>-223.71947778151898</x>
      <y>-260.7640094025661</y>
      <steeringAngle>-0.1421333333333333</steeringAngle>
      <velocity>8.0</velocity>
      <orientation>-0.7922337531421775</orientation>
      <time>94</time>
    </ksState>
    <ksState>
      <x>-223.22351037948312</x>
      <y>-261.3955485485841</y>
      <steeringAngle>-0.17766666666666667</steeringAngle>
      <velocity>8.0</velocity>
      <orientation>-0.8422685653913321</orientation>
      <time>95</time>
    </ksState>
    <ksState>
      <x>-222.78334972823131</x>
      <y>-262.0187916737029</y>
      <steeringAngle>-0.1421333333333334</steeringAngle>
      <velocity>7.2</velocity>
      <orientation>-0.889895887136969</orientation>
      <time>96</time>
    </ksState>
    <ksState>
      <x>-222.4015586678147</x>
      <y>-262.58346510440174</y>
      <steeringAngle>-0.10660000000000011</steeringAngle>
      <velocity>6.4</velocity>
      <orientation>-0.922955457584937</orientation>
      <time>97</time>
    </ksState>
    <ksState>
      <x>-222.06861965470247</x>
      <y>-263.083505422969</y>
      <steeringAngle>-0.07106666666666674</steeringAngle>
      <velocity>5.600000000000001</velocity>
      <orientation>-0.9437724058788255</orientation>
      <time>98</time>
    </ksState>
    <ksState>
      <x>-221.7786093054251</x>
      <y>-263.51540729348653</y>
      <steeringAngle>-0.03553333333333339</steeringAngle>
      <velocity>4.800000000000001</velocity>
      <orientation>-0.9546230155364883</orientation>
      <time>99</time>
    </ksState>
  </ksTrajectory>
</CommonRoadSolution>
