<?xml version="1.0" ?>
<CommonRoadSolution benchmark_id="KS2:SM1:BEL_Zaventem-5_3_T-1:2020a" computation_time="0.33322543700001006" date="2023-11-26T00:13:30">
  <ksTrajectory planningProblem="1">
    <ksState>
      <x>-726.49283</x>
      <y>526.7991</y>
      <steeringAngle>0.0</steeringAngle>
      <velocity>8.0</velocity>
      <orientation>-0.82901861</orientation>
      <time>0</time>
    </ksState>
    <ksState>
      <x>-725.9793742790858</x>
      <y>526.2387757888904</y>
      <steeringAngle>0.0</steeringAngle>
      <velocity>7.200000000000001</velocity>
      <orientation>-0.82901861</orientation>
      <time>1</time>
    </ksState>
    <ksState>
      <x>-725.5199665290447</x>
      <y>525.7374330739605</y>
      <steeringAngle>0.0</steeringAngle>
      <velocity>6.400000000000001</velocity>
      <orientation>-0.82901861</orientation>
      <time>2</time>
    </ksState>
    <ksState>
      <x>-725.1146067497414</x>
      <y>525.2950718550626</y>
      <steeringAngle>0.0</steeringAngle>
      <velocity>5.600000000000001</velocity>
      <orientation>-0.82901861</orientation>
      <time>3</time>
    </ksState>
    <ksState>
      <x>-724.7632949411377</x>
      <y>524.9116921321552</y>
      <steeringAngle>0.0</steeringAngle>
      <velocity>4.800000000000001</velocity>
      <orientation>-0.82901861</orientation>
      <time>4</time>
    </ksState>
    <ksState>
      <x>-724.4660311032197</x>
      <y>524.587293905223</y>
      <steeringAngle>0.0</steeringAngle>
      <velocity>4.000000000000001</velocity>
      <orientation>-0.82901861</orientation>
      <time>5</time>
    </ksState>
    <ksState>
      <x>-724.1957912498485</x>
      <y>524.2923864254095</y>
      <steeringAngle>0.0</steeringAngle>
      <velocity>4.0</velocity>
      <orientation>-0.82901861</orientation>
      <time>6</time>
    </ksState>
    <ksState>
      <x>-723.9255513964773</x>
      <y>523.9974789455961</y>
      <steeringAngle>0.0</steeringAngle>
      <velocity>4.0</velocity>
      <orientation>-0.82901861</orientation>
      <time>7</time>
    </ksState>
    <ksState>
      <x>-723.6553115431061</x>
      <y>523.7025714657827</y>
      <steeringAngle>0.0</steeringAngle>
      <velocity>4.0</velocity>
      <orientation>-0.82901861</orientation>
      <time>8</time>
    </ksState>
    <ksState>
      <x>-723.3850716897349</x>
      <y>523.4076639859693</y>
      <steeringAngle>0.0</steeringAngle>
      <velocity>4.0</velocity>
      <orientation>-0.82901861</orientation>
      <time>9</time>
    </ksState>
    <ksState>
      <x>-723.1148318363637</x>
      <y>523.1127565061558</y>
      <steeringAngle>0.0</steeringAngle>
      <velocity>4.0</velocity>
      <orientation>-0.82901861</orientation>
      <time>10</time>
    </ksState>
    <ksState>
      <x>-722.8445919829925</x>
      <y>522.8178490263424</y>
      <steeringAngle>0.0</steeringAngle>
      <velocity>4.0</velocity>
      <orientation>-0.82901861</orientation>
      <time>11</time>
    </ksState>
    <ksState>
      <x>-722.5743521296213</x>
      <y>522.522941546529</y>
      <steeringAngle>0.0</steeringAngle>
      <velocity>4.0</velocity>
      <orientation>-0.82901861</orientation>
      <time>12</time>
    </ksState>
    <ksState>
      <x>-722.3041122762501</x>
      <y>522.2280340667156</y>
      <steeringAngle>0.0</steeringAngle>
      <velocity>4.0</velocity>
      <orientation>-0.82901861</orientation>
      <time>13</time>
    </ksState>
    <ksState>
      <x>-722.0338724228789</x>
      <y>521.9331265869022</y>
      <steeringAngle>0.0</steeringAngle>
      <velocity>4.0</velocity>
      <orientation>-0.82901861</orientation>
      <time>14</time>
    </ksState>
    <ksState>
      <x>-721.7636325695076</x>
      <y>521.6382191070887</y>
      <steeringAngle>0.0</steeringAngle>
      <velocity>4.0</velocity>
      <orientation>-0.82901861</orientation>
      <time>15</time>
    </ksState>
    <ksState>
      <x>-721.4627541132737</x>
      <y>521.3171431596576</y>
      <steeringAngle>0.035533333333333326</steeringAngle>
      <velocity>4.799999999999999</velocity>
      <orientation>-0.8258948313308092</orientation>
      <time>16</time>
    </ksState>
    <ksState>
      <x>-721.0971151110604</x>
      <y>520.947097020087</y>
      <steeringAngle>0.07106666666666667</steeringAngle>
      <velocity>5.599999999999998</velocity>
      <orientation>-0.8150442202696364</orientation>
      <time>17</time>
    </ksState>
    <ksState>
      <x>-720.660057771644</x>
      <y>520.5350044669935</y>
      <steeringAngle>0.10659999999999999</steeringAngle>
      <velocity>6.3999999999999995</velocity>
      <orientation>-0.7942272712693084</orientation>
      <time>18</time>
    </ksState>
    <ksState>
      <x>-720.1429373539783</x>
      <y>520.0910387253427</y>
      <steeringAngle>0.14213333333333333</steeringAngle>
      <velocity>7.199999999999999</velocity>
      <orientation>-0.7611677002881433</orientation>
      <time>19</time>
    </ksState>
    <ksState>
      <x>-719.535305014324</x>
      <y>519.6297665994563</y>
      <steeringAngle>0.17766666666666664</steeringAngle>
      <velocity>7.9999999999999964</velocity>
      <orientation>-0.7135403782065967</orientation>
      <time>20</time>
    </ksState>
    <ksState>
      <x>-718.9055352754608</x>
      <y>519.1989958159407</y>
      <steeringAngle>0.1421333333333334</steeringAngle>
      <velocity>7.2</velocity>
      <orientation>-0.6659130564609598</orientation>
      <time>21</time>
    </ksState>
    <ksState>
      <x>-718.3352034278053</x>
      <y>518.8257102942541</y>
      <steeringAngle>0.10660000000000011</steeringAngle>
      <velocity>6.4</velocity>
      <orientation>-0.6328534860129917</orientation>
      <time>22</time>
    </ksState>
    <ksState>
      <x>-717.8302295703619</x>
      <y>518.5003026884059</y>
      <steeringAngle>0.07106666666666674</steeringAngle>
      <velocity>5.600000000000001</velocity>
      <orientation>-0.6120365377191033</orientation>
      <time>23</time>
    </ksState>
    <ksState>
      <x>-717.394029872675</x>
      <y>518.2167977463287</y>
      <steeringAngle>0.03553333333333339</steeringAngle>
      <velocity>4.800000000000001</velocity>
      <orientation>-0.6011859280614404</orientation>
      <time>24</time>
    </ksState>
    <ksState>
      <x>-717.0281557025139</x>
      <y>517.972343975282</y>
      <steeringAngle>5.5294310796760726e-17</steeringAngle>
      <velocity>4.0</velocity>
      <orientation>-0.5980621522242748</orientation>
      <time>25</time>
    </ksState>
    <ksState>
      <x>-716.7306415313061</x>
      <y>517.7696488416684</y>
      <steeringAngle>0.0</steeringAngle>
      <velocity>3.2</velocity>
      <orientation>-0.5980621522242748</orientation>
      <time>26</time>
    </ksState>
    <ksState>
      <x>-716.4992416206397</x>
      <y>517.611997071266</y>
      <steeringAngle>0.0</steeringAngle>
      <velocity>2.4000000000000004</velocity>
      <orientation>-0.5980621522242748</orientation>
      <time>27</time>
    </ksState>
    <ksState>
      <x>-716.3339559704305</x>
      <y>517.4993886640174</y>
      <steeringAngle>0.0</steeringAngle>
      <velocity>1.6</velocity>
      <orientation>-0.5980621522242748</orientation>
      <time>28</time>
    </ksState>
    <ksState>
      <x>-716.2347845806447</x>
      <y>517.4318236198998</y>
      <steeringAngle>0.0</steeringAngle>
      <velocity>0.7999999999999998</velocity>
      <orientation>-0.5980621522242748</orientation>
      <time>29</time>
    </ksState>
    <ksState>
      <x>-716.2017274512389</x>
      <y>517.4093019388833</y>
      <steeringAngle>0.0</steeringAngle>
      <velocity>-3.3306690738754696e-16</velocity>
      <orientation>-0.5980621522242748</orientation>
      <time>30</time>
    </ksState>
    <ksState>
      <x>-716.2017274512389</x>
      <y>517.4093019388833</y>
      <steeringAngle>0.0</steeringAngle>
      <velocity>0.0</velocity>
      <orientation>-0.5980621522242748</orientation>
      <time>31</time>
    </ksState>
    <ksState>
      <x>-716.2017274512389</x>
      <y>517.4093019388833</y>
      <steeringAngle>0.0</steeringAngle>
      <velocity>0.0</velocity>
      <orientation>-0.5980621522242748</orientation>
      <time>32</time>
    </ksState>
    <ksState>
      <x>-716.2017274512389</x>
      <y>517.4093019388833</y>
      <steeringAngle>0.0</steeringAngle>
      <velocity>0.0</velocity>
      <orientation>-0.5980621522242748</orientation>
      <time>33</time>
    </ksState>
  </ksTrajectory>
</CommonRoadSolution>
