<?xml version="1.0" ?>
<CommonRoadSolution benchmark_id="KS2:SM1:HRV_Pula-19_2_T-1:2020a" computation_time="0.2699485739994998" date="2023-11-26T00:13:30">
  <ksTrajectory planningProblem="1">
    <ksState>
      <x>428.22656</x>
      <y>75.960286</y>
      <steeringAngle>0.0</steeringAngle>
      <velocity>16.0</velocity>
      <orientation>-1.6531801</orientation>
      <time>0</time>
    </ksState>
    <ksState>
      <x>428.0981866423988</x>
      <y>74.40557693396435</y>
      <steeringAngle>0.0</steeringAngle>
      <velocity>15.2</velocity>
      <orientation>-1.6531801</orientation>
      <time>1</time>
    </ksState>
    <ksState>
      <x>427.97639653395174</x>
      <y>72.93059653854358</y>
      <steeringAngle>0.0</steeringAngle>
      <velocity>14.400000000000002</velocity>
      <orientation>-1.6531801</orientation>
      <time>2</time>
    </ksState>
    <ksState>
      <x>427.86118967462835</x>
      <y>71.5353448133688</y>
      <steeringAngle>0.0</steeringAngle>
      <velocity>13.600000000000001</velocity>
      <orientation>-1.6531801</orientation>
      <time>3</time>
    </ksState>
    <ksState>
      <x>427.75256606441945</x>
      <y>70.21982175832827</y>
      <steeringAngle>0.0</steeringAngle>
      <velocity>12.800000000000004</velocity>
      <orientation>-1.6531801</orientation>
      <time>4</time>
    </ksState>
    <ksState>
      <x>427.65052570332205</x>
      <y>68.98402737338672</y>
      <steeringAngle>0.0</steeringAngle>
      <velocity>12.000000000000002</velocity>
      <orientation>-1.6531801</orientation>
      <time>5</time>
    </ksState>
    <ksState>
      <x>427.55506859127934</x>
      <y>67.82796165785538</y>
      <steeringAngle>0.0</steeringAngle>
      <velocity>11.200000000000001</velocity>
      <orientation>-1.6531801</orientation>
      <time>6</time>
    </ksState>
    <ksState>
      <x>427.4661947283829</x>
      <y>66.75162461284367</y>
      <steeringAngle>0.0</steeringAngle>
      <velocity>10.4</velocity>
      <orientation>-1.6531801</orientation>
      <time>7</time>
    </ksState>
    <ksState>
      <x>427.3839041146072</x>
      <y>65.75501623804294</y>
      <steeringAngle>0.0</steeringAngle>
      <velocity>9.599999999999998</velocity>
      <orientation>-1.6531801</orientation>
      <time>8</time>
    </ksState>
    <ksState>
      <x>427.3081967499451</x>
      <y>64.83813653336549</y>
      <steeringAngle>0.0</steeringAngle>
      <velocity>8.799999999999999</velocity>
      <orientation>-1.6531801</orientation>
      <time>9</time>
    </ksState>
    <ksState>
      <x>427.2390726343942</x>
      <y>64.00098549878261</y>
      <steeringAngle>0.0</steeringAngle>
      <velocity>7.999999999999997</velocity>
      <orientation>-1.6531801</orientation>
      <time>10</time>
    </ksState>
    <ksState>
      <x>427.16795081400755</x>
      <y>63.244292558970756</y>
      <steeringAngle>-0.03553333333333333</steeringAngle>
      <velocity>7.199999999999999</velocity>
      <orientation>-1.6583251129824923</orientation>
      <time>11</time>
    </ksState>
    <ksState>
      <x>427.0845091569238</x>
      <y>62.569159857440404</y>
      <steeringAngle>-0.07106666666666664</steeringAngle>
      <velocity>6.400000000000001</velocity>
      <orientation>-1.6723017851034554</orientation>
      <time>12</time>
    </ksState>
    <ksState>
      <x>426.9888016311291</x>
      <y>61.97614684797742</y>
      <steeringAngle>-0.10659999999999997</steeringAngle>
      <velocity>5.600000000000004</velocity>
      <orientation>-1.6929335529693368</orientation>
      <time>13</time>
    </ksState>
    <ksState>
      <x>426.88387693555313</x>
      <y>61.46562663496085</y>
      <steeringAngle>-0.1421333333333333</steeringAngle>
      <velocity>4.800000000000003</velocity>
      <orientation>-1.718049760477985</orientation>
      <time>14</time>
    </ksState>
    <ksState>
      <x>426.775072075233</x>
      <y>61.03754497448961</y>
      <steeringAngle>-0.17766666666666653</steeringAngle>
      <velocity>4.000000000000006</velocity>
      <orientation>-1.7454746570631348</orientation>
      <time>15</time>
    </ksState>
    <ksState>
      <x>426.6730338203991</x>
      <y>60.69048150488759</y>
      <steeringAngle>-0.17766666666666667</steeringAngle>
      <velocity>3.2000000000000006</velocity>
      <orientation>-1.7705400963313123</orientation>
      <time>16</time>
    </ksState>
    <ksState>
      <x>426.58767571510117</x>
      <y>60.422375571105285</y>
      <steeringAngle>-0.17766666666666667</steeringAngle>
      <velocity>2.4000000000000012</velocity>
      <orientation>-1.7900354379613421</orientation>
      <time>17</time>
    </ksState>
    <ksState>
      <x>426.52351371015754</x>
      <y>60.23191537321898</y>
      <steeringAngle>-0.17766666666666667</steeringAngle>
      <velocity>1.6000000000000005</velocity>
      <orientation>-1.803960681960323</orientation>
      <time>18</time>
    </ksState>
    <ksState>
      <x>426.4837456499849</x>
      <y>60.11807461655781</y>
      <steeringAngle>-0.17766666666666667</steeringAngle>
      <velocity>0.8000000000000004</velocity>
      <orientation>-1.8123158283310772</orientation>
      <time>19</time>
    </ksState>
    <ksState>
      <x>426.4702784235635</x>
      <y>60.080202028456384</y>
      <steeringAngle>-0.17766666666666667</steeringAngle>
      <velocity>2.7755575615628914e-16</velocity>
      <orientation>-1.8151008770772925</orientation>
      <time>20</time>
    </ksState>
    <ksState>
      <x>426.4702784235635</x>
      <y>60.080202028456384</y>
      <steeringAngle>-0.14213333333333336</steeringAngle>
      <velocity>0.0</velocity>
      <orientation>-1.8151008770772925</orientation>
      <time>21</time>
    </ksState>
    <ksState>
      <x>426.4702784235635</x>
      <y>60.080202028456384</y>
      <steeringAngle>-0.10660000000000001</steeringAngle>
      <velocity>0.0</velocity>
      <orientation>-1.8151008770772925</orientation>
      <time>22</time>
    </ksState>
    <ksState>
      <x>426.4702784235635</x>
      <y>60.080202028456384</y>
      <steeringAngle>-0.07106666666666668</steeringAngle>
      <velocity>0.0</velocity>
      <orientation>-1.8151008770772925</orientation>
      <time>23</time>
    </ksState>
    <ksState>
      <x>426.4702784235635</x>
      <y>60.080202028456384</y>
      <steeringAngle>-0.03553333333333333</steeringAngle>
      <velocity>0.0</velocity>
      <orientation>-1.8151008770772925</orientation>
      <time>24</time>
    </ksState>
    <ksState>
      <x>426.4702784235635</x>
      <y>60.080202028456384</y>
      <steeringAngle>-0.0</steeringAngle>
      <velocity>0.0</velocity>
      <orientation>-1.8151008770772925</orientation>
      <time>25</time>
    </ksState>
    <ksState>
      <x>426.4702784235635</x>
      <y>60.080202028456384</y>
      <steeringAngle>0.0</steeringAngle>
      <velocity>0.0</velocity>
      <orientation>-1.8151008770772925</orientation>
      <time>26</time>
    </ksState>
    <ksState>
      <x>426.4702784235635</x>
      <y>60.080202028456384</y>
      <steeringAngle>0.0</steeringAngle>
      <velocity>0.0</velocity>
      <orientation>-1.8151008770772925</orientation>
      <time>27</time>
    </ksState>
    <ksState>
      <x>426.4702784235635</x>
      <y>60.080202028456384</y>
      <steeringAngle>0.0</steeringAngle>
      <velocity>0.0</velocity>
      <orientation>-1.8151008770772925</orientation>
      <time>28</time>
    </ksState>
    <ksState>
      <x>426.4702784235635</x>
      <y>60.080202028456384</y>
      <steeringAngle>0.0</steeringAngle>
      <velocity>0.0</velocity>
      <orientation>-1.8151008770772925</orientation>
      <time>29</time>
    </ksState>
    <ksState>
      <x>426.4702784235635</x>
      <y>60.080202028456384</y>
      <steeringAngle>0.0</steeringAngle>
      <velocity>0.0</velocity>
      <orientation>-1.8151008770772925</orientation>
      <time>30</time>
    </ksState>
    <ksState>
      <x>426.4702784235635</x>
      <y>60.080202028456384</y>
      <steeringAngle>0.0</steeringAngle>
      <velocity>0.0</velocity>
      <orientation>-1.8151008770772925</orientation>
      <time>31</time>
    </ksState>
    <ksState>
      <x>426.4702784235635</x>
      <y>60.080202028456384</y>
      <steeringAngle>0.0</steeringAngle>
      <velocity>0.0</velocity>
      <orientation>-1.8151008770772925</orientation>
      <time>32</time>
    </ksState>
    <ksState>
      <x>426.4702784235635</x>
      <y>60.080202028456384</y>
      <steeringAngle>0.0</steeringAngle>
      <velocity>0.0</velocity>
      <orientation>-1.8151008770772925</orientation>
      <time>33</time>
    </ksState>
  </ksTrajectory>
</CommonRoadSolution>
