<?xml version="1.0" ?>
<CommonRoadSolution benchmark_id="KS2:SM1:BEL_Wervik-4_1_T-1:2020a" computation_time="0.43102805200001626" date="2023-11-26T00:13:30">
  <ksTrajectory planningProblem="1">
    <ksState>
      <x>399.004</x>
      <y>-547.5064</y>
      <steeringAngle>0.0</steeringAngle>
      <velocity>12.0</velocity>
      <orientation>-1.0115713</orientation>
      <time>0</time>
    </ksState>
    <ksState>
      <x>399.6194141483624</x>
      <y>-548.4896931530637</y>
      <steeringAngle>0.0</steeringAngle>
      <velocity>11.200000000000001</velocity>
      <orientation>-1.0115713</orientation>
      <time>1</time>
    </ksState>
    <ksState>
      <x>400.1923859414082</x>
      <y>-549.4051729848156</y>
      <steeringAngle>0.0</steeringAngle>
      <velocity>10.4</velocity>
      <orientation>-1.0115713</orientation>
      <time>2</time>
    </ksState>
    <ksState>
      <x>400.7229153793017</x>
      <y>-550.2528394955184</y>
      <steeringAngle>0.0</steeringAngle>
      <velocity>9.599999999999998</velocity>
      <orientation>-1.0115713</orientation>
      <time>3</time>
    </ksState>
    <ksState>
      <x>401.2110024620896</x>
      <y>-551.0326926852465</y>
      <steeringAngle>0.0</steeringAngle>
      <velocity>8.799999999999999</velocity>
      <orientation>-1.0115713</orientation>
      <time>4</time>
    </ksState>
    <ksState>
      <x>401.6566471897872</x>
      <y>-551.7447325540243</y>
      <steeringAngle>0.0</steeringAngle>
      <velocity>7.999999999999997</velocity>
      <orientation>-1.0115713</orientation>
      <time>5</time>
    </ksState>
    <ksState>
      <x>402.0525385190592</x>
      <y>-552.3935103078841</y>
      <steeringAngle>-0.03553333333333333</steeringAngle>
      <velocity>7.199999999999999</velocity>
      <orientation>-1.0167163129824923</orientation>
      <time>6</time>
    </ksState>
    <ksState>
      <x>402.38974742316515</x>
      <y>-552.9843206241484</y>
      <steeringAngle>-0.07106666666666664</steeringAngle>
      <velocity>6.400000000000001</velocity>
      <orientation>-1.0306929851034554</orientation>
      <time>7</time>
    </ksState>
    <ksState>
      <x>402.6679823129474</x>
      <y>-553.5166830063598</y>
      <steeringAngle>-0.10659999999999997</steeringAngle>
      <velocity>5.600000000000004</velocity>
      <orientation>-1.0513247529693368</orientation>
      <time>8</time>
    </ksState>
    <ksState>
      <x>402.8894623072249</x>
      <y>-553.9884739471112</y>
      <steeringAngle>-0.1421333333333333</steeringAngle>
      <velocity>4.800000000000003</velocity>
      <orientation>-1.076440960477985</orientation>
      <time>9</time>
    </ksState>
    <ksState>
      <x>403.05849552610164</x>
      <y>-554.3965427851487</y>
      <steeringAngle>-0.17766666666666653</steeringAngle>
      <velocity>4.000000000000006</velocity>
      <orientation>-1.1038658570631348</orientation>
      <time>10</time>
    </ksState>
    <ksState>
      <x>403.18787865382245</x>
      <y>-554.734032006455</y>
      <steeringAngle>-0.1421333333333333</steeringAngle>
      <velocity>3.1999999999999993</velocity>
      <orientation>-1.126475772036577</orientation>
      <time>11</time>
    </ksState>
    <ksState>
      <x>403.288807513723</x>
      <y>-554.9959361702762</y>
      <steeringAngle>-0.10659999999999997</steeringAngle>
      <velocity>2.3999999999999977</velocity>
      <orientation>-1.1401434129072845</orientation>
      <time>12</time>
    </ksState>
    <ksState>
      <x>403.36255661917573</x>
      <y>-555.1821108762404</y>
      <steeringAngle>-0.07106666666666664</steeringAngle>
      <velocity>1.5999999999999976</velocity>
      <orientation>-1.1471441187605036</orientation>
      <time>13</time>
    </ksState>
    <ksState>
      <x>403.40839068795873</x>
      <y>-555.2930737895465</y>
      <steeringAngle>-0.0355333333333333</steeringAngle>
      <velocity>0.7999999999999972</velocity>
      <orientation>-1.1497189632344709</orientation>
      <time>14</time>
    </ksState>
    <ksState>
      <x>403.42425516828274</x>
      <y>-555.3297969850012</y>
      <steeringAngle>2.5153490401663703e-17</steeringAngle>
      <velocity>-2.914335439641036e-15</velocity>
      <orientation>-1.150086474813002</orientation>
      <time>15</time>
    </ksState>
    <ksState>
      <x>403.42425516828274</x>
      <y>-555.3297969850012</y>
      <steeringAngle>0.0</steeringAngle>
      <velocity>0.0</velocity>
      <orientation>-1.150086474813002</orientation>
      <time>16</time>
    </ksState>
    <ksState>
      <x>403.42425516828274</x>
      <y>-555.3297969850012</y>
      <steeringAngle>0.0</steeringAngle>
      <velocity>0.0</velocity>
      <orientation>-1.150086474813002</orientation>
      <time>17</time>
    </ksState>
    <ksState>
      <x>403.42425516828274</x>
      <y>-555.3297969850012</y>
      <steeringAngle>0.0</steeringAngle>
      <velocity>0.0</velocity>
      <orientation>-1.150086474813002</orientation>
      <time>18</time>
    </ksState>
    <ksState>
      <x>403.42425516828274</x>
      <y>-555.3297969850012</y>
      <steeringAngle>0.0</steeringAngle>
      <velocity>0.0</velocity>
      <orientation>-1.150086474813002</orientation>
      <time>19</time>
    </ksState>
    <ksState>
      <x>403.42425516828274</x>
      <y>-555.3297969850012</y>
      <steeringAngle>0.0</steeringAngle>
      <velocity>0.0</velocity>
      <orientation>-1.150086474813002</orientation>
      <time>20</time>
    </ksState>
    <ksState>
      <x>403.42425516828274</x>
      <y>-555.3297969850012</y>
      <steeringAngle>0.0</steeringAngle>
      <velocity>0.0</velocity>
      <orientation>-1.150086474813002</orientation>
      <time>21</time>
    </ksState>
    <ksState>
      <x>403.42425516828274</x>
      <y>-555.3297969850012</y>
      <steeringAngle>0.0</steeringAngle>
      <velocity>0.0</velocity>
      <orientation>-1.150086474813002</orientation>
      <time>22</time>
    </ksState>
    <ksState>
      <x>403.42425516828274</x>
      <y>-555.3297969850012</y>
      <steeringAngle>0.0</steeringAngle>
      <velocity>0.0</velocity>
      <orientation>-1.150086474813002</orientation>
      <time>23</time>
    </ksState>
    <ksState>
      <x>403.42425516828274</x>
      <y>-555.3297969850012</y>
      <steeringAngle>0.0</steeringAngle>
      <velocity>0.0</velocity>
      <orientation>-1.150086474813002</orientation>
      <time>24</time>
    </ksState>
    <ksState>
      <x>403.42425516828274</x>
      <y>-555.3297969850012</y>
      <steeringAngle>0.0</steeringAngle>
      <velocity>0.0</velocity>
      <orientation>-1.150086474813002</orientation>
      <time>25</time>
    </ksState>
    <ksState>
      <x>403.42425516828274</x>
      <y>-555.3297969850012</y>
      <steeringAngle>0.0</steeringAngle>
      <velocity>0.0</velocity>
      <orientation>-1.150086474813002</orientation>
      <time>26</time>
    </ksState>
    <ksState>
      <x>403.42425516828274</x>
      <y>-555.3297969850012</y>
      <steeringAngle>0.0</steeringAngle>
      <velocity>0.0</velocity>
      <orientation>-1.150086474813002</orientation>
      <time>27</time>
    </ksState>
    <ksState>
      <x>403.42425516828274</x>
      <y>-555.3297969850012</y>
      <steeringAngle>0.0</steeringAngle>
      <velocity>0.0</velocity>
      <orientation>-1.150086474813002</orientation>
      <time>28</time>
    </ksState>
    <ksState>
      <x>403.42425516828274</x>
      <y>-555.3297969850012</y>
      <steeringAngle>0.0</steeringAngle>
      <velocity>0.0</velocity>
      <orientation>-1.150086474813002</orientation>
      <time>29</time>
    </ksState>
    <ksState>
      <x>403.42425516828274</x>
      <y>-555.3297969850012</y>
      <steeringAngle>0.0</steeringAngle>
      <velocity>0.0</velocity>
      <orientation>-1.150086474813002</orientation>
      <time>30</time>
    </ksState>
    <ksState>
      <x>403.42425516828274</x>
      <y>-555.3297969850012</y>
      <steeringAngle>0.0</steeringAngle>
      <velocity>0.0</velocity>
      <orientation>-1.150086474813002</orientation>
      <time>31</time>
    </ksState>
    <ksState>
      <x>403.42425516828274</x>
      <y>-555.3297969850012</y>
      <steeringAngle>0.0</steeringAngle>
      <velocity>0.0</velocity>
      <orientation>-1.150086474813002</orientation>
      <time>32</time>
    </ksState>
    <ksState>
      <x>403.42425516828274</x>
      <y>-555.3297969850012</y>
      <steeringAngle>0.0</steeringAngle>
      <velocity>0.0</velocity>
      <orientation>-1.150086474813002</orientation>
      <time>33</time>
    </ksState>
  </ksTrajectory>
</CommonRoadSolution>
