<?xml version="1.0" ?>
<CommonRoadSolution benchmark_id="KS2:SM1:DEU_Flensburg-80_1_T-1:2020a" computation_time="2.6510826720000296" date="2023-11-26T00:13:30">
  <ksTrajectory planningProblem="123">
    <ksState>
      <x>148.74673</x>
      <y>352.36571</y>
      <steeringAngle>0.0</steeringAngle>
      <velocity>4.0</velocity>
      <orientation>-2.978832</orientation>
      <time>0</time>
    </ksState>
    <ksState>
      <x>148.3125451711508</x>
      <y>352.2944110848503</y>
      <steeringAngle>0.0</steeringAngle>
      <velocity>4.8</velocity>
      <orientation>-2.978832</orientation>
      <time>1</time>
    </ksState>
    <ksState>
      <x>147.7994176462869</x>
      <y>352.2101487306055</y>
      <steeringAngle>0.0</steeringAngle>
      <velocity>5.6</velocity>
      <orientation>-2.978832</orientation>
      <time>2</time>
    </ksState>
    <ksState>
      <x>147.20734742542416</x>
      <y>352.1129229372681</y>
      <steeringAngle>0.0</steeringAngle>
      <velocity>6.4</velocity>
      <orientation>-2.978832</orientation>
      <time>3</time>
    </ksState>
    <ksState>
      <x>146.5363345085718</x>
      <y>352.00273370483967</y>
      <steeringAngle>0.0</steeringAngle>
      <velocity>7.199999999999999</velocity>
      <orientation>-2.978832</orientation>
      <time>4</time>
    </ksState>
    <ksState>
      <x>145.7863788957356</x>
      <y>351.8795810333211</y>
      <steeringAngle>0.0</steeringAngle>
      <velocity>7.999999999999998</velocity>
      <orientation>-2.978832</orientation>
      <time>5</time>
    </ksState>
    <ksState>
      <x>144.99848475944918</x>
      <y>351.7407609873029</y>
      <steeringAngle>0.03553333333333333</steeringAngle>
      <velocity>8.0</velocity>
      <orientation>-2.9733194649971613</orientation>
      <time>6</time>
    </ksState>
    <ksState>
      <x>144.21493596292783</x>
      <y>351.57779977256314</y>
      <steeringAngle>0.07106666666666667</steeringAngle>
      <velocity>8.0</velocity>
      <orientation>-2.956767944116892</orientation>
      <time>7</time>
    </ksState>
    <ksState>
      <x>143.43830431944443</x>
      <y>351.38212235188524</y>
      <steeringAngle>0.10659999999999997</steeringAngle>
      <velocity>8.0</velocity>
      <orientation>-2.9291354648261967</orientation>
      <time>8</time>
    </ksState>
    <ksState>
      <x>142.67226546421256</x>
      <y>351.14533961132196</y>
      <steeringAngle>0.1421333333333333</steeringAngle>
      <velocity>8.0</velocity>
      <orientation>-2.890351612553462</orientation>
      <time>9</time>
    </ksState>
    <ksState>
      <x>141.9218886897449</x>
      <y>350.8594024623279</y>
      <steeringAngle>0.17766666666666667</steeringAngle>
      <velocity>8.0</velocity>
      <orientation>-2.8403168003043073</orientation>
      <time>10</time>
    </ksState>
    <ksState>
      <x>141.19053703163448</x>
      <y>350.5258793073188</y>
      <steeringAngle>0.17766666666666667</steeringAngle>
      <velocity>8.0</velocity>
      <orientation>-2.7846158239937955</orientation>
      <time>11</time>
    </ksState>
    <ksState>
      <x>140.47888755049414</x>
      <y>350.1521574616202</y>
      <steeringAngle>0.17766666666666667</steeringAngle>
      <velocity>8.0</velocity>
      <orientation>-2.7289148476832836</orientation>
      <time>12</time>
    </ksState>
    <ksState>
      <x>139.7891476713861</x>
      <y>349.73939614516223</y>
      <steeringAngle>0.17766666666666667</steeringAngle>
      <velocity>8.0</velocity>
      <orientation>-2.673213871372772</orientation>
      <time>13</time>
    </ksState>
    <ksState>
      <x>139.12345682706174</x>
      <y>349.2888756595696</y>
      <steeringAngle>0.17766666666666667</steeringAngle>
      <velocity>8.0</velocity>
      <orientation>-2.6175128950622604</orientation>
      <time>14</time>
    </ksState>
    <ksState>
      <x>138.4838798548088</x>
      <y>348.80199342697415</y>
      <steeringAngle>0.17766666666666667</steeringAngle>
      <velocity>8.0</velocity>
      <orientation>-2.5618119187517485</orientation>
      <time>15</time>
    </ksState>
    <ksState>
      <x>137.87240063736544</x>
      <y>348.28025967362595</y>
      <steeringAngle>0.17766666666666667</steeringAngle>
      <velocity>8.0</velocity>
      <orientation>-2.5061109424412367</orientation>
      <time>16</time>
    </ksState>
    <ksState>
      <x>137.2909157853883</x>
      <y>347.7252926756153</y>
      <steeringAngle>0.17766666666666667</steeringAngle>
      <velocity>8.0</velocity>
      <orientation>-2.450409966130725</orientation>
      <time>17</time>
    </ksState>
    <ksState>
      <x>136.74122897549574</x>
      <y>347.1388138471601</y>
      <steeringAngle>0.17766666666666667</steeringAngle>
      <velocity>8.0</velocity>
      <orientation>-2.3947089898202134</orientation>
      <time>18</time>
    </ksState>
    <ksState>
      <x>136.225045224314</x>
      <y>346.52264232625726</y>
      <steeringAngle>0.17766666666666667</steeringAngle>
      <velocity>8.0</velocity>
      <orientation>-2.3390080135097016</orientation>
      <time>19</time>
    </ksState>
    <ksState>
      <x>135.74396562876345</x>
      <y>345.87868935080155</y>
      <steeringAngle>0.17766666666666667</steeringAngle>
      <velocity>8.0</velocity>
      <orientation>-2.2833070371991897</orientation>
      <time>20</time>
    </ksState>
    <ksState>
      <x>135.29948243865925</x>
      <y>345.2089523602874</y>
      <steeringAngle>0.17766666666666667</steeringAngle>
      <velocity>8.0</velocity>
      <orientation>-2.227606060888678</orientation>
      <time>21</time>
    </ksState>
    <ksState>
      <x>134.8929742896478</x>
      <y>344.5155086879196</y>
      <steeringAngle>0.17766666666666667</steeringAngle>
      <velocity>8.0</velocity>
      <orientation>-2.171905084578166</orientation>
      <time>22</time>
    </ksState>
    <ksState>
      <x>134.52570210973948</x>
      <y>343.8005092815832</y>
      <steeringAngle>0.17766666666666667</steeringAngle>
      <velocity>8.0</velocity>
      <orientation>-2.1162041082676546</orientation>
      <time>23</time>
    </ksState>
    <ksState>
      <x>134.19880510249413</x>
      <y>343.0661719239539</y>
      <steeringAngle>0.17766666666666667</steeringAngle>
      <velocity>8.0</velocity>
      <orientation>-2.0605031319571427</orientation>
      <time>24</time>
    </ksState>
    <ksState>
      <x>133.91329723608592</x>
      <y>342.3147743793263</y>
      <steeringAngle>0.17766666666666667</steeringAngle>
      <velocity>8.0</velocity>
      <orientation>-2.004802155646631</orientation>
      <time>25</time>
    </ksState>
    <ksState>
      <x>133.6700641273194</x>
      <y>341.5486473679582</y>
      <steeringAngle>0.17766666666666667</steeringAngle>
      <velocity>8.0</velocity>
      <orientation>-1.949101179336119</orientation>
      <time>26</time>
    </ksState>
    <ksState>
      <x>133.469860192408</x>
      <y>340.7701671906861</y>
      <steeringAngle>0.17766666666666667</steeringAngle>
      <velocity>8.0</velocity>
      <orientation>-1.8934002030256074</orientation>
      <time>27</time>
    </ksState>
    <ksState>
      <x>133.31330643745923</x>
      <y>339.981748566472</y>
      <steeringAngle>0.17766666666666667</steeringAngle>
      <velocity>8.0</velocity>
      <orientation>-1.8376992267150958</orientation>
      <time>28</time>
    </ksState>
    <ksState>
      <x>133.2008884603546</x>
      <y>339.1858370094636</y>
      <steeringAngle>0.17766666666666667</steeringAngle>
      <velocity>8.0</velocity>
      <orientation>-1.781998250404584</orientation>
      <time>29</time>
    </ksState>
    <ksState>
      <x>133.13295495916282</x>
      <y>338.38490127467014</y>
      <steeringAngle>0.17766666666666667</steeringAngle>
      <velocity>8.0</velocity>
      <orientation>-1.726297274094072</orientation>
      <time>30</time>
    </ksState>
    <ksState>
      <x>133.11869456337777</x>
      <y>337.62071208248</y>
      <steeringAngle>0.21320000000000014</steeringAngle>
      <velocity>7.200000000000003</velocity>
      <orientation>-1.6680479470225793</orientation>
      <time>31</time>
    </ksState>
    <ksState>
      <x>133.1609798585441</x>
      <y>336.93651683307814</y>
      <steeringAngle>0.24873333333333347</steeringAngle>
      <velocity>6.400000000000004</velocity>
      <orientation>-1.6061308595367998</orientation>
      <time>32</time>
    </ksState>
    <ksState>
      <x>133.24857852770705</x>
      <y>336.33629615742643</y>
      <steeringAngle>0.2842666666666668</steeringAngle>
      <velocity>5.600000000000001</velocity>
      <orientation>-1.5427087167728788</orientation>
      <time>33</time>
    </ksState>
    <ksState>
      <x>133.3682042918637</x>
      <y>335.822581700956</y>
      <steeringAngle>0.3198</steeringAngle>
      <velocity>4.800000000000002</velocity>
      <orientation>-1.479979617030926</orientation>
      <time>34</time>
    </ksState>
    <ksState>
      <x>133.50536566390326</x>
      <y>335.3960603546678</y>
      <steeringAngle>0.3553333333333332</steeringAngle>
      <velocity>4.000000000000001</velocity>
      <orientation>-1.4201897829827113</orientation>
      <time>35</time>
    </ksState>
    <ksState>
      <x>133.66825873655637</x>
      <y>334.9785865950248</y>
      <steeringAngle>0.31979999999999975</steeringAngle>
      <velocity>4.800000000000001</velocity>
      <orientation>-1.3603999479509628</orientation>
      <time>36</time>
    </ksState>
    <ksState>
      <x>133.87969927954526</x>
      <y>334.4952366347763</y>
      <steeringAngle>0.28426666666666645</steeringAngle>
      <velocity>5.600000000000004</velocity>
      <orientation>-1.297670847819639</orientation>
      <time>37</time>
    </ksState>
    <ksState>
      <x>134.14623196461656</x>
      <y>333.95020560656735</y>
      <steeringAngle>0.2487333333333331</steeringAngle>
      <velocity>6.400000000000004</velocity>
      <orientation>-1.2342487111269633</orientation>
      <time>38</time>
    </ksState>
    <ksState>
      <x>134.4732272229354</x>
      <y>333.3475593454349</y>
      <steeringAngle>0.21319999999999992</steeringAngle>
      <velocity>7.200000000000004</velocity>
      <orientation>-1.1723316224491642</orientation>
      <time>39</time>
    </ksState>
    <ksState>
      <x>134.8643653566177</x>
      <y>332.69072776951214</y>
      <steeringAngle>0.17766666666666656</steeringAngle>
      <velocity>8.000000000000004</velocity>
      <orientation>-1.114082292848199</orientation>
      <time>40</time>
    </ksState>
    <ksState>
      <x>135.2987235642796</x>
      <y>332.0151739396829</y>
      <steeringAngle>0.14213333333333336</steeringAngle>
      <velocity>8.0</velocity>
      <orientation>-1.0640474812994507</orientation>
      <time>41</time>
    </ksState>
    <ksState>
      <x>135.74881608761328</x>
      <y>331.3515000514167</y>
      <steeringAngle>0.1066000000000001</steeringAngle>
      <velocity>8.0</velocity>
      <orientation>-1.0252636292924533</orientation>
      <time>42</time>
    </ksState>
    <ksState>
      <x>136.2072585920427</x>
      <y>330.6946946735312</y>
      <steeringAngle>0.07106666666666674</steeringAngle>
      <velocity>8.0</velocity>
      <orientation>-0.9976311502627664</orientation>
      <time>43</time>
    </ksState>
    <ksState>
      <x>136.66693043136684</x>
      <y>330.03950287790184</y>
      <steeringAngle>0.035533333333333354</steeringAngle>
      <velocity>8.0</velocity>
      <orientation>-0.981079629633737</orientation>
      <time>44</time>
    </ksState>
    <ksState>
      <x>137.1207768724265</x>
      <y>329.3806442335534</y>
      <steeringAngle>2.0816681711721685e-17</steeringAngle>
      <velocity>8.0</velocity>
      <orientation>-0.9755671031753321</orientation>
      <time>45</time>
    </ksState>
    <ksState>
      <x>137.56933572920087</x>
      <y>328.7182282373628</y>
      <steeringAngle>0.0</steeringAngle>
      <velocity>8.0</velocity>
      <orientation>-0.9755671031753321</orientation>
      <time>46</time>
    </ksState>
    <ksState>
      <x>138.01789458597526</x>
      <y>328.05581224117213</y>
      <steeringAngle>0.0</steeringAngle>
      <velocity>8.0</velocity>
      <orientation>-0.9755671031753321</orientation>
      <time>47</time>
    </ksState>
    <ksState>
      <x>138.46645344274967</x>
      <y>327.3933962449815</y>
      <steeringAngle>0.0</steeringAngle>
      <velocity>8.0</velocity>
      <orientation>-0.9755671031753321</orientation>
      <time>48</time>
    </ksState>
    <ksState>
      <x>138.91501229952405</x>
      <y>326.73098024879084</y>
      <steeringAngle>0.0</steeringAngle>
      <velocity>8.0</velocity>
      <orientation>-0.9755671031753321</orientation>
      <time>49</time>
    </ksState>
    <ksState>
      <x>139.36357115629843</x>
      <y>326.06856425260014</y>
      <steeringAngle>0.0</steeringAngle>
      <velocity>8.0</velocity>
      <orientation>-0.9755671031753321</orientation>
      <time>50</time>
    </ksState>
    <ksState>
      <x>139.81213001307282</x>
      <y>325.4061482564095</y>
      <steeringAngle>0.0</steeringAngle>
      <velocity>8.0</velocity>
      <orientation>-0.9755671031753321</orientation>
      <time>51</time>
    </ksState>
    <ksState>
      <x>140.2606888698472</x>
      <y>324.74373226021885</y>
      <steeringAngle>0.0</steeringAngle>
      <velocity>8.0</velocity>
      <orientation>-0.9755671031753321</orientation>
      <time>52</time>
    </ksState>
    <ksState>
      <x>140.7092477266216</x>
      <y>324.0813162640282</y>
      <steeringAngle>0.0</steeringAngle>
      <velocity>8.0</velocity>
      <orientation>-0.9755671031753321</orientation>
      <time>53</time>
    </ksState>
    <ksState>
      <x>141.157806583396</x>
      <y>323.41890026783756</y>
      <steeringAngle>0.0</steeringAngle>
      <velocity>8.0</velocity>
      <orientation>-0.9755671031753321</orientation>
      <time>54</time>
    </ksState>
    <ksState>
      <x>141.60636544017038</x>
      <y>322.75648427164685</y>
      <steeringAngle>0.0</steeringAngle>
      <velocity>8.0</velocity>
      <orientation>-0.9755671031753321</orientation>
      <time>55</time>
    </ksState>
    <ksState>
      <x>142.05492429694476</x>
      <y>322.0940682754562</y>
      <steeringAngle>0.0</steeringAngle>
      <velocity>8.0</velocity>
      <orientation>-0.9755671031753321</orientation>
      <time>56</time>
    </ksState>
    <ksState>
      <x>142.50348315371915</x>
      <y>321.43165227926556</y>
      <steeringAngle>0.0</steeringAngle>
      <velocity>8.0</velocity>
      <orientation>-0.9755671031753321</orientation>
      <time>57</time>
    </ksState>
    <ksState>
      <x>142.95204201049356</x>
      <y>320.7692362830749</y>
      <steeringAngle>0.0</steeringAngle>
      <velocity>8.0</velocity>
      <orientation>-0.9755671031753321</orientation>
      <time>58</time>
    </ksState>
    <ksState>
      <x>143.40060086726794</x>
      <y>320.1068202868843</y>
      <steeringAngle>0.0</steeringAngle>
      <velocity>8.0</velocity>
      <orientation>-0.9755671031753321</orientation>
      <time>59</time>
    </ksState>
    <ksState>
      <x>143.84915972404232</x>
      <y>319.44440429069357</y>
      <steeringAngle>0.0</steeringAngle>
      <velocity>8.0</velocity>
      <orientation>-0.9755671031753321</orientation>
      <time>60</time>
    </ksState>
    <ksState>
      <x>144.30541612177552</x>
      <y>318.7872298277855</y>
      <steeringAngle>0.03553333333333333</steeringAngle>
      <velocity>8.0</velocity>
      <orientation>-0.9700545681724934</orientation>
      <time>61</time>
    </ksState>
    <ksState>
      <x>144.78176991511432</x>
      <y>318.1441185328985</y>
      <steeringAngle>0.07106666666666667</steeringAngle>
      <velocity>8.0</velocity>
      <orientation>-0.9535030472922237</orientation>
      <time>62</time>
    </ksState>
    <ksState>
      <x>145.2849287897542</x>
      <y>317.5209993552976</y>
      <steeringAngle>0.10659999999999997</steeringAngle>
      <velocity>8.0</velocity>
      <orientation>-0.9258705680015288</orientation>
      <time>63</time>
    </ksState>
    <ksState>
      <x>145.82096899881074</x>
      <y>316.92472551868536</y>
      <steeringAngle>0.1421333333333333</steeringAngle>
      <velocity>8.0</velocity>
      <orientation>-0.8870867157287938</orientation>
      <time>64</time>
    </ksState>
    <ksState>
      <x>146.39507397439317</x>
      <y>316.3632730862863</y>
      <steeringAngle>0.17766666666666667</steeringAngle>
      <velocity>8.0</velocity>
      <orientation>-0.8370519034796392</orientation>
      <time>65</time>
    </ksState>
    <ksState>
      <x>146.97325661850905</x>
      <y>315.86443796872766</y>
      <steeringAngle>0.17766666666666667</steeringAngle>
      <velocity>7.2</velocity>
      <orientation>-0.7841359760352619</orientation>
      <time>66</time>
    </ksState>
    <ksState>
      <x>147.51230592086293</x>
      <y>315.4445856654081</y>
      <steeringAngle>0.17766666666666667</steeringAngle>
      <velocity>6.4</velocity>
      <orientation>-0.7367901462424506</orientation>
      <time>67</time>
    </ksState>
    <ksState>
      <x>148.0039781137163</x>
      <y>315.09567578134977</y>
      <steeringAngle>0.17766666666666667</steeringAngle>
      <velocity>5.599999999999999</velocity>
      <orientation>-0.6950144140872658</orientation>
      <time>68</time>
    </ksState>
    <ksState>
      <x>148.4415654374807</x>
      <y>314.81012223751674</y>
      <steeringAngle>0.17766666666666667</steeringAngle>
      <velocity>4.799999999999999</velocity>
      <orientation>-0.6588087795657513</orientation>
      <time>69</time>
    </ksState>
    <ksState>
      <x>148.81970439322285</x>
      <y>314.58100358998644</y>
      <steeringAngle>0.17766666666666667</steeringAngle>
      <velocity>4.0</velocity>
      <orientation>-0.6281732426764214</orientation>
      <time>70</time>
    </ksState>
    <ksState>
      <x>149.1669149098992</x>
      <y>314.37921980901615</y>
      <steeringAngle>0.1421333333333333</steeringAngle>
      <velocity>4.0</velocity>
      <orientation>-0.6031558363318981</orientation>
      <time>71</time>
    </ksState>
    <ksState>
      <x>149.51404687165717</x>
      <y>314.1785563721151</y>
      <steeringAngle>0.10659999999999999</steeringAngle>
      <velocity>4.0</velocity>
      <orientation>-0.5837639100411475</orientation>
      <time>72</time>
    </ksState>
    <ksState>
      <x>149.86013824516857</x>
      <y>313.9770325220235</y>
      <steeringAngle>0.07106666666666664</steeringAngle>
      <velocity>4.0</velocity>
      <orientation>-0.5699476703061945</orientation>
      <time>73</time>
    </ksState>
    <ksState>
      <x>150.2042099551231</x>
      <y>313.77268795612315</y>
      <steeringAngle>0.03553333333333332</steeringAngle>
      <velocity>4.0</velocity>
      <orientation>-0.5616719098439292</orientation>
      <time>74</time>
    </ksState>
    <ksState>
      <x>150.54523102933683</x>
      <y>313.56359148781314</y>
      <steeringAngle>-2.2985086056692694e-17</steeringAngle>
      <velocity>4.0</velocity>
      <orientation>-0.5589156465490889</orientation>
      <time>75</time>
    </ksState>
    <ksState>
      <x>150.88208416269643</x>
      <y>313.3478514141366</y>
      <steeringAngle>-0.035533333333333326</steeringAngle>
      <velocity>4.0</velocity>
      <orientation>-0.5616719210816893</orientation>
      <time>76</time>
    </ksState>
    <ksState>
      <x>151.21353176291763</x>
      <y>313.12362863439864</y>
      <steeringAngle>-0.07106666666666711</steeringAngle>
      <velocity>4.0</velocity>
      <orientation>-0.5699476816249747</orientation>
      <time>77</time>
    </ksState>
    <ksState>
      <x>151.5381822297542</x>
      <y>312.8891534406823</y>
      <steeringAngle>-0.10660000000000043</steeringAngle>
      <velocity>4.0</velocity>
      <orientation>-0.5837639214441115</orientation>
      <time>78</time>
    </ksState>
    <ksState>
      <x>151.85445708168507</x>
      <y>312.642747187626</y>
      <steeringAngle>-0.14213333333333378</steeringAngle>
      <velocity>4.0</velocity>
      <orientation>-0.6031558478296574</orientation>
      <time>79</time>
    </ksState>
    <ksState>
      <x>152.16055902434456</x>
      <y>312.3828498941117</y>
      <steeringAngle>-0.1776666666666672</steeringAngle>
      <velocity>4.0</velocity>
      <orientation>-0.6281732542810547</orientation>
      <time>80</time>
    </ksState>
    <ksState>
      <x>152.45444173287075</x>
      <y>312.10805501334676</y>
      <steeringAngle>-0.21319999999999995</steeringAngle>
      <velocity>4.0</velocity>
      <orientation>-0.6588810369185549</orientation>
      <time>81</time>
    </ksState>
    <ksState>
      <x>152.73378228911352</x>
      <y>311.81715263143394</y>
      <steeringAngle>-0.24873333333333336</steeringAngle>
      <velocity>4.0</velocity>
      <orientation>-0.6953598780412492</orientation>
      <time>82</time>
    </ksState>
    <ksState>
      <x>152.99595765037515</x>
      <y>311.5091823850213</y>
      <steeringAngle>-0.2842666666666667</steeringAngle>
      <velocity>4.0</velocity>
      <orientation>-0.7377071118866972</orientation>
      <time>83</time>
    </ksState>
    <ksState>
      <x>153.23802698772246</x>
      <y>311.1834974001809</y>
      <steeringAngle>-0.31980000000000003</steeringAngle>
      <velocity>4.0</velocity>
      <orientation>-0.7860377932538323</orientation>
      <time>84</time>
    </ksState>
    <ksState>
      <x>153.45672235142715</x>
      <y>310.83984046720826</y>
      <steeringAngle>-0.35533333333333333</steeringAngle>
      <velocity>4.0</velocity>
      <orientation>-0.8404859944321107</orientation>
      <time>85</time>
    </ksState>
    <ksState>
      <x>153.65230113004588</x>
      <y>310.48149931755637</y>
      <steeringAngle>-0.35533333333333333</steeringAngle>
      <velocity>4.0</velocity>
      <orientation>-0.8980427011888248</orientation>
      <time>86</time>
    </ksState>
    <ksState>
      <x>153.82694251636357</x>
      <y>310.1125008760827</y>
      <steeringAngle>-0.35533333333333333</steeringAngle>
      <velocity>4.0</velocity>
      <orientation>-0.9555994079455388</orientation>
      <time>87</time>
    </ksState>
    <ksState>
      <x>153.98006809977784</x>
      <y>309.73406723561914</y>
      <steeringAngle>-0.35533333333333333</steeringAngle>
      <velocity>4.0</velocity>
      <orientation>-1.0131561147022528</orientation>
      <time>88</time>
    </ksState>
    <ksState>
      <x>154.11117074955303</x>
      <y>309.3474517151562</y>
      <steeringAngle>-0.35533333333333333</steeringAngle>
      <velocity>4.0</velocity>
      <orientation>-1.0707128214589667</orientation>
      <time>89</time>
    </ksState>
    <ksState>
      <x>154.2198162722619</x>
      <y>308.953934731028</y>
      <steeringAngle>-0.35533333333333333</steeringAngle>
      <velocity>4.0</velocity>
      <orientation>-1.1282695282156807</orientation>
      <time>90</time>
    </ksState>
    <ksState>
      <x>154.30108274440542</x>
      <y>308.55297266133044</y>
      <steeringAngle>-0.39086666666666653</steeringAngle>
      <velocity>4.0</velocity>
      <orientation>-1.188989894521668</orientation>
      <time>91</time>
    </ksState>
    <ksState>
      <x>154.34794196578036</x>
      <y>308.1445227895913</y>
      <steeringAngle>-0.42639999999999995</steeringAngle>
      <velocity>4.0</velocity>
      <orientation>-1.2561595079780714</orientation>
      <time>92</time>
    </ksState>
    <ksState>
      <x>154.35682332445026</x>
      <y>307.73121107972946</y>
      <steeringAngle>-0.4619333333333333</steeringAngle>
      <velocity>4.0</velocity>
      <orientation>-1.3299800916104156</orientation>
      <time>93</time>
    </ksState>
    <ksState>
      <x>154.32419662384493</x>
      <y>307.3165181701357</y>
      <steeringAngle>-0.49746666666666667</steeringAngle>
      <velocity>4.0</velocity>
      <orientation>-1.410680633423636</orientation>
      <time>94</time>
    </ksState>
    <ksState>
      <x>154.24670780251705</x>
      <y>306.90488751273506</y>
      <steeringAngle>-0.533</steeringAngle>
      <velocity>4.0</velocity>
      <orientation>-1.4985205000234445</orientation>
      <time>95</time>
    </ksState>
    <ksState>
      <x>154.1457168297341</x>
      <y>306.54148700134306</y>
      <steeringAngle>-0.4974666666666667</steeringAngle>
      <velocity>3.1999999999999993</velocity>
      <orientation>-1.577697703132684</orientation>
      <time>96</time>
    </ksState>
    <ksState>
      <x>154.0552736381817</x>
      <y>306.26453622887374</y>
      <steeringAngle>-0.4619333333333334</steeringAngle>
      <velocity>2.3999999999999986</velocity>
      <orientation>-1.6343048105348927</orientation>
      <time>97</time>
    </ksState>
    <ksState>
      <x>153.98634011045633</x>
      <y>306.0695397391214</y>
      <steeringAngle>-0.4264000000000001</steeringAngle>
      <velocity>1.5999999999999979</velocity>
      <orientation>-1.6713277707489516</orientation>
      <time>98</time>
    </ksState>
    <ksState>
      <x>153.94442153437703</x>
      <y>305.95346108496693</y>
      <steeringAngle>-0.39086666666666675</steeringAngle>
      <velocity>0.7999999999999972</velocity>
      <orientation>-1.691587739971778</orientation>
      <time>99</time>
    </ksState>
  </ksTrajectory>
</CommonRoadSolution>
