<?xml version="1.0" ?>
<CommonRoadSolution benchmark_id="KS2:SM1:FRA_Miramas-2_1_T-1:2020a" computation_time="0.4400646189997133" date="2023-11-26T00:13:30">
  <ksTrajectory planningProblem="1">
    <ksState>
      <x>651.99661</x>
      <y>60.787141</y>
      <steeringAngle>0.0</steeringAngle>
      <velocity>4.0</velocity>
      <orientation>-0.21957578</orientation>
      <time>0</time>
    </ksState>
    <ksState>
      <x>652.347966376996</x>
      <y>60.70872738125717</y>
      <steeringAngle>0.0</steeringAngle>
      <velocity>3.2</velocity>
      <orientation>-0.21957578</orientation>
      <time>1</time>
    </ksState>
    <ksState>
      <x>652.6212435587817</x>
      <y>60.647739011195796</y>
      <steeringAngle>0.0</steeringAngle>
      <velocity>2.4000000000000004</velocity>
      <orientation>-0.21957578</orientation>
      <time>2</time>
    </ksState>
    <ksState>
      <x>652.8164415454564</x>
      <y>60.60417588979369</y>
      <steeringAngle>0.0</steeringAngle>
      <velocity>1.6</velocity>
      <orientation>-0.21957578</orientation>
      <time>3</time>
    </ksState>
    <ksState>
      <x>652.9335603370599</x>
      <y>60.578038017042</y>
      <steeringAngle>0.0</steeringAngle>
      <velocity>0.7999999999999998</velocity>
      <orientation>-0.21957578</orientation>
      <time>4</time>
    </ksState>
    <ksState>
      <x>652.9725999336438</x>
      <y>60.569325392929194</y>
      <steeringAngle>0.0</steeringAngle>
      <velocity>-3.3306690738754696e-16</velocity>
      <orientation>-0.21957578</orientation>
      <time>5</time>
    </ksState>
    <ksState>
      <x>652.9725999336438</x>
      <y>60.569325392929194</y>
      <steeringAngle>0.0</steeringAngle>
      <velocity>0.0</velocity>
      <orientation>-0.21957578</orientation>
      <time>6</time>
    </ksState>
    <ksState>
      <x>652.9725999336438</x>
      <y>60.569325392929194</y>
      <steeringAngle>0.0</steeringAngle>
      <velocity>0.0</velocity>
      <orientation>-0.21957578</orientation>
      <time>7</time>
    </ksState>
    <ksState>
      <x>652.9725999336438</x>
      <y>60.569325392929194</y>
      <steeringAngle>0.0</steeringAngle>
      <velocity>0.0</velocity>
      <orientation>-0.21957578</orientation>
      <time>8</time>
    </ksState>
    <ksState>
      <x>652.9725999336438</x>
      <y>60.569325392929194</y>
      <steeringAngle>0.0</steeringAngle>
      <velocity>0.0</velocity>
      <orientation>-0.21957578</orientation>
      <time>9</time>
    </ksState>
    <ksState>
      <x>652.9725999336438</x>
      <y>60.569325392929194</y>
      <steeringAngle>0.0</steeringAngle>
      <velocity>0.0</velocity>
      <orientation>-0.21957578</orientation>
      <time>10</time>
    </ksState>
    <ksState>
      <x>652.9725999336438</x>
      <y>60.569325392929194</y>
      <steeringAngle>0.0</steeringAngle>
      <velocity>0.0</velocity>
      <orientation>-0.21957578</orientation>
      <time>11</time>
    </ksState>
    <ksState>
      <x>652.9725999336438</x>
      <y>60.569325392929194</y>
      <steeringAngle>0.0</steeringAngle>
      <velocity>0.0</velocity>
      <orientation>-0.21957578</orientation>
      <time>12</time>
    </ksState>
    <ksState>
      <x>652.9725999336438</x>
      <y>60.569325392929194</y>
      <steeringAngle>0.0</steeringAngle>
      <velocity>0.0</velocity>
      <orientation>-0.21957578</orientation>
      <time>13</time>
    </ksState>
    <ksState>
      <x>652.9725999336438</x>
      <y>60.569325392929194</y>
      <steeringAngle>0.0</steeringAngle>
      <velocity>0.0</velocity>
      <orientation>-0.21957578</orientation>
      <time>14</time>
    </ksState>
    <ksState>
      <x>652.9725999336438</x>
      <y>60.569325392929194</y>
      <steeringAngle>0.0</steeringAngle>
      <velocity>0.0</velocity>
      <orientation>-0.21957578</orientation>
      <time>15</time>
    </ksState>
    <ksState>
      <x>653.0116395319086</x>
      <y>60.56061276844124</y>
      <steeringAngle>0.0</steeringAngle>
      <velocity>0.8</velocity>
      <orientation>-0.21957578</orientation>
      <time>16</time>
    </ksState>
    <ksState>
      <x>653.1287583255465</x>
      <y>60.53447489523552</y>
      <steeringAngle>0.0</steeringAngle>
      <velocity>1.6</velocity>
      <orientation>-0.21957578</orientation>
      <time>17</time>
    </ksState>
    <ksState>
      <x>653.3239563143866</x>
      <y>60.49091177335017</y>
      <steeringAngle>0.0</steeringAngle>
      <velocity>2.4000000000000004</velocity>
      <orientation>-0.21957578</orientation>
      <time>18</time>
    </ksState>
    <ksState>
      <x>653.5972334983771</x>
      <y>60.429923402796724</y>
      <steeringAngle>0.0</steeringAngle>
      <velocity>3.2000000000000006</velocity>
      <orientation>-0.21957578</orientation>
      <time>19</time>
    </ksState>
    <ksState>
      <x>653.9485898774968</x>
      <y>60.35150978357992</y>
      <steeringAngle>0.0</steeringAngle>
      <velocity>4.000000000000001</velocity>
      <orientation>-0.21957578</orientation>
      <time>20</time>
    </ksState>
    <ksState>
      <x>654.3780254516097</x>
      <y>60.25567091573015</y>
      <steeringAngle>0.0</steeringAngle>
      <velocity>4.8</velocity>
      <orientation>-0.21957578</orientation>
      <time>21</time>
    </ksState>
    <ksState>
      <x>654.8855402208775</x>
      <y>60.14240679921127</y>
      <steeringAngle>0.0</steeringAngle>
      <velocity>5.6</velocity>
      <orientation>-0.21957578</orientation>
      <time>22</time>
    </ksState>
    <ksState>
      <x>655.4711341852848</x>
      <y>60.011717434026764</y>
      <steeringAngle>0.0</steeringAngle>
      <velocity>6.4</velocity>
      <orientation>-0.21957578</orientation>
      <time>23</time>
    </ksState>
    <ksState>
      <x>656.1348073448223</x>
      <y>59.86360282017867</y>
      <steeringAngle>0.0</steeringAngle>
      <velocity>7.199999999999999</velocity>
      <orientation>-0.21957578</orientation>
      <time>24</time>
    </ksState>
    <ksState>
      <x>656.8765596994843</x>
      <y>59.69806295766827</y>
      <steeringAngle>0.0</steeringAngle>
      <velocity>7.999999999999998</velocity>
      <orientation>-0.21957578</orientation>
      <time>25</time>
    </ksState>
    <ksState>
      <x>657.6164159320948</x>
      <y>59.524122526590276</y>
      <steeringAngle>-0.03553333333333333</steeringAngle>
      <velocity>7.199999999999999</velocity>
      <orientation>-0.2247207929824923</orientation>
      <time>26</time>
    </ksState>
    <ksState>
      <x>658.2737933861946</x>
      <y>59.34913236214115</y>
      <steeringAngle>-0.07106666666666664</steeringAngle>
      <velocity>6.400000000000001</velocity>
      <orientation>-0.23869746510345544</orientation>
      <time>27</time>
    </ksState>
    <ksState>
      <x>658.8481452454381</x>
      <y>59.17322243726589</y>
      <steeringAngle>-0.10659999999999997</steeringAngle>
      <velocity>5.600000000000004</velocity>
      <orientation>-0.2593292329693368</orientation>
      <time>28</time>
    </ksState>
    <ksState>
      <x>659.3395188574724</x>
      <y>58.9994638316185</y>
      <steeringAngle>-0.1421333333333333</steeringAngle>
      <velocity>4.800000000000003</velocity>
      <orientation>-0.28444544047798503</orientation>
      <time>29</time>
    </ksState>
    <ksState>
      <x>659.7486978562602</x>
      <y>58.83313598484533</y>
      <steeringAngle>-0.17766666666666653</steeringAngle>
      <velocity>4.000000000000006</velocity>
      <orientation>-0.3118703370631349</orientation>
      <time>30</time>
    </ksState>
    <ksState>
      <x>660.0785453317619</x>
      <y>58.68459137778468</y>
      <steeringAngle>-0.17766666666666667</steeringAngle>
      <velocity>3.2000000000000006</velocity>
      <orientation>-0.3369357763313125</orientation>
      <time>31</time>
    </ksState>
    <ksState>
      <x>660.332458373555</x>
      <y>58.56336858670673</y>
      <steeringAngle>-0.17766666666666667</steeringAngle>
      <velocity>2.4000000000000012</velocity>
      <orientation>-0.35643111796134225</orientation>
      <time>32</time>
    </ksState>
    <ksState>
      <x>660.5123540664808</x>
      <y>58.47376172578617</y>
      <steeringAngle>-0.17766666666666667</steeringAngle>
      <velocity>1.6000000000000005</velocity>
      <orientation>-0.37035636196032323</orientation>
      <time>33</time>
    </ksState>
  </ksTrajectory>
</CommonRoadSolution>
