<?xml version="1.0" ?>
<CommonRoadSolution benchmark_id="KS2:SM1:HRV_Pula-32_2_T-1:2020a" computation_time="0.7451995699993859" date="2023-11-26T00:13:30">
  <ksTrajectory planningProblem="1">
    <ksState>
      <x>67.462995</x>
      <y>121.55823</y>
      <steeringAngle>0.0</steeringAngle>
      <velocity>8.0</velocity>
      <orientation>1.0905111</orientation>
      <time>0</time>
    </ksState>
    <ksState>
      <x>67.81413943478371</x>
      <y>122.23224601228424</y>
      <steeringAngle>0.0</steeringAngle>
      <velocity>7.200000000000001</velocity>
      <orientation>1.0905111</orientation>
      <time>1</time>
    </ksState>
    <ksState>
      <x>68.1283212973136</x>
      <y>122.83531297031496</y>
      <steeringAngle>0.0</steeringAngle>
      <velocity>6.400000000000001</velocity>
      <orientation>1.0905111</orientation>
      <time>2</time>
    </ksState>
    <ksState>
      <x>68.40554058768213</x>
      <y>123.36743087426966</y>
      <steeringAngle>0.0</steeringAngle>
      <velocity>5.600000000000001</velocity>
      <orientation>1.0905111</orientation>
      <time>3</time>
    </ksState>
    <ksState>
      <x>68.64579730591544</x>
      <y>123.82859972419848</y>
      <steeringAngle>0.0</steeringAngle>
      <velocity>4.800000000000001</velocity>
      <orientation>1.0905111</orientation>
      <time>4</time>
    </ksState>
    <ksState>
      <x>68.84909145202309</x>
      <y>124.21881952011984</y>
      <steeringAngle>0.0</steeringAngle>
      <velocity>4.000000000000001</velocity>
      <orientation>1.0905111</orientation>
      <time>5</time>
    </ksState>
    <ksState>
      <x>69.0154230260786</x>
      <y>124.53809026217475</y>
      <steeringAngle>0.0</steeringAngle>
      <velocity>3.2</velocity>
      <orientation>1.0905111</orientation>
      <time>6</time>
    </ksState>
    <ksState>
      <x>69.14479202796916</x>
      <y>124.7864119501468</y>
      <steeringAngle>0.0</steeringAngle>
      <velocity>2.4000000000000004</velocity>
      <orientation>1.0905111</orientation>
      <time>7</time>
    </ksState>
    <ksState>
      <x>69.2371984577419</x>
      <y>124.96378458412632</y>
      <steeringAngle>0.0</steeringAngle>
      <velocity>1.6</velocity>
      <orientation>1.0905111</orientation>
      <time>8</time>
    </ksState>
    <ksState>
      <x>69.2926423154155</x>
      <y>125.0702081641493</y>
      <steeringAngle>0.0</steeringAngle>
      <velocity>0.7999999999999998</velocity>
      <orientation>1.0905111</orientation>
      <time>9</time>
    </ksState>
    <ksState>
      <x>69.3111236010145</x>
      <y>125.10568269026273</y>
      <steeringAngle>0.0</steeringAngle>
      <velocity>-3.3306690738754696e-16</velocity>
      <orientation>1.0905111</orientation>
      <time>10</time>
    </ksState>
    <ksState>
      <x>69.3111236010145</x>
      <y>125.10568269026273</y>
      <steeringAngle>0.0</steeringAngle>
      <velocity>0.0</velocity>
      <orientation>1.0905111</orientation>
      <time>11</time>
    </ksState>
    <ksState>
      <x>69.3111236010145</x>
      <y>125.10568269026273</y>
      <steeringAngle>0.0</steeringAngle>
      <velocity>0.0</velocity>
      <orientation>1.0905111</orientation>
      <time>12</time>
    </ksState>
    <ksState>
      <x>69.3111236010145</x>
      <y>125.10568269026273</y>
      <steeringAngle>0.0</steeringAngle>
      <velocity>0.0</velocity>
      <orientation>1.0905111</orientation>
      <time>13</time>
    </ksState>
    <ksState>
      <x>69.3111236010145</x>
      <y>125.10568269026273</y>
      <steeringAngle>0.0</steeringAngle>
      <velocity>0.0</velocity>
      <orientation>1.0905111</orientation>
      <time>14</time>
    </ksState>
    <ksState>
      <x>69.3111236010145</x>
      <y>125.10568269026273</y>
      <steeringAngle>0.0</steeringAngle>
      <velocity>0.0</velocity>
      <orientation>1.0905111</orientation>
      <time>15</time>
    </ksState>
    <ksState>
      <x>69.3111236010145</x>
      <y>125.10568269026273</y>
      <steeringAngle>0.0</steeringAngle>
      <velocity>0.0</velocity>
      <orientation>1.0905111</orientation>
      <time>16</time>
    </ksState>
    <ksState>
      <x>69.3111236010145</x>
      <y>125.10568269026273</y>
      <steeringAngle>0.0</steeringAngle>
      <velocity>0.0</velocity>
      <orientation>1.0905111</orientation>
      <time>17</time>
    </ksState>
    <ksState>
      <x>69.3111236010145</x>
      <y>125.10568269026273</y>
      <steeringAngle>0.0</steeringAngle>
      <velocity>0.0</velocity>
      <orientation>1.0905111</orientation>
      <time>18</time>
    </ksState>
    <ksState>
      <x>69.3111236010145</x>
      <y>125.10568269026273</y>
      <steeringAngle>0.0</steeringAngle>
      <velocity>0.0</velocity>
      <orientation>1.0905111</orientation>
      <time>19</time>
    </ksState>
    <ksState>
      <x>69.3111236010145</x>
      <y>125.10568269026273</y>
      <steeringAngle>0.0</steeringAngle>
      <velocity>0.0</velocity>
      <orientation>1.0905111</orientation>
      <time>20</time>
    </ksState>
    <ksState>
      <x>69.3111236010145</x>
      <y>125.10568269026273</y>
      <steeringAngle>0.0</steeringAngle>
      <velocity>0.0</velocity>
      <orientation>1.0905111</orientation>
      <time>21</time>
    </ksState>
    <ksState>
      <x>69.3111236010145</x>
      <y>125.10568269026273</y>
      <steeringAngle>0.0</steeringAngle>
      <velocity>0.0</velocity>
      <orientation>1.0905111</orientation>
      <time>22</time>
    </ksState>
    <ksState>
      <x>69.3111236010145</x>
      <y>125.10568269026273</y>
      <steeringAngle>0.0</steeringAngle>
      <velocity>0.0</velocity>
      <orientation>1.0905111</orientation>
      <time>23</time>
    </ksState>
    <ksState>
      <x>69.3111236010145</x>
      <y>125.10568269026273</y>
      <steeringAngle>0.0</steeringAngle>
      <velocity>0.0</velocity>
      <orientation>1.0905111</orientation>
      <time>24</time>
    </ksState>
    <ksState>
      <x>69.3111236010145</x>
      <y>125.10568269026273</y>
      <steeringAngle>0.0</steeringAngle>
      <velocity>0.0</velocity>
      <orientation>1.0905111</orientation>
      <time>25</time>
    </ksState>
    <ksState>
      <x>69.3111236010145</x>
      <y>125.10568269026273</y>
      <steeringAngle>0.0</steeringAngle>
      <velocity>0.0</velocity>
      <orientation>1.0905111</orientation>
      <time>26</time>
    </ksState>
    <ksState>
      <x>69.3111236010145</x>
      <y>125.10568269026273</y>
      <steeringAngle>0.0</steeringAngle>
      <velocity>0.0</velocity>
      <orientation>1.0905111</orientation>
      <time>27</time>
    </ksState>
    <ksState>
      <x>69.3111236010145</x>
      <y>125.10568269026273</y>
      <steeringAngle>0.0</steeringAngle>
      <velocity>0.0</velocity>
      <orientation>1.0905111</orientation>
      <time>28</time>
    </ksState>
    <ksState>
      <x>69.3111236010145</x>
      <y>125.10568269026273</y>
      <steeringAngle>0.0</steeringAngle>
      <velocity>0.0</velocity>
      <orientation>1.0905111</orientation>
      <time>29</time>
    </ksState>
    <ksState>
      <x>69.3111236010145</x>
      <y>125.10568269026273</y>
      <steeringAngle>0.0</steeringAngle>
      <velocity>0.0</velocity>
      <orientation>1.0905111</orientation>
      <time>30</time>
    </ksState>
    <ksState>
      <x>69.3111236010145</x>
      <y>125.10568269026273</y>
      <steeringAngle>0.0</steeringAngle>
      <velocity>0.0</velocity>
      <orientation>1.0905111</orientation>
      <time>31</time>
    </ksState>
    <ksState>
      <x>69.3111236010145</x>
      <y>125.10568269026273</y>
      <steeringAngle>0.0</steeringAngle>
      <velocity>0.0</velocity>
      <orientation>1.0905111</orientation>
      <time>32</time>
    </ksState>
    <ksState>
      <x>69.3111236010145</x>
      <y>125.10568269026273</y>
      <steeringAngle>0.0</steeringAngle>
      <velocity>0.0</velocity>
      <orientation>1.0905111</orientation>
      <time>33</time>
    </ksState>
  </ksTrajectory>
</CommonRoadSolution>
