<?xml version="1.0" ?>
<CommonRoadSolution benchmark_id="KS2:SM1:ITA_Empoli-3_1_T-1:2020a" computation_time="0.22333755500039842" date="2023-11-26T00:13:30">
  <ksTrajectory planningProblem="1">
    <ksState>
      <x>-388.21367</x>
      <y>-927.42478</y>
      <steeringAngle>0.0</steeringAngle>
      <velocity>0.0</velocity>
      <orientation>-1.5882699</orientation>
      <time>0</time>
    </ksState>
    <ksState>
      <x>-388.2148976073401</x>
      <y>-927.4647645583548</y>
      <steeringAngle>-0.03553333333333333</steeringAngle>
      <velocity>0.8</velocity>
      <orientation>-1.588637431778242</orientation>
      <time>1</time>
    </ksState>
    <ksState>
      <x>-388.2208392938708</x>
      <y>-927.5846728120306</y>
      <steeringAngle>-0.0710666666666667</steeringAngle>
      <velocity>1.6</velocity>
      <orientation>-1.5912122783702276</orientation>
      <time>2</time>
    </ksState>
    <ksState>
      <x>-388.23553333320314</x>
      <y>-927.7843781137518</y>
      <steeringAngle>-0.10660000000000003</steeringAngle>
      <velocity>2.4000000000000004</velocity>
      <orientation>-1.5982129826070648</orientation>
      <time>3</time>
    </ksState>
    <ksState>
      <x>-388.2644641342853</x>
      <y>-928.0635489416688</y>
      <steeringAngle>-0.14213333333333342</steeringAngle>
      <velocity>3.2000000000000015</velocity>
      <orientation>-1.611880623547885</orientation>
      <time>4</time>
    </ksState>
    <ksState>
      <x>-388.3152858148414</x>
      <y>-928.4213708616476</y>
      <steeringAngle>-0.17766666666666683</steeringAngle>
      <velocity>4.0000000000000036</velocity>
      <orientation>-1.6344905394211051</orientation>
      <time>5</time>
    </ksState>
    <ksState>
      <x>-388.3814131046994</x>
      <y>-928.8174756693554</y>
      <steeringAngle>-0.1421333333333333</steeringAngle>
      <velocity>4.0</velocity>
      <orientation>-1.6595079457656283</orientation>
      <time>6</time>
    </ksState>
    <ksState>
      <x>-388.4483530060128</x>
      <y>-929.2128052323721</y>
      <steeringAngle>-0.10659999999999999</steeringAngle>
      <velocity>4.0</velocity>
      <orientation>-1.678899872056379</orientation>
      <time>7</time>
    </ksState>
    <ksState>
      <x>-388.51396647033556</x>
      <y>-929.6078824074588</y>
      <steeringAngle>-0.07106666666666664</steeringAngle>
      <velocity>4.0</velocity>
      <orientation>-1.6927161117913319</orientation>
      <time>8</time>
    </ksState>
    <ksState>
      <x>-388.5761193280592</x>
      <y>-930.0032038785184</y>
      <steeringAngle>-0.03553333333333332</steeringAngle>
      <velocity>4.0</velocity>
      <orientation>-1.7009918722535973</orientation>
      <time>9</time>
    </ksState>
    <ksState>
      <x>-388.63266672156055</x>
      <y>-930.3992077906277</y>
      <steeringAngle>2.2985086056692694e-17</steeringAngle>
      <velocity>4.0</velocity>
      <orientation>-1.7037481355484376</orientation>
      <time>10</time>
    </ksState>
    <ksState>
      <x>-388.6899411850217</x>
      <y>-930.7951035454413</y>
      <steeringAngle>-0.035533333333333326</steeringAngle>
      <velocity>4.0</velocity>
      <orientation>-1.706504410081038</orientation>
      <time>11</time>
    </ksState>
    <ksState>
      <x>-388.757173906738</x>
      <y>-931.1895818436737</y>
      <steeringAngle>-0.07106666666666711</steeringAngle>
      <velocity>4.0</velocity>
      <orientation>-1.7147801706243235</orientation>
      <time>12</time>
    </ksState>
    <ksState>
      <x>-388.8365514625086</x>
      <y>-931.582106678207</y>
      <steeringAngle>-0.10660000000000043</steeringAngle>
      <velocity>4.0</velocity>
      <orientation>-1.7285964104434604</orientation>
      <time>13</time>
    </ksState>
    <ksState>
      <x>-388.9302547219423</x>
      <y>-931.9719342332627</y>
      <steeringAngle>-0.14213333333333378</steeringAngle>
      <velocity>4.0</velocity>
      <orientation>-1.7479883368290061</orientation>
      <time>14</time>
    </ksState>
    <ksState>
      <x>-389.0404469073136</x>
      <y>-932.3580724012273</y>
      <steeringAngle>-0.1776666666666672</steeringAngle>
      <velocity>4.0</velocity>
      <orientation>-1.7730057432804034</orientation>
      <time>15</time>
    </ksState>
    <ksState>
      <x>-389.17795901507935</x>
      <y>-932.7782804961121</y>
      <steeringAngle>-0.17766666666666667</steeringAngle>
      <velocity>4.800000000000002</velocity>
      <orientation>-1.8036412803227375</orientation>
      <time>16</time>
    </ksState>
    <ksState>
      <x>-389.356973689193</x>
      <y>-933.2691748204155</y>
      <steeringAngle>-0.17766666666666667</steeringAngle>
      <velocity>5.600000000000001</velocity>
      <orientation>-1.8398469149992775</orientation>
      <time>17</time>
    </ksState>
    <ksState>
      <x>-389.58544735571354</x>
      <y>-933.8270990473638</y>
      <steeringAngle>-0.17766666666666667</steeringAngle>
      <velocity>6.3999999999999995</velocity>
      <orientation>-1.8816226473089175</orientation>
      <time>18</time>
    </ksState>
    <ksState>
      <x>-389.8722882924785</x>
      <y>-934.447238057319</y>
      <steeringAngle>-0.17766666666666667</steeringAngle>
      <velocity>7.200000000000002</velocity>
      <orientation>-1.9289684772510145</orientation>
      <time>19</time>
    </ksState>
    <ksState>
      <x>-390.2271951995523</x>
      <y>-935.1233835594021</y>
      <steeringAngle>-0.17766666666666667</steeringAngle>
      <velocity>8.0</velocity>
      <orientation>-1.9818844048251645</orientation>
      <time>20</time>
    </ksState>
    <ksState>
      <x>-390.6302892815874</x>
      <y>-935.8180454847935</y>
      <steeringAngle>-0.14213333333333336</steeringAngle>
      <velocity>8.0</velocity>
      <orientation>-2.031919216373913</orientation>
      <time>21</time>
    </ksState>
    <ksState>
      <x>-391.0496431505021</x>
      <y>-936.5015574760223</y>
      <steeringAngle>-0.1066000000000001</steeringAngle>
      <velocity>8.0</velocity>
      <orientation>-2.0707030683809102</orientation>
      <time>22</time>
    </ksState>
    <ksState>
      <x>-391.47765158445975</x>
      <y>-937.1785889485167</y>
      <steeringAngle>-0.07106666666666674</steeringAngle>
      <velocity>8.0</velocity>
      <orientation>-2.0983355474105974</orientation>
      <time>23</time>
    </ksState>
    <ksState>
      <x>-391.906961669656</x>
      <y>-937.8540645881044</y>
      <steeringAngle>-0.035533333333333354</steeringAngle>
      <velocity>8.0</velocity>
      <orientation>-2.1148870680396263</orientation>
      <time>24</time>
    </ksState>
    <ksState>
      <x>-392.33028517354563</x>
      <y>-938.5329375632256</y>
      <steeringAngle>-2.0816681711721685e-17</steeringAngle>
      <velocity>8.0</velocity>
      <orientation>-2.120399594498031</orientation>
      <time>25</time>
    </ksState>
    <ksState>
      <x>-392.7481643445802</x>
      <y>-939.2151230207189</y>
      <steeringAngle>0.0</steeringAngle>
      <velocity>8.0</velocity>
      <orientation>-2.120399594498031</orientation>
      <time>26</time>
    </ksState>
    <ksState>
      <x>-393.1660435156147</x>
      <y>-939.8973084782124</y>
      <steeringAngle>0.0</steeringAngle>
      <velocity>8.0</velocity>
      <orientation>-2.120399594498031</orientation>
      <time>27</time>
    </ksState>
    <ksState>
      <x>-393.58392268664926</x>
      <y>-940.5794939357057</y>
      <steeringAngle>0.0</steeringAngle>
      <velocity>8.0</velocity>
      <orientation>-2.120399594498031</orientation>
      <time>28</time>
    </ksState>
    <ksState>
      <x>-394.00180185768386</x>
      <y>-941.2616793931992</y>
      <steeringAngle>0.0</steeringAngle>
      <velocity>8.0</velocity>
      <orientation>-2.120399594498031</orientation>
      <time>29</time>
    </ksState>
    <ksState>
      <x>-394.4196810287184</x>
      <y>-941.9438648506925</y>
      <steeringAngle>0.0</steeringAngle>
      <velocity>8.0</velocity>
      <orientation>-2.120399594498031</orientation>
      <time>30</time>
    </ksState>
    <ksState>
      <x>-394.8239989861014</x>
      <y>-942.5874248772897</y>
      <steeringAngle>-0.03553333333333333</steeringAngle>
      <velocity>7.199999999999999</velocity>
      <orientation>-2.1255446074805233</orientation>
      <time>31</time>
    </ksState>
    <ksState>
      <x>-395.20258120837354</x>
      <y>-943.1526170355793</y>
      <steeringAngle>-0.07106666666666664</steeringAngle>
      <velocity>6.400000000000001</velocity>
      <orientation>-2.1395212796014866</orientation>
      <time>32</time>
    </ksState>
    <ksState>
      <x>-395.55512753053887</x>
      <y>-943.6389661392217</y>
      <steeringAngle>-0.10659999999999997</steeringAngle>
      <velocity>5.600000000000004</velocity>
      <orientation>-2.160153047467368</orientation>
      <time>33</time>
    </ksState>
  </ksTrajectory>
</CommonRoadSolution>
