<?xml version="1.0" ?>
<CommonRoadSolution benchmark_id="KS2:SM1:ESP_SantBoideLlobregat-18_2_T-1:2020a" computation_time="0.10691367900017212" date="2023-11-26T00:13:30">
  <ksTrajectory planningProblem="1">
    <ksState>
      <x>315.03649</x>
      <y>877.71709</y>
      <steeringAngle>0.0</steeringAngle>
      <velocity>16.0</velocity>
      <orientation>-1.5117542</orientation>
      <time>0</time>
    </ksState>
    <ksState>
      <x>315.1285422141032</x>
      <y>876.1598082692801</y>
      <steeringAngle>0.0</steeringAngle>
      <velocity>15.2</velocity>
      <orientation>-1.5117542</orientation>
      <time>1</time>
    </ksState>
    <ksState>
      <x>315.2158738018089</x>
      <y>874.6823871406983</y>
      <steeringAngle>0.0</steeringAngle>
      <velocity>14.400000000000002</velocity>
      <orientation>-1.5117542</orientation>
      <time>2</time>
    </ksState>
    <ksState>
      <x>315.29848476313896</x>
      <y>873.284826613885</y>
      <steeringAngle>0.0</steeringAngle>
      <velocity>13.600000000000001</velocity>
      <orientation>-1.5117542</orientation>
      <time>3</time>
    </ksState>
    <ksState>
      <x>315.3763750980999</x>
      <y>871.9671266887285</y>
      <steeringAngle>0.0</steeringAngle>
      <velocity>12.800000000000004</velocity>
      <orientation>-1.5117542</orientation>
      <time>4</time>
    </ksState>
    <ksState>
      <x>315.44954480669384</x>
      <y>870.7292873651932</y>
      <steeringAngle>0.0</steeringAngle>
      <velocity>12.000000000000002</velocity>
      <orientation>-1.5117542</orientation>
      <time>5</time>
    </ksState>
    <ksState>
      <x>315.5179938889616</x>
      <y>869.5713086425893</y>
      <steeringAngle>0.0</steeringAngle>
      <velocity>11.200000000000001</velocity>
      <orientation>-1.5117542</orientation>
      <time>6</time>
    </ksState>
    <ksState>
      <x>315.58172234483743</x>
      <y>868.4931905220282</y>
      <steeringAngle>0.0</steeringAngle>
      <velocity>10.4</velocity>
      <orientation>-1.5117542</orientation>
      <time>7</time>
    </ksState>
    <ksState>
      <x>315.6407301743397</x>
      <y>867.4949330032005</y>
      <steeringAngle>0.0</steeringAngle>
      <velocity>9.599999999999998</velocity>
      <orientation>-1.5117542</orientation>
      <time>8</time>
    </ksState>
    <ksState>
      <x>315.6950173774735</x>
      <y>866.5765360860185</y>
      <steeringAngle>0.0</steeringAngle>
      <velocity>8.799999999999999</velocity>
      <orientation>-1.5117542</orientation>
      <time>9</time>
    </ksState>
    <ksState>
      <x>315.7445839542406</x>
      <y>865.7379997704534</y>
      <steeringAngle>0.0</steeringAngle>
      <velocity>7.999999999999997</velocity>
      <orientation>-1.5117542</orientation>
      <time>10</time>
    </ksState>
    <ksState>
      <x>315.7894299046679</x>
      <y>864.97932405605</y>
      <steeringAngle>0.0</steeringAngle>
      <velocity>7.200000000000001</velocity>
      <orientation>-1.5117542</orientation>
      <time>11</time>
    </ksState>
    <ksState>
      <x>315.82955522871254</x>
      <y>864.300508943533</y>
      <steeringAngle>0.0</steeringAngle>
      <velocity>6.400000000000001</velocity>
      <orientation>-1.5117542</orientation>
      <time>12</time>
    </ksState>
    <ksState>
      <x>315.86495992638635</x>
      <y>863.7015544327026</y>
      <steeringAngle>0.0</steeringAngle>
      <velocity>5.600000000000001</velocity>
      <orientation>-1.5117542</orientation>
      <time>13</time>
    </ksState>
    <ksState>
      <x>315.8956439976926</x>
      <y>863.1824605235021</y>
      <steeringAngle>0.0</steeringAngle>
      <velocity>4.800000000000001</velocity>
      <orientation>-1.5117542</orientation>
      <time>14</time>
    </ksState>
    <ksState>
      <x>315.92160744263265</x>
      <y>862.743227215911</y>
      <steeringAngle>0.0</steeringAngle>
      <velocity>4.000000000000001</velocity>
      <orientation>-1.5117542</orientation>
      <time>15</time>
    </ksState>
    <ksState>
      <x>315.94285026121577</x>
      <y>862.3838545097706</y>
      <steeringAngle>0.0</steeringAngle>
      <velocity>3.2</velocity>
      <orientation>-1.5117542</orientation>
      <time>16</time>
    </ksState>
    <ksState>
      <x>315.9593724534276</x>
      <y>862.1043424053244</y>
      <steeringAngle>0.0</steeringAngle>
      <velocity>2.4000000000000004</velocity>
      <orientation>-1.5117542</orientation>
      <time>17</time>
    </ksState>
    <ksState>
      <x>315.97117401927414</x>
      <y>861.9046909024706</y>
      <steeringAngle>0.0</steeringAngle>
      <velocity>1.6</velocity>
      <orientation>-1.5117542</orientation>
      <time>18</time>
    </ksState>
    <ksState>
      <x>315.9782549587578</x>
      <y>861.7849000011689</y>
      <steeringAngle>0.0</steeringAngle>
      <velocity>0.7999999999999998</velocity>
      <orientation>-1.5117542</orientation>
      <time>19</time>
    </ksState>
    <ksState>
      <x>315.98061527188173</x>
      <y>861.7449697013664</y>
      <steeringAngle>0.0</steeringAngle>
      <velocity>-3.3306690738754696e-16</velocity>
      <orientation>-1.5117542</orientation>
      <time>20</time>
    </ksState>
    <ksState>
      <x>315.98061527188173</x>
      <y>861.7449697013664</y>
      <steeringAngle>0.0</steeringAngle>
      <velocity>0.0</velocity>
      <orientation>-1.5117542</orientation>
      <time>21</time>
    </ksState>
    <ksState>
      <x>315.98061527188173</x>
      <y>861.7449697013664</y>
      <steeringAngle>0.0</steeringAngle>
      <velocity>0.0</velocity>
      <orientation>-1.5117542</orientation>
      <time>22</time>
    </ksState>
    <ksState>
      <x>315.98061527188173</x>
      <y>861.7449697013664</y>
      <steeringAngle>0.0</steeringAngle>
      <velocity>0.0</velocity>
      <orientation>-1.5117542</orientation>
      <time>23</time>
    </ksState>
    <ksState>
      <x>315.98061527188173</x>
      <y>861.7449697013664</y>
      <steeringAngle>0.0</steeringAngle>
      <velocity>0.0</velocity>
      <orientation>-1.5117542</orientation>
      <time>24</time>
    </ksState>
    <ksState>
      <x>315.98061527188173</x>
      <y>861.7449697013664</y>
      <steeringAngle>0.0</steeringAngle>
      <velocity>0.0</velocity>
      <orientation>-1.5117542</orientation>
      <time>25</time>
    </ksState>
    <ksState>
      <x>315.98061527188173</x>
      <y>861.7449697013664</y>
      <steeringAngle>0.0</steeringAngle>
      <velocity>0.0</velocity>
      <orientation>-1.5117542</orientation>
      <time>26</time>
    </ksState>
    <ksState>
      <x>315.98061527188173</x>
      <y>861.7449697013664</y>
      <steeringAngle>0.0</steeringAngle>
      <velocity>0.0</velocity>
      <orientation>-1.5117542</orientation>
      <time>27</time>
    </ksState>
    <ksState>
      <x>315.98061527188173</x>
      <y>861.7449697013664</y>
      <steeringAngle>0.0</steeringAngle>
      <velocity>0.0</velocity>
      <orientation>-1.5117542</orientation>
      <time>28</time>
    </ksState>
    <ksState>
      <x>315.98061527188173</x>
      <y>861.7449697013664</y>
      <steeringAngle>0.0</steeringAngle>
      <velocity>0.0</velocity>
      <orientation>-1.5117542</orientation>
      <time>29</time>
    </ksState>
    <ksState>
      <x>315.98061527188173</x>
      <y>861.7449697013664</y>
      <steeringAngle>0.0</steeringAngle>
      <velocity>0.0</velocity>
      <orientation>-1.5117542</orientation>
      <time>30</time>
    </ksState>
    <ksState>
      <x>315.98061527188173</x>
      <y>861.7449697013664</y>
      <steeringAngle>0.0</steeringAngle>
      <velocity>0.0</velocity>
      <orientation>-1.5117542</orientation>
      <time>31</time>
    </ksState>
    <ksState>
      <x>315.98061527188173</x>
      <y>861.7449697013664</y>
      <steeringAngle>0.0</steeringAngle>
      <velocity>0.0</velocity>
      <orientation>-1.5117542</orientation>
      <time>32</time>
    </ksState>
    <ksState>
      <x>315.98061527188173</x>
      <y>861.7449697013664</y>
      <steeringAngle>0.0</steeringAngle>
      <velocity>0.0</velocity>
      <orientation>-1.5117542</orientation>
      <time>33</time>
    </ksState>
  </ksTrajectory>
</CommonRoadSolution>
