<?xml version="1.0" ?>
<CommonRoadSolution benchmark_id="KS2:SM1:ESP_Monzon-7_3_T-1:2020a" computation_time="0.4838565339996421" date="2023-11-26T00:13:30">
  <ksTrajectory planningProblem="1">
    <ksState>
      <x>861.38823</x>
      <y>87.908439</y>
      <steeringAngle>0.0</steeringAngle>
      <velocity>8.0</velocity>
      <orientation>1.7372566</orientation>
      <time>0</time>
    </ksState>
    <ksState>
      <x>861.2623036274293</x>
      <y>88.65793386161435</y>
      <steeringAngle>0.0</steeringAngle>
      <velocity>7.200000000000001</velocity>
      <orientation>1.7372566</orientation>
      <time>1</time>
    </ksState>
    <ksState>
      <x>861.149632662559</x>
      <y>89.3285345269036</y>
      <steeringAngle>0.0</steeringAngle>
      <velocity>6.400000000000001</velocity>
      <orientation>1.7372566</orientation>
      <time>2</time>
    </ksState>
    <ksState>
      <x>861.0502171053561</x>
      <y>89.92024099606512</y>
      <steeringAngle>0.0</steeringAngle>
      <velocity>5.600000000000001</velocity>
      <orientation>1.7372566</orientation>
      <time>3</time>
    </ksState>
    <ksState>
      <x>860.9640569558111</x>
      <y>90.43305326915468</y>
      <steeringAngle>0.0</steeringAngle>
      <velocity>4.800000000000001</velocity>
      <orientation>1.7372566</orientation>
      <time>4</time>
    </ksState>
    <ksState>
      <x>860.8911522139206</x>
      <y>90.86697134619276</y>
      <steeringAngle>0.0</steeringAngle>
      <velocity>4.000000000000001</velocity>
      <orientation>1.7372566</orientation>
      <time>5</time>
    </ksState>
    <ksState>
      <x>860.8315028796582</x>
      <y>91.22199522733617</y>
      <steeringAngle>0.0</steeringAngle>
      <velocity>3.2</velocity>
      <orientation>1.7372566</orientation>
      <time>6</time>
    </ksState>
    <ksState>
      <x>860.7851089530644</x>
      <y>91.49812491234424</y>
      <steeringAngle>0.0</steeringAngle>
      <velocity>2.4000000000000004</velocity>
      <orientation>1.7372566</orientation>
      <time>7</time>
    </ksState>
    <ksState>
      <x>860.7519704341223</x>
      <y>91.69536040131744</y>
      <steeringAngle>0.0</steeringAngle>
      <velocity>1.6</velocity>
      <orientation>1.7372566</orientation>
      <time>8</time>
    </ksState>
    <ksState>
      <x>860.7320873228252</x>
      <y>91.8137016942958</y>
      <steeringAngle>0.0</steeringAngle>
      <velocity>0.7999999999999998</velocity>
      <orientation>1.7372566</orientation>
      <time>9</time>
    </ksState>
    <ksState>
      <x>860.7254596191643</x>
      <y>91.85314879133153</y>
      <steeringAngle>0.0</steeringAngle>
      <velocity>-3.3306690738754696e-16</velocity>
      <orientation>1.7372566</orientation>
      <time>10</time>
    </ksState>
    <ksState>
      <x>860.7254596191643</x>
      <y>91.85314879133153</y>
      <steeringAngle>0.0</steeringAngle>
      <velocity>0.0</velocity>
      <orientation>1.7372566</orientation>
      <time>11</time>
    </ksState>
    <ksState>
      <x>860.7254596191643</x>
      <y>91.85314879133153</y>
      <steeringAngle>0.0</steeringAngle>
      <velocity>0.0</velocity>
      <orientation>1.7372566</orientation>
      <time>12</time>
    </ksState>
    <ksState>
      <x>860.7254596191643</x>
      <y>91.85314879133153</y>
      <steeringAngle>0.0</steeringAngle>
      <velocity>0.0</velocity>
      <orientation>1.7372566</orientation>
      <time>13</time>
    </ksState>
    <ksState>
      <x>860.7254596191643</x>
      <y>91.85314879133153</y>
      <steeringAngle>0.0</steeringAngle>
      <velocity>0.0</velocity>
      <orientation>1.7372566</orientation>
      <time>14</time>
    </ksState>
    <ksState>
      <x>860.7254596191643</x>
      <y>91.85314879133153</y>
      <steeringAngle>0.0</steeringAngle>
      <velocity>0.0</velocity>
      <orientation>1.7372566</orientation>
      <time>15</time>
    </ksState>
    <ksState>
      <x>860.7254596191643</x>
      <y>91.85314879133153</y>
      <steeringAngle>0.0</steeringAngle>
      <velocity>0.0</velocity>
      <orientation>1.7372566</orientation>
      <time>16</time>
    </ksState>
    <ksState>
      <x>860.7254596191643</x>
      <y>91.85314879133153</y>
      <steeringAngle>0.0</steeringAngle>
      <velocity>0.0</velocity>
      <orientation>1.7372566</orientation>
      <time>17</time>
    </ksState>
    <ksState>
      <x>860.7254596191643</x>
      <y>91.85314879133153</y>
      <steeringAngle>0.0</steeringAngle>
      <velocity>0.0</velocity>
      <orientation>1.7372566</orientation>
      <time>18</time>
    </ksState>
    <ksState>
      <x>860.7254596191643</x>
      <y>91.85314879133153</y>
      <steeringAngle>0.0</steeringAngle>
      <velocity>0.0</velocity>
      <orientation>1.7372566</orientation>
      <time>19</time>
    </ksState>
    <ksState>
      <x>860.7254596191643</x>
      <y>91.85314879133153</y>
      <steeringAngle>0.0</steeringAngle>
      <velocity>0.0</velocity>
      <orientation>1.7372566</orientation>
      <time>20</time>
    </ksState>
    <ksState>
      <x>860.7254596191643</x>
      <y>91.85314879133153</y>
      <steeringAngle>0.0</steeringAngle>
      <velocity>0.0</velocity>
      <orientation>1.7372566</orientation>
      <time>21</time>
    </ksState>
    <ksState>
      <x>860.7254596191643</x>
      <y>91.85314879133153</y>
      <steeringAngle>0.0</steeringAngle>
      <velocity>0.0</velocity>
      <orientation>1.7372566</orientation>
      <time>22</time>
    </ksState>
    <ksState>
      <x>860.7254596191643</x>
      <y>91.85314879133153</y>
      <steeringAngle>0.0</steeringAngle>
      <velocity>0.0</velocity>
      <orientation>1.7372566</orientation>
      <time>23</time>
    </ksState>
    <ksState>
      <x>860.7254596191643</x>
      <y>91.85314879133153</y>
      <steeringAngle>0.0</steeringAngle>
      <velocity>0.0</velocity>
      <orientation>1.7372566</orientation>
      <time>24</time>
    </ksState>
    <ksState>
      <x>860.7254596191643</x>
      <y>91.85314879133153</y>
      <steeringAngle>0.0</steeringAngle>
      <velocity>0.0</velocity>
      <orientation>1.7372566</orientation>
      <time>25</time>
    </ksState>
    <ksState>
      <x>860.7254596191643</x>
      <y>91.85314879133153</y>
      <steeringAngle>0.0</steeringAngle>
      <velocity>0.0</velocity>
      <orientation>1.7372566</orientation>
      <time>26</time>
    </ksState>
    <ksState>
      <x>860.7254596191643</x>
      <y>91.85314879133153</y>
      <steeringAngle>0.0</steeringAngle>
      <velocity>0.0</velocity>
      <orientation>1.7372566</orientation>
      <time>27</time>
    </ksState>
    <ksState>
      <x>860.7254596191643</x>
      <y>91.85314879133153</y>
      <steeringAngle>0.0</steeringAngle>
      <velocity>0.0</velocity>
      <orientation>1.7372566</orientation>
      <time>28</time>
    </ksState>
    <ksState>
      <x>860.7254596191643</x>
      <y>91.85314879133153</y>
      <steeringAngle>0.0</steeringAngle>
      <velocity>0.0</velocity>
      <orientation>1.7372566</orientation>
      <time>29</time>
    </ksState>
    <ksState>
      <x>860.7254596191643</x>
      <y>91.85314879133153</y>
      <steeringAngle>0.0</steeringAngle>
      <velocity>0.0</velocity>
      <orientation>1.7372566</orientation>
      <time>30</time>
    </ksState>
    <ksState>
      <x>860.7254596191643</x>
      <y>91.85314879133153</y>
      <steeringAngle>0.0</steeringAngle>
      <velocity>0.0</velocity>
      <orientation>1.7372566</orientation>
      <time>31</time>
    </ksState>
    <ksState>
      <x>860.7254596191643</x>
      <y>91.85314879133153</y>
      <steeringAngle>0.0</steeringAngle>
      <velocity>0.0</velocity>
      <orientation>1.7372566</orientation>
      <time>32</time>
    </ksState>
    <ksState>
      <x>860.7254596191643</x>
      <y>91.85314879133153</y>
      <steeringAngle>0.0</steeringAngle>
      <velocity>0.0</velocity>
      <orientation>1.7372566</orientation>
      <time>33</time>
    </ksState>
  </ksTrajectory>
</CommonRoadSolution>
