<?xml version="1.0" ?>
<CommonRoadSolution benchmark_id="KS2:SM1:DEU_Guetersloh-7_2_T-1:2020a" computation_time="0.4436985059996914" date="2023-11-26T00:13:30">
  <ksTrajectory planningProblem="1">
    <ksState>
      <x>-863.16844</x>
      <y>649.41908</y>
      <steeringAngle>0.0</steeringAngle>
      <velocity>0.0</velocity>
      <orientation>2.964863</orientation>
      <time>0</time>
    </ksState>
    <ksState>
      <x>-863.16844</x>
      <y>649.41908</y>
      <steeringAngle>0.0</steeringAngle>
      <velocity>0.0</velocity>
      <orientation>2.964863</orientation>
      <time>1</time>
    </ksState>
    <ksState>
      <x>-863.16844</x>
      <y>649.41908</y>
      <steeringAngle>0.0</steeringAngle>
      <velocity>0.0</velocity>
      <orientation>2.964863</orientation>
      <time>2</time>
    </ksState>
    <ksState>
      <x>-863.16844</x>
      <y>649.41908</y>
      <steeringAngle>0.0</steeringAngle>
      <velocity>0.0</velocity>
      <orientation>2.964863</orientation>
      <time>3</time>
    </ksState>
    <ksState>
      <x>-863.16844</x>
      <y>649.41908</y>
      <steeringAngle>0.0</steeringAngle>
      <velocity>0.0</velocity>
      <orientation>2.964863</orientation>
      <time>4</time>
    </ksState>
    <ksState>
      <x>-863.16844</x>
      <y>649.41908</y>
      <steeringAngle>0.0</steeringAngle>
      <velocity>0.0</velocity>
      <orientation>2.964863</orientation>
      <time>5</time>
    </ksState>
    <ksState>
      <x>-863.16844</x>
      <y>649.41908</y>
      <steeringAngle>0.0</steeringAngle>
      <velocity>0.0</velocity>
      <orientation>2.964863</orientation>
      <time>6</time>
    </ksState>
    <ksState>
      <x>-863.16844</x>
      <y>649.41908</y>
      <steeringAngle>0.0</steeringAngle>
      <velocity>0.0</velocity>
      <orientation>2.964863</orientation>
      <time>7</time>
    </ksState>
    <ksState>
      <x>-863.16844</x>
      <y>649.41908</y>
      <steeringAngle>0.0</steeringAngle>
      <velocity>0.0</velocity>
      <orientation>2.964863</orientation>
      <time>8</time>
    </ksState>
    <ksState>
      <x>-863.16844</x>
      <y>649.41908</y>
      <steeringAngle>0.0</steeringAngle>
      <velocity>0.0</velocity>
      <orientation>2.964863</orientation>
      <time>9</time>
    </ksState>
    <ksState>
      <x>-863.16844</x>
      <y>649.41908</y>
      <steeringAngle>0.0</steeringAngle>
      <velocity>0.0</velocity>
      <orientation>2.964863</orientation>
      <time>10</time>
    </ksState>
    <ksState>
      <x>-863.207816957487</x>
      <y>649.4261124446117</y>
      <steeringAngle>0.0</steeringAngle>
      <velocity>0.8</velocity>
      <orientation>2.964863</orientation>
      <time>11</time>
    </ksState>
    <ksState>
      <x>-863.3259478287814</x>
      <y>649.4472097782384</y>
      <steeringAngle>0.0</steeringAngle>
      <velocity>1.6</velocity>
      <orientation>2.964863</orientation>
      <time>12</time>
    </ksState>
    <ksState>
      <x>-863.5228326137106</x>
      <y>649.4823720008494</y>
      <steeringAngle>0.0</steeringAngle>
      <velocity>2.4000000000000004</velocity>
      <orientation>2.964863</orientation>
      <time>13</time>
    </ksState>
    <ksState>
      <x>-863.7984713122228</x>
      <y>649.5315991124353</y>
      <steeringAngle>0.0</steeringAngle>
      <velocity>3.2000000000000006</velocity>
      <orientation>2.964863</orientation>
      <time>14</time>
    </ksState>
    <ksState>
      <x>-864.1528639242963</x>
      <y>649.5948911129924</y>
      <steeringAngle>0.0</steeringAngle>
      <velocity>4.000000000000001</velocity>
      <orientation>2.964863</orientation>
      <time>15</time>
    </ksState>
    <ksState>
      <x>-864.5466334920109</x>
      <y>649.6652155578314</y>
      <steeringAngle>0.0</steeringAngle>
      <velocity>4.0</velocity>
      <orientation>2.964863</orientation>
      <time>16</time>
    </ksState>
    <ksState>
      <x>-864.9404030597253</x>
      <y>649.7355400026705</y>
      <steeringAngle>0.0</steeringAngle>
      <velocity>4.0</velocity>
      <orientation>2.964863</orientation>
      <time>17</time>
    </ksState>
    <ksState>
      <x>-865.3341726274399</x>
      <y>649.8058644475095</y>
      <steeringAngle>0.0</steeringAngle>
      <velocity>4.0</velocity>
      <orientation>2.964863</orientation>
      <time>18</time>
    </ksState>
    <ksState>
      <x>-865.7279421951544</x>
      <y>649.8761888923485</y>
      <steeringAngle>0.0</steeringAngle>
      <velocity>4.0</velocity>
      <orientation>2.964863</orientation>
      <time>19</time>
    </ksState>
    <ksState>
      <x>-866.1217117628689</x>
      <y>649.9465133371875</y>
      <steeringAngle>0.0</steeringAngle>
      <velocity>4.0</velocity>
      <orientation>2.964863</orientation>
      <time>20</time>
    </ksState>
    <ksState>
      <x>-866.5548582883665</x>
      <y>650.0238702266911</y>
      <steeringAngle>0.0</steeringAngle>
      <velocity>4.8</velocity>
      <orientation>2.964863</orientation>
      <time>21</time>
    </ksState>
    <ksState>
      <x>-867.0667587274517</x>
      <y>650.1152920051705</y>
      <steeringAngle>0.0</steeringAngle>
      <velocity>5.6</velocity>
      <orientation>2.964863</orientation>
      <time>22</time>
    </ksState>
    <ksState>
      <x>-867.6574130801083</x>
      <y>650.2207786726228</y>
      <steeringAngle>0.0</steeringAngle>
      <velocity>6.4</velocity>
      <orientation>2.964863</orientation>
      <time>23</time>
    </ksState>
    <ksState>
      <x>-868.3268213463275</x>
      <y>650.3403302290465</y>
      <steeringAngle>0.0</steeringAngle>
      <velocity>7.199999999999999</velocity>
      <orientation>2.964863</orientation>
      <time>24</time>
    </ksState>
    <ksState>
      <x>-869.0749835261034</x>
      <y>650.4739466744403</y>
      <steeringAngle>0.0</steeringAngle>
      <velocity>7.999999999999998</velocity>
      <orientation>2.964863</orientation>
      <time>25</time>
    </ksState>
    <ksState>
      <x>-869.8608616774247</x>
      <y>650.6237589117467</y>
      <steeringAngle>-0.03553333333333333</steeringAngle>
      <velocity>8.0</velocity>
      <orientation>2.959350464997161</orientation>
      <time>26</time>
    </ksState>
    <ksState>
      <x>-870.6420576959151</x>
      <y>650.7976492643671</y>
      <steeringAngle>-0.07106666666666667</steeringAngle>
      <velocity>8.0</velocity>
      <orientation>2.9427989441168916</orientation>
      <time>27</time>
    </ksState>
    <ksState>
      <x>-871.4158802384209</x>
      <y>651.004156008404</y>
      <steeringAngle>-0.10659999999999997</steeringAngle>
      <velocity>8.0</velocity>
      <orientation>2.9151664648261963</orientation>
      <time>28</time>
    </ksState>
    <ksState>
      <x>-872.17853684462</x>
      <y>651.2516160960436</y>
      <steeringAngle>-0.1421333333333333</steeringAngle>
      <velocity>8.0</velocity>
      <orientation>2.8763826125534617</orientation>
      <time>29</time>
    </ksState>
    <ksState>
      <x>-872.9248462825235</x>
      <y>651.5480070198781</y>
      <steeringAngle>-0.17766666666666667</steeringAngle>
      <velocity>8.0</velocity>
      <orientation>2.826347800304307</orientation>
      <time>30</time>
    </ksState>
    <ksState>
      <x>-873.6187489143562</x>
      <y>651.8652963664592</y>
      <steeringAngle>-0.1421333333333334</steeringAngle>
      <velocity>7.2</velocity>
      <orientation>2.77872047855867</orientation>
      <time>31</time>
    </ksState>
    <ksState>
      <x>-874.2327438524408</x>
      <y>652.1613212187228</y>
      <steeringAngle>-0.10660000000000011</steeringAngle>
      <velocity>6.4</velocity>
      <orientation>2.745660908110702</orientation>
      <time>32</time>
    </ksState>
    <ksState>
      <x>-874.7720075088212</x>
      <y>652.4260539434704</y>
      <steeringAngle>-0.07106666666666674</steeringAngle>
      <velocity>5.600000000000001</velocity>
      <orientation>2.7248439598168135</orientation>
      <time>33</time>
    </ksState>
  </ksTrajectory>
</CommonRoadSolution>
