<?xml version="1.0" ?>
<CommonRoadSolution benchmark_id="KS2:SM1:ITA_CarpiCentro-3_1_T-1:2020a" computation_time="0.6249572809992969" date="2023-11-26T00:13:30">
  <ksTrajectory planningProblem="1">
    <ksState>
      <x>474.58582</x>
      <y>-788.92045</y>
      <steeringAngle>0.0</steeringAngle>
      <velocity>4.0</velocity>
      <orientation>1.2161716</orientation>
      <time>0</time>
    </ksState>
    <ksState>
      <x>474.7108258478227</x>
      <y>-788.5828503298725</y>
      <steeringAngle>0.0</steeringAngle>
      <velocity>3.2</velocity>
      <orientation>1.2161716</orientation>
      <time>1</time>
    </ksState>
    <ksState>
      <x>474.8080526182368</x>
      <y>-788.3202728089718</y>
      <steeringAngle>0.0</steeringAngle>
      <velocity>2.4000000000000004</velocity>
      <orientation>1.2161716</orientation>
      <time>2</time>
    </ksState>
    <ksState>
      <x>474.87750031127763</x>
      <y>-788.1327174372027</y>
      <steeringAngle>0.0</steeringAngle>
      <velocity>1.6</velocity>
      <orientation>1.2161716</orientation>
      <time>3</time>
    </ksState>
    <ksState>
      <x>474.91916892695934</x>
      <y>-788.0201842145268</y>
      <steeringAngle>0.0</steeringAngle>
      <velocity>0.7999999999999998</velocity>
      <orientation>1.2161716</orientation>
      <time>4</time>
    </ksState>
    <ksState>
      <x>474.9330584653003</x>
      <y>-787.9826731408947</y>
      <steeringAngle>0.0</steeringAngle>
      <velocity>-3.3306690738754696e-16</velocity>
      <orientation>1.2161716</orientation>
      <time>5</time>
    </ksState>
    <ksState>
      <x>474.9330584653003</x>
      <y>-787.9826731408947</y>
      <steeringAngle>0.0</steeringAngle>
      <velocity>0.0</velocity>
      <orientation>1.2161716</orientation>
      <time>6</time>
    </ksState>
    <ksState>
      <x>474.9330584653003</x>
      <y>-787.9826731408947</y>
      <steeringAngle>0.0</steeringAngle>
      <velocity>0.0</velocity>
      <orientation>1.2161716</orientation>
      <time>7</time>
    </ksState>
    <ksState>
      <x>474.9330584653003</x>
      <y>-787.9826731408947</y>
      <steeringAngle>0.0</steeringAngle>
      <velocity>0.0</velocity>
      <orientation>1.2161716</orientation>
      <time>8</time>
    </ksState>
    <ksState>
      <x>474.9330584653003</x>
      <y>-787.9826731408947</y>
      <steeringAngle>0.0</steeringAngle>
      <velocity>0.0</velocity>
      <orientation>1.2161716</orientation>
      <time>9</time>
    </ksState>
    <ksState>
      <x>474.9330584653003</x>
      <y>-787.9826731408947</y>
      <steeringAngle>0.0</steeringAngle>
      <velocity>0.0</velocity>
      <orientation>1.2161716</orientation>
      <time>10</time>
    </ksState>
    <ksState>
      <x>474.9330584653003</x>
      <y>-787.9826731408947</y>
      <steeringAngle>0.0</steeringAngle>
      <velocity>0.0</velocity>
      <orientation>1.2161716</orientation>
      <time>11</time>
    </ksState>
    <ksState>
      <x>474.9330584653003</x>
      <y>-787.9826731408947</y>
      <steeringAngle>0.0</steeringAngle>
      <velocity>0.0</velocity>
      <orientation>1.2161716</orientation>
      <time>12</time>
    </ksState>
    <ksState>
      <x>474.9330584653003</x>
      <y>-787.9826731408947</y>
      <steeringAngle>0.0</steeringAngle>
      <velocity>0.0</velocity>
      <orientation>1.2161716</orientation>
      <time>13</time>
    </ksState>
    <ksState>
      <x>474.9330584653003</x>
      <y>-787.9826731408947</y>
      <steeringAngle>0.0</steeringAngle>
      <velocity>0.0</velocity>
      <orientation>1.2161716</orientation>
      <time>14</time>
    </ksState>
    <ksState>
      <x>474.9330584653003</x>
      <y>-787.9826731408947</y>
      <steeringAngle>0.0</steeringAngle>
      <velocity>0.0</velocity>
      <orientation>1.2161716</orientation>
      <time>15</time>
    </ksState>
    <ksState>
      <x>474.9330584653003</x>
      <y>-787.9826731408947</y>
      <steeringAngle>0.0</steeringAngle>
      <velocity>0.0</velocity>
      <orientation>1.2161716</orientation>
      <time>16</time>
    </ksState>
    <ksState>
      <x>474.9330584653003</x>
      <y>-787.9826731408947</y>
      <steeringAngle>0.0</steeringAngle>
      <velocity>0.0</velocity>
      <orientation>1.2161716</orientation>
      <time>17</time>
    </ksState>
    <ksState>
      <x>474.9330584653003</x>
      <y>-787.9826731408947</y>
      <steeringAngle>0.0</steeringAngle>
      <velocity>0.0</velocity>
      <orientation>1.2161716</orientation>
      <time>18</time>
    </ksState>
    <ksState>
      <x>474.9330584653003</x>
      <y>-787.9826731408947</y>
      <steeringAngle>0.0</steeringAngle>
      <velocity>0.0</velocity>
      <orientation>1.2161716</orientation>
      <time>19</time>
    </ksState>
    <ksState>
      <x>474.9330584653003</x>
      <y>-787.9826731408947</y>
      <steeringAngle>0.0</steeringAngle>
      <velocity>0.0</velocity>
      <orientation>1.2161716</orientation>
      <time>20</time>
    </ksState>
    <ksState>
      <x>474.9330584653003</x>
      <y>-787.9826731408947</y>
      <steeringAngle>0.0</steeringAngle>
      <velocity>0.0</velocity>
      <orientation>1.2161716</orientation>
      <time>21</time>
    </ksState>
    <ksState>
      <x>474.9330584653003</x>
      <y>-787.9826731408947</y>
      <steeringAngle>0.0</steeringAngle>
      <velocity>0.0</velocity>
      <orientation>1.2161716</orientation>
      <time>22</time>
    </ksState>
    <ksState>
      <x>474.9330584653003</x>
      <y>-787.9826731408947</y>
      <steeringAngle>0.0</steeringAngle>
      <velocity>0.0</velocity>
      <orientation>1.2161716</orientation>
      <time>23</time>
    </ksState>
    <ksState>
      <x>474.9330584653003</x>
      <y>-787.9826731408947</y>
      <steeringAngle>0.0</steeringAngle>
      <velocity>0.0</velocity>
      <orientation>1.2161716</orientation>
      <time>24</time>
    </ksState>
    <ksState>
      <x>474.9330584653003</x>
      <y>-787.9826731408947</y>
      <steeringAngle>0.0</steeringAngle>
      <velocity>0.0</velocity>
      <orientation>1.2161716</orientation>
      <time>25</time>
    </ksState>
    <ksState>
      <x>474.9330584653003</x>
      <y>-787.9826731408947</y>
      <steeringAngle>0.0</steeringAngle>
      <velocity>0.0</velocity>
      <orientation>1.2161716</orientation>
      <time>26</time>
    </ksState>
    <ksState>
      <x>474.9330584653003</x>
      <y>-787.9826731408947</y>
      <steeringAngle>0.0</steeringAngle>
      <velocity>0.0</velocity>
      <orientation>1.2161716</orientation>
      <time>27</time>
    </ksState>
    <ksState>
      <x>474.9330584653003</x>
      <y>-787.9826731408947</y>
      <steeringAngle>0.0</steeringAngle>
      <velocity>0.0</velocity>
      <orientation>1.2161716</orientation>
      <time>28</time>
    </ksState>
    <ksState>
      <x>474.9330584653003</x>
      <y>-787.9826731408947</y>
      <steeringAngle>0.0</steeringAngle>
      <velocity>0.0</velocity>
      <orientation>1.2161716</orientation>
      <time>29</time>
    </ksState>
    <ksState>
      <x>474.9330584653003</x>
      <y>-787.9826731408947</y>
      <steeringAngle>0.0</steeringAngle>
      <velocity>0.0</velocity>
      <orientation>1.2161716</orientation>
      <time>30</time>
    </ksState>
    <ksState>
      <x>474.9469480042393</x>
      <y>-787.9451620656473</y>
      <steeringAngle>0.0</steeringAngle>
      <velocity>0.8</velocity>
      <orientation>1.2161716</orientation>
      <time>31</time>
    </ksState>
    <ksState>
      <x>474.9886166206448</x>
      <y>-787.8326288410167</y>
      <steeringAngle>0.0</steeringAngle>
      <velocity>1.6</velocity>
      <orientation>1.2161716</orientation>
      <time>32</time>
    </ksState>
    <ksState>
      <x>475.05806431445603</x>
      <y>-787.645073467167</y>
      <steeringAngle>0.0</steeringAngle>
      <velocity>2.4000000000000004</velocity>
      <orientation>1.2161716</orientation>
      <time>33</time>
    </ksState>
  </ksTrajectory>
</CommonRoadSolution>
