<?xml version="1.0" ?>
<CommonRoadSolution benchmark_id="KS2:SM1:ESP_SantBoideLlobregat-6_2_T-1:2020a" computation_time="0.7871089820000634" date="2023-11-26T00:13:30">
  <ksTrajectory planningProblem="1">
    <ksState>
      <x>458.60677</x>
      <y>-776.99502</y>
      <steeringAngle>0.0</steeringAngle>
      <velocity>4.0</velocity>
      <orientation>-0.39826631</orientation>
      <time>0</time>
    </ksState>
    <ksState>
      <x>458.97546389605725</x>
      <y>-777.1501483694561</y>
      <steeringAngle>0.0</steeringAngle>
      <velocity>4.0</velocity>
      <orientation>-0.39826631</orientation>
      <time>1</time>
    </ksState>
    <ksState>
      <x>459.3441577921145</x>
      <y>-777.3052767389122</y>
      <steeringAngle>0.0</steeringAngle>
      <velocity>4.0</velocity>
      <orientation>-0.39826631</orientation>
      <time>2</time>
    </ksState>
    <ksState>
      <x>459.7128516881717</x>
      <y>-777.4604051083684</y>
      <steeringAngle>0.0</steeringAngle>
      <velocity>4.0</velocity>
      <orientation>-0.39826631</orientation>
      <time>3</time>
    </ksState>
    <ksState>
      <x>460.081545584229</x>
      <y>-777.6155334778246</y>
      <steeringAngle>0.0</steeringAngle>
      <velocity>4.0</velocity>
      <orientation>-0.39826631</orientation>
      <time>4</time>
    </ksState>
    <ksState>
      <x>460.45023948028626</x>
      <y>-777.7706618472807</y>
      <steeringAngle>0.0</steeringAngle>
      <velocity>4.0</velocity>
      <orientation>-0.39826631</orientation>
      <time>5</time>
    </ksState>
    <ksState>
      <x>460.8189333763435</x>
      <y>-777.9257902167369</y>
      <steeringAngle>0.0</steeringAngle>
      <velocity>4.0</velocity>
      <orientation>-0.39826631</orientation>
      <time>6</time>
    </ksState>
    <ksState>
      <x>461.1876272724008</x>
      <y>-778.080918586193</y>
      <steeringAngle>0.0</steeringAngle>
      <velocity>4.0</velocity>
      <orientation>-0.39826631</orientation>
      <time>7</time>
    </ksState>
    <ksState>
      <x>461.556321168458</x>
      <y>-778.2360469556492</y>
      <steeringAngle>0.0</steeringAngle>
      <velocity>4.0</velocity>
      <orientation>-0.39826631</orientation>
      <time>8</time>
    </ksState>
    <ksState>
      <x>461.92501506451526</x>
      <y>-778.3911753251053</y>
      <steeringAngle>0.0</steeringAngle>
      <velocity>4.0</velocity>
      <orientation>-0.39826631</orientation>
      <time>9</time>
    </ksState>
    <ksState>
      <x>462.29370896057253</x>
      <y>-778.5463036945615</y>
      <steeringAngle>0.0</steeringAngle>
      <velocity>4.0</velocity>
      <orientation>-0.39826631</orientation>
      <time>10</time>
    </ksState>
    <ksState>
      <x>462.69927224718276</x>
      <y>-778.7169449013618</y>
      <steeringAngle>0.0</steeringAngle>
      <velocity>4.8</velocity>
      <orientation>-0.39826631</orientation>
      <time>11</time>
    </ksState>
    <ksState>
      <x>463.1785743130461</x>
      <y>-778.9186117820709</y>
      <steeringAngle>0.0</steeringAngle>
      <velocity>5.6</velocity>
      <orientation>-0.39826631</orientation>
      <time>12</time>
    </ksState>
    <ksState>
      <x>463.73161515814786</x>
      <y>-779.1513043366825</y>
      <steeringAngle>0.0</steeringAngle>
      <velocity>6.4</velocity>
      <orientation>-0.39826631</orientation>
      <time>13</time>
    </ksState>
    <ksState>
      <x>464.3583947824793</x>
      <y>-779.4150225651931</y>
      <steeringAngle>0.0</steeringAngle>
      <velocity>7.199999999999999</velocity>
      <orientation>-0.39826631</orientation>
      <time>14</time>
    </ksState>
    <ksState>
      <x>465.0589131860352</x>
      <y>-779.7097664676004</y>
      <steeringAngle>0.0</steeringAngle>
      <velocity>7.999999999999998</velocity>
      <orientation>-0.39826631</orientation>
      <time>15</time>
    </ksState>
    <ksState>
      <x>465.75607253260176</x>
      <y>-780.0124401598683</y>
      <steeringAngle>-0.03553333333333333</steeringAngle>
      <velocity>7.199999999999999</velocity>
      <orientation>-0.4034113229824923</orientation>
      <time>16</time>
    </ksState>
    <ksState>
      <x>466.37187980612936</x>
      <y>-780.3014870015448</y>
      <steeringAngle>-0.07106666666666664</steeringAngle>
      <velocity>6.400000000000001</velocity>
      <orientation>-0.4173879951034554</orientation>
      <time>17</time>
    </ksState>
    <ksState>
      <x>466.90581999860945</x>
      <y>-780.5766818974647</y>
      <steeringAngle>-0.10659999999999997</steeringAngle>
      <velocity>5.600000000000004</velocity>
      <orientation>-0.4380197629693368</orientation>
      <time>18</time>
    </ksState>
    <ksState>
      <x>467.35848556088183</x>
      <y>-780.8350110835294</y>
      <steeringAngle>-0.1421333333333333</steeringAngle>
      <velocity>4.800000000000003</velocity>
      <orientation>-0.46313597047798505</orientation>
      <time>19</time>
    </ksState>
    <ksState>
      <x>467.73158602277175</x>
      <y>-781.0714184670829</y>
      <steeringAngle>-0.17766666666666653</steeringAngle>
      <velocity>4.000000000000006</velocity>
      <orientation>-0.4905608670631349</orientation>
      <time>20</time>
    </ksState>
    <ksState>
      <x>468.0297789474681</x>
      <y>-781.2762252956867</y>
      <steeringAngle>-0.17766666666666667</steeringAngle>
      <velocity>3.2000000000000006</velocity>
      <orientation>-0.5156263063313125</orientation>
      <time>21</time>
    </ksState>
    <ksState>
      <x>468.25810273075314</x>
      <y>-781.4406486755806</y>
      <steeringAngle>-0.17766666666666667</steeringAngle>
      <velocity>2.4000000000000012</velocity>
      <orientation>-0.5351216479613423</orientation>
      <time>22</time>
    </ksState>
    <ksState>
      <x>468.4192071728739</x>
      <y>-781.5608036113355</y>
      <steeringAngle>-0.17766666666666667</steeringAngle>
      <velocity>1.6000000000000005</velocity>
      <orientation>-0.5490468919603232</orientation>
      <time>23</time>
    </ksState>
    <ksState>
      <x>468.51506121793165</x>
      <y>-781.6339693036589</y>
      <steeringAngle>-0.17766666666666667</steeringAngle>
      <velocity>0.8000000000000004</velocity>
      <orientation>-0.5574020383310774</orientation>
      <time>24</time>
    </ksState>
    <ksState>
      <x>468.546876300783</x>
      <y>-781.6585355329207</y>
      <steeringAngle>-0.17766666666666667</steeringAngle>
      <velocity>2.7755575615628914e-16</velocity>
      <orientation>-0.5601870870772927</orientation>
      <time>25</time>
    </ksState>
    <ksState>
      <x>468.546876300783</x>
      <y>-781.6585355329207</y>
      <steeringAngle>-0.14213333333333336</steeringAngle>
      <velocity>0.0</velocity>
      <orientation>-0.5601870870772927</orientation>
      <time>26</time>
    </ksState>
    <ksState>
      <x>468.546876300783</x>
      <y>-781.6585355329207</y>
      <steeringAngle>-0.10660000000000001</steeringAngle>
      <velocity>0.0</velocity>
      <orientation>-0.5601870870772927</orientation>
      <time>27</time>
    </ksState>
    <ksState>
      <x>468.546876300783</x>
      <y>-781.6585355329207</y>
      <steeringAngle>-0.07106666666666668</steeringAngle>
      <velocity>0.0</velocity>
      <orientation>-0.5601870870772927</orientation>
      <time>28</time>
    </ksState>
    <ksState>
      <x>468.546876300783</x>
      <y>-781.6585355329207</y>
      <steeringAngle>-0.03553333333333333</steeringAngle>
      <velocity>0.0</velocity>
      <orientation>-0.5601870870772927</orientation>
      <time>29</time>
    </ksState>
    <ksState>
      <x>468.546876300783</x>
      <y>-781.6585355329207</y>
      <steeringAngle>-0.0</steeringAngle>
      <velocity>0.0</velocity>
      <orientation>-0.5601870870772927</orientation>
      <time>30</time>
    </ksState>
    <ksState>
      <x>468.546876300783</x>
      <y>-781.6585355329207</y>
      <steeringAngle>0.0</steeringAngle>
      <velocity>0.0</velocity>
      <orientation>-0.5601870870772927</orientation>
      <time>31</time>
    </ksState>
    <ksState>
      <x>468.546876300783</x>
      <y>-781.6585355329207</y>
      <steeringAngle>0.0</steeringAngle>
      <velocity>0.0</velocity>
      <orientation>-0.5601870870772927</orientation>
      <time>32</time>
    </ksState>
    <ksState>
      <x>468.546876300783</x>
      <y>-781.6585355329207</y>
      <steeringAngle>0.0</steeringAngle>
      <velocity>0.0</velocity>
      <orientation>-0.5601870870772927</orientation>
      <time>33</time>
    </ksState>
  </ksTrajectory>
</CommonRoadSolution>
