<?xml version="1.0" ?>
<CommonRoadSolution benchmark_id="KS2:SM1:BEL_Putte-10_2_T-1:2020a" computation_time="0.1608140579999997" date="2023-11-26T00:13:30">
  <ksTrajectory planningProblem="1">
    <ksState>
      <x>65.630609</x>
      <y>1.1482173000000002</y>
      <steeringAngle>0.0</steeringAngle>
      <velocity>12.0</velocity>
      <orientation>-1.1151146</orientation>
      <time>0</time>
    </ksState>
    <ksState>
      <x>66.12825113098584</x>
      <y>0.10034494174995623</y>
      <steeringAngle>-0.03553333333333333</steeringAngle>
      <velocity>11.200000000000001</velocity>
      <orientation>-1.1230158737723441</orientation>
      <time>1</time>
    </ksState>
    <ksState>
      <x>66.55751304836512</x>
      <y>-0.8911201493155081</y>
      <steeringAngle>-0.07106666666666667</steeringAngle>
      <velocity>10.400000000000007</velocity>
      <orientation>-1.145268304570834</orientation>
      <time>2</time>
    </ksState>
    <ksState>
      <x>66.91062957853988</x>
      <y>-1.8278687850582886</y>
      <steeringAngle>-0.10660000000000001</steeringAngle>
      <velocity>9.60000000000001</velocity>
      <orientation>-1.1797163154555057</orientation>
      <time>3</time>
    </ksState>
    <ksState>
      <x>67.18414197721722</x>
      <y>-2.708400051561907</y>
      <steeringAngle>-0.14213333333333344</steeringAngle>
      <velocity>8.800000000000008</velocity>
      <orientation>-1.2242244475763506</orientation>
      <time>4</time>
    </ksState>
    <ksState>
      <x>67.37860901282609</x>
      <y>-3.528803833685532</y>
      <steeringAngle>-0.17766666666666675</steeringAngle>
      <velocity>8.000000000000009</velocity>
      <orientation>-1.276666745391332</orientation>
      <time>5</time>
    </ksState>
    <ksState>
      <x>67.51558814051967</x>
      <y>-4.27941032879103</y>
      <steeringAngle>-0.1421333333333334</steeringAngle>
      <velocity>7.2</velocity>
      <orientation>-1.324294067136969</orientation>
      <time>6</time>
    </ksState>
    <ksState>
      <x>67.62426874942659</x>
      <y>-4.9523211864823224</y>
      <steeringAngle>-0.10660000000000011</steeringAngle>
      <velocity>6.4</velocity>
      <orientation>-1.3573536375849369</orientation>
      <time>7</time>
    </ksState>
    <ksState>
      <x>67.71583630444498</x>
      <y>-5.546041734815422</y>
      <steeringAngle>-0.07106666666666674</steeringAngle>
      <velocity>5.600000000000001</velocity>
      <orientation>-1.3781705858788253</orientation>
      <time>8</time>
    </ksState>
    <ksState>
      <x>67.79713931750051</x>
      <y>-6.059885143367655</y>
      <steeringAngle>-0.03553333333333339</steeringAngle>
      <velocity>4.800000000000001</velocity>
      <orientation>-1.3890211955364884</orientation>
      <time>9</time>
    </ksState>
    <ksState>
      <x>67.87141389139431</x>
      <y>-6.4935956945913205</y>
      <steeringAngle>-5.5294310796760726e-17</steeringAngle>
      <velocity>4.0</velocity>
      <orientation>-1.3921449713736538</orientation>
      <time>10</time>
    </ksState>
    <ksState>
      <x>67.93538681121048</x>
      <y>-6.847866021870184</y>
      <steeringAngle>0.0</steeringAngle>
      <velocity>3.2</velocity>
      <orientation>-1.3921449713736538</orientation>
      <time>11</time>
    </ksState>
    <ksState>
      <x>67.98514352656436</x>
      <y>-7.123409609428739</y>
      <steeringAngle>0.0</steeringAngle>
      <velocity>2.4000000000000004</velocity>
      <orientation>-1.3921449713736538</orientation>
      <time>12</time>
    </ksState>
    <ksState>
      <x>68.02068403747407</x>
      <y>-7.320226457367255</y>
      <steeringAngle>0.0</steeringAngle>
      <velocity>1.6</velocity>
      <orientation>-1.3921449713736538</orientation>
      <time>13</time>
    </ksState>
    <ksState>
      <x>68.04200834394682</x>
      <y>-7.43831656572565</y>
      <steeringAngle>0.0</steeringAngle>
      <velocity>0.7999999999999998</velocity>
      <orientation>-1.3921449713736538</orientation>
      <time>14</time>
    </ksState>
    <ksState>
      <x>68.049116445992</x>
      <y>-7.4776799345560505</y>
      <steeringAngle>0.0</steeringAngle>
      <velocity>-3.3306690738754696e-16</velocity>
      <orientation>-1.3921449713736538</orientation>
      <time>15</time>
    </ksState>
    <ksState>
      <x>68.049116445992</x>
      <y>-7.4776799345560505</y>
      <steeringAngle>0.0</steeringAngle>
      <velocity>0.0</velocity>
      <orientation>-1.3921449713736538</orientation>
      <time>16</time>
    </ksState>
    <ksState>
      <x>68.049116445992</x>
      <y>-7.4776799345560505</y>
      <steeringAngle>0.0</steeringAngle>
      <velocity>0.0</velocity>
      <orientation>-1.3921449713736538</orientation>
      <time>17</time>
    </ksState>
    <ksState>
      <x>68.049116445992</x>
      <y>-7.4776799345560505</y>
      <steeringAngle>0.0</steeringAngle>
      <velocity>0.0</velocity>
      <orientation>-1.3921449713736538</orientation>
      <time>18</time>
    </ksState>
    <ksState>
      <x>68.049116445992</x>
      <y>-7.4776799345560505</y>
      <steeringAngle>0.0</steeringAngle>
      <velocity>0.0</velocity>
      <orientation>-1.3921449713736538</orientation>
      <time>19</time>
    </ksState>
    <ksState>
      <x>68.049116445992</x>
      <y>-7.4776799345560505</y>
      <steeringAngle>0.0</steeringAngle>
      <velocity>0.0</velocity>
      <orientation>-1.3921449713736538</orientation>
      <time>20</time>
    </ksState>
    <ksState>
      <x>68.049116445992</x>
      <y>-7.4776799345560505</y>
      <steeringAngle>0.0</steeringAngle>
      <velocity>0.0</velocity>
      <orientation>-1.3921449713736538</orientation>
      <time>21</time>
    </ksState>
    <ksState>
      <x>68.049116445992</x>
      <y>-7.4776799345560505</y>
      <steeringAngle>0.0</steeringAngle>
      <velocity>0.0</velocity>
      <orientation>-1.3921449713736538</orientation>
      <time>22</time>
    </ksState>
    <ksState>
      <x>68.049116445992</x>
      <y>-7.4776799345560505</y>
      <steeringAngle>0.0</steeringAngle>
      <velocity>0.0</velocity>
      <orientation>-1.3921449713736538</orientation>
      <time>23</time>
    </ksState>
    <ksState>
      <x>68.049116445992</x>
      <y>-7.4776799345560505</y>
      <steeringAngle>0.0</steeringAngle>
      <velocity>0.0</velocity>
      <orientation>-1.3921449713736538</orientation>
      <time>24</time>
    </ksState>
    <ksState>
      <x>68.049116445992</x>
      <y>-7.4776799345560505</y>
      <steeringAngle>0.0</steeringAngle>
      <velocity>0.0</velocity>
      <orientation>-1.3921449713736538</orientation>
      <time>25</time>
    </ksState>
    <ksState>
      <x>68.049116445992</x>
      <y>-7.4776799345560505</y>
      <steeringAngle>0.0</steeringAngle>
      <velocity>0.0</velocity>
      <orientation>-1.3921449713736538</orientation>
      <time>26</time>
    </ksState>
    <ksState>
      <x>68.049116445992</x>
      <y>-7.4776799345560505</y>
      <steeringAngle>0.0</steeringAngle>
      <velocity>0.0</velocity>
      <orientation>-1.3921449713736538</orientation>
      <time>27</time>
    </ksState>
    <ksState>
      <x>68.049116445992</x>
      <y>-7.4776799345560505</y>
      <steeringAngle>0.0</steeringAngle>
      <velocity>0.0</velocity>
      <orientation>-1.3921449713736538</orientation>
      <time>28</time>
    </ksState>
    <ksState>
      <x>68.049116445992</x>
      <y>-7.4776799345560505</y>
      <steeringAngle>0.0</steeringAngle>
      <velocity>0.0</velocity>
      <orientation>-1.3921449713736538</orientation>
      <time>29</time>
    </ksState>
    <ksState>
      <x>68.049116445992</x>
      <y>-7.4776799345560505</y>
      <steeringAngle>0.0</steeringAngle>
      <velocity>0.0</velocity>
      <orientation>-1.3921449713736538</orientation>
      <time>30</time>
    </ksState>
    <ksState>
      <x>68.049116445992</x>
      <y>-7.4776799345560505</y>
      <steeringAngle>0.0</steeringAngle>
      <velocity>0.0</velocity>
      <orientation>-1.3921449713736538</orientation>
      <time>31</time>
    </ksState>
    <ksState>
      <x>68.049116445992</x>
      <y>-7.4776799345560505</y>
      <steeringAngle>0.0</steeringAngle>
      <velocity>0.0</velocity>
      <orientation>-1.3921449713736538</orientation>
      <time>32</time>
    </ksState>
    <ksState>
      <x>68.049116445992</x>
      <y>-7.4776799345560505</y>
      <steeringAngle>0.0</steeringAngle>
      <velocity>0.0</velocity>
      <orientation>-1.3921449713736538</orientation>
      <time>33</time>
    </ksState>
  </ksTrajectory>
</CommonRoadSolution>
