<?xml version="1.0" ?>
<CommonRoadSolution benchmark_id="KS2:SM1:USA_Lanker-1_2_T-1:2018b" computation_time="0.2658706070005792" date="2023-11-26T00:13:30">
  <ksTrajectory planningProblem="11425">
    <ksState>
      <x>0.0</x>
      <y>0.0</y>
      <steeringAngle>0.0</steeringAngle>
      <velocity>4.0</velocity>
      <orientation>-2.0334</orientation>
      <time>0</time>
    </ksState>
    <ksState>
      <x>-0.19196628467900867</x>
      <y>-0.39593756451120665</y>
      <steeringAngle>0.035533333333333326</steeringAngle>
      <velocity>4.799999999999999</velocity>
      <orientation>-2.030276221330809</orientation>
      <time>1</time>
    </ksState>
    <ksState>
      <x>-0.40645020699094475</x>
      <y>-0.8698813084518467</y>
      <steeringAngle>0.07106666666666667</steeringAngle>
      <velocity>5.599999999999998</velocity>
      <orientation>-2.019425610269636</orientation>
      <time>2</time>
    </ksState>
    <ksState>
      <x>-0.6346023129400526</x>
      <y>-1.4255664772332737</y>
      <steeringAngle>0.10659999999999999</steeringAngle>
      <velocity>6.3999999999999995</velocity>
      <orientation>-1.9986086612693084</orientation>
      <time>3</time>
    </ksState>
    <ksState>
      <x>-0.8638275418610278</x>
      <y>-2.067419186624196</y>
      <steeringAngle>0.14213333333333333</steeringAngle>
      <velocity>7.199999999999999</velocity>
      <orientation>-1.9655490902881432</orientation>
      <time>4</time>
    </ksState>
    <ksState>
      <x>-1.0767825522798096</x>
      <y>-2.7999758041297724</y>
      <steeringAngle>0.17766666666666664</steeringAngle>
      <velocity>7.9999999999999964</velocity>
      <orientation>-1.9179217682065965</orientation>
      <time>5</time>
    </ksState>
    <ksState>
      <x>-1.2526205453650152</x>
      <y>-3.584318804950088</y>
      <steeringAngle>0.17766666666666667</steeringAngle>
      <velocity>8.0</velocity>
      <orientation>-1.8622207918960847</orientation>
      <time>6</time>
    </ksState>
    <ksState>
      <x>-1.3845197607453097</x>
      <y>-4.3772346888506135</y>
      <steeringAngle>0.17766666666666667</steeringAngle>
      <velocity>8.0</velocity>
      <orientation>-1.806519815585573</orientation>
      <time>7</time>
    </ksState>
    <ksState>
      <x>-1.472071062472522</x>
      <y>-5.176263959129226</y>
      <steeringAngle>0.17766666666666667</steeringAngle>
      <velocity>8.0</velocity>
      <orientation>-1.7508188392750612</orientation>
      <time>8</time>
    </ksState>
    <ksState>
      <x>-1.515002884234666</x>
      <y>-5.978928189574351</y>
      <steeringAngle>0.17766666666666667</steeringAngle>
      <velocity>8.0</velocity>
      <orientation>-1.6951178629645496</orientation>
      <time>9</time>
    </ksState>
    <ksState>
      <x>-1.5131820598195305</x>
      <y>-6.782737679722213</y>
      <steeringAngle>0.17766666666666667</steeringAngle>
      <velocity>8.0</velocity>
      <orientation>-1.6394168866540377</orientation>
      <time>10</time>
    </ksState>
    <ksState>
      <x>-1.4666142230697365</x>
      <y>-7.585199130091322</y>
      <steeringAngle>0.17766666666666667</steeringAngle>
      <velocity>8.0</velocity>
      <orientation>-1.5837159103435259</orientation>
      <time>11</time>
    </ksState>
    <ksState>
      <x>-1.3754438337236472</x>
      <y>-8.383823548742651</y>
      <steeringAngle>0.17766666666666667</steeringAngle>
      <velocity>8.0</velocity>
      <orientation>-1.5280149340330142</orientation>
      <time>12</time>
    </ksState>
    <ksState>
      <x>-1.2399536818616534</x>
      <y>-9.176133730391552</y>
      <steeringAngle>0.17766666666666667</steeringAngle>
      <velocity>8.0</velocity>
      <orientation>-1.4723139577225024</orientation>
      <time>13</time>
    </ksState>
    <ksState>
      <x>-1.0605640303763544</x>
      <y>-9.959672090075276</y>
      <steeringAngle>0.17766666666666667</steeringAngle>
      <velocity>8.0</velocity>
      <orientation>-1.4166129814119908</orientation>
      <time>14</time>
    </ksState>
    <ksState>
      <x>-0.8378313088649068</x>
      <y>-10.732008251744158</y>
      <steeringAngle>0.17766666666666667</steeringAngle>
      <velocity>8.0</velocity>
      <orientation>-1.360912005101479</orientation>
      <time>15</time>
    </ksState>
    <ksState>
      <x>-0.5816964122268107</x>
      <y>-11.493214494679956</y>
      <steeringAngle>0.14213333333333336</steeringAngle>
      <velocity>8.0</velocity>
      <orientation>-1.3108771935527306</orientation>
      <time>16</time>
    </ksState>
    <ksState>
      <x>-0.3074014393574889</x>
      <y>-12.246745235516633</y>
      <steeringAngle>0.1066000000000001</steeringAngle>
      <velocity>8.0</velocity>
      <orientation>-1.2720933415457332</orientation>
      <time>17</time>
    </ksState>
    <ksState>
      <x>-0.023331367572145212</x>
      <y>-12.99565579666706</y>
      <steeringAngle>0.07106666666666674</steeringAngle>
      <velocity>8.0</velocity>
      <orientation>-1.2444608625160463</orientation>
      <time>18</time>
    </ksState>
    <ksState>
      <x>0.26232502844430916</x>
      <y>-13.7433020447969</y>
      <steeringAngle>0.035533333333333354</steeringAngle>
      <velocity>8.0</velocity>
      <orientation>-1.2279093418870168</orientation>
      <time>19</time>
    </ksState>
    <ksState>
      <x>0.5414366582127298</x>
      <y>-14.493080681077723</y>
      <steeringAngle>2.0816681711721685e-17</steeringAngle>
      <velocity>8.0</velocity>
      <orientation>-1.222396815428612</orientation>
      <time>20</time>
    </ksState>
    <ksState>
      <x>0.8145517890690177</x>
      <y>-15.2450169318978</y>
      <steeringAngle>0.0</steeringAngle>
      <velocity>8.0</velocity>
      <orientation>-1.222396815428612</orientation>
      <time>21</time>
    </ksState>
    <ksState>
      <x>1.0876669199253055</x>
      <y>-15.996953182717876</y>
      <steeringAngle>0.0</steeringAngle>
      <velocity>8.0</velocity>
      <orientation>-1.222396815428612</orientation>
      <time>22</time>
    </ksState>
    <ksState>
      <x>1.3607820507815935</x>
      <y>-16.74888943353795</y>
      <steeringAngle>0.0</steeringAngle>
      <velocity>8.0</velocity>
      <orientation>-1.222396815428612</orientation>
      <time>23</time>
    </ksState>
    <ksState>
      <x>1.6338971816378813</x>
      <y>-17.500825684358027</y>
      <steeringAngle>0.0</steeringAngle>
      <velocity>8.0</velocity>
      <orientation>-1.222396815428612</orientation>
      <time>24</time>
    </ksState>
    <ksState>
      <x>1.9070123124941691</x>
      <y>-18.252761935178103</y>
      <steeringAngle>0.0</steeringAngle>
      <velocity>8.0</velocity>
      <orientation>-1.222396815428612</orientation>
      <time>25</time>
    </ksState>
    <ksState>
      <x>2.180127443350457</x>
      <y>-19.00469818599818</y>
      <steeringAngle>0.0</steeringAngle>
      <velocity>8.0</velocity>
      <orientation>-1.222396815428612</orientation>
      <time>26</time>
    </ksState>
    <ksState>
      <x>2.4532425742067447</x>
      <y>-19.756634436818256</y>
      <steeringAngle>0.0</steeringAngle>
      <velocity>8.0</velocity>
      <orientation>-1.222396815428612</orientation>
      <time>27</time>
    </ksState>
    <ksState>
      <x>2.726357705063033</x>
      <y>-20.508570687638333</y>
      <steeringAngle>0.0</steeringAngle>
      <velocity>8.0</velocity>
      <orientation>-1.222396815428612</orientation>
      <time>28</time>
    </ksState>
    <ksState>
      <x>2.999472835919321</x>
      <y>-21.26050693845841</y>
      <steeringAngle>0.0</steeringAngle>
      <velocity>8.0</velocity>
      <orientation>-1.222396815428612</orientation>
      <time>29</time>
    </ksState>
    <ksState>
      <x>3.2725879667756086</x>
      <y>-22.012443189278486</y>
      <steeringAngle>0.0</steeringAngle>
      <velocity>8.0</velocity>
      <orientation>-1.222396815428612</orientation>
      <time>30</time>
    </ksState>
    <ksState>
      <x>3.5544480097114155</x>
      <y>-22.76117751557001</y>
      <steeringAngle>0.03553333333333333</steeringAngle>
      <velocity>8.0</velocity>
      <orientation>-1.2168842804257731</orientation>
      <time>31</time>
    </ksState>
    <ksState>
      <x>3.859232402000602</x>
      <y>-23.501185318404847</y>
      <steeringAngle>0.07106666666666667</steeringAngle>
      <velocity>8.0</velocity>
      <orientation>-1.2003327595455036</orientation>
      <time>32</time>
    </ksState>
    <ksState>
      <x>4.19489415812608</x>
      <y>-24.2283562392327</y>
      <steeringAngle>0.10659999999999997</steeringAngle>
      <velocity>8.0</velocity>
      <orientation>-1.1727002802548088</orientation>
      <time>33</time>
    </ksState>
    <ksState>
      <x>4.568999826405326</x>
      <y>-24.937529379527074</y>
      <steeringAngle>0.1421333333333333</steeringAngle>
      <velocity>8.0</velocity>
      <orientation>-1.1339164279820737</orientation>
      <time>34</time>
    </ksState>
    <ksState>
      <x>4.988524538355967</x>
      <y>-25.622236888539554</y>
      <steeringAngle>0.17766666666666667</steeringAngle>
      <velocity>8.0</velocity>
      <orientation>-1.0838816157329192</orientation>
      <time>35</time>
    </ksState>
    <ksState>
      <x>5.451306108561414</x>
      <y>-26.279462999574584</y>
      <steeringAngle>0.17766666666666667</steeringAngle>
      <velocity>8.0</velocity>
      <orientation>-1.0281806394224073</orientation>
      <time>36</time>
    </ksState>
    <ksState>
      <x>5.94995917850857</x>
      <y>-26.909905794594057</y>
      <steeringAngle>0.17766666666666667</steeringAngle>
      <velocity>8.0</velocity>
      <orientation>-0.9724796631118957</orientation>
      <time>37</time>
    </ksState>
    <ksState>
      <x>6.482937011092608</x>
      <y>-27.51160973771735</y>
      <steeringAngle>0.17766666666666667</steeringAngle>
      <velocity>8.0</velocity>
      <orientation>-0.916778686801384</orientation>
      <time>38</time>
    </ksState>
    <ksState>
      <x>7.048586417518555</x>
      <y>-28.08270846575468</y>
      <steeringAngle>0.17766666666666667</steeringAngle>
      <velocity>8.0</velocity>
      <orientation>-0.8610777104908721</orientation>
      <time>39</time>
    </ksState>
    <ksState>
      <x>7.645152869203151</x>
      <y>-28.621430546773983</y>
      <steeringAngle>0.17766666666666667</steeringAngle>
      <velocity>8.0</velocity>
      <orientation>-0.8053767341803604</orientation>
      <time>40</time>
    </ksState>
    <ksState>
      <x>8.27078591372683</x>
      <y>-29.126104933233297</y>
      <steeringAngle>0.17766666666666667</steeringAngle>
      <velocity>8.0</velocity>
      <orientation>-0.7496757578698486</orientation>
      <time>41</time>
    </ksState>
    <ksState>
      <x>8.923545013480632</x>
      <y>-29.595166293449946</y>
      <steeringAngle>0.17766666666666667</steeringAngle>
      <velocity>8.0</velocity>
      <orientation>-0.6939747815593369</orientation>
      <time>42</time>
    </ksState>
    <ksState>
      <x>9.601405418042035</x>
      <y>-30.027159669700033</y>
      <steeringAngle>0.17766666666666667</steeringAngle>
      <velocity>8.0</velocity>
      <orientation>-0.6382738052488252</orientation>
      <time>43</time>
    </ksState>
    <ksState>
      <x>10.302264542360767</x>
      <y>-30.42074510644162</y>
      <steeringAngle>0.17766666666666667</steeringAngle>
      <velocity>8.0</velocity>
      <orientation>-0.5825728289383133</orientation>
      <time>44</time>
    </ksState>
  </ksTrajectory>
</CommonRoadSolution>
