<?xml version="1.0" ?>
<CommonRoadSolution benchmark_id="KS2:SM1:BEL_Nivelles-1_1_T-1:2020a" computation_time="0.291864970000006" date="2023-11-26T00:13:30">
  <ksTrajectory planningProblem="1">
    <ksState>
      <x>861.1144</x>
      <y>550.74041</y>
      <steeringAngle>0.0</steeringAngle>
      <velocity>8.0</velocity>
      <orientation>-2.3505636</orientation>
      <time>0</time>
    </ksState>
    <ksState>
      <x>860.5800333973503</x>
      <y>550.1999913355668</y>
      <steeringAngle>0.0</steeringAngle>
      <velocity>7.200000000000001</velocity>
      <orientation>-2.3505636</orientation>
      <time>1</time>
    </ksState>
    <ksState>
      <x>860.1019159110298</x>
      <y>549.7164588466007</y>
      <steeringAngle>0.0</steeringAngle>
      <velocity>6.400000000000001</velocity>
      <orientation>-2.3505636</orientation>
      <time>2</time>
    </ksState>
    <ksState>
      <x>859.6800475408976</x>
      <y>549.2898125329596</y>
      <steeringAngle>0.0</steeringAngle>
      <velocity>5.600000000000001</velocity>
      <orientation>-2.3505636</orientation>
      <time>3</time>
    </ksState>
    <ksState>
      <x>859.3144282869141</x>
      <y>548.9200523946031</y>
      <steeringAngle>0.0</steeringAngle>
      <velocity>4.800000000000001</velocity>
      <orientation>-2.3505636</orientation>
      <time>4</time>
    </ksState>
    <ksState>
      <x>859.0050581490646</x>
      <y>548.6071784315164</y>
      <steeringAngle>0.0</steeringAngle>
      <velocity>4.000000000000001</velocity>
      <orientation>-2.3505636</orientation>
      <time>5</time>
    </ksState>
    <ksState>
      <x>858.7519371272373</x>
      <y>548.3511906435866</y>
      <steeringAngle>0.0</steeringAngle>
      <velocity>3.2</velocity>
      <orientation>-2.3505636</orientation>
      <time>6</time>
    </ksState>
    <ksState>
      <x>858.5550652216039</x>
      <y>548.1520890309872</y>
      <steeringAngle>0.0</steeringAngle>
      <velocity>2.4000000000000004</velocity>
      <orientation>-2.3505636</orientation>
      <time>7</time>
    </ksState>
    <ksState>
      <x>858.4144424320925</x>
      <y>548.0098735936456</y>
      <steeringAngle>0.0</steeringAngle>
      <velocity>1.6</velocity>
      <orientation>-2.3505636</orientation>
      <time>8</time>
    </ksState>
    <ksState>
      <x>858.330068758675</x>
      <y>547.9245443315332</y>
      <steeringAngle>0.0</steeringAngle>
      <velocity>0.7999999999999998</velocity>
      <orientation>-2.3505636</orientation>
      <time>9</time>
    </ksState>
    <ksState>
      <x>858.3019442013139</x>
      <y>547.896101244612</y>
      <steeringAngle>0.0</steeringAngle>
      <velocity>-3.3306690738754696e-16</velocity>
      <orientation>-2.3505636</orientation>
      <time>10</time>
    </ksState>
    <ksState>
      <x>858.3019442013139</x>
      <y>547.896101244612</y>
      <steeringAngle>0.0</steeringAngle>
      <velocity>0.0</velocity>
      <orientation>-2.3505636</orientation>
      <time>11</time>
    </ksState>
    <ksState>
      <x>858.3019442013139</x>
      <y>547.896101244612</y>
      <steeringAngle>0.0</steeringAngle>
      <velocity>0.0</velocity>
      <orientation>-2.3505636</orientation>
      <time>12</time>
    </ksState>
    <ksState>
      <x>858.3019442013139</x>
      <y>547.896101244612</y>
      <steeringAngle>0.0</steeringAngle>
      <velocity>0.0</velocity>
      <orientation>-2.3505636</orientation>
      <time>13</time>
    </ksState>
    <ksState>
      <x>858.3019442013139</x>
      <y>547.896101244612</y>
      <steeringAngle>0.0</steeringAngle>
      <velocity>0.0</velocity>
      <orientation>-2.3505636</orientation>
      <time>14</time>
    </ksState>
    <ksState>
      <x>858.3019442013139</x>
      <y>547.896101244612</y>
      <steeringAngle>0.0</steeringAngle>
      <velocity>0.0</velocity>
      <orientation>-2.3505636</orientation>
      <time>15</time>
    </ksState>
    <ksState>
      <x>858.3019442013139</x>
      <y>547.896101244612</y>
      <steeringAngle>0.0</steeringAngle>
      <velocity>0.0</velocity>
      <orientation>-2.3505636</orientation>
      <time>16</time>
    </ksState>
    <ksState>
      <x>858.3019442013139</x>
      <y>547.896101244612</y>
      <steeringAngle>0.0</steeringAngle>
      <velocity>0.0</velocity>
      <orientation>-2.3505636</orientation>
      <time>17</time>
    </ksState>
    <ksState>
      <x>858.3019442013139</x>
      <y>547.896101244612</y>
      <steeringAngle>0.0</steeringAngle>
      <velocity>0.0</velocity>
      <orientation>-2.3505636</orientation>
      <time>18</time>
    </ksState>
    <ksState>
      <x>858.3019442013139</x>
      <y>547.896101244612</y>
      <steeringAngle>0.0</steeringAngle>
      <velocity>0.0</velocity>
      <orientation>-2.3505636</orientation>
      <time>19</time>
    </ksState>
    <ksState>
      <x>858.3019442013139</x>
      <y>547.896101244612</y>
      <steeringAngle>0.0</steeringAngle>
      <velocity>0.0</velocity>
      <orientation>-2.3505636</orientation>
      <time>20</time>
    </ksState>
    <ksState>
      <x>858.3019442013139</x>
      <y>547.896101244612</y>
      <steeringAngle>0.0</steeringAngle>
      <velocity>0.0</velocity>
      <orientation>-2.3505636</orientation>
      <time>21</time>
    </ksState>
    <ksState>
      <x>858.3019442013139</x>
      <y>547.896101244612</y>
      <steeringAngle>0.0</steeringAngle>
      <velocity>0.0</velocity>
      <orientation>-2.3505636</orientation>
      <time>22</time>
    </ksState>
    <ksState>
      <x>858.3019442013139</x>
      <y>547.896101244612</y>
      <steeringAngle>0.0</steeringAngle>
      <velocity>0.0</velocity>
      <orientation>-2.3505636</orientation>
      <time>23</time>
    </ksState>
    <ksState>
      <x>858.3019442013139</x>
      <y>547.896101244612</y>
      <steeringAngle>0.0</steeringAngle>
      <velocity>0.0</velocity>
      <orientation>-2.3505636</orientation>
      <time>24</time>
    </ksState>
    <ksState>
      <x>858.3019442013139</x>
      <y>547.896101244612</y>
      <steeringAngle>0.0</steeringAngle>
      <velocity>0.0</velocity>
      <orientation>-2.3505636</orientation>
      <time>25</time>
    </ksState>
    <ksState>
      <x>858.3019442013139</x>
      <y>547.896101244612</y>
      <steeringAngle>0.0</steeringAngle>
      <velocity>0.0</velocity>
      <orientation>-2.3505636</orientation>
      <time>26</time>
    </ksState>
    <ksState>
      <x>858.3019442013139</x>
      <y>547.896101244612</y>
      <steeringAngle>0.0</steeringAngle>
      <velocity>0.0</velocity>
      <orientation>-2.3505636</orientation>
      <time>27</time>
    </ksState>
    <ksState>
      <x>858.3019442013139</x>
      <y>547.896101244612</y>
      <steeringAngle>0.0</steeringAngle>
      <velocity>0.0</velocity>
      <orientation>-2.3505636</orientation>
      <time>28</time>
    </ksState>
    <ksState>
      <x>858.3019442013139</x>
      <y>547.896101244612</y>
      <steeringAngle>0.0</steeringAngle>
      <velocity>0.0</velocity>
      <orientation>-2.3505636</orientation>
      <time>29</time>
    </ksState>
    <ksState>
      <x>858.3019442013139</x>
      <y>547.896101244612</y>
      <steeringAngle>0.0</steeringAngle>
      <velocity>0.0</velocity>
      <orientation>-2.3505636</orientation>
      <time>30</time>
    </ksState>
    <ksState>
      <x>858.3019442013139</x>
      <y>547.896101244612</y>
      <steeringAngle>0.0</steeringAngle>
      <velocity>0.0</velocity>
      <orientation>-2.3505636</orientation>
      <time>31</time>
    </ksState>
    <ksState>
      <x>858.3019442013139</x>
      <y>547.896101244612</y>
      <steeringAngle>0.0</steeringAngle>
      <velocity>0.0</velocity>
      <orientation>-2.3505636</orientation>
      <time>32</time>
    </ksState>
    <ksState>
      <x>858.3019442013139</x>
      <y>547.896101244612</y>
      <steeringAngle>0.0</steeringAngle>
      <velocity>0.0</velocity>
      <orientation>-2.3505636</orientation>
      <time>33</time>
    </ksState>
  </ksTrajectory>
</CommonRoadSolution>
