<?xml version="1.0" ?>
<CommonRoadSolution benchmark_id="KS2:SM1:DEU_Ibbenbueren-4_2_T-1:2020a" computation_time="0.53057382399993" date="2023-11-26T00:13:30">
  <ksTrajectory planningProblem="1">
    <ksState>
      <x>69.045915</x>
      <y>-152.69299</y>
      <steeringAngle>0.0</steeringAngle>
      <velocity>0.0</velocity>
      <orientation>-1.9929403</orientation>
      <time>0</time>
    </ksState>
    <ksState>
      <x>69.045915</x>
      <y>-152.69299</y>
      <steeringAngle>0.0</steeringAngle>
      <velocity>0.0</velocity>
      <orientation>-1.9929403</orientation>
      <time>1</time>
    </ksState>
    <ksState>
      <x>69.045915</x>
      <y>-152.69299</y>
      <steeringAngle>0.0</steeringAngle>
      <velocity>0.0</velocity>
      <orientation>-1.9929403</orientation>
      <time>2</time>
    </ksState>
    <ksState>
      <x>69.045915</x>
      <y>-152.69299</y>
      <steeringAngle>0.0</steeringAngle>
      <velocity>0.0</velocity>
      <orientation>-1.9929403</orientation>
      <time>3</time>
    </ksState>
    <ksState>
      <x>69.045915</x>
      <y>-152.69299</y>
      <steeringAngle>0.0</steeringAngle>
      <velocity>0.0</velocity>
      <orientation>-1.9929403</orientation>
      <time>4</time>
    </ksState>
    <ksState>
      <x>69.045915</x>
      <y>-152.69299</y>
      <steeringAngle>0.0</steeringAngle>
      <velocity>0.0</velocity>
      <orientation>-1.9929403</orientation>
      <time>5</time>
    </ksState>
    <ksState>
      <x>69.045915</x>
      <y>-152.69299</y>
      <steeringAngle>0.0</steeringAngle>
      <velocity>0.0</velocity>
      <orientation>-1.9929403</orientation>
      <time>6</time>
    </ksState>
    <ksState>
      <x>69.045915</x>
      <y>-152.69299</y>
      <steeringAngle>0.0</steeringAngle>
      <velocity>0.0</velocity>
      <orientation>-1.9929403</orientation>
      <time>7</time>
    </ksState>
    <ksState>
      <x>69.045915</x>
      <y>-152.69299</y>
      <steeringAngle>0.0</steeringAngle>
      <velocity>0.0</velocity>
      <orientation>-1.9929403</orientation>
      <time>8</time>
    </ksState>
    <ksState>
      <x>69.045915</x>
      <y>-152.69299</y>
      <steeringAngle>0.0</steeringAngle>
      <velocity>0.0</velocity>
      <orientation>-1.9929403</orientation>
      <time>9</time>
    </ksState>
    <ksState>
      <x>69.045915</x>
      <y>-152.69299</y>
      <steeringAngle>0.0</steeringAngle>
      <velocity>0.0</velocity>
      <orientation>-1.9929403</orientation>
      <time>10</time>
    </ksState>
    <ksState>
      <x>69.045915</x>
      <y>-152.69299</y>
      <steeringAngle>0.0</steeringAngle>
      <velocity>0.0</velocity>
      <orientation>-1.9929403</orientation>
      <time>11</time>
    </ksState>
    <ksState>
      <x>69.045915</x>
      <y>-152.69299</y>
      <steeringAngle>0.0</steeringAngle>
      <velocity>0.0</velocity>
      <orientation>-1.9929403</orientation>
      <time>12</time>
    </ksState>
    <ksState>
      <x>69.045915</x>
      <y>-152.69299</y>
      <steeringAngle>0.0</steeringAngle>
      <velocity>0.0</velocity>
      <orientation>-1.9929403</orientation>
      <time>13</time>
    </ksState>
    <ksState>
      <x>69.045915</x>
      <y>-152.69299</y>
      <steeringAngle>0.0</steeringAngle>
      <velocity>0.0</velocity>
      <orientation>-1.9929403</orientation>
      <time>14</time>
    </ksState>
    <ksState>
      <x>69.045915</x>
      <y>-152.69299</y>
      <steeringAngle>0.0</steeringAngle>
      <velocity>0.0</velocity>
      <orientation>-1.9929403</orientation>
      <time>15</time>
    </ksState>
    <ksState>
      <x>69.045915</x>
      <y>-152.69299</y>
      <steeringAngle>0.0</steeringAngle>
      <velocity>0.0</velocity>
      <orientation>-1.9929403</orientation>
      <time>16</time>
    </ksState>
    <ksState>
      <x>69.045915</x>
      <y>-152.69299</y>
      <steeringAngle>0.0</steeringAngle>
      <velocity>0.0</velocity>
      <orientation>-1.9929403</orientation>
      <time>17</time>
    </ksState>
    <ksState>
      <x>69.045915</x>
      <y>-152.69299</y>
      <steeringAngle>0.0</steeringAngle>
      <velocity>0.0</velocity>
      <orientation>-1.9929403</orientation>
      <time>18</time>
    </ksState>
    <ksState>
      <x>69.045915</x>
      <y>-152.69299</y>
      <steeringAngle>0.0</steeringAngle>
      <velocity>0.0</velocity>
      <orientation>-1.9929403</orientation>
      <time>19</time>
    </ksState>
    <ksState>
      <x>69.045915</x>
      <y>-152.69299</y>
      <steeringAngle>0.0</steeringAngle>
      <velocity>0.0</velocity>
      <orientation>-1.9929403</orientation>
      <time>20</time>
    </ksState>
    <ksState>
      <x>69.0295263135973</x>
      <y>-152.72947850526052</y>
      <steeringAngle>0.0</steeringAngle>
      <velocity>0.8</velocity>
      <orientation>-1.9929403</orientation>
      <time>21</time>
    </ksState>
    <ksState>
      <x>68.98036025487481</x>
      <y>-152.83894401996082</y>
      <steeringAngle>0.0</steeringAngle>
      <velocity>1.6</velocity>
      <orientation>-1.9929403</orientation>
      <time>22</time>
    </ksState>
    <ksState>
      <x>68.89841682390424</x>
      <y>-153.0213865439413</y>
      <steeringAngle>0.0</steeringAngle>
      <velocity>2.4000000000000004</velocity>
      <orientation>-1.9929403</orientation>
      <time>23</time>
    </ksState>
    <ksState>
      <x>68.7836960207073</x>
      <y>-153.27680607715365</y>
      <steeringAngle>0.0</steeringAngle>
      <velocity>3.2000000000000006</velocity>
      <orientation>-1.9929403</orientation>
      <time>24</time>
    </ksState>
    <ksState>
      <x>68.6361978452929</x>
      <y>-153.60520261957797</y>
      <steeringAngle>0.0</steeringAngle>
      <velocity>4.000000000000001</velocity>
      <orientation>-1.9929403</orientation>
      <time>25</time>
    </ksState>
    <ksState>
      <x>68.45592229771819</x>
      <y>-154.006576171087</y>
      <steeringAngle>0.0</steeringAngle>
      <velocity>4.8</velocity>
      <orientation>-1.9929403</orientation>
      <time>26</time>
    </ksState>
    <ksState>
      <x>68.24286937791521</x>
      <y>-154.48092673183214</y>
      <steeringAngle>0.0</steeringAngle>
      <velocity>5.6</velocity>
      <orientation>-1.9929403</orientation>
      <time>27</time>
    </ksState>
    <ksState>
      <x>67.99703908589049</x>
      <y>-155.0282543017988</y>
      <steeringAngle>0.0</steeringAngle>
      <velocity>6.4</velocity>
      <orientation>-1.9929403</orientation>
      <time>28</time>
    </ksState>
    <ksState>
      <x>67.71843142164789</x>
      <y>-155.64855888097838</y>
      <steeringAngle>0.0</steeringAngle>
      <velocity>7.199999999999999</velocity>
      <orientation>-1.9929403</orientation>
      <time>29</time>
    </ksState>
    <ksState>
      <x>67.40704638518979</x>
      <y>-156.3418404693656</y>
      <steeringAngle>0.0</steeringAngle>
      <velocity>7.999999999999998</velocity>
      <orientation>-1.9929403</orientation>
      <time>30</time>
    </ksState>
    <ksState>
      <x>67.10352574085132</x>
      <y>-157.03863149754878</y>
      <steeringAngle>0.03553333333333333</steeringAngle>
      <velocity>7.199999999999999</velocity>
      <orientation>-1.9877952870175077</orientation>
      <time>31</time>
    </ksState>
    <ksState>
      <x>66.8502156532709</x>
      <y>-157.66997979630514</y>
      <steeringAngle>0.07106666666666664</steeringAngle>
      <velocity>6.400000000000001</velocity>
      <orientation>-1.9738186148965446</orientation>
      <time>32</time>
    </ksState>
    <ksState>
      <x>66.64733931536831</x>
      <y>-158.23536953038717</y>
      <steeringAngle>0.10659999999999997</steeringAngle>
      <velocity>5.600000000000004</velocity>
      <orientation>-1.9531868470306633</orientation>
      <time>33</time>
    </ksState>
  </ksTrajectory>
</CommonRoadSolution>
