<?xml version="1.0" ?>
<CommonRoadSolution benchmark_id="KS2:SM1:HRV_Pula-33_2_T-1:2020a" computation_time="0.4776559560004898" date="2023-11-26T00:13:30">
  <ksTrajectory planningProblem="1">
    <ksState>
      <x>-300.05012</x>
      <y>67.335641</y>
      <steeringAngle>0.0</steeringAngle>
      <velocity>8.0</velocity>
      <orientation>2.3973187</orientation>
      <time>0</time>
    </ksState>
    <ksState>
      <x>-300.6091607596329</x>
      <y>67.85049382165312</y>
      <steeringAngle>0.0</steeringAngle>
      <velocity>7.200000000000001</velocity>
      <orientation>2.3973187</orientation>
      <time>1</time>
    </ksState>
    <ksState>
      <x>-301.1093551232422</x>
      <y>68.31115160919683</y>
      <steeringAngle>0.0</steeringAngle>
      <velocity>6.400000000000001</velocity>
      <orientation>2.3973187</orientation>
      <time>2</time>
    </ksState>
    <ksState>
      <x>-301.55070309097516</x>
      <y>68.71761436276667</y>
      <steeringAngle>0.0</steeringAngle>
      <velocity>5.600000000000001</velocity>
      <orientation>2.3973187</orientation>
      <time>3</time>
    </ksState>
    <ksState>
      <x>-301.93320466287327</x>
      <y>69.06988208240098</y>
      <steeringAngle>0.0</steeringAngle>
      <velocity>4.800000000000001</velocity>
      <orientation>2.3973187</orientation>
      <time>4</time>
    </ksState>
    <ksState>
      <x>-302.2568598389519</x>
      <y>69.3679547681138</y>
      <steeringAngle>0.0</steeringAngle>
      <velocity>4.000000000000001</velocity>
      <orientation>2.3973187</orientation>
      <time>5</time>
    </ksState>
    <ksState>
      <x>-302.5539930568925</x>
      <y>69.63577124191711</y>
      <steeringAngle>0.035533333333333326</steeringAngle>
      <velocity>4.0</velocity>
      <orientation>2.4000749745326004</orientation>
      <time>6</time>
    </ksState>
    <ksState>
      <x>-302.8578776983924</x>
      <y>69.89613155246059</y>
      <steeringAngle>0.07106666666666711</steeringAngle>
      <velocity>4.0</velocity>
      <orientation>2.408350735075886</orientation>
      <time>7</time>
    </ksState>
    <ksState>
      <x>-303.1698525086107</x>
      <y>70.14722567798873</y>
      <steeringAngle>0.10660000000000043</steeringAngle>
      <velocity>4.0</velocity>
      <orientation>2.4221669748950228</orientation>
      <time>8</time>
    </ksState>
    <ksState>
      <x>-303.49111899547233</x>
      <y>70.38708744636533</y>
      <steeringAngle>0.14213333333333378</steeringAngle>
      <velocity>4.0</velocity>
      <orientation>2.4415589012805685</orientation>
      <time>9</time>
    </ksState>
    <ksState>
      <x>-303.82270636694335</x>
      <y>70.61357103861197</y>
      <steeringAngle>0.1776666666666672</steeringAngle>
      <velocity>4.0</velocity>
      <orientation>2.466576307731966</orientation>
      <time>10</time>
    </ksState>
    <ksState>
      <x>-304.1970823509178</x>
      <y>70.84878805630433</y>
      <steeringAngle>0.17766666666666667</steeringAngle>
      <velocity>4.800000000000002</velocity>
      <orientation>2.4972118447743004</orientation>
      <time>11</time>
    </ksState>
    <ksState>
      <x>-304.6485612736999</x>
      <y>71.11182849704468</y>
      <steeringAngle>0.17766666666666667</steeringAngle>
      <velocity>5.600000000000001</velocity>
      <orientation>2.5334174794508404</orientation>
      <time>12</time>
    </ksState>
    <ksState>
      <x>-305.1809239329447</x>
      <y>71.39479432245649</y>
      <steeringAngle>0.17766666666666667</steeringAngle>
      <velocity>6.3999999999999995</velocity>
      <orientation>2.5751932117604803</orientation>
      <time>13</time>
    </ksState>
    <ksState>
      <x>-305.79794226905705</x>
      <y>71.68828791280133</y>
      <steeringAngle>0.17766666666666667</steeringAngle>
      <velocity>7.200000000000002</velocity>
      <orientation>2.622539041702577</orientation>
      <time>14</time>
    </ksState>
    <ksState>
      <x>-306.50310539595563</x>
      <y>71.98133503723449</y>
      <steeringAngle>0.17766666666666667</steeringAngle>
      <velocity>8.0</velocity>
      <orientation>2.675454969276727</orientation>
      <time>15</time>
    </ksState>
    <ksState>
      <x>-307.2571602400802</x>
      <y>72.25781527452553</y>
      <steeringAngle>0.14213333333333336</steeringAngle>
      <velocity>8.0</velocity>
      <orientation>2.7254897808254754</orientation>
      <time>16</time>
    </ksState>
    <ksState>
      <x>-308.0165903381131</x>
      <y>72.51532689703797</y>
      <steeringAngle>0.1066000000000001</steeringAngle>
      <velocity>8.0</velocity>
      <orientation>2.764273632832473</orientation>
      <time>17</time>
    </ksState>
    <ksState>
      <x>-308.77853261162306</x>
      <y>72.76232245595592</y>
      <steeringAngle>0.07106666666666674</steeringAngle>
      <velocity>8.0</velocity>
      <orientation>2.79190611186216</orientation>
      <time>18</time>
    </ksState>
    <ksState>
      <x>-309.5404811900822</x>
      <y>73.00728950009012</y>
      <steeringAngle>0.035533333333333354</steeringAngle>
      <velocity>8.0</velocity>
      <orientation>2.808457632491189</orientation>
      <time>19</time>
    </ksState>
    <ksState>
      <x>-310.2999981493616</x>
      <y>73.25869613059557</y>
      <steeringAngle>2.0816681711721685e-17</steeringAngle>
      <velocity>8.0</velocity>
      <orientation>2.813970158949594</orientation>
      <time>20</time>
    </ksState>
    <ksState>
      <x>-311.0167828596511</x>
      <y>73.51140584072061</y>
      <steeringAngle>-0.03553333333333333</steeringAngle>
      <velocity>7.199999999999999</velocity>
      <orientation>2.8088251459671016</orientation>
      <time>21</time>
    </ksState>
    <ksState>
      <x>-311.6514565560103</x>
      <y>73.75626493073416</y>
      <steeringAngle>-0.07106666666666664</steeringAngle>
      <velocity>6.400000000000001</velocity>
      <orientation>2.7948484738461383</orientation>
      <time>22</time>
    </ksState>
    <ksState>
      <x>-312.20348962662445</x>
      <y>73.99308521878903</y>
      <steeringAngle>-0.10659999999999997</steeringAngle>
      <velocity>5.600000000000004</velocity>
      <orientation>2.774216705980257</orientation>
      <time>23</time>
    </ksState>
    <ksState>
      <x>-312.6732603178663</x>
      <y>74.21881863964279</y>
      <steeringAngle>-0.1421333333333333</steeringAngle>
      <velocity>4.800000000000003</velocity>
      <orientation>2.7491004984716088</orientation>
      <time>24</time>
    </ksState>
    <ksState>
      <x>-313.0621170109275</x>
      <y>74.42830104444698</y>
      <steeringAngle>-0.17766666666666653</steeringAngle>
      <velocity>4.000000000000006</velocity>
      <orientation>2.7216756018864587</orientation>
      <time>25</time>
    </ksState>
    <ksState>
      <x>-313.3740224764994</x>
      <y>74.61154906743253</y>
      <steeringAngle>-0.17766666666666667</steeringAngle>
      <velocity>3.2000000000000006</velocity>
      <orientation>2.6966101626182812</orientation>
      <time>26</time>
    </ksState>
    <ksState>
      <x>-313.61338260222846</x>
      <y>74.75944608592964</y>
      <steeringAngle>-0.17766666666666667</steeringAngle>
      <velocity>2.4000000000000012</velocity>
      <orientation>2.677114820988251</orientation>
      <time>27</time>
    </ksState>
    <ksState>
      <x>-313.7825663564525</x>
      <y>74.8679297582677</y>
      <steeringAngle>-0.17766666666666667</steeringAngle>
      <velocity>1.6000000000000005</velocity>
      <orientation>2.6631895769892706</orientation>
      <time>28</time>
    </ksState>
    <ksState>
      <x>-313.88334572444757</x>
      <y>74.93414709341175</y>
      <steeringAngle>-0.17766666666666667</steeringAngle>
      <velocity>0.8000000000000004</velocity>
      <orientation>2.654834430618516</orientation>
      <time>29</time>
    </ksState>
    <ksState>
      <x>-313.9168154619975</x>
      <y>74.95640637878509</y>
      <steeringAngle>-0.17766666666666667</steeringAngle>
      <velocity>2.7755575615628914e-16</velocity>
      <orientation>2.6520493818723008</orientation>
      <time>30</time>
    </ksState>
    <ksState>
      <x>-313.9168154619975</x>
      <y>74.95640637878509</y>
      <steeringAngle>-0.14213333333333336</steeringAngle>
      <velocity>0.0</velocity>
      <orientation>2.6520493818723008</orientation>
      <time>31</time>
    </ksState>
    <ksState>
      <x>-313.9168154619975</x>
      <y>74.95640637878509</y>
      <steeringAngle>-0.10660000000000001</steeringAngle>
      <velocity>0.0</velocity>
      <orientation>2.6520493818723008</orientation>
      <time>32</time>
    </ksState>
    <ksState>
      <x>-313.9168154619975</x>
      <y>74.95640637878509</y>
      <steeringAngle>-0.07106666666666668</steeringAngle>
      <velocity>0.0</velocity>
      <orientation>2.6520493818723008</orientation>
      <time>33</time>
    </ksState>
  </ksTrajectory>
</CommonRoadSolution>
