<?xml version="1.0" ?>
<CommonRoadSolution benchmark_id="KS2:SM1:DEU_Guetersloh-55_1_T-1:2020a" computation_time="0.25064810999992915" date="2023-11-26T00:13:30">
  <ksTrajectory planningProblem="1">
    <ksState>
      <x>-597.87006</x>
      <y>-729.73629</y>
      <steeringAngle>0.0</steeringAngle>
      <velocity>8.0</velocity>
      <orientation>1.9725512</orientation>
      <time>0</time>
    </ksState>
    <ksState>
      <x>-598.1672459059234</x>
      <y>-729.0368040914818</y>
      <steeringAngle>0.0</steeringAngle>
      <velocity>7.200000000000001</velocity>
      <orientation>1.9725512</orientation>
      <time>1</time>
    </ksState>
    <ksState>
      <x>-598.4331490847626</x>
      <y>-728.4109482789383</y>
      <steeringAngle>0.0</steeringAngle>
      <velocity>6.400000000000001</velocity>
      <orientation>1.9725512</orientation>
      <time>2</time>
    </ksState>
    <ksState>
      <x>-598.6677695365956</x>
      <y>-727.8587225621854</y>
      <steeringAngle>0.0</steeringAngle>
      <velocity>5.600000000000001</velocity>
      <orientation>1.9725512</orientation>
      <time>3</time>
    </ksState>
    <ksState>
      <x>-598.8711072614448</x>
      <y>-727.3801269411712</y>
      <steeringAngle>0.0</steeringAngle>
      <velocity>4.800000000000001</velocity>
      <orientation>1.9725512</orientation>
      <time>4</time>
    </ksState>
    <ksState>
      <x>-599.0431622593181</x>
      <y>-726.9751614158763</y>
      <steeringAngle>0.0</steeringAngle>
      <velocity>4.000000000000001</velocity>
      <orientation>1.9725512</orientation>
      <time>5</time>
    </ksState>
    <ksState>
      <x>-599.1839345302778</x>
      <y>-726.6438259861545</y>
      <steeringAngle>0.0</steeringAngle>
      <velocity>3.2</velocity>
      <orientation>1.9725512</orientation>
      <time>6</time>
    </ksState>
    <ksState>
      <x>-599.2934240742284</x>
      <y>-726.3861206522304</y>
      <steeringAngle>0.0</steeringAngle>
      <velocity>2.4000000000000004</velocity>
      <orientation>1.9725512</orientation>
      <time>7</time>
    </ksState>
    <ksState>
      <x>-599.3716308912097</x>
      <y>-726.2020454140102</y>
      <steeringAngle>0.0</steeringAngle>
      <velocity>1.6</velocity>
      <orientation>1.9725512</orientation>
      <time>8</time>
    </ksState>
    <ksState>
      <x>-599.4185549812378</x>
      <y>-726.0916002714566</y>
      <steeringAngle>0.0</steeringAngle>
      <velocity>0.7999999999999998</velocity>
      <orientation>1.9725512</orientation>
      <time>9</time>
    </ksState>
    <ksState>
      <x>-599.4341963443331</x>
      <y>-726.0547852245209</y>
      <steeringAngle>0.0</steeringAngle>
      <velocity>-3.3306690738754696e-16</velocity>
      <orientation>1.9725512</orientation>
      <time>10</time>
    </ksState>
    <ksState>
      <x>-599.4341963443331</x>
      <y>-726.0547852245209</y>
      <steeringAngle>0.0</steeringAngle>
      <velocity>0.0</velocity>
      <orientation>1.9725512</orientation>
      <time>11</time>
    </ksState>
    <ksState>
      <x>-599.4341963443331</x>
      <y>-726.0547852245209</y>
      <steeringAngle>0.0</steeringAngle>
      <velocity>0.0</velocity>
      <orientation>1.9725512</orientation>
      <time>12</time>
    </ksState>
    <ksState>
      <x>-599.4341963443331</x>
      <y>-726.0547852245209</y>
      <steeringAngle>0.0</steeringAngle>
      <velocity>0.0</velocity>
      <orientation>1.9725512</orientation>
      <time>13</time>
    </ksState>
    <ksState>
      <x>-599.4341963443331</x>
      <y>-726.0547852245209</y>
      <steeringAngle>0.0</steeringAngle>
      <velocity>0.0</velocity>
      <orientation>1.9725512</orientation>
      <time>14</time>
    </ksState>
    <ksState>
      <x>-599.4341963443331</x>
      <y>-726.0547852245209</y>
      <steeringAngle>0.0</steeringAngle>
      <velocity>0.0</velocity>
      <orientation>1.9725512</orientation>
      <time>15</time>
    </ksState>
    <ksState>
      <x>-599.4341963443331</x>
      <y>-726.0547852245209</y>
      <steeringAngle>0.0</steeringAngle>
      <velocity>0.0</velocity>
      <orientation>1.9725512</orientation>
      <time>16</time>
    </ksState>
    <ksState>
      <x>-599.4341963443331</x>
      <y>-726.0547852245209</y>
      <steeringAngle>0.0</steeringAngle>
      <velocity>0.0</velocity>
      <orientation>1.9725512</orientation>
      <time>17</time>
    </ksState>
    <ksState>
      <x>-599.4341963443331</x>
      <y>-726.0547852245209</y>
      <steeringAngle>0.0</steeringAngle>
      <velocity>0.0</velocity>
      <orientation>1.9725512</orientation>
      <time>18</time>
    </ksState>
    <ksState>
      <x>-599.4341963443331</x>
      <y>-726.0547852245209</y>
      <steeringAngle>0.0</steeringAngle>
      <velocity>0.0</velocity>
      <orientation>1.9725512</orientation>
      <time>19</time>
    </ksState>
    <ksState>
      <x>-599.4341963443331</x>
      <y>-726.0547852245209</y>
      <steeringAngle>0.0</steeringAngle>
      <velocity>0.0</velocity>
      <orientation>1.9725512</orientation>
      <time>20</time>
    </ksState>
    <ksState>
      <x>-599.4341963443331</x>
      <y>-726.0547852245209</y>
      <steeringAngle>0.0</steeringAngle>
      <velocity>0.0</velocity>
      <orientation>1.9725512</orientation>
      <time>21</time>
    </ksState>
    <ksState>
      <x>-599.4341963443331</x>
      <y>-726.0547852245209</y>
      <steeringAngle>0.0</steeringAngle>
      <velocity>0.0</velocity>
      <orientation>1.9725512</orientation>
      <time>22</time>
    </ksState>
    <ksState>
      <x>-599.4341963443331</x>
      <y>-726.0547852245209</y>
      <steeringAngle>0.0</steeringAngle>
      <velocity>0.0</velocity>
      <orientation>1.9725512</orientation>
      <time>23</time>
    </ksState>
    <ksState>
      <x>-599.4341963443331</x>
      <y>-726.0547852245209</y>
      <steeringAngle>0.0</steeringAngle>
      <velocity>0.0</velocity>
      <orientation>1.9725512</orientation>
      <time>24</time>
    </ksState>
    <ksState>
      <x>-599.4341963443331</x>
      <y>-726.0547852245209</y>
      <steeringAngle>0.0</steeringAngle>
      <velocity>0.0</velocity>
      <orientation>1.9725512</orientation>
      <time>25</time>
    </ksState>
    <ksState>
      <x>-599.4341963443331</x>
      <y>-726.0547852245209</y>
      <steeringAngle>0.0</steeringAngle>
      <velocity>0.0</velocity>
      <orientation>1.9725512</orientation>
      <time>26</time>
    </ksState>
    <ksState>
      <x>-599.4341963443331</x>
      <y>-726.0547852245209</y>
      <steeringAngle>0.0</steeringAngle>
      <velocity>0.0</velocity>
      <orientation>1.9725512</orientation>
      <time>27</time>
    </ksState>
    <ksState>
      <x>-599.4341963443331</x>
      <y>-726.0547852245209</y>
      <steeringAngle>0.0</steeringAngle>
      <velocity>0.0</velocity>
      <orientation>1.9725512</orientation>
      <time>28</time>
    </ksState>
    <ksState>
      <x>-599.4341963443331</x>
      <y>-726.0547852245209</y>
      <steeringAngle>0.0</steeringAngle>
      <velocity>0.0</velocity>
      <orientation>1.9725512</orientation>
      <time>29</time>
    </ksState>
    <ksState>
      <x>-599.4341963443331</x>
      <y>-726.0547852245209</y>
      <steeringAngle>0.0</steeringAngle>
      <velocity>0.0</velocity>
      <orientation>1.9725512</orientation>
      <time>30</time>
    </ksState>
    <ksState>
      <x>-599.4341963443331</x>
      <y>-726.0547852245209</y>
      <steeringAngle>0.0</steeringAngle>
      <velocity>0.0</velocity>
      <orientation>1.9725512</orientation>
      <time>31</time>
    </ksState>
    <ksState>
      <x>-599.4341963443331</x>
      <y>-726.0547852245209</y>
      <steeringAngle>0.0</steeringAngle>
      <velocity>0.0</velocity>
      <orientation>1.9725512</orientation>
      <time>32</time>
    </ksState>
    <ksState>
      <x>-599.4341963443331</x>
      <y>-726.0547852245209</y>
      <steeringAngle>0.0</steeringAngle>
      <velocity>0.0</velocity>
      <orientation>1.9725512</orientation>
      <time>33</time>
    </ksState>
  </ksTrajectory>
</CommonRoadSolution>
