<?xml version="1.0" ?>
<CommonRoadSolution benchmark_id="KS2:SM1:BEL_Aarschot-11_1_T-1:2020a" computation_time="0.277049207999994" date="2023-11-26T00:13:30">
  <ksTrajectory planningProblem="1">
    <ksState>
      <x>978.34587</x>
      <y>-134.32111</y>
      <steeringAngle>0.0</steeringAngle>
      <velocity>4.0</velocity>
      <orientation>-1.4210781</orientation>
      <time>0</time>
    </ksState>
    <ksState>
      <x>978.3995674260924</x>
      <y>-134.67708273166792</y>
      <steeringAngle>0.0</steeringAngle>
      <velocity>3.2</velocity>
      <orientation>-1.4210781</orientation>
      <time>1</time>
    </ksState>
    <ksState>
      <x>978.4413320907817</x>
      <y>-134.95395041152753</y>
      <steeringAngle>0.0</steeringAngle>
      <velocity>2.4000000000000004</velocity>
      <orientation>-1.4210781</orientation>
      <time>2</time>
    </ksState>
    <ksState>
      <x>978.471163994083</x>
      <y>-135.15171303967955</y>
      <steeringAngle>0.0</steeringAngle>
      <velocity>1.6</velocity>
      <orientation>-1.4210781</orientation>
      <time>3</time>
    </ksState>
    <ksState>
      <x>978.4890631360025</x>
      <y>-135.27037061616412</y>
      <steeringAngle>0.0</steeringAngle>
      <velocity>0.7999999999999998</velocity>
      <orientation>-1.4210781</orientation>
      <time>4</time>
    </ksState>
    <ksState>
      <x>978.4950295165479</x>
      <y>-135.30992314103358</y>
      <steeringAngle>0.0</steeringAngle>
      <velocity>-3.3306690738754696e-16</velocity>
      <orientation>-1.4210781</orientation>
      <time>5</time>
    </ksState>
    <ksState>
      <x>978.4950295165479</x>
      <y>-135.30992314103358</y>
      <steeringAngle>0.0</steeringAngle>
      <velocity>0.0</velocity>
      <orientation>-1.4210781</orientation>
      <time>6</time>
    </ksState>
    <ksState>
      <x>978.4950295165479</x>
      <y>-135.30992314103358</y>
      <steeringAngle>0.0</steeringAngle>
      <velocity>0.0</velocity>
      <orientation>-1.4210781</orientation>
      <time>7</time>
    </ksState>
    <ksState>
      <x>978.4950295165479</x>
      <y>-135.30992314103358</y>
      <steeringAngle>0.0</steeringAngle>
      <velocity>0.0</velocity>
      <orientation>-1.4210781</orientation>
      <time>8</time>
    </ksState>
    <ksState>
      <x>978.4950295165479</x>
      <y>-135.30992314103358</y>
      <steeringAngle>0.0</steeringAngle>
      <velocity>0.0</velocity>
      <orientation>-1.4210781</orientation>
      <time>9</time>
    </ksState>
    <ksState>
      <x>978.4950295165479</x>
      <y>-135.30992314103358</y>
      <steeringAngle>0.0</steeringAngle>
      <velocity>0.0</velocity>
      <orientation>-1.4210781</orientation>
      <time>10</time>
    </ksState>
    <ksState>
      <x>978.5009958973503</x>
      <y>-135.34947566760613</y>
      <steeringAngle>0.0</steeringAngle>
      <velocity>0.8</velocity>
      <orientation>-1.4210781</orientation>
      <time>11</time>
    </ksState>
    <ksState>
      <x>978.5188950395807</x>
      <y>-135.4681332461518</y>
      <steeringAngle>0.0</steeringAngle>
      <velocity>1.6</velocity>
      <orientation>-1.4210781</orientation>
      <time>12</time>
    </ksState>
    <ksState>
      <x>978.548726943213</x>
      <y>-135.6658958764976</y>
      <steeringAngle>0.0</steeringAngle>
      <velocity>2.4000000000000004</velocity>
      <orientation>-1.4210781</orientation>
      <time>13</time>
    </ksState>
    <ksState>
      <x>978.5904916082392</x>
      <y>-135.94276355859103</y>
      <steeringAngle>0.0</steeringAngle>
      <velocity>3.2000000000000006</velocity>
      <orientation>-1.4210781</orientation>
      <time>14</time>
    </ksState>
    <ksState>
      <x>978.6441890346562</x>
      <y>-136.29873629241067</y>
      <steeringAngle>0.0</steeringAngle>
      <velocity>4.000000000000001</velocity>
      <orientation>-1.4210781</orientation>
      <time>15</time>
    </ksState>
    <ksState>
      <x>978.7038528415958</x>
      <y>-136.69426155094857</y>
      <steeringAngle>0.0</steeringAngle>
      <velocity>4.0</velocity>
      <orientation>-1.4210781</orientation>
      <time>16</time>
    </ksState>
    <ksState>
      <x>978.7635166485355</x>
      <y>-137.08978680948644</y>
      <steeringAngle>0.0</steeringAngle>
      <velocity>4.0</velocity>
      <orientation>-1.4210781</orientation>
      <time>17</time>
    </ksState>
    <ksState>
      <x>978.8231804554752</x>
      <y>-137.48531206802434</y>
      <steeringAngle>0.0</steeringAngle>
      <velocity>4.0</velocity>
      <orientation>-1.4210781</orientation>
      <time>18</time>
    </ksState>
    <ksState>
      <x>978.8828442624148</x>
      <y>-137.88083732656224</y>
      <steeringAngle>0.0</steeringAngle>
      <velocity>4.0</velocity>
      <orientation>-1.4210781</orientation>
      <time>19</time>
    </ksState>
    <ksState>
      <x>978.9425080693544</x>
      <y>-138.27636258510014</y>
      <steeringAngle>0.0</steeringAngle>
      <velocity>4.0</velocity>
      <orientation>-1.4210781</orientation>
      <time>20</time>
    </ksState>
    <ksState>
      <x>979.002171876294</x>
      <y>-138.67188784363805</y>
      <steeringAngle>0.0</steeringAngle>
      <velocity>4.0</velocity>
      <orientation>-1.4210781</orientation>
      <time>21</time>
    </ksState>
    <ksState>
      <x>979.0618356832338</x>
      <y>-139.06741310217592</y>
      <steeringAngle>0.0</steeringAngle>
      <velocity>4.0</velocity>
      <orientation>-1.4210781</orientation>
      <time>22</time>
    </ksState>
    <ksState>
      <x>979.1214994901734</x>
      <y>-139.46293836071382</y>
      <steeringAngle>0.0</steeringAngle>
      <velocity>4.0</velocity>
      <orientation>-1.4210781</orientation>
      <time>23</time>
    </ksState>
    <ksState>
      <x>979.181163297113</x>
      <y>-139.85846361925172</y>
      <steeringAngle>0.0</steeringAngle>
      <velocity>4.0</velocity>
      <orientation>-1.4210781</orientation>
      <time>24</time>
    </ksState>
    <ksState>
      <x>979.2408271040526</x>
      <y>-140.25398887778962</y>
      <steeringAngle>0.0</steeringAngle>
      <velocity>4.0</velocity>
      <orientation>-1.4210781</orientation>
      <time>25</time>
    </ksState>
    <ksState>
      <x>979.3064572918396</x>
      <y>-140.68906666319748</y>
      <steeringAngle>0.0</steeringAngle>
      <velocity>4.8</velocity>
      <orientation>-1.4210781</orientation>
      <time>26</time>
    </ksState>
    <ksState>
      <x>979.3840202410212</x>
      <y>-141.20324950035763</y>
      <steeringAngle>0.0</steeringAngle>
      <velocity>5.6</velocity>
      <orientation>-1.4210781</orientation>
      <time>27</time>
    </ksState>
    <ksState>
      <x>979.473515951595</x>
      <y>-141.79653738925427</y>
      <steeringAngle>0.0</steeringAngle>
      <velocity>6.4</velocity>
      <orientation>-1.4210781</orientation>
      <time>28</time>
    </ksState>
    <ksState>
      <x>979.5749444235598</x>
      <y>-142.4689303298781</y>
      <steeringAngle>0.0</steeringAngle>
      <velocity>7.199999999999999</velocity>
      <orientation>-1.4210781</orientation>
      <time>29</time>
    </ksState>
    <ksState>
      <x>979.6883056569145</x>
      <y>-143.2204283222234</y>
      <steeringAngle>0.0</steeringAngle>
      <velocity>7.999999999999998</velocity>
      <orientation>-1.4210781</orientation>
      <time>30</time>
    </ksState>
    <ksState>
      <x>979.7931482490138</x>
      <y>-143.97319026957337</y>
      <steeringAngle>-0.03553333333333333</steeringAngle>
      <velocity>7.199999999999999</velocity>
      <orientation>-1.4262231129824923</orientation>
      <time>31</time>
    </ksState>
    <ksState>
      <x>979.8672405754594</x>
      <y>-144.64941286752057</y>
      <steeringAngle>-0.07106666666666664</steeringAngle>
      <velocity>6.400000000000001</velocity>
      <orientation>-1.4401997851034554</orientation>
      <time>32</time>
    </ksState>
    <ksState>
      <x>979.9105064694772</x>
      <y>-145.2485392500985</y>
      <steeringAngle>-0.10659999999999997</steeringAngle>
      <velocity>5.600000000000004</velocity>
      <orientation>-1.4608315529693368</orientation>
      <time>33</time>
    </ksState>
  </ksTrajectory>
</CommonRoadSolution>
