<?xml version="1.0" ?>
<CommonRoadSolution benchmark_id="KS2:SM1:DEU_Flensburg-31_1_T-1:2020a" computation_time="0.536028129999977" date="2023-11-26T00:13:30">
  <ksTrajectory planningProblem="123">
    <ksState>
      <x>431.8579</x>
      <y>-400.75743</y>
      <steeringAngle>0.0</steeringAngle>
      <velocity>4.0</velocity>
      <orientation>-0.15738373</orientation>
      <time>0</time>
    </ksState>
    <ksState>
      <x>432.29246191941036</x>
      <y>-400.82639331708043</y>
      <steeringAngle>0.0</steeringAngle>
      <velocity>4.8</velocity>
      <orientation>-0.15738373</orientation>
      <time>1</time>
    </ksState>
    <ksState>
      <x>432.8060350967554</x>
      <y>-400.90789541906236</y>
      <steeringAngle>0.0</steeringAngle>
      <velocity>5.6</velocity>
      <orientation>-0.15738373</orientation>
      <time>2</time>
    </ksState>
    <ksState>
      <x>433.39861953201944</x>
      <y>-401.0019363059433</y>
      <steeringAngle>0.0</steeringAngle>
      <velocity>6.4</velocity>
      <orientation>-0.15738373</orientation>
      <time>3</time>
    </ksState>
    <ksState>
      <x>434.0702152251932</x>
      <y>-401.10851597772177</y>
      <steeringAngle>0.0</steeringAngle>
      <velocity>7.199999999999999</velocity>
      <orientation>-0.15738373</orientation>
      <time>4</time>
    </ksState>
    <ksState>
      <x>434.8208221762708</x>
      <y>-401.22763443439686</y>
      <steeringAngle>0.0</steeringAngle>
      <velocity>7.999999999999998</velocity>
      <orientation>-0.15738373</orientation>
      <time>5</time>
    </ksState>
    <ksState>
      <x>435.6109347551715</x>
      <y>-401.35302228334115</y>
      <steeringAngle>0.0</steeringAngle>
      <velocity>8.0</velocity>
      <orientation>-0.15738373</orientation>
      <time>6</time>
    </ksState>
    <ksState>
      <x>436.4010473340722</x>
      <y>-401.4784101322854</y>
      <steeringAngle>0.0</steeringAngle>
      <velocity>8.0</velocity>
      <orientation>-0.15738373</orientation>
      <time>7</time>
    </ksState>
    <ksState>
      <x>437.1911599129729</x>
      <y>-401.60379798122966</y>
      <steeringAngle>0.0</steeringAngle>
      <velocity>8.0</velocity>
      <orientation>-0.15738373</orientation>
      <time>8</time>
    </ksState>
    <ksState>
      <x>437.9812724918736</x>
      <y>-401.7291858301739</y>
      <steeringAngle>0.0</steeringAngle>
      <velocity>8.0</velocity>
      <orientation>-0.15738373</orientation>
      <time>9</time>
    </ksState>
    <ksState>
      <x>438.77138507077433</x>
      <y>-401.8545736791182</y>
      <steeringAngle>0.0</steeringAngle>
      <velocity>8.0</velocity>
      <orientation>-0.15738373</orientation>
      <time>10</time>
    </ksState>
    <ksState>
      <x>439.56149764967506</x>
      <y>-401.97996152806246</y>
      <steeringAngle>0.0</steeringAngle>
      <velocity>8.0</velocity>
      <orientation>-0.15738373</orientation>
      <time>11</time>
    </ksState>
    <ksState>
      <x>440.35161022857574</x>
      <y>-402.1053493770067</y>
      <steeringAngle>0.0</steeringAngle>
      <velocity>8.0</velocity>
      <orientation>-0.15738373</orientation>
      <time>12</time>
    </ksState>
    <ksState>
      <x>441.14172280747647</x>
      <y>-402.230737225951</y>
      <steeringAngle>0.0</steeringAngle>
      <velocity>8.0</velocity>
      <orientation>-0.15738373</orientation>
      <time>13</time>
    </ksState>
    <ksState>
      <x>441.93183538637714</x>
      <y>-402.3561250748952</y>
      <steeringAngle>0.0</steeringAngle>
      <velocity>8.0</velocity>
      <orientation>-0.15738373</orientation>
      <time>14</time>
    </ksState>
    <ksState>
      <x>442.7219479652779</x>
      <y>-402.4815129238395</y>
      <steeringAngle>0.0</steeringAngle>
      <velocity>8.0</velocity>
      <orientation>-0.15738373</orientation>
      <time>15</time>
    </ksState>
    <ksState>
      <x>443.51349636238297</x>
      <y>-402.59769945581013</y>
      <steeringAngle>0.03553333333333333</steeringAngle>
      <velocity>8.0</velocity>
      <orientation>-0.15187119499716123</orientation>
      <time>16</time>
    </ksState>
    <ksState>
      <x>444.3085175194592</x>
      <y>-402.6896039379682</y>
      <steeringAngle>0.07106666666666667</steeringAngle>
      <velocity>8.0</velocity>
      <orientation>-0.13531967411689158</orientation>
      <time>17</time>
    </ksState>
    <ksState>
      <x>445.1072688922714</x>
      <y>-402.7482776718997</y>
      <steeringAngle>0.10659999999999997</steeringAngle>
      <velocity>8.0</velocity>
      <orientation>-0.10768719482619668</orientation>
      <time>18</time>
    </ksState>
    <ksState>
      <x>445.9089016891235</x>
      <y>-402.76460105894563</y>
      <steeringAngle>0.1421333333333333</steeringAngle>
      <velocity>8.0</velocity>
      <orientation>-0.06890334255346175</orientation>
      <time>19</time>
    </ksState>
    <ksState>
      <x>446.71113726553983</x>
      <y>-402.7293386601699</y>
      <steeringAngle>0.17766666666666667</steeringAngle>
      <velocity>8.0</velocity>
      <orientation>-0.018868530304307074</orientation>
      <time>20</time>
    </ksState>
    <ksState>
      <x>447.47028205721335</x>
      <y>-402.63937473885943</y>
      <steeringAngle>0.21320000000000014</steeringAngle>
      <velocity>7.200000000000003</velocity>
      <orientation>0.039380796767185776</orientation>
      <time>21</time>
    </ksState>
    <ksState>
      <x>448.142461851123</x>
      <y>-402.5042809473345</y>
      <steeringAngle>0.24873333333333347</steeringAngle>
      <velocity>6.400000000000004</velocity>
      <orientation>0.10129788425296513</orientation>
      <time>22</time>
    </ksState>
    <ksState>
      <x>448.725262708617</x>
      <y>-402.335728582414</y>
      <steeringAngle>0.2842666666666668</steeringAngle>
      <velocity>5.600000000000001</velocity>
      <orientation>0.16472002701688626</orientation>
      <time>23</time>
    </ksState>
    <ksState>
      <x>449.2179861071485</x>
      <y>-402.147226719365</y>
      <steeringAngle>0.3198</steeringAngle>
      <velocity>4.800000000000002</velocity>
      <orientation>0.22744912675883888</orientation>
      <time>24</time>
    </ksState>
    <ksState>
      <x>449.62192545812206</x>
      <y>-401.9532273203959</y>
      <steeringAngle>0.3553333333333332</steeringAngle>
      <velocity>4.000000000000001</velocity>
      <orientation>0.28723896080705363</orientation>
      <time>25</time>
    </ksState>
    <ksState>
      <x>449.97495471009637</x>
      <y>-401.7464782742524</y>
      <steeringAngle>0.39086666666666653</steeringAngle>
      <velocity>4.0</velocity>
      <orientation>0.34795932711304084</orientation>
      <time>26</time>
    </ksState>
    <ksState>
      <x>450.31062570564046</x>
      <y>-401.50909237091764</y>
      <steeringAngle>0.42639999999999995</steeringAngle>
      <velocity>4.0</velocity>
      <orientation>0.41512894056944444</orientation>
      <time>27</time>
    </ksState>
    <ksState>
      <x>450.62460072415473</x>
      <y>-401.24015904128055</y>
      <steeringAngle>0.4619333333333333</steeringAngle>
      <velocity>4.0</velocity>
      <orientation>0.48894952420178844</orientation>
      <time>28</time>
    </ksState>
    <ksState>
      <x>450.91193197473694</x>
      <y>-400.93936764629285</y>
      <steeringAngle>0.49746666666666667</steeringAngle>
      <velocity>4.0</velocity>
      <orientation>0.5696500660150088</orientation>
      <time>29</time>
    </ksState>
    <ksState>
      <x>451.16707148052274</x>
      <y>-400.607180728835</y>
      <steeringAngle>0.533</steeringAngle>
      <velocity>4.0</velocity>
      <orientation>0.6574899326148174</orientation>
      <time>30</time>
    </ksState>
    <ksState>
      <x>451.39177244868836</x>
      <y>-400.25352124323535</y>
      <steeringAngle>0.4974666666666666</steeringAngle>
      <velocity>4.0</velocity>
      <orientation>0.7453297994542666</orientation>
      <time>31</time>
    </ksState>
    <ksState>
      <x>451.59310690676637</x>
      <y>-399.8893697279777</y>
      <steeringAngle>0.4619333333333334</steeringAngle>
      <velocity>4.0</velocity>
      <orientation>0.8260303412414367</orientation>
      <time>32</time>
    </ksState>
    <ksState>
      <x>451.7731830110723</x>
      <y>-399.51711620342036</y>
      <steeringAngle>0.42640000000000017</steeringAngle>
      <velocity>4.0</velocity>
      <orientation>0.8998509244912418</orientation>
      <time>33</time>
    </ksState>
    <ksState>
      <x>451.93420653572406</x>
      <y>-399.1387223684843</y>
      <steeringAngle>0.3908666666666668</steeringAngle>
      <velocity>4.0</velocity>
      <orientation>0.9670205373541043</orientation>
      <time>34</time>
    </ksState>
    <ksState>
      <x>452.07843773612547</x>
      <y>-398.7557793346143</y>
      <steeringAngle>0.3553333333333335</steeringAngle>
      <velocity>4.0</velocity>
      <orientation>1.02774090523239</orientation>
      <time>35</time>
    </ksState>
    <ksState>
      <x>452.2201024919167</x>
      <y>-398.33063278332236</y>
      <steeringAngle>0.31979999999999975</steeringAngle>
      <velocity>4.800000000000001</velocity>
      <orientation>1.0875307402641385</orientation>
      <time>36</time>
    </ksState>
    <ksState>
      <x>452.36655704063236</x>
      <y>-397.82379419713124</y>
      <steeringAngle>0.28426666666666645</steeringAngle>
      <velocity>5.600000000000004</velocity>
      <orientation>1.1502598403954623</orientation>
      <time>37</time>
    </ksState>
    <ksState>
      <x>452.51008693136293</x>
      <y>-397.2343048720467</y>
      <steeringAngle>0.2487333333333331</steeringAngle>
      <velocity>6.400000000000004</velocity>
      <orientation>1.213681977088138</orientation>
      <time>38</time>
    </ksState>
    <ksState>
      <x>452.6439632657291</x>
      <y>-396.5618574450187</y>
      <steeringAngle>0.21319999999999992</steeringAngle>
      <velocity>7.200000000000004</velocity>
      <orientation>1.275599065765937</orientation>
      <time>39</time>
    </ksState>
    <ksState>
      <x>452.7631632803027</x>
      <y>-395.806736186362</y>
      <steeringAngle>0.17766666666666656</steeringAngle>
      <velocity>8.000000000000004</velocity>
      <orientation>1.3338483953669023</orientation>
      <time>40</time>
    </ksState>
    <ksState>
      <x>452.85702099421985</x>
      <y>-395.04952807662164</y>
      <steeringAngle>0.1421333333333334</steeringAngle>
      <velocity>7.2</velocity>
      <orientation>1.3814757171125391</orientation>
      <time>41</time>
    </ksState>
    <ksState>
      <x>452.9270667851846</x>
      <y>-394.3715058909084</y>
      <steeringAngle>0.10660000000000011</steeringAngle>
      <velocity>6.4</velocity>
      <orientation>1.414535287560507</orientation>
      <time>42</time>
    </ksState>
    <ksState>
      <x>452.9845532575292</x>
      <y>-393.77352260339757</y>
      <steeringAngle>0.07106666666666674</steeringAngle>
      <velocity>5.600000000000001</velocity>
      <orientation>1.4353522358543955</orientation>
      <time>43</time>
    </ksState>
    <ksState>
      <x>453.0363569824973</x>
      <y>-393.2558725261021</y>
      <steeringAngle>0.03553333333333339</steeringAngle>
      <velocity>4.800000000000001</velocity>
      <orientation>1.4462028455120586</orientation>
      <time>44</time>
    </ksState>
    <ksState>
      <x>453.0857233881061</x>
      <y>-392.81862601374655</y>
      <steeringAngle>5.5294310796760726e-17</steeringAngle>
      <velocity>4.0</velocity>
      <orientation>1.449326621349224</orientation>
      <time>45</time>
    </ksState>
    <ksState>
      <x>453.14391112890445</x>
      <y>-392.3824703118862</y>
      <steeringAngle>-0.035533333333333326</steeringAngle>
      <velocity>4.799999999999999</velocity>
      <orientation>1.446202842680033</orientation>
      <time>46</time>
    </ksState>
    <ksState>
      <x>453.22632881238343</x>
      <y>-391.8688232046221</y>
      <steeringAngle>-0.07106666666666667</steeringAngle>
      <velocity>5.599999999999998</velocity>
      <orientation>1.4353522316188603</orientation>
      <time>47</time>
    </ksState>
    <ksState>
      <x>453.34241857392544</x>
      <y>-391.2794484872158</y>
      <steeringAngle>-0.10659999999999999</steeringAngle>
      <velocity>6.3999999999999995</velocity>
      <orientation>1.4145352826185325</orientation>
      <time>48</time>
    </ksState>
    <ksState>
      <x>453.50512818597167</x>
      <y>-390.617599041893</y>
      <steeringAngle>-0.14213333333333333</steeringAngle>
      <velocity>7.199999999999999</velocity>
      <orientation>1.3814757116373673</orientation>
      <time>49</time>
    </ksState>
    <ksState>
      <x>453.731427343701</x>
      <y>-389.88905410468965</y>
      <steeringAngle>-0.17766666666666664</steeringAngle>
      <velocity>7.9999999999999964</velocity>
      <orientation>1.3338483895558206</orientation>
      <time>50</time>
    </ksState>
    <ksState>
      <x>454.0080669228063</x>
      <y>-389.13505770361553</y>
      <steeringAngle>-0.14213333333333336</steeringAngle>
      <velocity>8.0</velocity>
      <orientation>1.2838135780070723</orientation>
      <time>51</time>
    </ksState>
    <ksState>
      <x>454.30265222649103</x>
      <y>-388.38922541121985</y>
      <steeringAngle>-0.1066000000000001</steeringAngle>
      <velocity>8.0</velocity>
      <orientation>1.2450297260000749</orientation>
      <time>52</time>
    </ksState>
    <ksState>
      <x>454.6068840259736</x>
      <y>-387.64827612383885</y>
      <steeringAngle>-0.07106666666666674</steeringAngle>
      <velocity>8.0</velocity>
      <orientation>1.217397246970388</orientation>
      <time>53</time>
    </ksState>
    <ksState>
      <x>454.912667356075</x>
      <y>-386.908633612919</y>
      <steeringAngle>-0.035533333333333354</steeringAngle>
      <velocity>8.0</velocity>
      <orientation>1.2008457263413586</orientation>
      <time>54</time>
    </ksState>
    <ksState>
      <x>455.2119660196925</x>
      <y>-386.1666823913068</y>
      <steeringAngle>-2.0816681711721685e-17</steeringAngle>
      <velocity>8.0</velocity>
      <orientation>1.1953331998829537</orientation>
      <time>55</time>
    </ksState>
    <ksState>
      <x>455.49665603056843</x>
      <y>-385.41901951749367</y>
      <steeringAngle>0.03553333333333333</steeringAngle>
      <velocity>8.0</velocity>
      <orientation>1.2008457348857926</orientation>
      <time>56</time>
    </ksState>
    <ksState>
      <x>455.7583904659548</x>
      <y>-384.66271259608374</y>
      <steeringAngle>0.07106666666666667</steeringAngle>
      <velocity>8.0</velocity>
      <orientation>1.2173972557660622</orientation>
      <time>57</time>
    </ksState>
    <ksState>
      <x>455.988488281132</x>
      <y>-383.8955741743673</y>
      <steeringAngle>0.10659999999999997</steeringAngle>
      <velocity>8.0</velocity>
      <orientation>1.245029735056757</orientation>
      <time>58</time>
    </ksState>
    <ksState>
      <x>456.1778622368758</x>
      <y>-383.11645987027606</y>
      <steeringAngle>0.1421333333333333</steeringAngle>
      <velocity>8.0</velocity>
      <orientation>1.283813587329492</orientation>
      <time>59</time>
    </ksState>
    <ksState>
      <x>456.3170026417168</x>
      <y>-382.3255962255332</y>
      <steeringAngle>0.17766666666666667</steeringAngle>
      <velocity>8.0</velocity>
      <orientation>1.3338483995786468</orientation>
      <time>60</time>
    </ksState>
    <ksState>
      <x>456.41494051892465</x>
      <y>-381.5284461758135</y>
      <steeringAngle>0.14213333333333336</steeringAngle>
      <velocity>8.0</velocity>
      <orientation>1.383883211127395</orientation>
      <time>61</time>
    </ksState>
    <ksState>
      <x>456.4931845994957</x>
      <y>-380.7303708827597</y>
      <steeringAngle>0.1066000000000001</steeringAngle>
      <velocity>8.0</velocity>
      <orientation>1.4226670631343925</orientation>
      <time>62</time>
    </ksState>
    <ksState>
      <x>456.5606168657156</x>
      <y>-379.9322382347874</y>
      <steeringAngle>0.07106666666666674</steeringAngle>
      <velocity>8.0</velocity>
      <orientation>1.4502995421640794</orientation>
      <time>63</time>
    </ksState>
    <ksState>
      <x>456.62607222879336</x>
      <y>-379.1345603020526</y>
      <steeringAngle>0.035533333333333354</steeringAngle>
      <velocity>8.0</velocity>
      <orientation>1.4668510627931088</orientation>
      <time>64</time>
    </ksState>
    <ksState>
      <x>456.69835122417993</x>
      <y>-378.33778740334117</y>
      <steeringAngle>2.0816681711721685e-17</steeringAngle>
      <velocity>8.0</velocity>
      <orientation>1.4723635892515137</orientation>
      <time>65</time>
    </ksState>
    <ksState>
      <x>456.7769703137814</x>
      <y>-377.5416598766532</y>
      <steeringAngle>0.0</steeringAngle>
      <velocity>8.0</velocity>
      <orientation>1.4723635892515137</orientation>
      <time>66</time>
    </ksState>
    <ksState>
      <x>456.8555894033829</x>
      <y>-376.7455323499653</y>
      <steeringAngle>0.0</steeringAngle>
      <velocity>8.0</velocity>
      <orientation>1.4723635892515137</orientation>
      <time>67</time>
    </ksState>
    <ksState>
      <x>456.9342084929844</x>
      <y>-375.9494048232774</y>
      <steeringAngle>0.0</steeringAngle>
      <velocity>8.0</velocity>
      <orientation>1.4723635892515137</orientation>
      <time>68</time>
    </ksState>
    <ksState>
      <x>457.0128275825859</x>
      <y>-375.15327729658947</y>
      <steeringAngle>0.0</steeringAngle>
      <velocity>8.0</velocity>
      <orientation>1.4723635892515137</orientation>
      <time>69</time>
    </ksState>
    <ksState>
      <x>457.0914466721874</x>
      <y>-374.3571497699015</y>
      <steeringAngle>0.0</steeringAngle>
      <velocity>8.0</velocity>
      <orientation>1.4723635892515137</orientation>
      <time>70</time>
    </ksState>
    <ksState>
      <x>457.17006576178886</x>
      <y>-373.5610222432136</y>
      <steeringAngle>0.0</steeringAngle>
      <velocity>8.0</velocity>
      <orientation>1.4723635892515137</orientation>
      <time>71</time>
    </ksState>
    <ksState>
      <x>457.24868485139035</x>
      <y>-372.76489471652565</y>
      <steeringAngle>0.0</steeringAngle>
      <velocity>8.0</velocity>
      <orientation>1.4723635892515137</orientation>
      <time>72</time>
    </ksState>
    <ksState>
      <x>457.32730394099184</x>
      <y>-371.96876718983776</y>
      <steeringAngle>0.0</steeringAngle>
      <velocity>8.0</velocity>
      <orientation>1.4723635892515137</orientation>
      <time>73</time>
    </ksState>
    <ksState>
      <x>457.4059230305933</x>
      <y>-371.1726396631498</y>
      <steeringAngle>0.0</steeringAngle>
      <velocity>8.0</velocity>
      <orientation>1.4723635892515137</orientation>
      <time>74</time>
    </ksState>
    <ksState>
      <x>457.4845421201948</x>
      <y>-370.3765121364619</y>
      <steeringAngle>0.0</steeringAngle>
      <velocity>8.0</velocity>
      <orientation>1.4723635892515137</orientation>
      <time>75</time>
    </ksState>
    <ksState>
      <x>457.5631612097963</x>
      <y>-369.58038460977394</y>
      <steeringAngle>0.0</steeringAngle>
      <velocity>8.0</velocity>
      <orientation>1.4723635892515137</orientation>
      <time>76</time>
    </ksState>
    <ksState>
      <x>457.6417802993978</x>
      <y>-368.784257083086</y>
      <steeringAngle>0.0</steeringAngle>
      <velocity>8.0</velocity>
      <orientation>1.4723635892515137</orientation>
      <time>77</time>
    </ksState>
    <ksState>
      <x>457.7203993889993</x>
      <y>-367.9881295563981</y>
      <steeringAngle>0.0</steeringAngle>
      <velocity>8.0</velocity>
      <orientation>1.4723635892515137</orientation>
      <time>78</time>
    </ksState>
    <ksState>
      <x>457.7990184786008</x>
      <y>-367.1920020297102</y>
      <steeringAngle>0.0</steeringAngle>
      <velocity>8.0</velocity>
      <orientation>1.4723635892515137</orientation>
      <time>79</time>
    </ksState>
    <ksState>
      <x>457.87763756820226</x>
      <y>-366.39587450302224</y>
      <steeringAngle>0.0</steeringAngle>
      <velocity>8.0</velocity>
      <orientation>1.4723635892515137</orientation>
      <time>80</time>
    </ksState>
    <ksState>
      <x>457.95625665780375</x>
      <y>-365.5997469763343</y>
      <steeringAngle>0.0</steeringAngle>
      <velocity>8.0</velocity>
      <orientation>1.4723635892515137</orientation>
      <time>81</time>
    </ksState>
    <ksState>
      <x>458.03487574740524</x>
      <y>-364.80361944964636</y>
      <steeringAngle>0.0</steeringAngle>
      <velocity>8.0</velocity>
      <orientation>1.4723635892515137</orientation>
      <time>82</time>
    </ksState>
    <ksState>
      <x>458.1134948370067</x>
      <y>-364.0074919229585</y>
      <steeringAngle>0.0</steeringAngle>
      <velocity>8.0</velocity>
      <orientation>1.4723635892515137</orientation>
      <time>83</time>
    </ksState>
    <ksState>
      <x>458.1921139266082</x>
      <y>-363.21136439627054</y>
      <steeringAngle>0.0</steeringAngle>
      <velocity>8.0</velocity>
      <orientation>1.4723635892515137</orientation>
      <time>84</time>
    </ksState>
    <ksState>
      <x>458.2707330162097</x>
      <y>-362.4152368695826</y>
      <steeringAngle>0.0</steeringAngle>
      <velocity>8.0</velocity>
      <orientation>1.4723635892515137</orientation>
      <time>85</time>
    </ksState>
    <ksState>
      <x>458.3400821786148</x>
      <y>-361.6182181315063</y>
      <steeringAngle>0.03553333333333333</steeringAngle>
      <velocity>8.0</velocity>
      <orientation>1.4778761242543526</orientation>
      <time>86</time>
    </ksState>
    <ksState>
      <x>458.3849868676249</x>
      <y>-360.8191632879915</y>
      <steeringAngle>0.07106666666666667</steeringAngle>
      <velocity>8.0</velocity>
      <orientation>1.4944276451346221</orientation>
      <time>87</time>
    </ksState>
    <ksState>
      <x>458.3964987611853</x>
      <y>-360.0183425596574</y>
      <steeringAngle>0.10659999999999997</steeringAngle>
      <velocity>8.0</velocity>
      <orientation>1.522060124425317</orientation>
      <time>88</time>
    </ksState>
    <ksState>
      <x>458.3655641104884</x>
      <y>-359.2171405618193</y>
      <steeringAngle>0.1421333333333333</steeringAngle>
      <velocity>8.0</velocity>
      <orientation>1.560843976698052</orientation>
      <time>89</time>
    </ksState>
    <ksState>
      <x>458.2830977701034</x>
      <y>-358.4183761037098</y>
      <steeringAngle>0.17766666666666667</steeringAngle>
      <velocity>8.0</velocity>
      <orientation>1.6108787889472067</orientation>
      <time>90</time>
    </ksState>
    <ksState>
      <x>458.15928054274957</x>
      <y>-357.62483384032953</y>
      <steeringAngle>0.14213333333333336</steeringAngle>
      <velocity>8.0</velocity>
      <orientation>1.660913600495955</orientation>
      <time>91</time>
    </ksState>
    <ksState>
      <x>458.0162673519425</x>
      <y>-356.8357878741258</y>
      <steeringAngle>0.1066000000000001</steeringAngle>
      <velocity>8.0</velocity>
      <orientation>1.6996974525029525</orientation>
      <time>92</time>
    </ksState>
    <ksState>
      <x>457.8628388944694</x>
      <y>-356.0496437761869</y>
      <steeringAngle>0.07106666666666674</steeringAngle>
      <velocity>8.0</velocity>
      <orientation>1.7273299315326394</orientation>
      <time>93</time>
    </ksState>
    <ksState>
      <x>457.70763327431064</x>
      <y>-355.2644777399889</y>
      <steeringAngle>0.035533333333333354</steeringAngle>
      <velocity>8.0</velocity>
      <orientation>1.7438814521616688</orientation>
      <time>94</time>
    </ksState>
    <ksState>
      <x>457.55923864134286</x>
      <y>-354.47831596388835</y>
      <steeringAngle>2.0816681711721685e-17</steeringAngle>
      <velocity>8.0</velocity>
      <orientation>1.7493939786200736</orientation>
      <time>95</time>
    </ksState>
    <ksState>
      <x>457.4327034561705</x>
      <y>-353.72889527735134</y>
      <steeringAngle>-0.03553333333333333</steeringAngle>
      <velocity>7.199999999999999</velocity>
      <orientation>1.7442489656375813</orientation>
      <time>96</time>
    </ksState>
    <ksState>
      <x>457.3391158195173</x>
      <y>-353.0550940981611</y>
      <steeringAngle>-0.07106666666666664</steeringAngle>
      <velocity>6.400000000000001</velocity>
      <orientation>1.7302722935166182</orientation>
      <time>97</time>
    </ksState>
    <ksState>
      <x>457.2785679461302</x>
      <y>-352.45746686073426</y>
      <steeringAngle>-0.10659999999999997</steeringAngle>
      <velocity>5.600000000000004</velocity>
      <orientation>1.7096405256507368</orientation>
      <time>98</time>
    </ksState>
    <ksState>
      <x>457.2482106462393</x>
      <y>-351.9371606874252</y>
      <steeringAngle>-0.1421333333333333</steeringAngle>
      <velocity>4.800000000000003</velocity>
      <orientation>1.6845243181420886</orientation>
      <time>99</time>
    </ksState>
  </ksTrajectory>
</CommonRoadSolution>
