<?xml version="1.0" ?>
<CommonRoadSolution benchmark_id="KS2:SM1:DEU_Flensburg-47_1_T-1:2020a" computation_time="44.0034205689999" date="2023-11-26T00:13:30">
  <ksTrajectory planningProblem="123">
    <ksState>
      <x>371.63477</x>
      <y>-246.60107</y>
      <steeringAngle>0.0</steeringAngle>
      <velocity>4.0</velocity>
      <orientation>-0.010057851</orientation>
      <time>0</time>
    </ksState>
    <ksState>
      <x>372.0748119993252</x>
      <y>-246.60058612925454</y>
      <steeringAngle>0.035533333333333326</steeringAngle>
      <velocity>4.799999999999999</velocity>
      <orientation>-0.006934072330809186</orientation>
      <time>1</time>
    </ksState>
    <ksState>
      <x>372.59485785909885</x>
      <y>-246.58624431855137</y>
      <steeringAngle>0.07106666666666667</steeringAngle>
      <velocity>5.599999999999998</velocity>
      <orientation>0.003916538730363597</orientation>
      <time>2</time>
    </ksState>
    <ksState>
      <x>373.19439733576706</x>
      <y>-246.5484523434087</y>
      <steeringAngle>0.10659999999999999</steeringAngle>
      <velocity>6.3999999999999995</velocity>
      <orientation>0.02473348773069159</orientation>
      <time>3</time>
    </ksState>
    <ksState>
      <x>373.87190369956136</x>
      <y>-246.47394714524307</y>
      <steeringAngle>0.14213333333333333</steeringAngle>
      <velocity>7.199999999999999</velocity>
      <orientation>0.05779305871185674</orientation>
      <time>4</time>
    </ksState>
    <ksState>
      <x>374.62387310654105</x>
      <y>-246.3451469328761</y>
      <steeringAngle>0.17766666666666664</steeringAngle>
      <velocity>7.9999999999999964</velocity>
      <orientation>0.10542038079340338</orientation>
      <time>5</time>
    </ksState>
    <ksState>
      <x>375.4076379340672</x>
      <y>-246.16978238488187</y>
      <steeringAngle>0.14213333333333336</steeringAngle>
      <velocity>8.0</velocity>
      <orientation>0.15545519234215183</orientation>
      <time>6</time>
    </ksState>
    <ksState>
      <x>376.1856627263482</x>
      <y>-245.9755564027804</y>
      <steeringAngle>0.1066000000000001</steeringAngle>
      <velocity>8.0</velocity>
      <orientation>0.19423904434914915</orientation>
      <time>7</time>
    </ksState>
    <ksState>
      <x>376.960111814502</x>
      <y>-245.771126844877</y>
      <steeringAngle>0.07106666666666674</steeringAngle>
      <velocity>8.0</velocity>
      <orientation>0.22187152337883606</orientation>
      <time>8</time>
    </ksState>
    <ksState>
      <x>377.7334688943552</x>
      <y>-245.5649877753908</y>
      <steeringAngle>0.035533333333333354</steeringAngle>
      <velocity>8.0</velocity>
      <orientation>0.2384230440078654</orientation>
      <time>9</time>
    </ksState>
    <ksState>
      <x>378.50826428860097</x>
      <y>-245.36558014677382</y>
      <steeringAngle>2.0816681711721685e-17</steeringAngle>
      <velocity>8.0</velocity>
      <orientation>0.24393557046627024</orientation>
      <time>10</time>
    </ksState>
    <ksState>
      <x>379.28680609667526</x>
      <y>-245.18140406729714</y>
      <steeringAngle>-0.03553333333333333</steeringAngle>
      <velocity>8.0</velocity>
      <orientation>0.23842303546343147</orientation>
      <time>11</time>
    </ksState>
    <ksState>
      <x>380.07090669832166</x>
      <y>-245.0211189446648</y>
      <steeringAngle>-0.07106666666666667</steeringAngle>
      <velocity>8.0</velocity>
      <orientation>0.22187151458316182</orientation>
      <time>12</time>
    </ksState>
    <ksState>
      <x>380.86159614523297</x>
      <y>-244.89361772441177</y>
      <steeringAngle>-0.10659999999999997</steeringAngle>
      <velocity>8.0</velocity>
      <orientation>0.19423903529246692</orientation>
      <time>13</time>
    </ksState>
    <ksState>
      <x>381.65881715589654</x>
      <y>-244.8080592408454</y>
      <steeringAngle>-0.1421333333333333</steeringAngle>
      <velocity>8.0</velocity>
      <orientation>0.155455183019732</orientation>
      <time>14</time>
    </ksState>
    <ksState>
      <x>382.4610979620251</x>
      <y>-244.77384133686186</y>
      <steeringAngle>-0.17766666666666667</steeringAngle>
      <velocity>8.0</velocity>
      <orientation>0.10542037077057731</orientation>
      <time>15</time>
    </ksState>
    <ksState>
      <x>383.2647294174235</x>
      <y>-244.79085388053807</y>
      <steeringAngle>-0.17766666666666667</steeringAngle>
      <velocity>8.0</velocity>
      <orientation>0.04971939446006552</orientation>
      <time>16</time>
    </ksState>
    <ksState>
      <x>384.0661674339786</x>
      <y>-244.85257994942256</y>
      <steeringAngle>-0.17766666666666667</steeringAngle>
      <velocity>8.0</velocity>
      <orientation>-0.005981581850446227</orientation>
      <time>17</time>
    </ksState>
    <ksState>
      <x>384.86292607929164</x>
      <y>-244.95882808500625</y>
      <steeringAngle>-0.17766666666666667</steeringAngle>
      <velocity>8.0</velocity>
      <orientation>-0.06168255816095791</orientation>
      <time>18</time>
    </ksState>
    <ksState>
      <x>385.6525339701704</x>
      <y>-245.10926872718082</y>
      <steeringAngle>-0.17766666666666667</steeringAngle>
      <velocity>8.0</velocity>
      <orientation>-0.11738353447146974</orientation>
      <time>19</time>
    </ksState>
    <ksState>
      <x>386.43254190413614</x>
      <y>-245.30343524026637</y>
      <steeringAngle>-0.17766666666666667</steeringAngle>
      <velocity>8.0</velocity>
      <orientation>-0.17308451078198156</orientation>
      <time>20</time>
    </ksState>
    <ksState>
      <x>387.2005304072815</x>
      <y>-245.54072536181502</y>
      <steeringAngle>-0.17766666666666667</steeringAngle>
      <velocity>8.0</velocity>
      <orientation>-0.22878548709249336</orientation>
      <time>21</time>
    </ksState>
    <ksState>
      <x>387.9541174171822</x>
      <y>-245.8204030700233</y>
      <steeringAngle>-0.17766666666666667</steeringAngle>
      <velocity>8.0</velocity>
      <orientation>-0.2844864634030051</orientation>
      <time>22</time>
    </ksState>
    <ksState>
      <x>388.69096542598544</x>
      <y>-246.1416008550698</y>
      <steeringAngle>-0.17766666666666667</steeringAngle>
      <velocity>8.0</velocity>
      <orientation>-0.3401874397135168</orientation>
      <time>23</time>
    </ksState>
    <ksState>
      <x>389.40878888110586</x>
      <y>-246.50332242677223</y>
      <steeringAngle>-0.17766666666666667</steeringAngle>
      <velocity>8.0</velocity>
      <orientation>-0.3958884160240286</orientation>
      <time>24</time>
    </ksState>
    <ksState>
      <x>390.10536124059774</x>
      <y>-246.90444579912187</y>
      <steeringAngle>-0.17766666666666667</steeringAngle>
      <velocity>8.0</velocity>
      <orientation>-0.45158939233454043</orientation>
      <time>25</time>
    </ksState>
    <ksState>
      <x>390.7411338051526</x>
      <y>-247.32868833176988</y>
      <steeringAngle>-0.21320000000000014</steeringAngle>
      <velocity>7.200000000000003</velocity>
      <orientation>-0.5098387194060333</orientation>
      <time>26</time>
    </ksState>
    <ksState>
      <x>391.27894823916046</x>
      <y>-247.75373752899787</y>
      <steeringAngle>-0.24873333333333347</steeringAngle>
      <velocity>6.400000000000004</velocity>
      <orientation>-0.5717558068918126</orientation>
      <time>27</time>
    </ksState>
    <ksState>
      <x>391.72194301881234</x>
      <y>-248.16809728997868</y>
      <steeringAngle>-0.2842666666666668</steeringAngle>
      <velocity>5.600000000000001</velocity>
      <orientation>-0.6351779496557337</orientation>
      <time>28</time>
    </ksState>
    <ksState>
      <x>392.0756184331866</x>
      <y>-248.5594111889191</y>
      <steeringAngle>-0.3198</steeringAngle>
      <velocity>4.800000000000002</velocity>
      <orientation>-0.6979070493976864</orientation>
      <time>29</time>
    </ksState>
    <ksState>
      <x>392.34767743648894</x>
      <y>-248.91538534464033</y>
      <steeringAngle>-0.3553333333333332</steeringAngle>
      <velocity>4.000000000000001</velocity>
      <orientation>-0.7576968834459011</orientation>
      <time>30</time>
    </ksState>
    <ksState>
      <x>392.5686356687381</x>
      <y>-249.2596995622267</y>
      <steeringAngle>-0.39086666666666653</steeringAngle>
      <velocity>4.0</velocity>
      <orientation>-0.8184172497518883</orientation>
      <time>31</time>
    </ksState>
    <ksState>
      <x>392.76023391243064</x>
      <y>-249.62345387129477</y>
      <steeringAngle>-0.42639999999999995</steeringAngle>
      <velocity>4.0</velocity>
      <orientation>-0.8855868632082919</orientation>
      <time>32</time>
    </ksState>
    <ksState>
      <x>392.9181929374524</x>
      <y>-250.00549365254133</y>
      <steeringAngle>-0.4619333333333333</steeringAngle>
      <velocity>4.0</velocity>
      <orientation>-0.959407446840636</orientation>
      <time>33</time>
    </ksState>
    <ksState>
      <x>393.03796166593327</x>
      <y>-250.40385299100078</y>
      <steeringAngle>-0.49746666666666667</steeringAngle>
      <velocity>4.0</velocity>
      <orientation>-1.0401079886538562</orientation>
      <time>34</time>
    </ksState>
    <ksState>
      <x>393.11480451688055</x>
      <y>-250.81560472663898</y>
      <steeringAngle>-0.533</steeringAngle>
      <velocity>4.0</velocity>
      <orientation>-1.127947855253665</orientation>
      <time>35</time>
    </ksState>
    <ksState>
      <x>393.1547822511515</x>
      <y>-251.2326986460525</y>
      <steeringAngle>-0.4974666666666666</steeringAngle>
      <velocity>4.0</velocity>
      <orientation>-1.2157877220931141</orientation>
      <time>36</time>
    </ksState>
    <ksState>
      <x>393.1691760147011</x>
      <y>-251.64855283882312</y>
      <steeringAngle>-0.4619333333333334</steeringAngle>
      <velocity>4.0</velocity>
      <orientation>-1.2964882638802844</orientation>
      <time>37</time>
    </ksState>
    <ksState>
      <x>393.1609483185464</x>
      <y>-252.06199255015153</y>
      <steeringAngle>-0.42640000000000017</steeringAngle>
      <velocity>4.0</velocity>
      <orientation>-1.3703088471300895</orientation>
      <time>38</time>
    </ksState>
    <ksState>
      <x>393.13295453063256</x>
      <y>-252.47226906379456</y>
      <steeringAngle>-0.3908666666666668</steeringAngle>
      <velocity>4.0</velocity>
      <orientation>-1.437478459992952</orientation>
      <time>39</time>
    </ksState>
    <ksState>
      <x>393.0879305961205</x>
      <y>-252.87898868672895</y>
      <steeringAngle>-0.3553333333333335</steeringAngle>
      <velocity>4.0</velocity>
      <orientation>-1.4981988278712377</orientation>
      <time>40</time>
    </ksState>
    <ksState>
      <x>393.0284902404419</x>
      <y>-253.28205013999732</y>
      <steeringAngle>-0.31979999999999986</steeringAngle>
      <velocity>4.0</velocity>
      <orientation>-1.5526470270646173</orientation>
      <time>41</time>
    </ksState>
    <ksState>
      <x>392.9571295662485</x>
      <y>-253.68158908325876</y>
      <steeringAngle>-0.28426666666666656</steeringAngle>
      <velocity>4.0</velocity>
      <orientation>-1.6009777065458746</orientation>
      <time>42</time>
    </ksState>
    <ksState>
      <x>392.87623679045146</x>
      <y>-254.07792923736565</y>
      <steeringAngle>-0.2487333333333332</steeringAngle>
      <velocity>4.0</velocity>
      <orientation>-1.6433249402687498</orientation>
      <time>43</time>
    </ksState>
    <ksState>
      <x>392.7881058028439</x>
      <y>-254.47153883196012</y>
      <steeringAngle>-0.21319999999999986</steeringAngle>
      <velocity>4.0</velocity>
      <orientation>-1.6798037813423774</orientation>
      <time>44</time>
    </ksState>
    <ksState>
      <x>392.69495253328694</x>
      <y>-254.86299138227315</y>
      <steeringAngle>-0.1776666666666665</steeringAngle>
      <velocity>4.0</velocity>
      <orientation>-1.7105115639912052</orientation>
      <time>45</time>
    </ksState>
    <ksState>
      <x>392.59893293515506</x>
      <y>-255.25292993375004</y>
      <steeringAngle>-0.1421333333333333</steeringAngle>
      <velocity>4.0</velocity>
      <orientation>-1.7355289703357284</orientation>
      <time>46</time>
    </ksState>
    <ksState>
      <x>392.5021619507038</x>
      <y>-255.64203376353228</y>
      <steeringAngle>-0.10659999999999999</steeringAngle>
      <velocity>4.0</velocity>
      <orientation>-1.754920896626479</orientation>
      <time>47</time>
    </ksState>
    <ksState>
      <x>392.40673274053256</x>
      <y>-256.0309866743337</y>
      <steeringAngle>-0.07106666666666664</steeringAngle>
      <velocity>4.0</velocity>
      <orientation>-1.768737136361432</orientation>
      <time>48</time>
    </ksState>
    <ksState>
      <x>392.31473558826605</x>
      <y>-256.4204460010661</y>
      <steeringAngle>-0.03553333333333332</steeringAngle>
      <velocity>4.0</velocity>
      <orientation>-1.7770128968236973</orientation>
      <time>49</time>
    </ksState>
    <ksState>
      <x>392.2282758805708</x>
      <y>-256.81101152061797</y>
      <steeringAngle>2.2985086056692694e-17</steeringAngle>
      <velocity>4.0</velocity>
      <orientation>-1.7797691601185377</orientation>
      <time>50</time>
    </ksState>
    <ksState>
      <x>392.14179979587084</x>
      <y>-257.2424503879207</y>
      <steeringAngle>0.035533333333333326</steeringAngle>
      <velocity>4.799999999999999</velocity>
      <orientation>-1.7766453814493468</orientation>
      <time>51</time>
    </ksState>
    <ksState>
      <x>392.05309979626537</x>
      <y>-257.7550499737777</y>
      <steeringAngle>0.07106666666666667</steeringAngle>
      <velocity>5.599999999999998</velocity>
      <orientation>-1.765794770388174</orientation>
      <time>52</time>
    </ksState>
    <ksState>
      <x>391.97167947068067</x>
      <y>-258.3502055171732</y>
      <steeringAngle>0.10659999999999999</steeringAngle>
      <velocity>6.3999999999999995</velocity>
      <orientation>-1.7449778213878462</orientation>
      <time>53</time>
    </ksState>
    <ksState>
      <x>391.91084153772704</x>
      <y>-259.02904117625445</y>
      <steeringAngle>0.14213333333333333</steeringAngle>
      <velocity>7.199999999999999</velocity>
      <orientation>-1.711918250406681</orientation>
      <time>54</time>
    </ksState>
    <ksState>
      <x>391.8885127530478</x>
      <y>-259.79159639372295</y>
      <steeringAngle>0.17766666666666664</steeringAngle>
      <velocity>7.9999999999999964</velocity>
      <orientation>-1.6642909283251344</orientation>
      <time>55</time>
    </ksState>
    <ksState>
      <x>391.9055428908787</x>
      <y>-260.5945596581166</y>
      <steeringAngle>0.14213333333333336</steeringAngle>
      <velocity>8.0</velocity>
      <orientation>-1.614256116776386</orientation>
      <time>56</time>
    </ksState>
    <ksState>
      <x>391.9421968091694</x>
      <y>-261.39562320104017</y>
      <steeringAngle>0.1066000000000001</steeringAngle>
      <velocity>8.0</velocity>
      <orientation>-1.5754722647693886</orientation>
      <time>57</time>
    </ksState>
    <ksState>
      <x>391.9895596846335</x>
      <y>-262.1951978331506</y>
      <steeringAngle>0.07106666666666674</steeringAngle>
      <velocity>8.0</velocity>
      <orientation>-1.5478397857397017</orientation>
      <time>58</time>
    </ksState>
    <ksState>
      <x>392.0388141499805</x>
      <y>-262.99403979910574</y>
      <steeringAngle>0.035533333333333354</steeringAngle>
      <velocity>8.0</velocity>
      <orientation>-1.5312882651106723</orientation>
      <time>59</time>
    </ksState>
    <ksState>
      <x>392.08118568866547</x>
      <y>-263.7929615462153</y>
      <steeringAngle>2.0816681711721685e-17</steeringAngle>
      <velocity>8.0</velocity>
      <orientation>-1.5257757386522675</orientation>
      <time>60</time>
    </ksState>
    <ksState>
      <x>392.10788570739476</x>
      <y>-264.5925459908932</y>
      <steeringAngle>-0.03553333333333333</steeringAngle>
      <velocity>8.0</velocity>
      <orientation>-1.5312882736551063</orientation>
      <time>61</time>
    </ksState>
    <ksState>
      <x>392.1100674116766</x>
      <y>-265.39285862618385</y>
      <steeringAngle>-0.07106666666666667</steeringAngle>
      <velocity>8.0</velocity>
      <orientation>-1.547839794535376</orientation>
      <time>62</time>
    </ksState>
    <ksState>
      <x>392.07880966676913</x>
      <y>-266.19315189493364</y>
      <steeringAngle>-0.10659999999999997</steeringAngle>
      <velocity>8.0</velocity>
      <orientation>-1.5754722738260707</orientation>
      <time>63</time>
    </ksState>
    <ksState>
      <x>392.00514555544464</x>
      <y>-266.99155980612716</y>
      <steeringAngle>-0.1421333333333333</steeringAngle>
      <velocity>8.0</velocity>
      <orientation>-1.6142561260988058</orientation>
      <time>64</time>
    </ksState>
    <ksState>
      <x>391.88015337558795</x>
      <y>-267.78478254395685</y>
      <steeringAngle>-0.17766666666666667</steeringAngle>
      <velocity>8.0</velocity>
      <orientation>-1.6642909383479605</orientation>
      <time>65</time>
    </ksState>
    <ksState>
      <x>391.71414807487935</x>
      <y>-268.5705829446293</y>
      <steeringAngle>-0.14213333333333336</steeringAngle>
      <velocity>8.0</velocity>
      <orientation>-1.7143257498967088</orientation>
      <time>66</time>
    </ksState>
    <ksState>
      <x>391.52921422860857</x>
      <y>-269.35086865001585</y>
      <steeringAngle>-0.1066000000000001</steeringAngle>
      <velocity>8.0</velocity>
      <orientation>-1.7531096019037062</orientation>
      <time>67</time>
    </ksState>
    <ksState>
      <x>391.33403489011215</x>
      <y>-270.1277005881537</y>
      <steeringAngle>-0.07106666666666674</steeringAngle>
      <velocity>8.0</velocity>
      <orientation>-1.7807420809333931</orientation>
      <time>68</time>
    </ksState>
    <ksState>
      <x>391.1371331388681</x>
      <y>-270.90346098240224</y>
      <steeringAngle>-0.035533333333333354</steeringAngle>
      <velocity>8.0</velocity>
      <orientation>-1.7972936015624226</orientation>
      <time>69</time>
    </ksState>
    <ksState>
      <x>390.94697950241164</x>
      <y>-271.68057931305566</y>
      <steeringAngle>-2.0816681711721685e-17</steeringAngle>
      <velocity>8.0</velocity>
      <orientation>-1.8028061280208274</orientation>
      <time>70</time>
    </ksState>
    <ksState>
      <x>390.77210100977044</x>
      <y>-272.4612621474913</y>
      <steeringAngle>0.03553333333333333</steeringAngle>
      <velocity>8.0</velocity>
      <orientation>-1.7972935930179885</orientation>
      <time>71</time>
    </ksState>
    <ksState>
      <x>390.6211780663783</x>
      <y>-273.24721846892237</y>
      <steeringAngle>0.07106666666666667</steeringAngle>
      <velocity>8.0</velocity>
      <orientation>-1.780742072137719</orientation>
      <time>72</time>
    </ksState>
    <ksState>
      <x>390.5031152692503</x>
      <y>-274.0393722030909</y>
      <steeringAngle>0.10659999999999997</steeringAngle>
      <velocity>8.0</velocity>
      <orientation>-1.7531095928470242</orientation>
      <time>73</time>
    </ksState>
    <ksState>
      <x>390.4270701182887</x>
      <y>-274.8375568490024</y>
      <steeringAngle>0.1421333333333333</steeringAngle>
      <velocity>8.0</velocity>
      <orientation>-1.714325740574289</orientation>
      <time>74</time>
    </ksState>
    <ksState>
      <x>390.4024222365454</x>
      <y>-275.64018866917957</y>
      <steeringAngle>0.17766666666666667</steeringAngle>
      <velocity>8.0</velocity>
      <orientation>-1.6642909283251344</orientation>
      <time>75</time>
    </ksState>
    <ksState>
      <x>390.4194523743763</x>
      <y>-276.44315193357323</y>
      <steeringAngle>0.14213333333333336</steeringAngle>
      <velocity>8.0</velocity>
      <orientation>-1.614256116776386</orientation>
      <time>76</time>
    </ksState>
    <ksState>
      <x>390.456106292667</x>
      <y>-277.2442154764968</y>
      <steeringAngle>0.1066000000000001</steeringAngle>
      <velocity>8.0</velocity>
      <orientation>-1.5754722647693886</orientation>
      <time>77</time>
    </ksState>
    <ksState>
      <x>390.5034691681311</x>
      <y>-278.0437901086072</y>
      <steeringAngle>0.07106666666666674</steeringAngle>
      <velocity>8.0</velocity>
      <orientation>-1.5478397857397017</orientation>
      <time>78</time>
    </ksState>
    <ksState>
      <x>390.55272363347814</x>
      <y>-278.84263207456235</y>
      <steeringAngle>0.035533333333333354</steeringAngle>
      <velocity>8.0</velocity>
      <orientation>-1.5312882651106723</orientation>
      <time>79</time>
    </ksState>
    <ksState>
      <x>390.5950951721631</x>
      <y>-279.6415538216719</y>
      <steeringAngle>2.0816681711721685e-17</steeringAngle>
      <velocity>8.0</velocity>
      <orientation>-1.5257757386522675</orientation>
      <time>80</time>
    </ksState>
    <ksState>
      <x>390.6217951908924</x>
      <y>-280.4411382663498</y>
      <steeringAngle>-0.03553333333333333</steeringAngle>
      <velocity>8.0</velocity>
      <orientation>-1.5312882736551063</orientation>
      <time>81</time>
    </ksState>
    <ksState>
      <x>390.6239768951742</x>
      <y>-281.24145090164046</y>
      <steeringAngle>-0.07106666666666667</steeringAngle>
      <velocity>8.0</velocity>
      <orientation>-1.547839794535376</orientation>
      <time>82</time>
    </ksState>
    <ksState>
      <x>390.59271915026676</x>
      <y>-282.04174417039025</y>
      <steeringAngle>-0.10659999999999997</steeringAngle>
      <velocity>8.0</velocity>
      <orientation>-1.5754722738260707</orientation>
      <time>83</time>
    </ksState>
    <ksState>
      <x>390.51905503894227</x>
      <y>-282.84015208158377</y>
      <steeringAngle>-0.1421333333333333</steeringAngle>
      <velocity>8.0</velocity>
      <orientation>-1.6142561260988058</orientation>
      <time>84</time>
    </ksState>
    <ksState>
      <x>390.3940628590856</x>
      <y>-283.63337481941346</y>
      <steeringAngle>-0.17766666666666667</steeringAngle>
      <velocity>8.0</velocity>
      <orientation>-1.6642909383479605</orientation>
      <time>85</time>
    </ksState>
    <ksState>
      <x>390.228057558377</x>
      <y>-284.4191752200859</y>
      <steeringAngle>-0.14213333333333336</steeringAngle>
      <velocity>8.0</velocity>
      <orientation>-1.7143257498967088</orientation>
      <time>86</time>
    </ksState>
    <ksState>
      <x>390.0431237121062</x>
      <y>-285.19946092547247</y>
      <steeringAngle>-0.1066000000000001</steeringAngle>
      <velocity>8.0</velocity>
      <orientation>-1.7531096019037062</orientation>
      <time>87</time>
    </ksState>
    <ksState>
      <x>389.8479443736098</x>
      <y>-285.9762928636103</y>
      <steeringAngle>-0.07106666666666674</steeringAngle>
      <velocity>8.0</velocity>
      <orientation>-1.7807420809333931</orientation>
      <time>88</time>
    </ksState>
    <ksState>
      <x>389.6510426223657</x>
      <y>-286.75205325785885</y>
      <steeringAngle>-0.035533333333333354</steeringAngle>
      <velocity>8.0</velocity>
      <orientation>-1.7972936015624226</orientation>
      <time>89</time>
    </ksState>
    <ksState>
      <x>389.46088898590926</x>
      <y>-287.52917158851227</y>
      <steeringAngle>-2.0816681711721685e-17</steeringAngle>
      <velocity>8.0</velocity>
      <orientation>-1.8028061280208274</orientation>
      <time>90</time>
    </ksState>
    <ksState>
      <x>389.28601049326807</x>
      <y>-288.3098544229479</y>
      <steeringAngle>0.03553333333333333</steeringAngle>
      <velocity>8.0</velocity>
      <orientation>-1.7972935930179885</orientation>
      <time>91</time>
    </ksState>
    <ksState>
      <x>389.13508754987595</x>
      <y>-289.095810744379</y>
      <steeringAngle>0.07106666666666667</steeringAngle>
      <velocity>8.0</velocity>
      <orientation>-1.780742072137719</orientation>
      <time>92</time>
    </ksState>
    <ksState>
      <x>389.01702475274794</x>
      <y>-289.88796447854753</y>
      <steeringAngle>0.10659999999999997</steeringAngle>
      <velocity>8.0</velocity>
      <orientation>-1.7531095928470242</orientation>
      <time>93</time>
    </ksState>
    <ksState>
      <x>388.94097960178635</x>
      <y>-290.686149124459</y>
      <steeringAngle>0.1421333333333333</steeringAngle>
      <velocity>8.0</velocity>
      <orientation>-1.714325740574289</orientation>
      <time>94</time>
    </ksState>
    <ksState>
      <x>388.91633172004305</x>
      <y>-291.4887809446362</y>
      <steeringAngle>0.17766666666666667</steeringAngle>
      <velocity>8.0</velocity>
      <orientation>-1.6642909283251344</orientation>
      <time>95</time>
    </ksState>
    <ksState>
      <x>388.94053448456475</x>
      <y>-292.2520278710342</y>
      <steeringAngle>0.17766666666666667</steeringAngle>
      <velocity>7.2</velocity>
      <orientation>-1.611375000880757</orientation>
      <time>96</time>
    </ksState>
    <ksState>
      <x>388.9963839799803</x>
      <y>-292.93300580080347</y>
      <steeringAngle>0.17766666666666667</steeringAngle>
      <velocity>6.4</velocity>
      <orientation>-1.5640291710879457</orientation>
      <time>97</time>
    </ksState>
    <ksState>
      <x>389.07238165725715</x>
      <y>-293.5310894115698</y>
      <steeringAngle>0.17766666666666667</steeringAngle>
      <velocity>5.599999999999999</velocity>
      <orientation>-1.522253438932761</orientation>
      <time>98</time>
    </ksState>
    <ksState>
      <x>389.1584031137295</x>
      <y>-294.046476451901</y>
      <steeringAngle>0.17766666666666667</steeringAngle>
      <velocity>4.799999999999999</velocity>
      <orientation>-1.4860478044112466</orientation>
      <time>99</time>
    </ksState>
  </ksTrajectory>
</CommonRoadSolution>
