<?xml version="1.0" ?>
<CommonRoadSolution benchmark_id="KS2:SM1:DEU_Hennigsdorf-14_3_T-1:2020a" computation_time="0.28453630600006363" date="2023-11-26T00:13:30">
  <ksTrajectory planningProblem="1">
    <ksState>
      <x>262.28737</x>
      <y>591.13333</y>
      <steeringAngle>0.0</steeringAngle>
      <velocity>8.0</velocity>
      <orientation>-1.598359</orientation>
      <time>0</time>
    </ksState>
    <ksState>
      <x>262.26642502060605</x>
      <y>590.3736186688134</y>
      <steeringAngle>0.0</steeringAngle>
      <velocity>7.200000000000001</velocity>
      <orientation>-1.598359</orientation>
      <time>1</time>
    </ksState>
    <ksState>
      <x>262.2476847758953</x>
      <y>589.6938769518066</y>
      <steeringAngle>0.0</steeringAngle>
      <velocity>6.400000000000001</velocity>
      <orientation>-1.598359</orientation>
      <time>2</time>
    </ksState>
    <ksState>
      <x>262.23114926586237</x>
      <y>589.0941048487795</y>
      <steeringAngle>0.0</steeringAngle>
      <velocity>5.600000000000001</velocity>
      <orientation>-1.598359</orientation>
      <time>3</time>
    </ksState>
    <ksState>
      <x>262.21681849050566</x>
      <y>588.5743023596757</y>
      <steeringAngle>0.0</steeringAngle>
      <velocity>4.800000000000001</velocity>
      <orientation>-1.598359</orientation>
      <time>4</time>
    </ksState>
    <ksState>
      <x>262.2046924498245</x>
      <y>588.1344694844743</y>
      <steeringAngle>0.0</steeringAngle>
      <velocity>4.000000000000001</velocity>
      <orientation>-1.598359</orientation>
      <time>5</time>
    </ksState>
    <ksState>
      <x>262.1947711438146</x>
      <y>587.7746062230163</y>
      <steeringAngle>0.0</steeringAngle>
      <velocity>3.2</velocity>
      <orientation>-1.598359</orientation>
      <time>6</time>
    </ksState>
    <ksState>
      <x>262.1870545724827</x>
      <y>587.4947125755459</y>
      <steeringAngle>0.0</steeringAngle>
      <velocity>2.4000000000000004</velocity>
      <orientation>-1.598359</orientation>
      <time>7</time>
    </ksState>
    <ksState>
      <x>262.18154273582593</x>
      <y>587.294788541961</y>
      <steeringAngle>0.0</steeringAngle>
      <velocity>1.6</velocity>
      <orientation>-1.598359</orientation>
      <time>8</time>
    </ksState>
    <ksState>
      <x>262.1782356338432</x>
      <y>587.1748341222212</y>
      <steeringAngle>0.0</steeringAngle>
      <velocity>0.7999999999999998</velocity>
      <orientation>-1.598359</orientation>
      <time>9</time>
    </ksState>
    <ksState>
      <x>262.1771332665331</x>
      <y>587.1348493162734</y>
      <steeringAngle>0.0</steeringAngle>
      <velocity>-3.3306690738754696e-16</velocity>
      <orientation>-1.598359</orientation>
      <time>10</time>
    </ksState>
    <ksState>
      <x>262.1771332665331</x>
      <y>587.1348493162734</y>
      <steeringAngle>0.0</steeringAngle>
      <velocity>0.0</velocity>
      <orientation>-1.598359</orientation>
      <time>11</time>
    </ksState>
    <ksState>
      <x>262.1771332665331</x>
      <y>587.1348493162734</y>
      <steeringAngle>0.0</steeringAngle>
      <velocity>0.0</velocity>
      <orientation>-1.598359</orientation>
      <time>12</time>
    </ksState>
    <ksState>
      <x>262.1771332665331</x>
      <y>587.1348493162734</y>
      <steeringAngle>0.0</steeringAngle>
      <velocity>0.0</velocity>
      <orientation>-1.598359</orientation>
      <time>13</time>
    </ksState>
    <ksState>
      <x>262.1771332665331</x>
      <y>587.1348493162734</y>
      <steeringAngle>0.0</steeringAngle>
      <velocity>0.0</velocity>
      <orientation>-1.598359</orientation>
      <time>14</time>
    </ksState>
    <ksState>
      <x>262.1771332665331</x>
      <y>587.1348493162734</y>
      <steeringAngle>0.0</steeringAngle>
      <velocity>0.0</velocity>
      <orientation>-1.598359</orientation>
      <time>15</time>
    </ksState>
    <ksState>
      <x>262.1771332665331</x>
      <y>587.1348493162734</y>
      <steeringAngle>0.0</steeringAngle>
      <velocity>0.0</velocity>
      <orientation>-1.598359</orientation>
      <time>16</time>
    </ksState>
    <ksState>
      <x>262.1771332665331</x>
      <y>587.1348493162734</y>
      <steeringAngle>0.0</steeringAngle>
      <velocity>0.0</velocity>
      <orientation>-1.598359</orientation>
      <time>17</time>
    </ksState>
    <ksState>
      <x>262.1771332665331</x>
      <y>587.1348493162734</y>
      <steeringAngle>0.0</steeringAngle>
      <velocity>0.0</velocity>
      <orientation>-1.598359</orientation>
      <time>18</time>
    </ksState>
    <ksState>
      <x>262.1771332665331</x>
      <y>587.1348493162734</y>
      <steeringAngle>0.0</steeringAngle>
      <velocity>0.0</velocity>
      <orientation>-1.598359</orientation>
      <time>19</time>
    </ksState>
    <ksState>
      <x>262.1771332665331</x>
      <y>587.1348493162734</y>
      <steeringAngle>0.0</steeringAngle>
      <velocity>0.0</velocity>
      <orientation>-1.598359</orientation>
      <time>20</time>
    </ksState>
    <ksState>
      <x>262.1771332665331</x>
      <y>587.1348493162734</y>
      <steeringAngle>0.0</steeringAngle>
      <velocity>0.0</velocity>
      <orientation>-1.598359</orientation>
      <time>21</time>
    </ksState>
    <ksState>
      <x>262.1771332665331</x>
      <y>587.1348493162734</y>
      <steeringAngle>0.0</steeringAngle>
      <velocity>0.0</velocity>
      <orientation>-1.598359</orientation>
      <time>22</time>
    </ksState>
    <ksState>
      <x>262.1771332665331</x>
      <y>587.1348493162734</y>
      <steeringAngle>0.0</steeringAngle>
      <velocity>0.0</velocity>
      <orientation>-1.598359</orientation>
      <time>23</time>
    </ksState>
    <ksState>
      <x>262.1771332665331</x>
      <y>587.1348493162734</y>
      <steeringAngle>0.0</steeringAngle>
      <velocity>0.0</velocity>
      <orientation>-1.598359</orientation>
      <time>24</time>
    </ksState>
    <ksState>
      <x>262.1771332665331</x>
      <y>587.1348493162734</y>
      <steeringAngle>0.0</steeringAngle>
      <velocity>0.0</velocity>
      <orientation>-1.598359</orientation>
      <time>25</time>
    </ksState>
    <ksState>
      <x>262.1771332665331</x>
      <y>587.1348493162734</y>
      <steeringAngle>0.0</steeringAngle>
      <velocity>0.0</velocity>
      <orientation>-1.598359</orientation>
      <time>26</time>
    </ksState>
    <ksState>
      <x>262.1771332665331</x>
      <y>587.1348493162734</y>
      <steeringAngle>0.0</steeringAngle>
      <velocity>0.0</velocity>
      <orientation>-1.598359</orientation>
      <time>27</time>
    </ksState>
    <ksState>
      <x>262.1771332665331</x>
      <y>587.1348493162734</y>
      <steeringAngle>0.0</steeringAngle>
      <velocity>0.0</velocity>
      <orientation>-1.598359</orientation>
      <time>28</time>
    </ksState>
    <ksState>
      <x>262.1771332665331</x>
      <y>587.1348493162734</y>
      <steeringAngle>0.0</steeringAngle>
      <velocity>0.0</velocity>
      <orientation>-1.598359</orientation>
      <time>29</time>
    </ksState>
    <ksState>
      <x>262.1771332665331</x>
      <y>587.1348493162734</y>
      <steeringAngle>0.0</steeringAngle>
      <velocity>0.0</velocity>
      <orientation>-1.598359</orientation>
      <time>30</time>
    </ksState>
    <ksState>
      <x>262.1771332665331</x>
      <y>587.1348493162734</y>
      <steeringAngle>0.0</steeringAngle>
      <velocity>0.0</velocity>
      <orientation>-1.598359</orientation>
      <time>31</time>
    </ksState>
    <ksState>
      <x>262.1771332665331</x>
      <y>587.1348493162734</y>
      <steeringAngle>0.0</steeringAngle>
      <velocity>0.0</velocity>
      <orientation>-1.598359</orientation>
      <time>32</time>
    </ksState>
    <ksState>
      <x>262.1771332665331</x>
      <y>587.1348493162734</y>
      <steeringAngle>0.0</steeringAngle>
      <velocity>0.0</velocity>
      <orientation>-1.598359</orientation>
      <time>33</time>
    </ksState>
  </ksTrajectory>
</CommonRoadSolution>
