<?xml version="1.0" ?>
<CommonRoadSolution benchmark_id="KS2:SM1:DEU_Flensburg-59_1_T-1:2020a" computation_time="2.3418515399998796" date="2023-11-26T00:13:30">
  <ksTrajectory planningProblem="123">
    <ksState>
      <x>89.07504</x>
      <y>138.36502</y>
      <steeringAngle>0.0</steeringAngle>
      <velocity>16.0</velocity>
      <orientation>-2.7185472</orientation>
      <time>0</time>
    </ksState>
    <ksState>
      <x>87.61609137224535</x>
      <y>137.7081570755075</y>
      <steeringAngle>0.0</steeringAngle>
      <velocity>16.0</velocity>
      <orientation>-2.7185472</orientation>
      <time>1</time>
    </ksState>
    <ksState>
      <x>86.15714274449071</x>
      <y>137.051294151015</y>
      <steeringAngle>0.0</steeringAngle>
      <velocity>16.0</velocity>
      <orientation>-2.7185472</orientation>
      <time>2</time>
    </ksState>
    <ksState>
      <x>84.69819411673606</x>
      <y>136.3944312265225</y>
      <steeringAngle>0.0</steeringAngle>
      <velocity>16.0</velocity>
      <orientation>-2.7185472</orientation>
      <time>3</time>
    </ksState>
    <ksState>
      <x>83.23924548898141</x>
      <y>135.73756830203</y>
      <steeringAngle>0.0</steeringAngle>
      <velocity>16.0</velocity>
      <orientation>-2.7185472</orientation>
      <time>4</time>
    </ksState>
    <ksState>
      <x>81.78029686122677</x>
      <y>135.0807053775375</y>
      <steeringAngle>0.0</steeringAngle>
      <velocity>16.0</velocity>
      <orientation>-2.7185472</orientation>
      <time>5</time>
    </ksState>
    <ksState>
      <x>80.32134823347212</x>
      <y>134.423842453045</y>
      <steeringAngle>0.0</steeringAngle>
      <velocity>16.0</velocity>
      <orientation>-2.7185472</orientation>
      <time>6</time>
    </ksState>
    <ksState>
      <x>78.86239960571748</x>
      <y>133.7669795285525</y>
      <steeringAngle>0.0</steeringAngle>
      <velocity>16.0</velocity>
      <orientation>-2.7185472</orientation>
      <time>7</time>
    </ksState>
    <ksState>
      <x>77.40345097796283</x>
      <y>133.11011660406</y>
      <steeringAngle>0.0</steeringAngle>
      <velocity>16.0</velocity>
      <orientation>-2.7185472</orientation>
      <time>8</time>
    </ksState>
    <ksState>
      <x>75.94450235020818</x>
      <y>132.45325367956752</y>
      <steeringAngle>0.0</steeringAngle>
      <velocity>16.0</velocity>
      <orientation>-2.7185472</orientation>
      <time>9</time>
    </ksState>
    <ksState>
      <x>74.48555372245355</x>
      <y>131.796390755075</y>
      <steeringAngle>0.0</steeringAngle>
      <velocity>16.0</velocity>
      <orientation>-2.7185472</orientation>
      <time>10</time>
    </ksState>
    <ksState>
      <x>73.0266050946989</x>
      <y>131.13952783058252</y>
      <steeringAngle>0.0</steeringAngle>
      <velocity>16.0</velocity>
      <orientation>-2.7185472</orientation>
      <time>11</time>
    </ksState>
    <ksState>
      <x>71.56765646694426</x>
      <y>130.48266490609</y>
      <steeringAngle>0.0</steeringAngle>
      <velocity>16.0</velocity>
      <orientation>-2.7185472</orientation>
      <time>12</time>
    </ksState>
    <ksState>
      <x>70.1087078391896</x>
      <y>129.82580198159752</y>
      <steeringAngle>0.0</steeringAngle>
      <velocity>16.0</velocity>
      <orientation>-2.7185472</orientation>
      <time>13</time>
    </ksState>
    <ksState>
      <x>68.64975921143495</x>
      <y>129.16893905710504</y>
      <steeringAngle>0.0</steeringAngle>
      <velocity>16.0</velocity>
      <orientation>-2.7185472</orientation>
      <time>14</time>
    </ksState>
    <ksState>
      <x>67.19081058368032</x>
      <y>128.51207613261252</y>
      <steeringAngle>0.0</steeringAngle>
      <velocity>16.0</velocity>
      <orientation>-2.7185472</orientation>
      <time>15</time>
    </ksState>
    <ksState>
      <x>65.73186195592567</x>
      <y>127.85521320812003</y>
      <steeringAngle>0.0</steeringAngle>
      <velocity>16.0</velocity>
      <orientation>-2.7185472</orientation>
      <time>16</time>
    </ksState>
    <ksState>
      <x>64.27291332817103</x>
      <y>127.19835028362753</y>
      <steeringAngle>0.0</steeringAngle>
      <velocity>16.0</velocity>
      <orientation>-2.7185472</orientation>
      <time>17</time>
    </ksState>
    <ksState>
      <x>62.81396470041637</x>
      <y>126.54148735913503</y>
      <steeringAngle>0.0</steeringAngle>
      <velocity>16.0</velocity>
      <orientation>-2.7185472</orientation>
      <time>18</time>
    </ksState>
    <ksState>
      <x>61.35501607266172</x>
      <y>125.88462443464255</y>
      <steeringAngle>0.0</steeringAngle>
      <velocity>16.0</velocity>
      <orientation>-2.7185472</orientation>
      <time>19</time>
    </ksState>
    <ksState>
      <x>59.896067444907075</x>
      <y>125.22776151015005</y>
      <steeringAngle>0.0</steeringAngle>
      <velocity>16.0</velocity>
      <orientation>-2.7185472</orientation>
      <time>20</time>
    </ksState>
    <ksState>
      <x>58.43711881715243</x>
      <y>124.57089858565755</y>
      <steeringAngle>0.0</steeringAngle>
      <velocity>16.0</velocity>
      <orientation>-2.7185472</orientation>
      <time>21</time>
    </ksState>
    <ksState>
      <x>56.97817018939778</x>
      <y>123.91403566116506</y>
      <steeringAngle>0.0</steeringAngle>
      <velocity>16.0</velocity>
      <orientation>-2.7185472</orientation>
      <time>22</time>
    </ksState>
    <ksState>
      <x>55.519221561643135</x>
      <y>123.25717273667256</y>
      <steeringAngle>0.0</steeringAngle>
      <velocity>16.0</velocity>
      <orientation>-2.7185472</orientation>
      <time>23</time>
    </ksState>
    <ksState>
      <x>54.06027293388849</x>
      <y>122.60030981218007</y>
      <steeringAngle>0.0</steeringAngle>
      <velocity>16.0</velocity>
      <orientation>-2.7185472</orientation>
      <time>24</time>
    </ksState>
    <ksState>
      <x>52.60132430613384</x>
      <y>121.94344688768757</y>
      <steeringAngle>0.0</steeringAngle>
      <velocity>16.0</velocity>
      <orientation>-2.7185472</orientation>
      <time>25</time>
    </ksState>
    <ksState>
      <x>51.178849394378396</x>
      <y>121.30300553644486</y>
      <steeringAngle>0.0</steeringAngle>
      <velocity>15.2</velocity>
      <orientation>-2.7185472</orientation>
      <time>26</time>
    </ksState>
    <ksState>
      <x>49.82932191450902</x>
      <y>120.69540733165114</y>
      <steeringAngle>0.0</steeringAngle>
      <velocity>14.400000000000002</velocity>
      <orientation>-2.7185472</orientation>
      <time>27</time>
    </ksState>
    <ksState>
      <x>48.55274186618818</x>
      <y>120.12065227315445</y>
      <steeringAngle>0.0</steeringAngle>
      <velocity>13.600000000000001</velocity>
      <orientation>-2.7185472</orientation>
      <time>28</time>
    </ksState>
    <ksState>
      <x>47.34910924931366</x>
      <y>119.57874036090875</y>
      <steeringAngle>0.0</steeringAngle>
      <velocity>12.800000000000004</velocity>
      <orientation>-2.7185472</orientation>
      <time>29</time>
    </ksState>
    <ksState>
      <x>46.21842406385319</x>
      <y>119.06967159489953</y>
      <steeringAngle>0.0</steeringAngle>
      <velocity>12.000000000000002</velocity>
      <orientation>-2.7185472</orientation>
      <time>30</time>
    </ksState>
    <ksState>
      <x>45.154871412743766</x>
      <y>118.60648704416975</y>
      <steeringAngle>-0.03553333333333333</steeringAngle>
      <velocity>11.200000000000001</velocity>
      <orientation>-2.726448473772344</orientation>
      <time>31</time>
    </ksState>
    <ksState>
      <x>44.149927270237356</x>
      <y>118.20980569729846</y>
      <steeringAngle>-0.07106666666666667</steeringAngle>
      <velocity>10.400000000000007</velocity>
      <orientation>-2.748700904570834</orientation>
      <time>32</time>
    </ksState>
    <ksState>
      <x>43.20215510619716</x>
      <y>117.88744376480768</y>
      <steeringAngle>-0.10660000000000001</steeringAngle>
      <velocity>9.60000000000001</velocity>
      <orientation>-2.783148915455506</orientation>
      <time>33</time>
    </ksState>
    <ksState>
      <x>42.31316789576523</x>
      <y>117.64280917361265</y>
      <steeringAngle>-0.14213333333333344</steeringAngle>
      <velocity>8.800000000000008</velocity>
      <orientation>-2.8276570475763507</orientation>
      <time>34</time>
    </ksState>
    <ksState>
      <x>41.486855439001964</x>
      <y>117.47521586390401</y>
      <steeringAngle>-0.17766666666666675</steeringAngle>
      <velocity>8.000000000000009</velocity>
      <orientation>-2.8800993453913324</orientation>
      <time>35</time>
    </ksState>
    <ksState>
      <x>40.69034743400552</x>
      <y>117.36710508403156</y>
      <steeringAngle>-0.17766666666666667</steeringAngle>
      <velocity>8.0</velocity>
      <orientation>-2.9358003217018442</orientation>
      <time>36</time>
    </ksState>
    <ksState>
      <x>39.88905593316026</x>
      <y>117.30350529918252</y>
      <steeringAngle>-0.17766666666666667</steeringAngle>
      <velocity>8.0</velocity>
      <orientation>-2.991501298012356</orientation>
      <time>37</time>
    </ksState>
    <ksState>
      <x>39.08546641348379</x>
      <y>117.28461379150716</y>
      <steeringAngle>-0.17766666666666667</steeringAngle>
      <velocity>8.0</velocity>
      <orientation>-3.0472022743228675</orientation>
      <time>38</time>
    </ksState>
    <ksState>
      <x>38.28207144615246</x>
      <y>117.31048915860714</y>
      <steeringAngle>-0.17766666666666667</steeringAngle>
      <velocity>8.0</velocity>
      <orientation>-3.1029032506333794</orientation>
      <time>39</time>
    </ksState>
    <ksState>
      <x>37.4813629982669</x>
      <y>117.38105114084995</y>
      <steeringAngle>-0.17766666666666667</steeringAngle>
      <velocity>8.0</velocity>
      <orientation>-3.158604226943891</orientation>
      <time>40</time>
    </ksState>
    <ksState>
      <x>36.726069072780604</x>
      <y>117.49818169395922</y>
      <steeringAngle>-0.21320000000000014</steeringAngle>
      <velocity>7.200000000000003</velocity>
      <orientation>-3.216853554015384</orientation>
      <time>41</time>
    </ksState>
    <ksState>
      <x>36.05928823327301</x>
      <y>117.65728699731811</y>
      <steeringAngle>-0.24873333333333347</steeringAngle>
      <velocity>6.400000000000004</velocity>
      <orientation>-3.2787706415011635</orientation>
      <time>42</time>
    </ksState>
    <ksState>
      <x>35.48301390618767</x>
      <y>117.84661815233814</y>
      <steeringAngle>-0.2842666666666668</steeringAngle>
      <velocity>5.600000000000001</velocity>
      <orientation>-3.3421927842650847</orientation>
      <time>43</time>
    </ksState>
    <ksState>
      <x>34.99745946108221</x>
      <y>118.05265151632351</y>
      <steeringAngle>-0.3198</steeringAngle>
      <velocity>4.800000000000002</velocity>
      <orientation>-3.404921884007037</orientation>
      <time>44</time>
    </ksState>
    <ksState>
      <x>34.60081401179331</x>
      <y>118.2609927949451</y>
      <steeringAngle>-0.3553333333333332</steeringAngle>
      <velocity>4.000000000000001</velocity>
      <orientation>-3.464711718055252</orientation>
      <time>45</time>
    </ksState>
    <ksState>
      <x>34.21749890725341</x>
      <y>118.49313073613608</y>
      <steeringAngle>-0.31979999999999975</steeringAngle>
      <velocity>4.800000000000001</velocity>
      <orientation>-3.5245015530870005</orientation>
      <time>46</time>
    </ksState>
    <ksState>
      <x>33.7776189972915</x>
      <y>118.78440372167296</y>
      <steeringAngle>-0.28426666666666645</steeringAngle>
      <velocity>5.600000000000004</velocity>
      <orientation>-3.5872306532183242</orientation>
      <time>47</time>
    </ksState>
    <ksState>
      <x>33.286430590458984</x>
      <y>119.14053914944604</y>
      <steeringAngle>-0.2487333333333331</steeringAngle>
      <velocity>6.400000000000004</velocity>
      <orientation>-3.650652789911</orientation>
      <time>48</time>
    </ksState>
    <ksState>
      <x>32.74886104899315</x>
      <y>119.56612980149116</y>
      <steeringAngle>-0.21319999999999992</steeringAngle>
      <velocity>7.200000000000004</velocity>
      <orientation>-3.712569878588799</orientation>
      <time>49</time>
    </ksState>
    <ksState>
      <x>32.16892113304203</x>
      <y>120.06421257838294</y>
      <steeringAngle>-0.17766666666666656</steeringAngle>
      <velocity>8.000000000000004</velocity>
      <orientation>-3.7708192081897645</orientation>
      <time>50</time>
    </ksState>
    <ksState>
      <x>31.58397630513997</x>
      <y>120.61553144352241</y>
      <steeringAngle>-0.17766666666666667</steeringAngle>
      <velocity>8.0</velocity>
      <orientation>-3.8265201845002763</orientation>
      <time>51</time>
    </ksState>
    <ksState>
      <x>31.030631759241103</x>
      <y>121.19856044407356</y>
      <steeringAngle>-0.17766666666666667</steeringAngle>
      <velocity>8.0</velocity>
      <orientation>-3.882221160810788</orientation>
      <time>52</time>
    </ksState>
    <ksState>
      <x>30.5106038854604</x>
      <y>121.81149112179105</y>
      <steeringAngle>-0.17766666666666667</steeringAngle>
      <velocity>8.0</velocity>
      <orientation>-3.9379221371212996</orientation>
      <time>53</time>
    </ksState>
    <ksState>
      <x>30.02550570443883</x>
      <y>122.4524222904242</y>
      <steeringAngle>-0.17766666666666667</steeringAngle>
      <velocity>8.0</velocity>
      <orientation>-3.9936231134318114</orientation>
      <time>54</time>
    </ksState>
    <ksState>
      <x>29.576841892022397</x>
      <y>123.11936591269017</y>
      <steeringAngle>-0.17766666666666667</steeringAngle>
      <velocity>8.0</velocity>
      <orientation>-4.049324089742323</orientation>
      <time>55</time>
    </ksState>
    <ksState>
      <x>29.158169349209963</x>
      <y>123.80475144759386</y>
      <steeringAngle>-0.14213333333333336</steeringAngle>
      <velocity>8.0</velocity>
      <orientation>-4.099358901291072</orientation>
      <time>56</time>
    </ksState>
    <ksState>
      <x>28.757047098477337</x>
      <y>124.49911968527071</y>
      <steeringAngle>-0.1066000000000001</steeringAngle>
      <velocity>8.0</velocity>
      <orientation>-4.1381427532980695</orientation>
      <time>57</time>
    </ksState>
    <ksState>
      <x>28.365746136923285</x>
      <y>125.19800908408402</y>
      <steeringAngle>-0.07106666666666674</steeringAngle>
      <velocity>8.0</velocity>
      <orientation>-4.165775232327756</orientation>
      <time>58</time>
    </ksState>
    <ksState>
      <x>27.976433250264336</x>
      <y>125.89730155881045</y>
      <steeringAngle>-0.035533333333333354</steeringAngle>
      <velocity>8.0</velocity>
      <orientation>-4.182326752956786</orientation>
      <time>59</time>
    </ksState>
    <ksState>
      <x>27.581281001817878</x>
      <y>126.5929494624534</y>
      <steeringAngle>-2.0816681711721685e-17</steeringAngle>
      <velocity>8.0</velocity>
      <orientation>-4.18783927941519</orientation>
      <time>60</time>
    </ksState>
    <ksState>
      <x>27.180622362346117</x>
      <y>127.2853891021453</y>
      <steeringAngle>0.0</steeringAngle>
      <velocity>8.0</velocity>
      <orientation>-4.18783927941519</orientation>
      <time>61</time>
    </ksState>
    <ksState>
      <x>26.779963722874356</x>
      <y>127.97782874183719</y>
      <steeringAngle>0.0</steeringAngle>
      <velocity>8.0</velocity>
      <orientation>-4.18783927941519</orientation>
      <time>62</time>
    </ksState>
    <ksState>
      <x>26.379305083402595</x>
      <y>128.6702683815291</y>
      <steeringAngle>0.0</steeringAngle>
      <velocity>8.0</velocity>
      <orientation>-4.18783927941519</orientation>
      <time>63</time>
    </ksState>
    <ksState>
      <x>25.97864644393083</x>
      <y>129.36270802122098</y>
      <steeringAngle>0.0</steeringAngle>
      <velocity>8.0</velocity>
      <orientation>-4.18783927941519</orientation>
      <time>64</time>
    </ksState>
    <ksState>
      <x>25.57798780445907</x>
      <y>130.0551476609129</y>
      <steeringAngle>0.0</steeringAngle>
      <velocity>8.0</velocity>
      <orientation>-4.18783927941519</orientation>
      <time>65</time>
    </ksState>
    <ksState>
      <x>25.17732916498731</x>
      <y>130.74758730060478</y>
      <steeringAngle>0.0</steeringAngle>
      <velocity>8.0</velocity>
      <orientation>-4.18783927941519</orientation>
      <time>66</time>
    </ksState>
    <ksState>
      <x>24.77667052551555</x>
      <y>131.4400269402967</y>
      <steeringAngle>0.0</steeringAngle>
      <velocity>8.0</velocity>
      <orientation>-4.18783927941519</orientation>
      <time>67</time>
    </ksState>
    <ksState>
      <x>24.376011886043788</x>
      <y>132.13246657998857</y>
      <steeringAngle>0.0</steeringAngle>
      <velocity>8.0</velocity>
      <orientation>-4.18783927941519</orientation>
      <time>68</time>
    </ksState>
    <ksState>
      <x>23.975353246572023</x>
      <y>132.82490621968046</y>
      <steeringAngle>0.0</steeringAngle>
      <velocity>8.0</velocity>
      <orientation>-4.18783927941519</orientation>
      <time>69</time>
    </ksState>
    <ksState>
      <x>23.574694607100263</x>
      <y>133.51734585937237</y>
      <steeringAngle>0.0</steeringAngle>
      <velocity>8.0</velocity>
      <orientation>-4.18783927941519</orientation>
      <time>70</time>
    </ksState>
    <ksState>
      <x>23.1740359676285</x>
      <y>134.20978549906425</y>
      <steeringAngle>0.0</steeringAngle>
      <velocity>8.0</velocity>
      <orientation>-4.18783927941519</orientation>
      <time>71</time>
    </ksState>
    <ksState>
      <x>22.77337732815674</x>
      <y>134.90222513875617</y>
      <steeringAngle>0.0</steeringAngle>
      <velocity>8.0</velocity>
      <orientation>-4.18783927941519</orientation>
      <time>72</time>
    </ksState>
    <ksState>
      <x>22.37271868868498</x>
      <y>135.59466477844805</y>
      <steeringAngle>0.0</steeringAngle>
      <velocity>8.0</velocity>
      <orientation>-4.18783927941519</orientation>
      <time>73</time>
    </ksState>
    <ksState>
      <x>21.972060049213216</x>
      <y>136.28710441813993</y>
      <steeringAngle>0.0</steeringAngle>
      <velocity>8.0</velocity>
      <orientation>-4.18783927941519</orientation>
      <time>74</time>
    </ksState>
    <ksState>
      <x>21.571401409741455</x>
      <y>136.97954405783184</y>
      <steeringAngle>0.0</steeringAngle>
      <velocity>8.0</velocity>
      <orientation>-4.18783927941519</orientation>
      <time>75</time>
    </ksState>
    <ksState>
      <x>21.16269428751115</x>
      <y>137.66729885673126</y>
      <steeringAngle>0.03553333333333333</steeringAngle>
      <velocity>8.0</velocity>
      <orientation>-4.182326744412351</orientation>
      <time>76</time>
    </ksState>
    <ksState>
      <x>20.732946797380418</x>
      <y>138.34244489187174</y>
      <steeringAngle>0.07106666666666667</steeringAngle>
      <velocity>8.0</velocity>
      <orientation>-4.165775223532082</orientation>
      <time>77</time>
    </ksState>
    <ksState>
      <x>20.275049294634442</x>
      <y>138.99954171852812</y>
      <steeringAngle>0.10659999999999997</steeringAngle>
      <velocity>8.0</velocity>
      <orientation>-4.138142744241387</orientation>
      <time>78</time>
    </ksState>
    <ksState>
      <x>19.7824567177059</x>
      <y>139.63218233302305</y>
      <steeringAngle>0.1421333333333333</steeringAngle>
      <velocity>8.0</velocity>
      <orientation>-4.099358891968651</orientation>
      <time>79</time>
    </ksState>
    <ksState>
      <x>19.249435301174643</x>
      <y>140.2327766439804</y>
      <steeringAngle>0.17766666666666667</steeringAngle>
      <velocity>8.0</velocity>
      <orientation>-4.049324079719497</orientation>
      <time>80</time>
    </ksState>
    <ksState>
      <x>18.714629719895427</x>
      <y>140.77697916340756</y>
      <steeringAngle>0.1421333333333334</steeringAngle>
      <velocity>7.2</velocity>
      <orientation>-4.0016967579738605</orientation>
      <time>81</time>
    </ksState>
    <ksState>
      <x>18.227051746077414</x>
      <y>141.25330700911758</y>
      <steeringAngle>0.10660000000000011</steeringAngle>
      <velocity>6.4</velocity>
      <orientation>-3.9686371875258923</orientation>
      <time>82</time>
    </ksState>
    <ksState>
      <x>17.794364162062443</x>
      <y>141.67004452996764</y>
      <steeringAngle>0.07106666666666674</steeringAngle>
      <velocity>5.600000000000001</velocity>
      <orientation>-3.9478202392320036</orientation>
      <time>83</time>
    </ksState>
    <ksState>
      <x>17.421071988828515</x>
      <y>142.03239543978682</y>
      <steeringAngle>0.03553333333333339</steeringAngle>
      <velocity>4.800000000000001</velocity>
      <orientation>-3.936969629574341</orientation>
      <time>84</time>
    </ksState>
    <ksState>
      <x>17.10924769547019</x>
      <y>142.34285826307075</y>
      <steeringAngle>5.5294310796760726e-17</steeringAngle>
      <velocity>4.0</velocity>
      <orientation>-3.9338458537371754</orientation>
      <time>85</time>
    </ksState>
    <ksState>
      <x>16.80376121324415</x>
      <y>142.65955309823812</y>
      <steeringAngle>-0.035533333333333326</steeringAngle>
      <velocity>4.799999999999999</velocity>
      <orientation>-3.9369696324063663</orientation>
      <time>86</time>
    </ksState>
    <ksState>
      <x>16.45263434013785</x>
      <y>143.04339674392392</y>
      <steeringAngle>-0.07106666666666667</steeringAngle>
      <velocity>5.599999999999998</velocity>
      <orientation>-3.947820243467539</orientation>
      <time>87</time>
    </ksState>
    <ksState>
      <x>16.06311794907688</x>
      <y>143.50068917918554</y>
      <steeringAngle>-0.10659999999999999</steeringAngle>
      <velocity>6.3999999999999995</velocity>
      <orientation>-3.968637192467867</orientation>
      <time>88</time>
    </ksState>
    <ksState>
      <x>15.645808470457276</x>
      <y>144.0395508545537</y>
      <steeringAngle>-0.14213333333333333</steeringAngle>
      <velocity>7.199999999999999</velocity>
      <orientation>-4.001696763449032</orientation>
      <time>89</time>
    </ksState>
    <ksState>
      <x>15.215781342587357</x>
      <y>144.6696823516316</y>
      <steeringAngle>-0.17766666666666664</steeringAngle>
      <velocity>7.9999999999999964</velocity>
      <orientation>-4.0493240855305785</orientation>
      <time>90</time>
    </ksState>
    <ksState>
      <x>14.797108796888255</x>
      <y>145.35506788477196</y>
      <steeringAngle>-0.14213333333333336</steeringAngle>
      <velocity>8.0</velocity>
      <orientation>-4.099358897079327</orientation>
      <time>91</time>
    </ksState>
    <ksState>
      <x>14.395986543231125</x>
      <y>146.04943612075937</y>
      <steeringAngle>-0.1066000000000001</steeringAngle>
      <velocity>8.0</velocity>
      <orientation>-4.138142749086325</orientation>
      <time>92</time>
    </ksState>
    <ksState>
      <x>14.004685578733532</x>
      <y>146.74832551792463</y>
      <steeringAngle>-0.07106666666666674</steeringAngle>
      <velocity>8.0</velocity>
      <orientation>-4.165775228116011</orientation>
      <time>93</time>
    </ksState>
    <ksState>
      <x>13.615372689129336</x>
      <y>147.44761799101136</y>
      <steeringAngle>-0.035533333333333354</steeringAngle>
      <velocity>8.0</velocity>
      <orientation>-4.182326748745041</orientation>
      <time>94</time>
    </ksState>
    <ksState>
      <x>13.220220437752989</x>
      <y>148.14326589299003</y>
      <steeringAngle>-2.0816681711721685e-17</steeringAngle>
      <velocity>8.0</velocity>
      <orientation>-4.187839275203445</orientation>
      <time>95</time>
    </ksState>
    <ksState>
      <x>12.847059159443019</x>
      <y>148.8053785562629</y>
      <steeringAngle>-0.03553333333333333</steeringAngle>
      <velocity>7.199999999999999</velocity>
      <orientation>-4.192984288185937</orientation>
      <time>96</time>
    </ksState>
    <ksState>
      <x>12.530535393846169</x>
      <y>149.40752420361486</y>
      <steeringAngle>-0.07106666666666664</steeringAngle>
      <velocity>6.400000000000001</velocity>
      <orientation>-4.2069609603069</orientation>
      <time>97</time>
    </ksState>
    <ksState>
      <x>12.270923896806668</x>
      <y>149.94921251850727</y>
      <steeringAngle>-0.10659999999999997</steeringAngle>
      <velocity>5.600000000000004</velocity>
      <orientation>-4.227592728172782</orientation>
      <time>98</time>
    </ksState>
    <ksState>
      <x>12.065933264934515</x>
      <y>150.4283982032735</y>
      <steeringAngle>-0.1421333333333333</steeringAngle>
      <velocity>4.800000000000003</velocity>
      <orientation>-4.25270893568143</orientation>
      <time>99</time>
    </ksState>
  </ksTrajectory>
</CommonRoadSolution>
