<?xml version="1.0" ?>
<CommonRoadSolution benchmark_id="KS2:SM1:DEU_Guetersloh-6_3_T-1:2020a" computation_time="0.2607972279997739" date="2023-11-26T00:13:30">
  <ksTrajectory planningProblem="1">
    <ksState>
      <x>378.94642</x>
      <y>457.74344</y>
      <steeringAngle>0.0</steeringAngle>
      <velocity>4.0</velocity>
      <orientation>-0.46096473</orientation>
      <time>0</time>
    </ksState>
    <ksState>
      <x>379.26884456367935</x>
      <y>457.5833075548297</y>
      <steeringAngle>0.0</steeringAngle>
      <velocity>3.2</velocity>
      <orientation>-0.46096473</orientation>
      <time>1</time>
    </ksState>
    <ksState>
      <x>379.5196192240231</x>
      <y>457.45876009762185</y>
      <steeringAngle>0.0</steeringAngle>
      <velocity>2.4000000000000004</velocity>
      <orientation>-0.46096473</orientation>
      <time>2</time>
    </ksState>
    <ksState>
      <x>379.69874398112245</x>
      <y>457.36979762833124</y>
      <steeringAngle>0.0</steeringAngle>
      <velocity>1.6</velocity>
      <orientation>-0.46096473</orientation>
      <time>3</time>
    </ksState>
    <ksState>
      <x>379.8062188350137</x>
      <y>457.3164201469398</y>
      <steeringAngle>0.0</steeringAngle>
      <velocity>0.7999999999999998</velocity>
      <orientation>-0.46096473</orientation>
      <time>4</time>
    </ksState>
    <ksState>
      <x>379.84204378574435</x>
      <y>457.298627653424</y>
      <steeringAngle>0.0</steeringAngle>
      <velocity>-3.3306690738754696e-16</velocity>
      <orientation>-0.46096473</orientation>
      <time>5</time>
    </ksState>
    <ksState>
      <x>379.84204378574435</x>
      <y>457.298627653424</y>
      <steeringAngle>0.0</steeringAngle>
      <velocity>0.0</velocity>
      <orientation>-0.46096473</orientation>
      <time>6</time>
    </ksState>
    <ksState>
      <x>379.84204378574435</x>
      <y>457.298627653424</y>
      <steeringAngle>0.0</steeringAngle>
      <velocity>0.0</velocity>
      <orientation>-0.46096473</orientation>
      <time>7</time>
    </ksState>
    <ksState>
      <x>379.84204378574435</x>
      <y>457.298627653424</y>
      <steeringAngle>0.0</steeringAngle>
      <velocity>0.0</velocity>
      <orientation>-0.46096473</orientation>
      <time>8</time>
    </ksState>
    <ksState>
      <x>379.84204378574435</x>
      <y>457.298627653424</y>
      <steeringAngle>0.0</steeringAngle>
      <velocity>0.0</velocity>
      <orientation>-0.46096473</orientation>
      <time>9</time>
    </ksState>
    <ksState>
      <x>379.84204378574435</x>
      <y>457.298627653424</y>
      <steeringAngle>0.0</steeringAngle>
      <velocity>0.0</velocity>
      <orientation>-0.46096473</orientation>
      <time>10</time>
    </ksState>
    <ksState>
      <x>379.84204378574435</x>
      <y>457.298627653424</y>
      <steeringAngle>0.0</steeringAngle>
      <velocity>0.0</velocity>
      <orientation>-0.46096473</orientation>
      <time>11</time>
    </ksState>
    <ksState>
      <x>379.84204378574435</x>
      <y>457.298627653424</y>
      <steeringAngle>0.0</steeringAngle>
      <velocity>0.0</velocity>
      <orientation>-0.46096473</orientation>
      <time>12</time>
    </ksState>
    <ksState>
      <x>379.84204378574435</x>
      <y>457.298627653424</y>
      <steeringAngle>0.0</steeringAngle>
      <velocity>0.0</velocity>
      <orientation>-0.46096473</orientation>
      <time>13</time>
    </ksState>
    <ksState>
      <x>379.84204378574435</x>
      <y>457.298627653424</y>
      <steeringAngle>0.0</steeringAngle>
      <velocity>0.0</velocity>
      <orientation>-0.46096473</orientation>
      <time>14</time>
    </ksState>
    <ksState>
      <x>379.84204378574435</x>
      <y>457.298627653424</y>
      <steeringAngle>0.0</steeringAngle>
      <velocity>0.0</velocity>
      <orientation>-0.46096473</orientation>
      <time>15</time>
    </ksState>
    <ksState>
      <x>379.84204378574435</x>
      <y>457.298627653424</y>
      <steeringAngle>0.0</steeringAngle>
      <velocity>0.0</velocity>
      <orientation>-0.46096473</orientation>
      <time>16</time>
    </ksState>
    <ksState>
      <x>379.84204378574435</x>
      <y>457.298627653424</y>
      <steeringAngle>0.0</steeringAngle>
      <velocity>0.0</velocity>
      <orientation>-0.46096473</orientation>
      <time>17</time>
    </ksState>
    <ksState>
      <x>379.84204378574435</x>
      <y>457.298627653424</y>
      <steeringAngle>0.0</steeringAngle>
      <velocity>0.0</velocity>
      <orientation>-0.46096473</orientation>
      <time>18</time>
    </ksState>
    <ksState>
      <x>379.84204378574435</x>
      <y>457.298627653424</y>
      <steeringAngle>0.0</steeringAngle>
      <velocity>0.0</velocity>
      <orientation>-0.46096473</orientation>
      <time>19</time>
    </ksState>
    <ksState>
      <x>379.84204378574435</x>
      <y>457.298627653424</y>
      <steeringAngle>0.0</steeringAngle>
      <velocity>0.0</velocity>
      <orientation>-0.46096473</orientation>
      <time>20</time>
    </ksState>
    <ksState>
      <x>379.84204378574435</x>
      <y>457.298627653424</y>
      <steeringAngle>0.0</steeringAngle>
      <velocity>0.0</velocity>
      <orientation>-0.46096473</orientation>
      <time>21</time>
    </ksState>
    <ksState>
      <x>379.84204378574435</x>
      <y>457.298627653424</y>
      <steeringAngle>0.0</steeringAngle>
      <velocity>0.0</velocity>
      <orientation>-0.46096473</orientation>
      <time>22</time>
    </ksState>
    <ksState>
      <x>379.84204378574435</x>
      <y>457.298627653424</y>
      <steeringAngle>0.0</steeringAngle>
      <velocity>0.0</velocity>
      <orientation>-0.46096473</orientation>
      <time>23</time>
    </ksState>
    <ksState>
      <x>379.84204378574435</x>
      <y>457.298627653424</y>
      <steeringAngle>0.0</steeringAngle>
      <velocity>0.0</velocity>
      <orientation>-0.46096473</orientation>
      <time>24</time>
    </ksState>
    <ksState>
      <x>379.84204378574435</x>
      <y>457.298627653424</y>
      <steeringAngle>0.0</steeringAngle>
      <velocity>0.0</velocity>
      <orientation>-0.46096473</orientation>
      <time>25</time>
    </ksState>
    <ksState>
      <x>379.84204378574435</x>
      <y>457.298627653424</y>
      <steeringAngle>0.0</steeringAngle>
      <velocity>0.0</velocity>
      <orientation>-0.46096473</orientation>
      <time>26</time>
    </ksState>
    <ksState>
      <x>379.84204378574435</x>
      <y>457.298627653424</y>
      <steeringAngle>0.0</steeringAngle>
      <velocity>0.0</velocity>
      <orientation>-0.46096473</orientation>
      <time>27</time>
    </ksState>
    <ksState>
      <x>379.84204378574435</x>
      <y>457.298627653424</y>
      <steeringAngle>0.0</steeringAngle>
      <velocity>0.0</velocity>
      <orientation>-0.46096473</orientation>
      <time>28</time>
    </ksState>
    <ksState>
      <x>379.84204378574435</x>
      <y>457.298627653424</y>
      <steeringAngle>0.0</steeringAngle>
      <velocity>0.0</velocity>
      <orientation>-0.46096473</orientation>
      <time>29</time>
    </ksState>
    <ksState>
      <x>379.84204378574435</x>
      <y>457.298627653424</y>
      <steeringAngle>0.0</steeringAngle>
      <velocity>0.0</velocity>
      <orientation>-0.46096473</orientation>
      <time>30</time>
    </ksState>
    <ksState>
      <x>379.8778687380176</x>
      <y>457.28083515914204</y>
      <steeringAngle>0.0</steeringAngle>
      <velocity>0.8</velocity>
      <orientation>-0.46096473</orientation>
      <time>31</time>
    </ksState>
    <ksState>
      <x>379.9853435937757</x>
      <y>457.2274576768234</y>
      <steeringAngle>0.0</steeringAngle>
      <velocity>1.6</velocity>
      <orientation>-0.46096473</orientation>
      <time>32</time>
    </ksState>
    <ksState>
      <x>380.16446835286206</x>
      <y>457.13849520654594</y>
      <steeringAngle>0.0</steeringAngle>
      <velocity>2.4000000000000004</velocity>
      <orientation>-0.46096473</orientation>
      <time>33</time>
    </ksState>
  </ksTrajectory>
</CommonRoadSolution>
