<?xml version="1.0" ?>
<CommonRoadSolution benchmark_id="KS2:SM1:HRV_Pula-29_3_T-1:2020a" computation_time="0.4024245749997135" date="2023-11-26T00:13:30">
  <ksTrajectory planningProblem="1">
    <ksState>
      <x>-265.33364</x>
      <y>-947.5442</y>
      <steeringAngle>0.0</steeringAngle>
      <velocity>4.0</velocity>
      <orientation>-1.5327395</orientation>
      <time>0</time>
    </ksState>
    <ksState>
      <x>-265.319942849266</x>
      <y>-947.9039393324643</y>
      <steeringAngle>0.0</steeringAngle>
      <velocity>3.2</velocity>
      <orientation>-1.5327395</orientation>
      <time>1</time>
    </ksState>
    <ksState>
      <x>-265.30928950981877</x>
      <y>-948.1837365907177</y>
      <steeringAngle>0.0</steeringAngle>
      <velocity>2.4000000000000004</velocity>
      <orientation>-1.5327395</orientation>
      <time>2</time>
    </ksState>
    <ksState>
      <x>-265.30167998165444</x>
      <y>-948.3835917748618</y>
      <steeringAngle>0.0</steeringAngle>
      <velocity>1.6</velocity>
      <orientation>-1.5327395</orientation>
      <time>3</time>
    </ksState>
    <ksState>
      <x>-265.2971142647715</x>
      <y>-948.5035048849373</y>
      <steeringAngle>0.0</steeringAngle>
      <velocity>0.7999999999999998</velocity>
      <orientation>-1.5327395</orientation>
      <time>4</time>
    </ksState>
    <ksState>
      <x>-265.2955923591679</x>
      <y>-948.5434759209971</y>
      <steeringAngle>0.0</steeringAngle>
      <velocity>-3.3306690738754696e-16</velocity>
      <orientation>-1.5327395</orientation>
      <time>5</time>
    </ksState>
    <ksState>
      <x>-265.2955923591679</x>
      <y>-948.5434759209971</y>
      <steeringAngle>0.0</steeringAngle>
      <velocity>0.0</velocity>
      <orientation>-1.5327395</orientation>
      <time>6</time>
    </ksState>
    <ksState>
      <x>-265.2955923591679</x>
      <y>-948.5434759209971</y>
      <steeringAngle>0.0</steeringAngle>
      <velocity>0.0</velocity>
      <orientation>-1.5327395</orientation>
      <time>7</time>
    </ksState>
    <ksState>
      <x>-265.2955923591679</x>
      <y>-948.5434759209971</y>
      <steeringAngle>0.0</steeringAngle>
      <velocity>0.0</velocity>
      <orientation>-1.5327395</orientation>
      <time>8</time>
    </ksState>
    <ksState>
      <x>-265.2955923591679</x>
      <y>-948.5434759209971</y>
      <steeringAngle>0.0</steeringAngle>
      <velocity>0.0</velocity>
      <orientation>-1.5327395</orientation>
      <time>9</time>
    </ksState>
    <ksState>
      <x>-265.2955923591679</x>
      <y>-948.5434759209971</y>
      <steeringAngle>0.0</steeringAngle>
      <velocity>0.0</velocity>
      <orientation>-1.5327395</orientation>
      <time>10</time>
    </ksState>
    <ksState>
      <x>-265.2955923591679</x>
      <y>-948.5434759209971</y>
      <steeringAngle>0.0</steeringAngle>
      <velocity>0.0</velocity>
      <orientation>-1.5327395</orientation>
      <time>11</time>
    </ksState>
    <ksState>
      <x>-265.2955923591679</x>
      <y>-948.5434759209971</y>
      <steeringAngle>0.0</steeringAngle>
      <velocity>0.0</velocity>
      <orientation>-1.5327395</orientation>
      <time>12</time>
    </ksState>
    <ksState>
      <x>-265.2955923591679</x>
      <y>-948.5434759209971</y>
      <steeringAngle>0.0</steeringAngle>
      <velocity>0.0</velocity>
      <orientation>-1.5327395</orientation>
      <time>13</time>
    </ksState>
    <ksState>
      <x>-265.2955923591679</x>
      <y>-948.5434759209971</y>
      <steeringAngle>0.0</steeringAngle>
      <velocity>0.0</velocity>
      <orientation>-1.5327395</orientation>
      <time>14</time>
    </ksState>
    <ksState>
      <x>-265.2955923591679</x>
      <y>-948.5434759209971</y>
      <steeringAngle>0.0</steeringAngle>
      <velocity>0.0</velocity>
      <orientation>-1.5327395</orientation>
      <time>15</time>
    </ksState>
    <ksState>
      <x>-265.2940704534988</x>
      <y>-948.583446958778</y>
      <steeringAngle>0.0</steeringAngle>
      <velocity>0.8</velocity>
      <orientation>-1.5327395</orientation>
      <time>16</time>
    </ksState>
    <ksState>
      <x>-265.28950473653657</x>
      <y>-948.7033600709366</y>
      <steeringAngle>0.0</steeringAngle>
      <velocity>1.6</velocity>
      <orientation>-1.5327395</orientation>
      <time>17</time>
    </ksState>
    <ksState>
      <x>-265.28189520828784</x>
      <y>-948.9032152572977</y>
      <steeringAngle>0.0</steeringAngle>
      <velocity>2.4000000000000004</velocity>
      <orientation>-1.5327395</orientation>
      <time>18</time>
    </ksState>
    <ksState>
      <x>-265.27124186875466</x>
      <y>-949.1830125178085</y>
      <steeringAngle>0.0</steeringAngle>
      <velocity>3.2000000000000006</velocity>
      <orientation>-1.5327395</orientation>
      <time>19</time>
    </ksState>
    <ksState>
      <x>-265.25754471793783</x>
      <y>-949.5427518524472</y>
      <steeringAngle>0.0</steeringAngle>
      <velocity>4.000000000000001</velocity>
      <orientation>-1.5327395</orientation>
      <time>20</time>
    </ksState>
    <ksState>
      <x>-265.2408037558427</x>
      <y>-949.9824332610744</y>
      <steeringAngle>0.0</steeringAngle>
      <velocity>4.8</velocity>
      <orientation>-1.5327395</orientation>
      <time>21</time>
    </ksState>
    <ksState>
      <x>-265.2210189824629</x>
      <y>-950.5020567438561</y>
      <steeringAngle>0.0</steeringAngle>
      <velocity>5.6</velocity>
      <orientation>-1.5327395</orientation>
      <time>22</time>
    </ksState>
    <ksState>
      <x>-265.1981903977991</x>
      <y>-951.1016223007761</y>
      <steeringAngle>0.0</steeringAngle>
      <velocity>6.4</velocity>
      <orientation>-1.5327395</orientation>
      <time>23</time>
    </ksState>
    <ksState>
      <x>-265.17231800185164</x>
      <y>-951.7811299318251</y>
      <steeringAngle>0.0</steeringAngle>
      <velocity>7.199999999999999</velocity>
      <orientation>-1.5327395</orientation>
      <time>24</time>
    </ksState>
    <ksState>
      <x>-265.14340179462073</x>
      <y>-952.5405796369972</y>
      <steeringAngle>0.0</steeringAngle>
      <velocity>7.999999999999998</velocity>
      <orientation>-1.5327395</orientation>
      <time>25</time>
    </ksState>
    <ksState>
      <x>-265.12227049353066</x>
      <y>-953.3403306252961</y>
      <steeringAngle>-0.03553333333333333</steeringAngle>
      <velocity>8.0</velocity>
      <orientation>-1.5382520350028388</orientation>
      <time>26</time>
    </ksState>
    <ksState>
      <x>-265.12566198329995</x>
      <y>-954.1406390482412</y>
      <steeringAngle>-0.07106666666666667</steeringAngle>
      <velocity>8.0</velocity>
      <orientation>-1.5548035558831084</orientation>
      <time>27</time>
    </ksState>
    <ksState>
      <x>-265.16249197659295</x>
      <y>-954.9406952426532</y>
      <steeringAngle>-0.10659999999999997</steeringAngle>
      <velocity>8.0</velocity>
      <orientation>-1.5824360351738032</orientation>
      <time>28</time>
    </ksState>
    <ksState>
      <x>-265.24171417900675</x>
      <y>-955.7385708197943</y>
      <steeringAngle>-0.1421333333333333</steeringAngle>
      <velocity>8.0</velocity>
      <orientation>-1.6212198874465382</orientation>
      <time>29</time>
    </ksState>
    <ksState>
      <x>-265.3722270973886</x>
      <y>-956.5309039157651</y>
      <steeringAngle>-0.17766666666666667</steeringAngle>
      <velocity>8.0</velocity>
      <orientation>-1.6712546996956927</orientation>
      <time>30</time>
    </ksState>
    <ksState>
      <x>-265.5343281578047</x>
      <y>-957.2764886783041</y>
      <steeringAngle>-0.1421333333333334</steeringAngle>
      <velocity>7.2</velocity>
      <orientation>-1.7188820214413296</orientation>
      <time>31</time>
    </ksState>
    <ksState>
      <x>-265.692684772571</x>
      <y>-957.9394695827884</y>
      <steeringAngle>-0.10660000000000011</steeringAngle>
      <velocity>6.4</velocity>
      <orientation>-1.7519415918892975</orientation>
      <time>32</time>
    </ksState>
    <ksState>
      <x>-265.83639642983525</x>
      <y>-958.5227668193767</y>
      <steeringAngle>-0.07106666666666674</steeringAngle>
      <velocity>5.600000000000001</velocity>
      <orientation>-1.772758540183186</orientation>
      <time>33</time>
    </ksState>
  </ksTrajectory>
</CommonRoadSolution>
