<?xml version="1.0" ?>
<CommonRoadSolution benchmark_id="KS2:SM1:DEU_Guetersloh-65_2_T-1:2020a" computation_time="0.17994297299992468" date="2023-11-26T00:13:30">
  <ksTrajectory planningProblem="1">
    <ksState>
      <x>379.50266</x>
      <y>248.04377</y>
      <steeringAngle>0.0</steeringAngle>
      <velocity>8.0</velocity>
      <orientation>-2.2468988</orientation>
      <time>0</time>
    </ksState>
    <ksState>
      <x>379.0270841900396</x>
      <y>247.45095666692148</y>
      <steeringAngle>0.0</steeringAngle>
      <velocity>7.200000000000001</velocity>
      <orientation>-2.2468988</orientation>
      <time>1</time>
    </ksState>
    <ksState>
      <x>378.60156899188604</x>
      <y>246.92054473761416</y>
      <steeringAngle>0.0</steeringAngle>
      <velocity>6.400000000000001</velocity>
      <orientation>-2.2468988</orientation>
      <time>2</time>
    </ksState>
    <ksState>
      <x>378.2261144054141</x>
      <y>246.45253421192191</y>
      <steeringAngle>0.0</steeringAngle>
      <velocity>5.600000000000001</velocity>
      <orientation>-2.2468988</orientation>
      <time>3</time>
    </ksState>
    <ksState>
      <x>377.9007204305883</x>
      <y>246.04692508980065</y>
      <steeringAngle>0.0</steeringAngle>
      <velocity>4.800000000000001</velocity>
      <orientation>-2.2468988</orientation>
      <time>4</time>
    </ksState>
    <ksState>
      <x>377.6253870673957</x>
      <y>245.70371737123418</y>
      <steeringAngle>0.0</steeringAngle>
      <velocity>4.000000000000001</velocity>
      <orientation>-2.2468988</orientation>
      <time>5</time>
    </ksState>
    <ksState>
      <x>377.4001143157368</x>
      <y>245.42291105609843</y>
      <steeringAngle>0.0</steeringAngle>
      <velocity>3.2</velocity>
      <orientation>-2.2468988</orientation>
      <time>6</time>
    </ksState>
    <ksState>
      <x>377.2249021757644</x>
      <y>245.2045061445838</y>
      <steeringAngle>0.0</steeringAngle>
      <velocity>2.4000000000000004</velocity>
      <orientation>-2.2468988</orientation>
      <time>7</time>
    </ksState>
    <ksState>
      <x>377.09975064741457</x>
      <y>245.0485026366108</y>
      <steeringAngle>0.0</steeringAngle>
      <velocity>1.6</velocity>
      <orientation>-2.2468988</orientation>
      <time>8</time>
    </ksState>
    <ksState>
      <x>377.024659730662</x>
      <y>244.95490053214778</y>
      <steeringAngle>0.0</steeringAngle>
      <velocity>0.7999999999999998</velocity>
      <orientation>-2.2468988</orientation>
      <time>9</time>
    </ksState>
    <ksState>
      <x>376.9996294254736</x>
      <y>244.92369983115344</y>
      <steeringAngle>0.0</steeringAngle>
      <velocity>-3.3306690738754696e-16</velocity>
      <orientation>-2.2468988</orientation>
      <time>10</time>
    </ksState>
    <ksState>
      <x>376.9996294254736</x>
      <y>244.92369983115344</y>
      <steeringAngle>0.0</steeringAngle>
      <velocity>0.0</velocity>
      <orientation>-2.2468988</orientation>
      <time>11</time>
    </ksState>
    <ksState>
      <x>376.9996294254736</x>
      <y>244.92369983115344</y>
      <steeringAngle>0.0</steeringAngle>
      <velocity>0.0</velocity>
      <orientation>-2.2468988</orientation>
      <time>12</time>
    </ksState>
    <ksState>
      <x>376.9996294254736</x>
      <y>244.92369983115344</y>
      <steeringAngle>0.0</steeringAngle>
      <velocity>0.0</velocity>
      <orientation>-2.2468988</orientation>
      <time>13</time>
    </ksState>
    <ksState>
      <x>376.9996294254736</x>
      <y>244.92369983115344</y>
      <steeringAngle>0.0</steeringAngle>
      <velocity>0.0</velocity>
      <orientation>-2.2468988</orientation>
      <time>14</time>
    </ksState>
    <ksState>
      <x>376.9996294254736</x>
      <y>244.92369983115344</y>
      <steeringAngle>0.0</steeringAngle>
      <velocity>0.0</velocity>
      <orientation>-2.2468988</orientation>
      <time>15</time>
    </ksState>
    <ksState>
      <x>376.9996294254736</x>
      <y>244.92369983115344</y>
      <steeringAngle>0.0</steeringAngle>
      <velocity>0.0</velocity>
      <orientation>-2.2468988</orientation>
      <time>16</time>
    </ksState>
    <ksState>
      <x>376.9996294254736</x>
      <y>244.92369983115344</y>
      <steeringAngle>0.0</steeringAngle>
      <velocity>0.0</velocity>
      <orientation>-2.2468988</orientation>
      <time>17</time>
    </ksState>
    <ksState>
      <x>376.9996294254736</x>
      <y>244.92369983115344</y>
      <steeringAngle>0.0</steeringAngle>
      <velocity>0.0</velocity>
      <orientation>-2.2468988</orientation>
      <time>18</time>
    </ksState>
    <ksState>
      <x>376.9996294254736</x>
      <y>244.92369983115344</y>
      <steeringAngle>0.0</steeringAngle>
      <velocity>0.0</velocity>
      <orientation>-2.2468988</orientation>
      <time>19</time>
    </ksState>
    <ksState>
      <x>376.9996294254736</x>
      <y>244.92369983115344</y>
      <steeringAngle>0.0</steeringAngle>
      <velocity>0.0</velocity>
      <orientation>-2.2468988</orientation>
      <time>20</time>
    </ksState>
    <ksState>
      <x>376.9996294254736</x>
      <y>244.92369983115344</y>
      <steeringAngle>0.0</steeringAngle>
      <velocity>0.0</velocity>
      <orientation>-2.2468988</orientation>
      <time>21</time>
    </ksState>
    <ksState>
      <x>376.9996294254736</x>
      <y>244.92369983115344</y>
      <steeringAngle>0.0</steeringAngle>
      <velocity>0.0</velocity>
      <orientation>-2.2468988</orientation>
      <time>22</time>
    </ksState>
    <ksState>
      <x>376.9996294254736</x>
      <y>244.92369983115344</y>
      <steeringAngle>0.0</steeringAngle>
      <velocity>0.0</velocity>
      <orientation>-2.2468988</orientation>
      <time>23</time>
    </ksState>
    <ksState>
      <x>376.9996294254736</x>
      <y>244.92369983115344</y>
      <steeringAngle>0.0</steeringAngle>
      <velocity>0.0</velocity>
      <orientation>-2.2468988</orientation>
      <time>24</time>
    </ksState>
    <ksState>
      <x>376.9996294254736</x>
      <y>244.92369983115344</y>
      <steeringAngle>0.0</steeringAngle>
      <velocity>0.0</velocity>
      <orientation>-2.2468988</orientation>
      <time>25</time>
    </ksState>
    <ksState>
      <x>376.9996294254736</x>
      <y>244.92369983115344</y>
      <steeringAngle>0.0</steeringAngle>
      <velocity>0.0</velocity>
      <orientation>-2.2468988</orientation>
      <time>26</time>
    </ksState>
    <ksState>
      <x>376.9996294254736</x>
      <y>244.92369983115344</y>
      <steeringAngle>0.0</steeringAngle>
      <velocity>0.0</velocity>
      <orientation>-2.2468988</orientation>
      <time>27</time>
    </ksState>
    <ksState>
      <x>376.9996294254736</x>
      <y>244.92369983115344</y>
      <steeringAngle>0.0</steeringAngle>
      <velocity>0.0</velocity>
      <orientation>-2.2468988</orientation>
      <time>28</time>
    </ksState>
    <ksState>
      <x>376.9996294254736</x>
      <y>244.92369983115344</y>
      <steeringAngle>0.0</steeringAngle>
      <velocity>0.0</velocity>
      <orientation>-2.2468988</orientation>
      <time>29</time>
    </ksState>
    <ksState>
      <x>376.9996294254736</x>
      <y>244.92369983115344</y>
      <steeringAngle>0.0</steeringAngle>
      <velocity>0.0</velocity>
      <orientation>-2.2468988</orientation>
      <time>30</time>
    </ksState>
    <ksState>
      <x>376.9996294254736</x>
      <y>244.92369983115344</y>
      <steeringAngle>0.0</steeringAngle>
      <velocity>0.0</velocity>
      <orientation>-2.2468988</orientation>
      <time>31</time>
    </ksState>
    <ksState>
      <x>376.9996294254736</x>
      <y>244.92369983115344</y>
      <steeringAngle>0.0</steeringAngle>
      <velocity>0.0</velocity>
      <orientation>-2.2468988</orientation>
      <time>32</time>
    </ksState>
    <ksState>
      <x>376.9996294254736</x>
      <y>244.92369983115344</y>
      <steeringAngle>0.0</steeringAngle>
      <velocity>0.0</velocity>
      <orientation>-2.2468988</orientation>
      <time>33</time>
    </ksState>
  </ksTrajectory>
</CommonRoadSolution>
