<?xml version="1.0" ?>
<CommonRoadSolution benchmark_id="KS2:SM1:FRA_Anglet-3_2_T-1:2020a" computation_time="0.5926020810002228" date="2023-11-26T00:13:30">
  <ksTrajectory planningProblem="1">
    <ksState>
      <x>208.08832</x>
      <y>850.50696</y>
      <steeringAngle>0.0</steeringAngle>
      <velocity>4.0</velocity>
      <orientation>-1.2152159</orientation>
      <time>0</time>
    </ksState>
    <ksState>
      <x>208.2136484346905</x>
      <y>850.1694799521185</y>
      <steeringAngle>0.0</steeringAngle>
      <velocity>3.2</velocity>
      <orientation>-1.2152159</orientation>
      <time>1</time>
    </ksState>
    <ksState>
      <x>208.31112610600147</x>
      <y>849.9069954707425</y>
      <steeringAngle>0.0</steeringAngle>
      <velocity>2.4000000000000004</velocity>
      <orientation>-1.2152159</orientation>
      <time>2</time>
    </ksState>
    <ksState>
      <x>208.38075301396836</x>
      <y>849.7195065557764</y>
      <steeringAngle>0.0</steeringAngle>
      <velocity>1.6</velocity>
      <orientation>-1.2152159</orientation>
      <time>3</time>
    </ksState>
    <ksState>
      <x>208.42252915860533</x>
      <y>849.6070132071824</y>
      <steeringAngle>0.0</steeringAngle>
      <velocity>0.7999999999999998</velocity>
      <orientation>-1.2152159</orientation>
      <time>4</time>
    </ksState>
    <ksState>
      <x>208.4364545399308</x>
      <y>849.5695154249106</y>
      <steeringAngle>0.0</steeringAngle>
      <velocity>-3.3306690738754696e-16</velocity>
      <orientation>-1.2152159</orientation>
      <time>5</time>
    </ksState>
    <ksState>
      <x>208.4364545399308</x>
      <y>849.5695154249106</y>
      <steeringAngle>0.0</steeringAngle>
      <velocity>0.0</velocity>
      <orientation>-1.2152159</orientation>
      <time>6</time>
    </ksState>
    <ksState>
      <x>208.4364545399308</x>
      <y>849.5695154249106</y>
      <steeringAngle>0.0</steeringAngle>
      <velocity>0.0</velocity>
      <orientation>-1.2152159</orientation>
      <time>7</time>
    </ksState>
    <ksState>
      <x>208.4364545399308</x>
      <y>849.5695154249106</y>
      <steeringAngle>0.0</steeringAngle>
      <velocity>0.0</velocity>
      <orientation>-1.2152159</orientation>
      <time>8</time>
    </ksState>
    <ksState>
      <x>208.4364545399308</x>
      <y>849.5695154249106</y>
      <steeringAngle>0.0</steeringAngle>
      <velocity>0.0</velocity>
      <orientation>-1.2152159</orientation>
      <time>9</time>
    </ksState>
    <ksState>
      <x>208.4364545399308</x>
      <y>849.5695154249106</y>
      <steeringAngle>0.0</steeringAngle>
      <velocity>0.0</velocity>
      <orientation>-1.2152159</orientation>
      <time>10</time>
    </ksState>
    <ksState>
      <x>208.4364545399308</x>
      <y>849.5695154249106</y>
      <steeringAngle>0.0</steeringAngle>
      <velocity>0.0</velocity>
      <orientation>-1.2152159</orientation>
      <time>11</time>
    </ksState>
    <ksState>
      <x>208.4364545399308</x>
      <y>849.5695154249106</y>
      <steeringAngle>0.0</steeringAngle>
      <velocity>0.0</velocity>
      <orientation>-1.2152159</orientation>
      <time>12</time>
    </ksState>
    <ksState>
      <x>208.4364545399308</x>
      <y>849.5695154249106</y>
      <steeringAngle>0.0</steeringAngle>
      <velocity>0.0</velocity>
      <orientation>-1.2152159</orientation>
      <time>13</time>
    </ksState>
    <ksState>
      <x>208.4364545399308</x>
      <y>849.5695154249106</y>
      <steeringAngle>0.0</steeringAngle>
      <velocity>0.0</velocity>
      <orientation>-1.2152159</orientation>
      <time>14</time>
    </ksState>
    <ksState>
      <x>208.4364545399308</x>
      <y>849.5695154249106</y>
      <steeringAngle>0.0</steeringAngle>
      <velocity>0.0</velocity>
      <orientation>-1.2152159</orientation>
      <time>15</time>
    </ksState>
    <ksState>
      <x>208.45037992185587</x>
      <y>849.5320176410243</y>
      <steeringAngle>0.0</steeringAngle>
      <velocity>0.8</velocity>
      <orientation>-1.2152159</orientation>
      <time>16</time>
    </ksState>
    <ksState>
      <x>208.4921560672185</x>
      <y>849.419524290476</y>
      <steeringAngle>0.0</steeringAngle>
      <velocity>1.6</velocity>
      <orientation>-1.2152159</orientation>
      <time>17</time>
    </ksState>
    <ksState>
      <x>208.56178297595778</x>
      <y>849.2320353734302</y>
      <steeringAngle>0.0</steeringAngle>
      <velocity>2.4000000000000004</velocity>
      <orientation>-1.2152159</orientation>
      <time>18</time>
    </ksState>
    <ksState>
      <x>208.6592606480552</x>
      <y>848.9695508899364</y>
      <steeringAngle>0.0</steeringAngle>
      <velocity>3.2000000000000006</velocity>
      <orientation>-1.2152159</orientation>
      <time>19</time>
    </ksState>
    <ksState>
      <x>208.78458908350325</x>
      <y>848.632070840015</y>
      <steeringAngle>0.0</steeringAngle>
      <velocity>4.000000000000001</velocity>
      <orientation>-1.2152159</orientation>
      <time>20</time>
    </ksState>
    <ksState>
      <x>208.94236807443482</x>
      <y>848.2213113003021</y>
      <steeringAngle>0.035533333333333326</steeringAngle>
      <velocity>4.799999999999999</velocity>
      <orientation>-1.2120921213308091</orientation>
      <time>21</time>
    </ksState>
    <ksState>
      <x>209.1416923455868</x>
      <y>847.7407950567883</y>
      <steeringAngle>0.07106666666666667</steeringAngle>
      <velocity>5.599999999999998</velocity>
      <orientation>-1.2012415102696363</orientation>
      <time>22</time>
    </ksState>
    <ksState>
      <x>209.39133729871224</x>
      <y>847.194428158421</y>
      <steeringAngle>0.10659999999999999</steeringAngle>
      <velocity>6.3999999999999995</velocity>
      <orientation>-1.1804245612693085</orientation>
      <time>23</time>
    </ksState>
    <ksState>
      <x>209.70314290691522</x>
      <y>846.5883783512107</y>
      <steeringAngle>0.14213333333333333</steeringAngle>
      <velocity>7.199999999999999</velocity>
      <orientation>-1.1473649902881433</orientation>
      <time>24</time>
    </ksState>
    <ksState>
      <x>210.09227529343502</x>
      <y>845.9322038164449</y>
      <steeringAngle>0.17766666666666664</steeringAngle>
      <velocity>7.9999999999999964</velocity>
      <orientation>-1.0997376682065967</orientation>
      <time>25</time>
    </ksState>
    <ksState>
      <x>210.53627904708017</x>
      <y>845.2629499809616</y>
      <steeringAngle>0.14213333333333336</steeringAngle>
      <velocity>8.0</velocity>
      <orientation>-1.0497028566578483</orientation>
      <time>26</time>
    </ksState>
    <ksState>
      <x>210.99584509015514</x>
      <y>844.6058005599166</y>
      <steeringAngle>0.1066000000000001</steeringAngle>
      <velocity>8.0</velocity>
      <orientation>-1.010919004650851</orientation>
      <time>27</time>
    </ksState>
    <ksState>
      <x>211.46366173243578</x>
      <y>843.9556387158408</y>
      <steeringAngle>0.07106666666666674</steeringAngle>
      <velocity>8.0</velocity>
      <orientation>-0.983286525621164</orientation>
      <time>28</time>
    </ksState>
    <ksState>
      <x>211.9326844376962</x>
      <y>843.3071079217548</y>
      <steeringAngle>0.035533333333333354</steeringAngle>
      <velocity>8.0</velocity>
      <orientation>-0.9667350049921346</orientation>
      <time>29</time>
    </ksState>
    <ksState>
      <x>212.3959349417875</x>
      <y>842.6548270959179</y>
      <steeringAngle>2.0816681711721685e-17</steeringAngle>
      <velocity>8.0</velocity>
      <orientation>-0.9612224785337298</orientation>
      <time>30</time>
    </ksState>
    <ksState>
      <x>212.8463002802785</x>
      <y>841.9936015390489</y>
      <steeringAngle>-0.03553333333333333</steeringAngle>
      <velocity>8.0</velocity>
      <orientation>-0.9667350135365685</orientation>
      <time>31</time>
    </ksState>
    <ksState>
      <x>213.27634147735498</x>
      <y>841.3186425455858</y>
      <steeringAngle>-0.07106666666666667</steeringAngle>
      <velocity>8.0</velocity>
      <orientation>-0.9832865344168382</orientation>
      <time>32</time>
    </ksState>
    <ksState>
      <x>213.67812173938103</x>
      <y>840.6258085224106</y>
      <steeringAngle>-0.10659999999999997</steeringAngle>
      <velocity>8.0</velocity>
      <orientation>-1.010919013707533</orientation>
      <time>33</time>
    </ksState>
  </ksTrajectory>
</CommonRoadSolution>
