<?xml version="1.0" ?>
<CommonRoadSolution benchmark_id="KS2:SM1:DEU_Lohmar-16_1_T-1:2020a" computation_time="2.6464620920000925" date="2023-11-26T00:13:30">
  <ksTrajectory planningProblem="123">
    <ksState>
      <x>-164.18387</x>
      <y>25.930191</y>
      <steeringAngle>0.0</steeringAngle>
      <velocity>0.0</velocity>
      <orientation>-0.68112022</orientation>
      <time>0</time>
    </ksState>
    <ksState>
      <x>-164.15279528565566</x>
      <y>25.905004452269768</y>
      <steeringAngle>0.0</steeringAngle>
      <velocity>0.8</velocity>
      <orientation>-0.68112022</orientation>
      <time>1</time>
    </ksState>
    <ksState>
      <x>-164.0595711435433</x>
      <y>25.829444809825358</y>
      <steeringAngle>0.0</steeringAngle>
      <velocity>1.6</velocity>
      <orientation>-0.68112022</orientation>
      <time>2</time>
    </ksState>
    <ksState>
      <x>-163.90419757379894</x>
      <y>25.703512072776977</y>
      <steeringAngle>0.0</steeringAngle>
      <velocity>2.4000000000000004</velocity>
      <orientation>-0.68112022</orientation>
      <time>3</time>
    </ksState>
    <ksState>
      <x>-163.68667457646376</x>
      <y>25.527206241157984</y>
      <steeringAngle>0.0</steeringAngle>
      <velocity>3.2000000000000006</velocity>
      <orientation>-0.68112022</orientation>
      <time>4</time>
    </ksState>
    <ksState>
      <x>-163.4070021515546</x>
      <y>25.30052731498207</y>
      <steeringAngle>0.0</steeringAngle>
      <velocity>4.000000000000001</velocity>
      <orientation>-0.68112022</orientation>
      <time>5</time>
    </ksState>
    <ksState>
      <x>-163.06518029917987</x>
      <y>25.02347529433709</y>
      <steeringAngle>0.0</steeringAngle>
      <velocity>4.8</velocity>
      <orientation>-0.68112022</orientation>
      <time>6</time>
    </ksState>
    <ksState>
      <x>-162.6612090192107</x>
      <y>24.69605017911857</y>
      <steeringAngle>0.0</steeringAngle>
      <velocity>5.6</velocity>
      <orientation>-0.68112022</orientation>
      <time>7</time>
    </ksState>
    <ksState>
      <x>-162.19508831165948</x>
      <y>24.31825196933656</y>
      <steeringAngle>0.0</steeringAngle>
      <velocity>6.4</velocity>
      <orientation>-0.68112022</orientation>
      <time>8</time>
    </ksState>
    <ksState>
      <x>-161.66681817653347</x>
      <y>23.890080664996987</y>
      <steeringAngle>0.0</steeringAngle>
      <velocity>7.199999999999999</velocity>
      <orientation>-0.68112022</orientation>
      <time>9</time>
    </ksState>
    <ksState>
      <x>-161.07639861383726</x>
      <y>23.41153626610351</y>
      <steeringAngle>0.0</steeringAngle>
      <velocity>7.999999999999998</velocity>
      <orientation>-0.68112022</orientation>
      <time>10</time>
    </ksState>
    <ksState>
      <x>-160.48057264121914</x>
      <y>22.939695266560342</y>
      <steeringAngle>0.03553333333333333</steeringAngle>
      <velocity>7.199999999999999</velocity>
      <orientation>-0.6759752070175077</orientation>
      <time>11</time>
    </ksState>
    <ksState>
      <x>-159.93514858166301</x>
      <y>22.53314973396915</y>
      <steeringAngle>0.07106666666666664</steeringAngle>
      <velocity>6.400000000000001</velocity>
      <orientation>-0.6619985348965446</orientation>
      <time>12</time>
    </ksState>
    <ksState>
      <x>-159.44056791096807</x>
      <y>22.192247519161096</y>
      <steeringAngle>0.10659999999999997</steeringAngle>
      <velocity>5.600000000000004</velocity>
      <orientation>-0.6413667670306633</orientation>
      <time>13</time>
    </ksState>
    <ksState>
      <x>-158.9992082106112</x>
      <y>21.915044174049466</y>
      <steeringAngle>0.1421333333333333</steeringAngle>
      <velocity>4.800000000000003</velocity>
      <orientation>-0.616250559522015</orientation>
      <time>14</time>
    </ksState>
    <ksState>
      <x>-158.61472060350198</x>
      <y>21.697646644991476</y>
      <steeringAngle>0.17766666666666653</steeringAngle>
      <velocity>4.000000000000006</velocity>
      <orientation>-0.5888256629368652</orientation>
      <time>15</time>
    </ksState>
    <ksState>
      <x>-158.25512612737484</x>
      <y>21.517172032914957</y>
      <steeringAngle>0.21319999999999995</steeringAngle>
      <velocity>4.0</velocity>
      <orientation>-0.558117880299365</orientation>
      <time>16</time>
    </ksState>
    <ksState>
      <x>-157.88546009777102</x>
      <y>21.35591953302272</y>
      <steeringAngle>0.24873333333333336</steeringAngle>
      <velocity>4.0</velocity>
      <orientation>-0.5216390391766708</orientation>
      <time>17</time>
    </ksState>
    <ksState>
      <x>-157.50573041853184</x>
      <y>21.21668245666366</y>
      <steeringAngle>0.2842666666666667</steeringAngle>
      <velocity>4.0</velocity>
      <orientation>-0.47929180533122273</orientation>
      <time>18</time>
    </ksState>
    <ksState>
      <x>-157.11634916760178</x>
      <y>21.102443606623734</y>
      <steeringAngle>0.31980000000000003</steeringAngle>
      <velocity>4.0</velocity>
      <orientation>-0.4309611239640877</orientation>
      <time>19</time>
    </ksState>
    <ksState>
      <x>-156.71820728792684</x>
      <y>21.016357641826886</y>
      <steeringAngle>0.35533333333333333</steeringAngle>
      <velocity>4.0</velocity>
      <orientation>-0.3765129227858093</orientation>
      <time>20</time>
    </ksState>
    <ksState>
      <x>-156.3127577444045</x>
      <y>20.961718018033036</y>
      <steeringAngle>0.39086666666666653</steeringAngle>
      <velocity>4.0</velocity>
      <orientation>-0.3157925564798221</orientation>
      <time>21</time>
    </ksState>
    <ksState>
      <x>-155.90210641484754</x>
      <y>20.94190464162408</y>
      <steeringAngle>0.42639999999999995</steeringAngle>
      <velocity>4.0</velocity>
      <orientation>-0.24862294302341847</orientation>
      <time>22</time>
    </ksState>
    <ksState>
      <x>-155.4891090822708</x>
      <y>20.96030712311998</y>
      <steeringAngle>0.4619333333333333</steeringAngle>
      <velocity>4.0</velocity>
      <orientation>-0.17480235939107447</orientation>
      <time>23</time>
    </ksState>
    <ksState>
      <x>-155.07747167653545</x>
      <y>21.020218366299233</y>
      <steeringAngle>0.49746666666666667</steeringAngle>
      <velocity>4.0</velocity>
      <orientation>-0.09410181757785413</orientation>
      <time>24</time>
    </ksState>
    <ksState>
      <x>-154.67184922499058</x>
      <y>21.124692010561745</y>
      <steeringAngle>0.533</steeringAngle>
      <velocity>4.0</velocity>
      <orientation>-0.006261950978045494</orientation>
      <time>25</time>
    </ksState>
    <ksState>
      <x>-154.27743058125043</x>
      <y>21.270516673226545</y>
      <steeringAngle>0.533</steeringAngle>
      <velocity>4.0</velocity>
      <orientation>0.08524234757677436</orientation>
      <time>26</time>
    </ksState>
    <ksState>
      <x>-153.89798696497752</x>
      <y>21.451771922789025</y>
      <steeringAngle>0.533</steeringAngle>
      <velocity>4.0</velocity>
      <orientation>0.17674664613159424</orientation>
      <time>27</time>
    </ksState>
    <ksState>
      <x>-153.536693285549</x>
      <y>21.666941162486893</y>
      <steeringAngle>0.533</steeringAngle>
      <velocity>4.0</velocity>
      <orientation>0.2682509446864141</orientation>
      <time>28</time>
    </ksState>
    <ksState>
      <x>-153.1965725576828</x>
      <y>21.914224029423973</y>
      <steeringAngle>0.533</steeringAngle>
      <velocity>4.0</velocity>
      <orientation>0.359755243241234</orientation>
      <time>29</time>
    </ksState>
    <ksState>
      <x>-152.88047063761667</x>
      <y>22.191551459794724</y>
      <steeringAngle>0.533</steeringAngle>
      <velocity>4.0</velocity>
      <orientation>0.45125954179605376</orientation>
      <time>30</time>
    </ksState>
    <ksState>
      <x>-152.58811170277465</x>
      <y>22.49170443756976</y>
      <steeringAngle>0.4974666666666666</steeringAngle>
      <velocity>4.0</velocity>
      <orientation>0.539099408635503</orientation>
      <time>31</time>
    </ksState>
    <ksState>
      <x>-152.31647566639708</x>
      <y>22.806911914979647</y>
      <steeringAngle>0.4619333333333334</steeringAngle>
      <velocity>4.0</velocity>
      <orientation>0.6197999504226731</orientation>
      <time>32</time>
    </ksState>
    <ksState>
      <x>-152.06398845284423</x>
      <y>23.134402826120194</y>
      <steeringAngle>0.42640000000000017</steeringAngle>
      <velocity>4.0</velocity>
      <orientation>0.6936205336724782</orientation>
      <time>33</time>
    </ksState>
    <ksState>
      <x>-151.82889272913704</x>
      <y>23.47180536094087</y>
      <steeringAngle>0.3908666666666668</steeringAngle>
      <velocity>4.0</velocity>
      <orientation>0.7607901465353408</orientation>
      <time>34</time>
    </ksState>
    <ksState>
      <x>-151.60930194967816</x>
      <y>23.81709928781402</y>
      <steeringAngle>0.3553333333333335</steeringAngle>
      <velocity>4.0</velocity>
      <orientation>0.8215105144136265</orientation>
      <time>35</time>
    </ksState>
    <ksState>
      <x>-151.38358114810652</x>
      <y>24.204227965189734</y>
      <steeringAngle>0.31979999999999975</steeringAngle>
      <velocity>4.800000000000001</velocity>
      <orientation>0.8813003494453752</orientation>
      <time>36</time>
    </ksState>
    <ksState>
      <x>-151.1364438389913</x>
      <y>24.670336791253963</y>
      <steeringAngle>0.28426666666666645</steeringAngle>
      <velocity>5.600000000000004</velocity>
      <orientation>0.9440294495766987</orientation>
      <time>37</time>
    </ksState>
    <ksState>
      <x>-150.8752446869191</x>
      <y>25.217943855560613</y>
      <steeringAngle>0.2487333333333331</steeringAngle>
      <velocity>6.400000000000004</velocity>
      <orientation>1.0074515862693745</orientation>
      <time>38</time>
    </ksState>
    <ksState>
      <x>-150.60650706417397</x>
      <y>25.84872789557847</y>
      <steeringAngle>0.21319999999999992</steeringAngle>
      <velocity>7.200000000000004</velocity>
      <orientation>1.0693686749471736</orientation>
      <time>39</time>
    </ksState>
    <ksState>
      <x>-150.33520551120006</x>
      <y>26.563439184214356</y>
      <steeringAngle>0.17766666666666656</steeringAngle>
      <velocity>8.000000000000004</velocity>
      <orientation>1.1276180045481388</orientation>
      <time>40</time>
    </ksState>
    <ksState>
      <x>-150.07610923875808</x>
      <y>27.323642545932074</y>
      <steeringAngle>0.14213333333333336</steeringAngle>
      <velocity>8.0</velocity>
      <orientation>1.177652816096887</orientation>
      <time>41</time>
    </ksState>
    <ksState>
      <x>-149.836099983388</x>
      <y>28.088784275851413</y>
      <steeringAngle>0.1066000000000001</steeringAngle>
      <velocity>8.0</velocity>
      <orientation>1.2164366681038845</orientation>
      <time>42</time>
    </ksState>
    <ksState>
      <x>-149.60666169293492</x>
      <y>28.85619609825236</y>
      <steeringAngle>0.07106666666666674</steeringAngle>
      <velocity>8.0</velocity>
      <orientation>1.2440691471335714</orientation>
      <time>43</time>
    </ksState>
    <ksState>
      <x>-149.37925152738612</x>
      <y>29.623567654626974</y>
      <steeringAngle>0.035533333333333354</steeringAngle>
      <velocity>8.0</velocity>
      <orientation>1.2606206677626008</orientation>
      <time>44</time>
    </ksState>
    <ksState>
      <x>-149.1453476491281</x>
      <y>30.388656068492303</y>
      <steeringAngle>2.0816681711721685e-17</steeringAngle>
      <velocity>8.0</velocity>
      <orientation>1.2661331942210057</orientation>
      <time>45</time>
    </ksState>
    <ksState>
      <x>-148.89649363315013</x>
      <y>31.148998000719274</y>
      <steeringAngle>-0.03553333333333333</steeringAngle>
      <velocity>8.0</velocity>
      <orientation>1.2606206592181668</orientation>
      <time>46</time>
    </ksState>
    <ksState>
      <x>-148.62435564511622</x>
      <y>31.90162406292307</y>
      <steeringAngle>-0.07106666666666667</steeringAngle>
      <velocity>8.0</velocity>
      <orientation>1.2440691383378972</orientation>
      <time>47</time>
    </ksState>
    <ksState>
      <x>-148.32080856098523</x>
      <y>32.64277555238959</y>
      <steeringAngle>-0.10659999999999997</steeringAngle>
      <velocity>8.0</velocity>
      <orientation>1.2164366590472024</orientation>
      <time>48</time>
    </ksState>
    <ksState>
      <x>-147.97806742114307</x>
      <y>33.36762733379964</y>
      <steeringAngle>-0.1421333333333333</steeringAngle>
      <velocity>8.0</velocity>
      <orientation>1.1776528067744674</orientation>
      <time>49</time>
    </ksState>
    <ksState>
      <x>-147.58888097407817</x>
      <y>34.07002271124482</y>
      <steeringAngle>-0.17766666666666667</steeringAngle>
      <velocity>8.0</velocity>
      <orientation>1.1276179945253126</orientation>
      <time>50</time>
    </ksState>
    <ksState>
      <x>-147.16370637221303</x>
      <y>34.751393819737885</y>
      <steeringAngle>-0.14213333333333336</steeringAngle>
      <velocity>8.0</velocity>
      <orientation>1.0775831829765643</orientation>
      <time>51</time>
    </ksState>
    <ksState>
      <x>-146.72263809760256</x>
      <y>35.42109904344408</y>
      <steeringAngle>-0.1066000000000001</steeringAngle>
      <velocity>8.0</velocity>
      <orientation>1.038799330969567</orientation>
      <time>52</time>
    </ksState>
    <ksState>
      <x>-146.2731276395378</x>
      <y>36.08404940536961</y>
      <steeringAngle>-0.07106666666666674</steeringAngle>
      <velocity>8.0</velocity>
      <orientation>1.01116685193988</orientation>
      <time>53</time>
    </ksState>
    <ksState>
      <x>-145.82236611889192</x>
      <y>36.74540297225556</y>
      <steeringAngle>-0.035533333333333354</steeringAngle>
      <velocity>8.0</velocity>
      <orientation>0.9946153313108506</orientation>
      <time>54</time>
    </ksState>
    <ksState>
      <x>-145.37747909472267</x>
      <y>37.41034420350908</y>
      <steeringAngle>-2.0816681711721685e-17</steeringAngle>
      <velocity>8.0</velocity>
      <orientation>0.9891028048524457</orientation>
      <time>55</time>
    </ksState>
    <ksState>
      <x>-144.93792732024608</x>
      <y>38.078770891751304</y>
      <steeringAngle>0.0</steeringAngle>
      <velocity>8.0</velocity>
      <orientation>0.9891028048524457</orientation>
      <time>56</time>
    </ksState>
    <ksState>
      <x>-144.49837554576948</x>
      <y>38.74719757999354</y>
      <steeringAngle>0.0</steeringAngle>
      <velocity>8.0</velocity>
      <orientation>0.9891028048524457</orientation>
      <time>57</time>
    </ksState>
    <ksState>
      <x>-144.05882377129288</x>
      <y>39.41562426823577</y>
      <steeringAngle>0.0</steeringAngle>
      <velocity>8.0</velocity>
      <orientation>0.9891028048524457</orientation>
      <time>58</time>
    </ksState>
    <ksState>
      <x>-143.61927199681628</x>
      <y>40.084050956478</y>
      <steeringAngle>0.0</steeringAngle>
      <velocity>8.0</velocity>
      <orientation>0.9891028048524457</orientation>
      <time>59</time>
    </ksState>
    <ksState>
      <x>-143.17972022233968</x>
      <y>40.75247764472023</y>
      <steeringAngle>0.0</steeringAngle>
      <velocity>8.0</velocity>
      <orientation>0.9891028048524457</orientation>
      <time>60</time>
    </ksState>
    <ksState>
      <x>-142.74016844786308</x>
      <y>41.42090433296246</y>
      <steeringAngle>0.0</steeringAngle>
      <velocity>8.0</velocity>
      <orientation>0.9891028048524457</orientation>
      <time>61</time>
    </ksState>
    <ksState>
      <x>-142.3006166733865</x>
      <y>42.08933102120469</y>
      <steeringAngle>0.0</steeringAngle>
      <velocity>8.0</velocity>
      <orientation>0.9891028048524457</orientation>
      <time>62</time>
    </ksState>
    <ksState>
      <x>-141.8610648989099</x>
      <y>42.75775770944692</y>
      <steeringAngle>0.0</steeringAngle>
      <velocity>8.0</velocity>
      <orientation>0.9891028048524457</orientation>
      <time>63</time>
    </ksState>
    <ksState>
      <x>-141.4215131244333</x>
      <y>43.426184397689156</y>
      <steeringAngle>0.0</steeringAngle>
      <velocity>8.0</velocity>
      <orientation>0.9891028048524457</orientation>
      <time>64</time>
    </ksState>
    <ksState>
      <x>-140.9819613499567</x>
      <y>44.09461108593138</y>
      <steeringAngle>0.0</steeringAngle>
      <velocity>8.0</velocity>
      <orientation>0.9891028048524457</orientation>
      <time>65</time>
    </ksState>
    <ksState>
      <x>-140.57159411269078</x>
      <y>44.73433075037428</y>
      <steeringAngle>0.03553333333333333</steeringAngle>
      <velocity>7.199999999999999</velocity>
      <orientation>0.9942478178349381</orientation>
      <time>66</time>
    </ksState>
    <ksState>
      <x>-140.22119682030092</x>
      <y>45.31741600340204</y>
      <steeringAngle>0.07106666666666664</steeringAngle>
      <velocity>6.400000000000001</velocity>
      <orientation>1.0082244899559012</orientation>
      <time>67</time>
    </ksState>
    <ksState>
      <x>-139.93107178346966</x>
      <y>45.84339302085597</y>
      <steeringAngle>0.10659999999999997</steeringAngle>
      <velocity>5.600000000000004</velocity>
      <orientation>1.0288562578217826</orientation>
      <time>68</time>
    </ksState>
    <ksState>
      <x>-139.69904815149872</x>
      <y>46.3100889752494</y>
      <steeringAngle>0.1421333333333333</steeringAngle>
      <velocity>4.800000000000003</velocity>
      <orientation>1.0539724653304308</orientation>
      <time>69</time>
    </ksState>
    <ksState>
      <x>-139.52088967634043</x>
      <y>46.71425721174303</y>
      <steeringAngle>0.17766666666666653</steeringAngle>
      <velocity>4.000000000000006</velocity>
      <orientation>1.0813973619155806</orientation>
      <time>70</time>
    </ksState>
    <ksState>
      <x>-139.36907516635</x>
      <y>47.08604235360547</y>
      <steeringAngle>0.1421333333333333</steeringAngle>
      <velocity>4.0</velocity>
      <orientation>1.1064147682601038</orientation>
      <time>71</time>
    </ksState>
    <ksState>
      <x>-139.2183593633243</x>
      <y>47.45759471936461</y>
      <steeringAngle>0.10659999999999999</steeringAngle>
      <velocity>4.0</velocity>
      <orientation>1.1258066945508545</orientation>
      <time>72</time>
    </ksState>
    <ksState>
      <x>-139.06664747504468</x>
      <y>47.828235521124725</y>
      <steeringAngle>0.07106666666666664</steeringAngle>
      <velocity>4.0</velocity>
      <orientation>1.1396229342858073</orientation>
      <time>73</time>
    </ksState>
    <ksState>
      <x>-138.91186260988397</x>
      <y>48.19726626336883</y>
      <steeringAngle>0.03553333333333332</steeringAngle>
      <velocity>4.0</velocity>
      <orientation>1.1478986947480727</orientation>
      <time>74</time>
    </ksState>
    <ksState>
      <x>-138.75194953346244</x>
      <y>48.56393302502983</y>
      <steeringAngle>-2.2985086056692694e-17</steeringAngle>
      <velocity>4.0</velocity>
      <orientation>1.150654958042913</orientation>
      <time>75</time>
    </ksState>
    <ksState>
      <x>-138.58488017308784</x>
      <y>48.92739092034673</y>
      <steeringAngle>-0.035533333333333326</steeringAngle>
      <velocity>4.0</velocity>
      <orientation>1.1478986835103127</orientation>
      <time>76</time>
    </ksState>
    <ksState>
      <x>-138.4086619133898</x>
      <y>49.28666865635997</y>
      <steeringAngle>-0.07106666666666711</steeringAngle>
      <velocity>4.0</velocity>
      <orientation>1.1396229229670272</orientation>
      <time>77</time>
    </ksState>
    <ksState>
      <x>-138.22134956084344</x>
      <y>49.64063281368245</y>
      <steeringAngle>-0.10660000000000043</steeringAngle>
      <velocity>4.0</velocity>
      <orientation>1.1258066831478903</orientation>
      <time>78</time>
    </ksState>
    <ksState>
      <x>-138.02106225787796</x>
      <y>49.98795229165624</y>
      <steeringAngle>-0.14213333333333378</steeringAngle>
      <velocity>4.0</velocity>
      <orientation>1.1064147567623446</orientation>
      <time>79</time>
    </ksState>
    <ksState>
      <x>-137.80600640213993</x>
      <y>50.327062865641764</y>
      <steeringAngle>-0.1776666666666672</steeringAngle>
      <velocity>4.0</velocity>
      <orientation>1.0813973503109473</orientation>
      <time>80</time>
    </ksState>
    <ksState>
      <x>-137.57450590231934</x>
      <y>50.656132450149556</y>
      <steeringAngle>-0.21319999999999995</steeringAngle>
      <velocity>4.0</velocity>
      <orientation>1.0506895676734471</orientation>
      <time>81</time>
    </ksState>
    <ksState>
      <x>-137.3250411486801</x>
      <y>50.97302782540181</y>
      <steeringAngle>-0.24873333333333336</steeringAngle>
      <velocity>4.0</velocity>
      <orientation>1.014210726550753</orientation>
      <time>82</time>
    </ksState>
    <ksState>
      <x>-137.0562981669128</x>
      <y>51.27528401223496</y>
      <steeringAngle>-0.2842666666666667</steeringAngle>
      <velocity>4.0</velocity>
      <orientation>0.9718634927053048</orientation>
      <time>83</time>
    </ksState>
    <ksState>
      <x>-136.7672294991955</x>
      <y>51.560077935587366</y>
      <steeringAngle>-0.31980000000000003</steeringAngle>
      <velocity>4.0</velocity>
      <orientation>0.9235328113381698</orientation>
      <time>84</time>
    </ksState>
    <ksState>
      <x>-136.45712835542824</x>
      <y>51.82420864247377</y>
      <steeringAngle>-0.35533333333333333</steeringAngle>
      <velocity>4.0</velocity>
      <orientation>0.8690846101598914</orientation>
      <time>85</time>
    </ksState>
    <ksState>
      <x>-136.12571751798063</x>
      <y>52.06408710681161</y>
      <steeringAngle>-0.39086666666666653</steeringAngle>
      <velocity>4.0</velocity>
      <orientation>0.8083642438539042</orientation>
      <time>86</time>
    </ksState>
    <ksState>
      <x>-135.77325418168527</x>
      <y>52.275739370960096</y>
      <steeringAngle>-0.42639999999999995</steeringAngle>
      <velocity>4.0</velocity>
      <orientation>0.7411946303975006</orientation>
      <time>87</time>
    </ksState>
    <ksState>
      <x>-135.40065170855317</x>
      <y>52.45482830154086</y>
      <steeringAngle>-0.4619333333333333</steeringAngle>
      <velocity>4.0</velocity>
      <orientation>0.6673740467651565</orientation>
      <time>88</time>
    </ksState>
    <ksState>
      <x>-135.0096182736593</x>
      <y>52.59669994654036</y>
      <steeringAngle>-0.49746666666666667</steeringAngle>
      <velocity>4.0</velocity>
      <orientation>0.5866735049519363</orientation>
      <time>89</time>
    </ksState>
    <ksState>
      <x>-134.60281146706367</x>
      <y>52.69646235253728</y>
      <steeringAngle>-0.533</steeringAngle>
      <velocity>4.0</velocity>
      <orientation>0.4988336383521276</orientation>
      <time>90</time>
    </ksState>
    <ksState>
      <x>-134.18400612356467</x>
      <y>52.74910616691502</y>
      <steeringAngle>-0.5685333333333333</steeringAngle>
      <velocity>4.0</velocity>
      <orientation>0.40356099870289774</orientation>
      <time>91</time>
    </ksState>
    <ksState>
      <x>-133.75827017883023</x>
      <y>52.749678218265856</y>
      <steeringAngle>-0.6040666666666665</steeringAngle>
      <velocity>4.0</velocity>
      <orientation>0.300523645484435</orientation>
      <time>92</time>
    </ksState>
    <ksState>
      <x>-133.33213978023736</x>
      <y>52.69352070664244</y>
      <steeringAngle>-0.6396</steeringAngle>
      <velocity>4.0</velocity>
      <orientation>0.18934586270894443</orientation>
      <time>93</time>
    </ksState>
    <ksState>
      <x>-132.91377996676576</x>
      <y>52.57659042605728</y>
      <steeringAngle>-0.6751333333333333</steeringAngle>
      <velocity>4.0</velocity>
      <orientation>0.06960181382901398</orientation>
      <time>94</time>
    </ksState>
    <ksState>
      <x>-132.51311044132632</x>
      <y>52.39587295889847</y>
      <steeringAngle>-0.7106666666666664</steeringAngle>
      <velocity>4.0</velocity>
      <orientation>-0.05919212385529671</orientation>
      <time>95</time>
    </ksState>
    <ksState>
      <x>-132.1751144474223</x>
      <y>52.1896333040324</y>
      <steeringAngle>-0.6751333333333334</steeringAngle>
      <velocity>3.1999999999999984</velocity>
      <orientation>-0.1752618663985109</orientation>
      <time>96</time>
    </ksState>
    <ksState>
      <x>-131.92754851016613</x>
      <y>52.012540129616454</y>
      <steeringAngle>-0.6395999999999997</steeringAngle>
      <velocity>2.3999999999999986</velocity>
      <orientation>-0.2592293107191301</orientation>
      <time>97</time>
    </ksState>
    <ksState>
      <x>-131.7582266376703</x>
      <y>51.87981791136631</y>
      <steeringAngle>-0.6040666666666666</steeringAngle>
      <velocity>1.5999999999999988</velocity>
      <orientation>-0.3149572589965983</orientation>
      <time>98</time>
    </ksState>
    <ksState>
      <x>-131.6590635554962</x>
      <y>51.799083232297</y>
      <steeringAngle>-0.5685333333333333</steeringAngle>
      <velocity>0.7999999999999987</velocity>
      <orientation>-0.3460008607703443</orientation>
      <time>99</time>
    </ksState>
  </ksTrajectory>
</CommonRoadSolution>
