<?xml version="1.0" ?>
<CommonRoadSolution benchmark_id="KS2:SM1:DEU_Muehlhausen-5_1_T-1:2020a" computation_time="0.32445666100011294" date="2023-11-26T00:13:30">
  <ksTrajectory planningProblem="1">
    <ksState>
      <x>-269.42147</x>
      <y>100.42351</y>
      <steeringAngle>0.0</steeringAngle>
      <velocity>4.0</velocity>
      <orientation>2.946819</orientation>
      <time>0</time>
    </ksState>
    <ksState>
      <x>-269.7746629399918</x>
      <y>100.49318601021879</y>
      <steeringAngle>0.0</steeringAngle>
      <velocity>3.2</velocity>
      <orientation>2.946819</orientation>
      <time>1</time>
    </ksState>
    <ksState>
      <x>-270.04936855966145</x>
      <y>100.54737846254726</y>
      <steeringAngle>0.0</steeringAngle>
      <velocity>2.4000000000000004</velocity>
      <orientation>2.946819</orientation>
      <time>2</time>
    </ksState>
    <ksState>
      <x>-270.2455868591088</x>
      <y>100.58608735700514</y>
      <steeringAngle>0.0</steeringAngle>
      <velocity>1.6</velocity>
      <orientation>2.946819</orientation>
      <time>3</time>
    </ksState>
    <ksState>
      <x>-270.3633178383738</x>
      <y>100.60931269360027</y>
      <steeringAngle>0.0</steeringAngle>
      <velocity>0.7999999999999998</velocity>
      <orientation>2.946819</orientation>
      <time>4</time>
    </ksState>
    <ksState>
      <x>-270.40256149750826</x>
      <y>100.6170544723429</y>
      <steeringAngle>0.0</steeringAngle>
      <velocity>-3.3306690738754696e-16</velocity>
      <orientation>2.946819</orientation>
      <time>5</time>
    </ksState>
    <ksState>
      <x>-270.4418051583325</x>
      <y>100.62479625141889</y>
      <steeringAngle>0.0</steeringAngle>
      <velocity>0.8</velocity>
      <orientation>2.946819</orientation>
      <time>6</time>
    </ksState>
    <ksState>
      <x>-270.5595361396425</x>
      <y>100.64802158841745</y>
      <steeringAngle>0.0</steeringAngle>
      <velocity>1.6</velocity>
      <orientation>2.946819</orientation>
      <time>7</time>
    </ksState>
    <ksState>
      <x>-270.7557544412665</x>
      <y>100.68673048330471</y>
      <steeringAngle>0.0</steeringAngle>
      <velocity>2.4000000000000004</velocity>
      <orientation>2.946819</orientation>
      <time>8</time>
    </ksState>
    <ksState>
      <x>-271.03046006315253</x>
      <y>100.74092293607043</y>
      <steeringAngle>0.0</steeringAngle>
      <velocity>3.2000000000000006</velocity>
      <orientation>2.946819</orientation>
      <time>9</time>
    </ksState>
    <ksState>
      <x>-271.38365300527926</x>
      <y>100.81059894671039</y>
      <steeringAngle>0.0</steeringAngle>
      <velocity>4.000000000000001</velocity>
      <orientation>2.946819</orientation>
      <time>10</time>
    </ksState>
    <ksState>
      <x>-271.8153332675098</x>
      <y>100.89575851519757</y>
      <steeringAngle>0.0</steeringAngle>
      <velocity>4.8</velocity>
      <orientation>2.946819</orientation>
      <time>11</time>
    </ksState>
    <ksState>
      <x>-272.3255008500069</x>
      <y>100.99640164156412</y>
      <steeringAngle>0.0</steeringAngle>
      <velocity>5.6</velocity>
      <orientation>2.946819</orientation>
      <time>12</time>
    </ksState>
    <ksState>
      <x>-272.914155752755</x>
      <y>101.11252832580692</y>
      <steeringAngle>0.0</steeringAngle>
      <velocity>6.4</velocity>
      <orientation>2.946819</orientation>
      <time>13</time>
    </ksState>
    <ksState>
      <x>-273.58129797574475</x>
      <y>101.24413856792415</y>
      <steeringAngle>0.0</steeringAngle>
      <velocity>7.199999999999999</velocity>
      <orientation>2.946819</orientation>
      <time>14</time>
    </ksState>
    <ksState>
      <x>-274.32692751897054</x>
      <y>101.39123236791471</y>
      <steeringAngle>0.0</steeringAngle>
      <velocity>7.999999999999998</velocity>
      <orientation>2.946819</orientation>
      <time>15</time>
    </ksState>
    <ksState>
      <x>-275.11357949225595</x>
      <y>101.53692673327289</y>
      <steeringAngle>0.03553333333333333</steeringAngle>
      <velocity>8.0</velocity>
      <orientation>2.952331535002839</orientation>
      <time>16</time>
    </ksState>
    <ksState>
      <x>-275.9046094907843</x>
      <y>101.65848583604934</y>
      <steeringAngle>0.07106666666666667</steeringAngle>
      <velocity>8.0</velocity>
      <orientation>2.9688830558831083</orientation>
      <time>17</time>
    </ksState>
    <ksState>
      <x>-276.70060930357425</x>
      <y>101.74697685627865</y>
      <steeringAngle>0.10659999999999997</steeringAngle>
      <velocity>8.0</velocity>
      <orientation>2.9965155351738035</orientation>
      <time>18</time>
    </ksState>
    <ksState>
      <x>-277.50107163382233</x>
      <y>101.79325484032536</y>
      <steeringAngle>0.1421333333333333</steeringAngle>
      <velocity>8.0</velocity>
      <orientation>3.035299387446538</orientation>
      <time>19</time>
    </ksState>
    <ksState>
      <x>-278.3040646615506</x>
      <y>101.78800562560957</y>
      <steeringAngle>0.17766666666666667</steeringAngle>
      <velocity>8.0</velocity>
      <orientation>3.085334199695693</orientation>
      <time>20</time>
    </ksState>
    <ksState>
      <x>-279.0658815069736</x>
      <y>101.73540583001811</y>
      <steeringAngle>0.17766666666666667</steeringAngle>
      <velocity>7.2</velocity>
      <orientation>3.1382501271400702</orientation>
      <time>21</time>
    </ksState>
    <ksState>
      <x>-279.74430825337504</x>
      <y>101.65424391322132</y>
      <steeringAngle>0.17766666666666667</steeringAngle>
      <velocity>6.4</velocity>
      <orientation>3.1855959569328816</orientation>
      <time>22</time>
    </ksState>
    <ksState>
      <x>-280.33914807457813</x>
      <y>101.55603373284298</y>
      <steeringAngle>0.17766666666666667</steeringAngle>
      <velocity>5.599999999999999</velocity>
      <orientation>3.2273716890880664</orientation>
      <time>23</time>
    </ksState>
    <ksState>
      <x>-280.85097548871363</x>
      <y>101.45088531176906</y>
      <steeringAngle>0.17766666666666667</steeringAngle>
      <velocity>4.799999999999999</velocity>
      <orientation>3.2635773236095806</orientation>
      <time>24</time>
    </ksState>
    <ksState>
      <x>-281.2808521176369</x>
      <y>101.34749039699396</y>
      <steeringAngle>0.17766666666666667</steeringAngle>
      <velocity>4.0</velocity>
      <orientation>3.2942128604989107</orientation>
      <time>25</time>
    </ksState>
    <ksState>
      <x>-281.66951910411154</x>
      <y>101.24644678869505</y>
      <steeringAngle>0.1421333333333333</steeringAngle>
      <velocity>4.0</velocity>
      <orientation>3.319230266843434</orientation>
      <time>26</time>
    </ksState>
    <ksState>
      <x>-282.0573417420485</x>
      <y>101.14466262840224</y>
      <steeringAngle>0.10659999999999999</steeringAngle>
      <velocity>4.0</velocity>
      <orientation>3.3386221931341846</orientation>
      <time>27</time>
    </ksState>
    <ksState>
      <x>-282.4450307886471</x>
      <y>101.04422207821355</y>
      <steeringAngle>0.07106666666666664</steeringAngle>
      <velocity>4.0</velocity>
      <orientation>3.3524384328691377</orientation>
      <time>28</time>
    </ksState>
    <ksState>
      <x>-282.8332704983826</x>
      <y>100.9472067650482</y>
      <steeringAngle>0.03553333333333332</steeringAngle>
      <velocity>4.0</velocity>
      <orientation>3.360714193331403</orientation>
      <time>29</time>
    </ksState>
    <ksState>
      <x>-283.222687767398</x>
      <y>100.85571416037371</y>
      <steeringAngle>-2.2985086056692694e-17</steeringAngle>
      <velocity>4.0</velocity>
      <orientation>3.3634704566262434</orientation>
      <time>30</time>
    </ksState>
    <ksState>
      <x>-283.5738627036239</x>
      <y>100.77649191964035</y>
      <steeringAngle>0.0</steeringAngle>
      <velocity>3.2</velocity>
      <orientation>3.3634704566262434</orientation>
      <time>31</time>
    </ksState>
    <ksState>
      <x>-283.84699876481073</x>
      <y>100.71487462136487</y>
      <steeringAngle>0.0</steeringAngle>
      <velocity>2.4000000000000004</velocity>
      <orientation>3.3634704566262434</orientation>
      <time>32</time>
    </ksState>
    <ksState>
      <x>-284.042095951058</x>
      <y>100.67086226552483</y>
      <steeringAngle>0.0</steeringAngle>
      <velocity>1.6</velocity>
      <orientation>3.3634704566262434</orientation>
      <time>33</time>
    </ksState>
  </ksTrajectory>
</CommonRoadSolution>
