<?xml version="1.0" ?>
<CommonRoadSolution benchmark_id="KS2:SM1:DEU_Flensburg-26_1_T-1:2020a" computation_time="30.77176482499999" date="2023-11-26T00:13:30">
  <ksTrajectory planningProblem="123">
    <ksState>
      <x>449.1863</x>
      <y>-247.50402</y>
      <steeringAngle>0.0</steeringAngle>
      <velocity>8.0</velocity>
      <orientation>0.019117544</orientation>
      <time>0</time>
    </ksState>
    <ksState>
      <x>449.94611455410126</x>
      <y>-247.48088052677696</y>
      <steeringAngle>0.03553333333333333</steeringAngle>
      <velocity>7.199999999999999</velocity>
      <orientation>0.024262556982492325</orientation>
      <time>1</time>
    </ksState>
    <ksState>
      <x>450.6252963174726</x>
      <y>-247.44028821615782</y>
      <steeringAngle>0.07106666666666664</steeringAngle>
      <velocity>6.400000000000001</velocity>
      <orientation>0.03823922910345544</orientation>
      <time>2</time>
    </ksState>
    <ksState>
      <x>451.22328351035503</x>
      <y>-247.38226099114482</y>
      <steeringAngle>0.10659999999999997</steeringAngle>
      <velocity>5.600000000000004</velocity>
      <orientation>0.0588709969693368</orientation>
      <time>3</time>
    </ksState>
    <ksState>
      <x>451.7395109796173</x>
      <y>-247.30981784314815</y>
      <steeringAngle>0.1421333333333333</steeringAngle>
      <velocity>4.800000000000003</velocity>
      <orientation>0.08398720447798506</orientation>
      <time>4</time>
    </ksState>
    <ksState>
      <x>452.17369540056933</x>
      <y>-247.22828893019758</y>
      <steeringAngle>0.17766666666666653</steeringAngle>
      <velocity>4.000000000000006</velocity>
      <orientation>0.11141210106313487</orientation>
      <time>5</time>
    </ksState>
    <ksState>
      <x>452.56559164617556</x>
      <y>-247.1389755004163</y>
      <steeringAngle>0.17766666666666667</steeringAngle>
      <velocity>4.0</velocity>
      <orientation>0.13926258921839077</orientation>
      <time>6</time>
    </ksState>
    <ksState>
      <x>452.9548488492842</x>
      <y>-247.03878361360975</y>
      <steeringAngle>0.17766666666666667</steeringAngle>
      <velocity>4.0</velocity>
      <orientation>0.16711307737364667</orientation>
      <time>7</time>
    </ksState>
    <ksState>
      <x>453.34116506787075</x>
      <y>-246.9277909796423</y>
      <steeringAngle>0.17766666666666667</steeringAngle>
      <velocity>4.0</velocity>
      <orientation>0.19496356552890254</orientation>
      <time>8</time>
    </ksState>
    <ksState>
      <x>453.724240675023</x>
      <y>-246.80608368466375</y>
      <steeringAngle>0.17766666666666667</steeringAngle>
      <velocity>4.0</velocity>
      <orientation>0.2228140536841584</orientation>
      <time>9</time>
    </ksState>
    <ksState>
      <x>454.1037785571182</x>
      <y>-246.67375612379163</y>
      <steeringAngle>0.17766666666666667</steeringAngle>
      <velocity>4.0</velocity>
      <orientation>0.2506645418394142</orientation>
      <time>10</time>
    </ksState>
    <ksState>
      <x>454.51822276163887</x>
      <y>-246.52090344471958</y>
      <steeringAngle>0.14213333333333333</steeringAngle>
      <velocity>4.8000000000000025</velocity>
      <orientation>0.27808944155776666</orientation>
      <time>11</time>
    </ksState>
    <ksState>
      <x>455.0060698460325</x>
      <y>-246.33735421804946</y>
      <steeringAngle>0.10660000000000003</steeringAngle>
      <velocity>5.600000000000005</velocity>
      <orientation>0.3032056538366845</orientation>
      <time>12</time>
    </ksState>
    <ksState>
      <x>455.56763057398166</x>
      <y>-246.12399352517374</y>
      <steeringAngle>0.07106666666666671</steeringAngle>
      <velocity>6.400000000000004</velocity>
      <orientation>0.323837423436144</orientation>
      <time>13</time>
    </ksState>
    <ksState>
      <x>456.2041198819605</x>
      <y>-245.88380534778415</y>
      <steeringAngle>0.035533333333333375</steeringAngle>
      <velocity>7.200000000000006</velocity>
      <orientation>0.3378140915289363</orientation>
      <time>14</time>
    </ksState>
    <ksState>
      <x>456.91784915422096</x>
      <y>-245.62255362560396</y>
      <steeringAngle>2.6346112791397758e-17</steeringAngle>
      <velocity>8.000000000000007</velocity>
      <orientation>0.34295910430850474</orientation>
      <time>15</time>
    </ksState>
    <ksState>
      <x>457.6743690468165</x>
      <y>-245.36231176256453</y>
      <steeringAngle>-0.03553333333333333</steeringAngle>
      <velocity>8.0</velocity>
      <orientation>0.33744656930566597</orientation>
      <time>16</time>
    </ksState>
    <ksState>
      <x>458.4387824039773</x>
      <y>-245.12529426651483</y>
      <steeringAngle>-0.07106666666666667</steeringAngle>
      <velocity>8.0</velocity>
      <orientation>0.3208950484253963</orientation>
      <time>17</time>
    </ksState>
    <ksState>
      <x>459.2129934037897</x>
      <y>-244.9202486852594</y>
      <steeringAngle>-0.10659999999999997</steeringAngle>
      <velocity>8.0</velocity>
      <orientation>0.2932625691347014</orientation>
      <time>18</time>
    </ksState>
    <ksState>
      <x>459.99785050402755</x>
      <y>-244.75629464853014</y>
      <steeringAngle>-0.1421333333333333</steeringAngle>
      <velocity>8.0</velocity>
      <orientation>0.2544787168619665</orientation>
      <time>19</time>
    </ksState>
    <ksState>
      <x>460.79281823382837</x>
      <y>-244.64292946246866</y>
      <steeringAngle>-0.17766666666666667</steeringAngle>
      <velocity>8.0</velocity>
      <orientation>0.2044439046128118</orientation>
      <time>20</time>
    </ksState>
    <ksState>
      <x>461.59419472961736</x>
      <y>-244.580410227469</y>
      <steeringAngle>-0.17766666666666667</steeringAngle>
      <velocity>8.0</velocity>
      <orientation>0.14874292830230001</orientation>
      <time>21</time>
    </ksState>
    <ksState>
      <x>462.39780899058735</x>
      <y>-244.5626023212072</y>
      <steeringAngle>-0.17766666666666667</steeringAngle>
      <velocity>8.0</velocity>
      <orientation>0.09304195199178827</orientation>
      <time>22</time>
    </ksState>
    <ksState>
      <x>463.2011683345583</x>
      <y>-244.5895609868011</y>
      <steeringAngle>-0.17766666666666667</steeringAngle>
      <velocity>8.0</velocity>
      <orientation>0.03734097568127659</orientation>
      <time>23</time>
    </ksState>
    <ksState>
      <x>464.00178090431285</x>
      <y>-244.66120260394442</y>
      <steeringAngle>-0.17766666666666667</steeringAngle>
      <velocity>8.0</velocity>
      <orientation>-0.018360000629235235</orientation>
      <time>24</time>
    </ksState>
    <ksState>
      <x>464.7971633631524</x>
      <y>-244.77730495544373</y>
      <steeringAngle>-0.17766666666666667</steeringAngle>
      <velocity>8.0</velocity>
      <orientation>-0.07406097693974706</orientation>
      <time>25</time>
    </ksState>
    <ksState>
      <x>465.58484854901076</x>
      <y>-244.93750792272982</y>
      <steeringAngle>-0.17766666666666667</steeringAngle>
      <velocity>8.0</velocity>
      <orientation>-0.12976195325025885</orientation>
      <time>26</time>
    </ksState>
    <ksState>
      <x>466.36239330434444</x>
      <y>-245.14131458457592</y>
      <steeringAngle>-0.17766666666666667</steeringAngle>
      <velocity>8.0</velocity>
      <orientation>-0.1854629295607706</orientation>
      <time>27</time>
    </ksState>
    <ksState>
      <x>467.1273858087765</x>
      <y>-245.38809277112966</y>
      <steeringAngle>-0.17766666666666667</steeringAngle>
      <velocity>8.0</velocity>
      <orientation>-0.24116390587128228</orientation>
      <time>28</time>
    </ksState>
    <ksState>
      <x>467.8774532112222</x>
      <y>-245.67707702665996</y>
      <steeringAngle>-0.17766666666666667</steeringAngle>
      <velocity>8.0</velocity>
      <orientation>-0.2968648821817941</orientation>
      <time>29</time>
    </ksState>
    <ksState>
      <x>468.6102689556398</x>
      <y>-246.00737098147434</y>
      <steeringAngle>-0.17766666666666667</steeringAngle>
      <velocity>8.0</velocity>
      <orientation>-0.35256585849230593</orientation>
      <time>30</time>
    </ksState>
    <ksState>
      <x>469.3235599490045</x>
      <y>-246.37795012488755</y>
      <steeringAngle>-0.17766666666666667</steeringAngle>
      <velocity>8.0</velocity>
      <orientation>-0.4082668348028177</orientation>
      <time>31</time>
    </ksState>
    <ksState>
      <x>470.01511378743504</x>
      <y>-246.78766501418454</y>
      <steeringAngle>-0.17766666666666667</steeringAngle>
      <velocity>8.0</velocity>
      <orientation>-0.46396781111332946</orientation>
      <time>32</time>
    </ksState>
    <ksState>
      <x>470.68278537906167</x>
      <y>-247.23524478465106</y>
      <steeringAngle>-0.17766666666666667</steeringAngle>
      <velocity>8.0</velocity>
      <orientation>-0.5196687874238411</orientation>
      <time>33</time>
    </ksState>
    <ksState>
      <x>471.3245037424708</x>
      <y>-247.7193011349032</y>
      <steeringAngle>-0.17766666666666667</steeringAngle>
      <velocity>8.0</velocity>
      <orientation>-0.575369763734353</orientation>
      <time>34</time>
    </ksState>
    <ksState>
      <x>471.93827839809416</x>
      <y>-248.23833262139294</y>
      <steeringAngle>-0.17766666666666667</steeringAngle>
      <velocity>8.0</velocity>
      <orientation>-0.6310707400448647</orientation>
      <time>35</time>
    </ksState>
    <ksState>
      <x>472.4881027057096</x>
      <y>-248.76925795616546</y>
      <steeringAngle>-0.21320000000000014</steeringAngle>
      <velocity>7.200000000000003</velocity>
      <orientation>-0.6893200671163576</orientation>
      <time>36</time>
    </ksState>
    <ksState>
      <x>472.9413984364011</x>
      <y>-249.28348958299165</y>
      <steeringAngle>-0.24873333333333347</steeringAngle>
      <velocity>6.400000000000004</velocity>
      <orientation>-0.7512371546021369</orientation>
      <time>37</time>
    </ksState>
    <ksState>
      <x>473.303305926782</x>
      <y>-249.77027634814152</y>
      <steeringAngle>-0.2842666666666668</steeringAngle>
      <velocity>5.600000000000001</velocity>
      <orientation>-0.814659297366058</orientation>
      <time>38</time>
    </ksState>
    <ksState>
      <x>473.58144297176113</x>
      <y>-250.21844222195062</y>
      <steeringAngle>-0.3198</steeringAngle>
      <velocity>4.800000000000002</velocity>
      <orientation>-0.8773883971080108</orientation>
      <time>39</time>
    </ksState>
    <ksState>
      <x>473.7855834832554</x>
      <y>-250.61726593286323</y>
      <steeringAngle>-0.3553333333333332</steeringAngle>
      <velocity>4.000000000000001</velocity>
      <orientation>-0.9371782311562254</orientation>
      <time>40</time>
    </ksState>
    <ksState>
      <x>473.9456538613266</x>
      <y>-250.99281474759175</y>
      <steeringAngle>-0.35533333333333333</steeringAngle>
      <velocity>4.0</velocity>
      <orientation>-0.9947349379129395</orientation>
      <time>41</time>
    </ksState>
    <ksState>
      <x>474.0838557743608</x>
      <y>-251.37694974320996</y>
      <steeringAngle>-0.35533333333333333</steeringAngle>
      <velocity>4.0</velocity>
      <orientation>-1.0522916446696535</orientation>
      <time>42</time>
    </ksState>
    <ksState>
      <x>474.1997314963867</x>
      <y>-251.76839869463976</y>
      <steeringAngle>-0.35533333333333333</steeringAngle>
      <velocity>4.0</velocity>
      <orientation>-1.1098483514263675</orientation>
      <time>43</time>
    </ksState>
    <ksState>
      <x>474.2928972629717</x>
      <y>-252.1658651779783</y>
      <steeringAngle>-0.35533333333333333</steeringAngle>
      <velocity>4.0</velocity>
      <orientation>-1.1674050581830815</orientation>
      <time>44</time>
    </ksState>
    <ksState>
      <x>474.36304452231997</x>
      <y>-252.56803284003973</y>
      <steeringAngle>-0.35533333333333333</steeringAngle>
      <velocity>4.0</velocity>
      <orientation>-1.2249617649397955</orientation>
      <time>45</time>
    </ksState>
    <ksState>
      <x>474.41865782939857</x>
      <y>-253.0126963680973</y>
      <steeringAngle>-0.31979999999999975</steeringAngle>
      <velocity>4.800000000000001</velocity>
      <orientation>-1.284751599971544</orientation>
      <time>46</time>
    </ksState>
    <ksState>
      <x>474.46296094744685</x>
      <y>-253.53840685973967</y>
      <steeringAngle>-0.28426666666666645</steeringAngle>
      <velocity>5.600000000000004</velocity>
      <orientation>-1.3474807001028677</orientation>
      <time>47</time>
    </ksState>
    <ksState>
      <x>474.48820111770016</x>
      <y>-254.14459282767967</y>
      <steeringAngle>-0.2487333333333331</steeringAngle>
      <velocity>6.400000000000004</velocity>
      <orientation>-1.4109028367955434</orientation>
      <time>48</time>
    </ksState>
    <ksState>
      <x>474.4877196557983</x>
      <y>-254.83023718389825</y>
      <steeringAngle>-0.21319999999999992</steeringAngle>
      <velocity>7.200000000000004</velocity>
      <orientation>-1.4728199254733425</orientation>
      <time>49</time>
    </ksState>
    <ksState>
      <x>474.45664686627</x>
      <y>-255.59407698418403</y>
      <steeringAngle>-0.17766666666666656</steeringAngle>
      <velocity>8.000000000000004</velocity>
      <orientation>-1.5310692550743077</orientation>
      <time>50</time>
    </ksState>
    <ksState>
      <x>474.38691578189713</x>
      <y>-256.39485817690786</y>
      <steeringAngle>-0.17766666666666667</steeringAngle>
      <velocity>8.0</velocity>
      <orientation>-1.5867702313848195</orientation>
      <time>51</time>
    </ksState>
    <ksState>
      <x>474.27271161129426</x>
      <y>-257.19051539542386</y>
      <steeringAngle>-0.17766666666666667</steeringAngle>
      <velocity>8.0</velocity>
      <orientation>-1.6424712076953312</orientation>
      <time>52</time>
    </ksState>
    <ksState>
      <x>474.1143885916517</x>
      <y>-257.97858063805757</y>
      <steeringAngle>-0.17766666666666667</steeringAngle>
      <velocity>8.0</velocity>
      <orientation>-1.698172184005843</orientation>
      <time>53</time>
    </ksState>
    <ksState>
      <x>473.91243780877164</x>
      <y>-258.75660948678365</y>
      <steeringAngle>-0.17766666666666667</steeringAngle>
      <velocity>8.0</velocity>
      <orientation>-1.7538731603163547</orientation>
      <time>54</time>
    </ksState>
    <ksState>
      <x>473.6674856722759</x>
      <y>-259.5221886549169</y>
      <steeringAngle>-0.17766666666666667</steeringAngle>
      <velocity>8.0</velocity>
      <orientation>-1.8095741366268665</orientation>
      <time>55</time>
    </ksState>
    <ksState>
      <x>473.3894668397457</x>
      <y>-260.2756775787364</y>
      <steeringAngle>-0.14213333333333336</steeringAngle>
      <velocity>8.0</velocity>
      <orientation>-1.8596089481756148</orientation>
      <time>56</time>
    </ksState>
    <ksState>
      <x>473.09351725195137</x>
      <y>-261.02096956917484</y>
      <steeringAngle>-0.1066000000000001</steeringAngle>
      <velocity>8.0</velocity>
      <orientation>-1.8983928001826123</orientation>
      <time>57</time>
    </ksState>
    <ksState>
      <x>472.78793011978155</x>
      <y>-261.76136091092525</y>
      <steeringAngle>-0.07106666666666674</steeringAngle>
      <velocity>8.0</velocity>
      <orientation>-1.9260252792122992</orientation>
      <time>58</time>
    </ksState>
    <ksState>
      <x>472.48079385082366</x>
      <y>-262.5004426393007</y>
      <steeringAngle>-0.035533333333333354</steeringAngle>
      <velocity>8.0</velocity>
      <orientation>-1.9425767998413286</orientation>
      <time>59</time>
    </ksState>
    <ksState>
      <x>472.1801380128489</x>
      <y>-263.24184494061</y>
      <steeringAngle>-2.0816681711721685e-17</steeringAngle>
      <velocity>8.0</velocity>
      <orientation>-1.9480893262997334</orientation>
      <time>60</time>
    </ksState>
    <ksState>
      <x>471.89408035156765</x>
      <y>-263.988985616516</y>
      <steeringAngle>0.03553333333333333</steeringAngle>
      <velocity>8.0</velocity>
      <orientation>-1.9425767912968945</orientation>
      <time>61</time>
    </ksState>
    <ksState>
      <x>471.63096240984646</x>
      <y>-264.7448123313019</y>
      <steeringAngle>0.07106666666666667</steeringAngle>
      <velocity>8.0</velocity>
      <orientation>-1.926025270416625</orientation>
      <time>62</time>
    </ksState>
    <ksState>
      <x>471.39946121511326</x>
      <y>-265.51152841921186</y>
      <steeringAngle>0.10659999999999997</steeringAngle>
      <velocity>8.0</velocity>
      <orientation>-1.8983927911259302</orientation>
      <time>63</time>
    </ksState>
    <ksState>
      <x>471.20866189730634</x>
      <y>-266.29029488887915</y>
      <steeringAngle>0.1421333333333333</steeringAngle>
      <velocity>8.0</velocity>
      <orientation>-1.8596089388531951</orientation>
      <time>64</time>
    </ksState>
    <ksState>
      <x>471.0680745465159</x>
      <y>-267.08090260047385</y>
      <steeringAngle>0.17766666666666667</steeringAngle>
      <velocity>8.0</velocity>
      <orientation>-1.8095741266040406</orientation>
      <time>65</time>
    </ksState>
    <ksState>
      <x>470.9686781510629</x>
      <y>-267.8778721018547</y>
      <steeringAngle>0.14213333333333336</steeringAngle>
      <velocity>8.0</velocity>
      <orientation>-1.7595393150552923</orientation>
      <time>66</time>
    </ksState>
    <ksState>
      <x>470.8889738261985</x>
      <y>-268.67580288213907</y>
      <steeringAngle>0.1066000000000001</steeringAngle>
      <velocity>8.0</velocity>
      <orientation>-1.7207554630482949</orientation>
      <time>67</time>
    </ksState>
    <ksState>
      <x>470.82008119263185</x>
      <y>-269.47381080147755</y>
      <steeringAngle>0.07106666666666674</steeringAngle>
      <velocity>8.0</velocity>
      <orientation>-1.693122984018608</orientation>
      <time>68</time>
    </ksState>
    <ksState>
      <x>470.753166290968</x>
      <y>-270.2713676238188</y>
      <steeringAngle>0.035533333333333354</steeringAngle>
      <velocity>8.0</velocity>
      <orientation>-1.6765714633895785</orientation>
      <time>69</time>
    </ksState>
    <ksState>
      <x>470.67942942451566</x>
      <y>-271.0680069272811</y>
      <steeringAngle>2.0816681711721685e-17</steeringAngle>
      <velocity>8.0</velocity>
      <orientation>-1.6710589369311737</orientation>
      <time>70</time>
    </ksState>
    <ksState>
      <x>470.599353655411</x>
      <y>-271.8639892582422</y>
      <steeringAngle>0.0</steeringAngle>
      <velocity>8.0</velocity>
      <orientation>-1.6710589369311737</orientation>
      <time>71</time>
    </ksState>
    <ksState>
      <x>470.5192778863064</x>
      <y>-272.65997158920334</y>
      <steeringAngle>0.0</steeringAngle>
      <velocity>8.0</velocity>
      <orientation>-1.6710589369311737</orientation>
      <time>72</time>
    </ksState>
    <ksState>
      <x>470.4392021172017</x>
      <y>-273.45595392016446</y>
      <steeringAngle>0.0</steeringAngle>
      <velocity>8.0</velocity>
      <orientation>-1.6710589369311737</orientation>
      <time>73</time>
    </ksState>
    <ksState>
      <x>470.3591263480971</x>
      <y>-274.2519362511256</y>
      <steeringAngle>0.0</steeringAngle>
      <velocity>8.0</velocity>
      <orientation>-1.6710589369311737</orientation>
      <time>74</time>
    </ksState>
    <ksState>
      <x>470.27905057899244</x>
      <y>-275.0479185820867</y>
      <steeringAngle>0.0</steeringAngle>
      <velocity>8.0</velocity>
      <orientation>-1.6710589369311737</orientation>
      <time>75</time>
    </ksState>
    <ksState>
      <x>470.1989748098878</x>
      <y>-275.84390091304783</y>
      <steeringAngle>0.0</steeringAngle>
      <velocity>8.0</velocity>
      <orientation>-1.6710589369311737</orientation>
      <time>76</time>
    </ksState>
    <ksState>
      <x>470.11889904078316</x>
      <y>-276.63988324400896</y>
      <steeringAngle>0.0</steeringAngle>
      <velocity>8.0</velocity>
      <orientation>-1.6710589369311737</orientation>
      <time>77</time>
    </ksState>
    <ksState>
      <x>470.0388232716785</x>
      <y>-277.4358655749701</y>
      <steeringAngle>0.0</steeringAngle>
      <velocity>8.0</velocity>
      <orientation>-1.6710589369311737</orientation>
      <time>78</time>
    </ksState>
    <ksState>
      <x>469.9587475025739</x>
      <y>-278.2318479059312</y>
      <steeringAngle>0.0</steeringAngle>
      <velocity>8.0</velocity>
      <orientation>-1.6710589369311737</orientation>
      <time>79</time>
    </ksState>
    <ksState>
      <x>469.8786717334692</x>
      <y>-279.0278302368923</y>
      <steeringAngle>0.0</steeringAngle>
      <velocity>8.0</velocity>
      <orientation>-1.6710589369311737</orientation>
      <time>80</time>
    </ksState>
    <ksState>
      <x>469.79859596436455</x>
      <y>-279.82381256785345</y>
      <steeringAngle>0.0</steeringAngle>
      <velocity>8.0</velocity>
      <orientation>-1.6710589369311737</orientation>
      <time>81</time>
    </ksState>
    <ksState>
      <x>469.71852019525994</x>
      <y>-280.6197948988146</y>
      <steeringAngle>0.0</steeringAngle>
      <velocity>8.0</velocity>
      <orientation>-1.6710589369311737</orientation>
      <time>82</time>
    </ksState>
    <ksState>
      <x>469.6384444261553</x>
      <y>-281.4157772297757</y>
      <steeringAngle>0.0</steeringAngle>
      <velocity>8.0</velocity>
      <orientation>-1.6710589369311737</orientation>
      <time>83</time>
    </ksState>
    <ksState>
      <x>469.55836865705066</x>
      <y>-282.2117595607368</y>
      <steeringAngle>0.0</steeringAngle>
      <velocity>8.0</velocity>
      <orientation>-1.6710589369311737</orientation>
      <time>84</time>
    </ksState>
    <ksState>
      <x>469.478292887946</x>
      <y>-283.00774189169795</y>
      <steeringAngle>0.0</steeringAngle>
      <velocity>8.0</velocity>
      <orientation>-1.6710589369311737</orientation>
      <time>85</time>
    </ksState>
    <ksState>
      <x>469.38895366136086</x>
      <y>-283.80276810369617</y>
      <steeringAngle>-0.03553333333333333</steeringAngle>
      <velocity>8.0</velocity>
      <orientation>-1.6765714719340126</orientation>
      <time>86</time>
    </ksState>
    <ksState>
      <x>469.2752490000054</x>
      <y>-284.59496525341683</y>
      <steeringAngle>-0.07106666666666667</steeringAngle>
      <velocity>8.0</velocity>
      <orientation>-1.6931229928142821</orientation>
      <time>87</time>
    </ksState>
    <ksState>
      <x>469.12845997960284</x>
      <y>-285.38230212294104</y>
      <steeringAngle>-0.10659999999999997</steeringAngle>
      <velocity>8.0</velocity>
      <orientation>-1.720755472104977</orientation>
      <time>88</time>
    </ksState>
    <ksState>
      <x>468.93998429434566</x>
      <y>-286.16163421519724</y>
      <steeringAngle>-0.1421333333333333</steeringAngle>
      <velocity>8.0</velocity>
      <orientation>-1.759539324377712</orientation>
      <time>89</time>
    </ksState>
    <ksState>
      <x>468.70147195581063</x>
      <y>-286.92840485965485</y>
      <steeringAngle>-0.17766666666666667</steeringAngle>
      <velocity>8.0</velocity>
      <orientation>-1.8095741366268667</orientation>
      <time>90</time>
    </ksState>
    <ksState>
      <x>468.43811877416914</x>
      <y>-287.6445183238751</y>
      <steeringAngle>-0.1421333333333334</steeringAngle>
      <velocity>7.2</velocity>
      <orientation>-1.8572014583725036</orientation>
      <time>91</time>
    </ksState>
    <ksState>
      <x>468.18986359603787</x>
      <y>-288.2793331501688</y>
      <steeringAngle>-0.10660000000000011</steeringAngle>
      <velocity>6.4</velocity>
      <orientation>-1.8902610288204715</orientation>
      <time>92</time>
    </ksState>
    <ksState>
      <x>467.9671001913577</x>
      <y>-288.83724458774674</y>
      <steeringAngle>-0.07106666666666674</steeringAngle>
      <velocity>5.600000000000001</velocity>
      <orientation>-1.91107797711436</orientation>
      <time>93</time>
    </ksState>
    <ksState>
      <x>467.77607635098775</x>
      <y>-289.32114036253176</y>
      <steeringAngle>-0.03553333333333339</steeringAngle>
      <velocity>4.800000000000001</velocity>
      <orientation>-1.921928586772023</orientation>
      <time>94</time>
    </ksState>
    <ksState>
      <x>467.6197093538131</x>
      <y>-289.732444285154</y>
      <steeringAngle>-5.5294310796760726e-17</steeringAngle>
      <velocity>4.0</velocity>
      <orientation>-1.9250523626091884</orientation>
      <time>95</time>
    </ksState>
    <ksState>
      <x>467.4948279844372</x>
      <y>-290.0700900208636</y>
      <steeringAngle>0.0</steeringAngle>
      <velocity>3.2</velocity>
      <orientation>-1.9250523626091884</orientation>
      <time>96</time>
    </ksState>
    <ksState>
      <x>467.39769803059284</x>
      <y>-290.3327033705502</y>
      <steeringAngle>0.0</steeringAngle>
      <velocity>2.4000000000000004</velocity>
      <orientation>-1.9250523626091884</orientation>
      <time>97</time>
    </ksState>
    <ksState>
      <x>467.3283194922445</x>
      <y>-290.5202843343094</y>
      <steeringAngle>0.0</steeringAngle>
      <velocity>1.6</velocity>
      <orientation>-1.9250523626091884</orientation>
      <time>98</time>
    </ksState>
    <ksState>
      <x>467.2866923693781</x>
      <y>-290.63283291217914</y>
      <steeringAngle>0.0</steeringAngle>
      <velocity>0.7999999999999998</velocity>
      <orientation>-1.9250523626091884</orientation>
      <time>99</time>
    </ksState>
  </ksTrajectory>
</CommonRoadSolution>
