<?xml version="1.0" ?>
<CommonRoadSolution benchmark_id="KS2:SM1:DEU_Flensburg-93_1_T-1:2020a" computation_time="0.6700476159999198" date="2023-11-26T00:13:30">
  <ksTrajectory planningProblem="123">
    <ksState>
      <x>138.82356</x>
      <y>160.06064</y>
      <steeringAngle>0.0</steeringAngle>
      <velocity>12.0</velocity>
      <orientation>-2.7408675</orientation>
      <time>0</time>
    </ksState>
    <ksState>
      <x>137.71862596350013</x>
      <y>159.59253661934125</y>
      <steeringAngle>0.0</steeringAngle>
      <velocity>12.0</velocity>
      <orientation>-2.7408675</orientation>
      <time>1</time>
    </ksState>
    <ksState>
      <x>136.6136919270003</x>
      <y>159.12443323868249</y>
      <steeringAngle>0.0</steeringAngle>
      <velocity>12.0</velocity>
      <orientation>-2.7408675</orientation>
      <time>2</time>
    </ksState>
    <ksState>
      <x>135.50875789050045</x>
      <y>158.65632985802375</y>
      <steeringAngle>0.0</steeringAngle>
      <velocity>12.0</velocity>
      <orientation>-2.7408675</orientation>
      <time>3</time>
    </ksState>
    <ksState>
      <x>134.4038238540006</x>
      <y>158.188226477365</y>
      <steeringAngle>0.0</steeringAngle>
      <velocity>12.0</velocity>
      <orientation>-2.7408675</orientation>
      <time>4</time>
    </ksState>
    <ksState>
      <x>133.29888981750076</x>
      <y>157.72012309670623</y>
      <steeringAngle>0.0</steeringAngle>
      <velocity>12.0</velocity>
      <orientation>-2.7408675</orientation>
      <time>5</time>
    </ksState>
    <ksState>
      <x>132.1939557810009</x>
      <y>157.25201971604747</y>
      <steeringAngle>0.0</steeringAngle>
      <velocity>12.0</velocity>
      <orientation>-2.7408675</orientation>
      <time>6</time>
    </ksState>
    <ksState>
      <x>131.08902174450108</x>
      <y>156.7839163353887</y>
      <steeringAngle>0.0</steeringAngle>
      <velocity>12.0</velocity>
      <orientation>-2.7408675</orientation>
      <time>7</time>
    </ksState>
    <ksState>
      <x>129.98408770800123</x>
      <y>156.31581295472998</y>
      <steeringAngle>0.0</steeringAngle>
      <velocity>12.0</velocity>
      <orientation>-2.7408675</orientation>
      <time>8</time>
    </ksState>
    <ksState>
      <x>128.87915367150137</x>
      <y>155.84770957407122</y>
      <steeringAngle>0.0</steeringAngle>
      <velocity>12.0</velocity>
      <orientation>-2.7408675</orientation>
      <time>9</time>
    </ksState>
    <ksState>
      <x>127.77421963500154</x>
      <y>155.37960619341246</y>
      <steeringAngle>0.0</steeringAngle>
      <velocity>12.0</velocity>
      <orientation>-2.7408675</orientation>
      <time>10</time>
    </ksState>
    <ksState>
      <x>126.6692855985017</x>
      <y>154.9115028127537</y>
      <steeringAngle>0.0</steeringAngle>
      <velocity>12.0</velocity>
      <orientation>-2.7408675</orientation>
      <time>11</time>
    </ksState>
    <ksState>
      <x>125.56435156200185</x>
      <y>154.44339943209494</y>
      <steeringAngle>0.0</steeringAngle>
      <velocity>12.0</velocity>
      <orientation>-2.7408675</orientation>
      <time>12</time>
    </ksState>
    <ksState>
      <x>124.459417525502</x>
      <y>153.9752960514362</y>
      <steeringAngle>0.0</steeringAngle>
      <velocity>12.0</velocity>
      <orientation>-2.7408675</orientation>
      <time>13</time>
    </ksState>
    <ksState>
      <x>123.35448348900216</x>
      <y>153.50719267077744</y>
      <steeringAngle>0.0</steeringAngle>
      <velocity>12.0</velocity>
      <orientation>-2.7408675</orientation>
      <time>14</time>
    </ksState>
    <ksState>
      <x>122.24954945250231</x>
      <y>153.03908929011868</y>
      <steeringAngle>0.0</steeringAngle>
      <velocity>12.0</velocity>
      <orientation>-2.7408675</orientation>
      <time>15</time>
    </ksState>
    <ksState>
      <x>121.18144655100231</x>
      <y>152.58658935567246</y>
      <steeringAngle>0.0</steeringAngle>
      <velocity>11.200000000000001</velocity>
      <orientation>-2.7408675</orientation>
      <time>16</time>
    </ksState>
    <ksState>
      <x>120.18700591901752</x>
      <y>152.16529631344608</y>
      <steeringAngle>0.0</steeringAngle>
      <velocity>10.4</velocity>
      <orientation>-2.7408675</orientation>
      <time>17</time>
    </ksState>
    <ksState>
      <x>119.26622755626278</x>
      <y>151.7752101633187</y>
      <steeringAngle>0.0</steeringAngle>
      <velocity>9.599999999999998</velocity>
      <orientation>-2.7408675</orientation>
      <time>18</time>
    </ksState>
    <ksState>
      <x>118.41911146265703</x>
      <y>151.416330905256</y>
      <steeringAngle>0.0</steeringAngle>
      <velocity>8.799999999999999</velocity>
      <orientation>-2.7408675</orientation>
      <time>19</time>
    </ksState>
    <ksState>
      <x>117.64565763817376</x>
      <y>151.08865853924675</y>
      <steeringAngle>0.0</steeringAngle>
      <velocity>7.999999999999997</velocity>
      <orientation>-2.7408675</orientation>
      <time>20</time>
    </ksState>
    <ksState>
      <x>116.90542440141603</x>
      <y>150.7851738932263</y>
      <steeringAngle>-0.03553333333333333</steeringAngle>
      <velocity>8.0</velocity>
      <orientation>-2.7463800350028387</orientation>
      <time>21</time>
    </ksState>
    <ksState>
      <x>116.1559700324179</x>
      <y>150.5044191553693</y>
      <steeringAngle>-0.07106666666666667</steeringAngle>
      <velocity>8.0</velocity>
      <orientation>-2.762931555883108</orientation>
      <time>22</time>
    </ksState>
    <ksState>
      <x>115.39488849895707</x>
      <y>150.25501734694004</y>
      <steeringAngle>-0.10659999999999997</steeringAngle>
      <velocity>8.0</velocity>
      <orientation>-2.7905640351738032</orientation>
      <time>23</time>
    </ksState>
    <ksState>
      <x>114.62080624643701</x>
      <y>150.04602390137984</y>
      <steeringAngle>-0.1421333333333333</steeringAngle>
      <velocity>8.0</velocity>
      <orientation>-2.829347887446538</orientation>
      <time>24</time>
    </ksState>
    <ksState>
      <x>113.83370953577001</x>
      <y>149.88695119821384</y>
      <steeringAngle>-0.17766666666666667</steeringAngle>
      <velocity>8.0</velocity>
      <orientation>-2.8793826996956926</orientation>
      <time>25</time>
    </ksState>
    <ksState>
      <x>113.03928767726869</x>
      <y>149.7689090858321</y>
      <steeringAngle>-0.14213333333333336</steeringAngle>
      <velocity>8.0</velocity>
      <orientation>-2.929417511244441</orientation>
      <time>26</time>
    </ksState>
    <ksState>
      <x>112.24344341834673</x>
      <y>149.67053111539042</y>
      <steeringAngle>-0.1066000000000001</steeringAngle>
      <velocity>8.0</velocity>
      <orientation>-2.9682013632514384</orientation>
      <time>27</time>
    </ksState>
    <ksState>
      <x>111.44726872351328</x>
      <y>149.58296006084828</y>
      <steeringAngle>-0.07106666666666674</steeringAngle>
      <velocity>8.0</velocity>
      <orientation>-2.9958338422811255</orientation>
      <time>28</time>
    </ksState>
    <ksState>
      <x>110.65149866356386</x>
      <y>149.49737676448834</y>
      <steeringAngle>-0.035533333333333354</steeringAngle>
      <velocity>8.0</velocity>
      <orientation>-3.0123853629101545</orientation>
      <time>29</time>
    </ksState>
    <ksState>
      <x>109.85680570931791</x>
      <y>149.40499487358457</y>
      <steeringAngle>-2.0816681711721685e-17</steeringAngle>
      <velocity>8.0</velocity>
      <orientation>-3.0178978893685593</orientation>
      <time>30</time>
    </ksState>
    <ksState>
      <x>109.10369564026307</x>
      <y>149.30268288804803</y>
      <steeringAngle>0.03553333333333333</steeringAngle>
      <velocity>7.199999999999999</velocity>
      <orientation>-3.012752876386067</orientation>
      <time>31</time>
    </ksState>
    <ksState>
      <x>108.43258502403269</x>
      <y>149.19142995282633</y>
      <steeringAngle>0.07106666666666664</steeringAngle>
      <velocity>6.400000000000001</velocity>
      <orientation>-2.998776204265104</orientation>
      <time>32</time>
    </ksState>
    <ksState>
      <x>107.84403060826224</x>
      <y>149.07131309487878</y>
      <steeringAngle>0.10659999999999997</steeringAngle>
      <velocity>5.600000000000004</velocity>
      <orientation>-2.9781444363992224</orientation>
      <time>33</time>
    </ksState>
    <ksState>
      <x>107.33827927005217</x>
      <y>148.94539382098117</y>
      <steeringAngle>0.1421333333333333</steeringAngle>
      <velocity>4.800000000000003</velocity>
      <orientation>-2.9530282288905743</orientation>
      <time>34</time>
    </ksState>
    <ksState>
      <x>106.91505639751949</x>
      <y>148.81900234252518</y>
      <steeringAngle>0.17766666666666653</steeringAngle>
      <velocity>4.000000000000006</velocity>
      <orientation>-2.9256033323054242</orientation>
      <time>35</time>
    </ksState>
    <ksState>
      <x>106.49678304155857</x>
      <y>148.6757130460578</y>
      <steeringAngle>0.17766666666666667</steeringAngle>
      <velocity>4.800000000000002</velocity>
      <orientation>-2.89496779526309</orientation>
      <time>36</time>
    </ksState>
    <ksState>
      <x>106.00840205054165</x>
      <y>148.4899511048678</y>
      <steeringAngle>0.17766666666666667</steeringAngle>
      <velocity>5.600000000000001</velocity>
      <orientation>-2.85876216058655</orientation>
      <time>37</time>
    </ksState>
    <ksState>
      <x>105.45367903942953</x>
      <y>148.25381123053072</y>
      <steeringAngle>0.17766666666666667</steeringAngle>
      <velocity>6.3999999999999995</velocity>
      <orientation>-2.81698642827691</orientation>
      <time>38</time>
    </ksState>
    <ksState>
      <x>104.83755142204191</x>
      <y>147.9584523407634</y>
      <steeringAngle>0.17766666666666667</steeringAngle>
      <velocity>7.200000000000002</velocity>
      <orientation>-2.769640598334813</orientation>
      <time>39</time>
    </ksState>
    <ksState>
      <x>104.16636054276782</x>
      <y>147.59426220325943</y>
      <steeringAngle>0.17766666666666667</steeringAngle>
      <velocity>8.0</velocity>
      <orientation>-2.716724670760663</orientation>
      <time>40</time>
    </ksState>
    <ksState>
      <x>103.48170345733979</x>
      <y>147.1731237247025</y>
      <steeringAngle>0.17766666666666667</steeringAngle>
      <velocity>8.0</velocity>
      <orientation>-2.6610236944501513</orientation>
      <time>41</time>
    </ksState>
    <ksState>
      <x>102.82155386792427</x>
      <y>146.71452202218254</y>
      <steeringAngle>0.17766666666666667</steeringAngle>
      <velocity>8.0</velocity>
      <orientation>-2.6053227181396394</orientation>
      <time>42</time>
    </ksState>
    <ksState>
      <x>102.18795945581293</x>
      <y>146.2198795996818</y>
      <steeringAngle>0.17766666666666667</steeringAngle>
      <velocity>8.0</velocity>
      <orientation>-2.549621741829128</orientation>
      <time>43</time>
    </ksState>
    <ksState>
      <x>101.58288550194185</x>
      <y>145.69073073735407</y>
      <steeringAngle>0.17766666666666667</steeringAngle>
      <velocity>8.0</velocity>
      <orientation>-2.493920765518616</orientation>
      <time>44</time>
    </ksState>
    <ksState>
      <x>101.00820882243237</x>
      <y>145.12871674653067</y>
      <steeringAngle>0.17766666666666667</steeringAngle>
      <velocity>8.0</velocity>
      <orientation>-2.4382197892081043</orientation>
      <time>45</time>
    </ksState>
    <ksState>
      <x>100.45915674936431</x>
      <y>144.5425581923664</y>
      <steeringAngle>0.14213333333333336</steeringAngle>
      <velocity>8.0</velocity>
      <orientation>-2.388184977659356</orientation>
      <time>46</time>
    </ksState>
    <ksState>
      <x>99.92546682880811</x>
      <y>143.94404221244275</y>
      <steeringAngle>0.1066000000000001</steeringAngle>
      <velocity>8.0</velocity>
      <orientation>-2.3494011256523586</orientation>
      <time>47</time>
    </ksState>
    <ksState>
      <x>99.40047630926281</x>
      <y>143.3391060268212</y>
      <steeringAngle>0.07106666666666674</steeringAngle>
      <velocity>8.0</velocity>
      <orientation>-2.3217686466226715</orientation>
      <time>48</time>
    </ksState>
    <ksState>
      <x>98.87735069560013</x>
      <y>142.73337169457832</y>
      <steeringAngle>0.035533333333333354</steeringAngle>
      <velocity>8.0</velocity>
      <orientation>-2.3052171259936425</orientation>
      <time>49</time>
    </ksState>
    <ksState>
      <x>98.34924685539681</x>
      <y>142.13239112978638</y>
      <steeringAngle>2.0816681711721685e-17</steeringAngle>
      <velocity>8.0</velocity>
      <orientation>-2.2997045995352376</orientation>
      <time>50</time>
    </ksState>
    <ksState>
      <x>97.80947201967787</x>
      <y>141.54189023910493</y>
      <steeringAngle>-0.03553333333333333</steeringAngle>
      <velocity>8.0</velocity>
      <orientation>-2.3052171345380765</orientation>
      <time>51</time>
    </ksState>
    <ksState>
      <x>97.25165344899696</x>
      <y>140.96800565467782</y>
      <steeringAngle>-0.07106666666666667</steeringAngle>
      <velocity>8.0</velocity>
      <orientation>-2.321768655418346</orientation>
      <time>52</time>
    </ksState>
    <ksState>
      <x>96.6699335197681</x>
      <y>140.41750743800424</y>
      <steeringAngle>-0.10659999999999997</steeringAngle>
      <velocity>8.0</velocity>
      <orientation>-2.349401134709041</orientation>
      <time>53</time>
    </ksState>
    <ksState>
      <x>96.05920359596735</x>
      <y>139.89799752074762</y>
      <steeringAngle>-0.1421333333333333</steeringAngle>
      <velocity>8.0</velocity>
      <orientation>-2.3881849869817757</orientation>
      <time>54</time>
    </ksState>
    <ksState>
      <x>95.41538955052327</x>
      <y>139.41807166009386</y>
      <steeringAngle>-0.17766666666666667</steeringAngle>
      <velocity>8.0</velocity>
      <orientation>-2.4382197992309305</orientation>
      <time>55</time>
    </ksState>
    <ksState>
      <x>94.74161895459083</x>
      <y>138.97972690216363</y>
      <steeringAngle>-0.17766666666666667</steeringAngle>
      <velocity>8.0</velocity>
      <orientation>-2.4939207755414423</orientation>
      <time>56</time>
    </ksState>
    <ksState>
      <x>94.04448967218623</x>
      <y>138.57957222510274</y>
      <steeringAngle>-0.17766666666666667</steeringAngle>
      <velocity>8.0</velocity>
      <orientation>-2.549621751851954</orientation>
      <time>57</time>
    </ksState>
    <ksState>
      <x>93.32616408341093</x>
      <y>138.2188488494993</y>
      <steeringAngle>-0.17766666666666667</steeringAngle>
      <velocity>8.0</velocity>
      <orientation>-2.6053227281624656</orientation>
      <time>58</time>
    </ksState>
    <ksState>
      <x>92.58887028808186</x>
      <y>137.8986756658547</y>
      <steeringAngle>-0.17766666666666667</steeringAngle>
      <velocity>8.0</velocity>
      <orientation>-2.6610237044729774</orientation>
      <time>59</time>
    </ksState>
    <ksState>
      <x>91.83489522076324</x>
      <y>137.62004578641745</y>
      <steeringAngle>-0.17766666666666667</steeringAngle>
      <velocity>8.0</velocity>
      <orientation>-2.7167246807834893</orientation>
      <time>60</time>
    </ksState>
    <ksState>
      <x>91.07007541355864</x>
      <y>137.3749117576337</y>
      <steeringAngle>-0.14213333333333336</steeringAngle>
      <velocity>8.0</velocity>
      <orientation>-2.7667594923322376</orientation>
      <time>61</time>
    </ksState>
    <ksState>
      <x>90.30066753639375</x>
      <y>137.14895196456453</y>
      <steeringAngle>-0.1066000000000001</steeringAngle>
      <velocity>8.0</velocity>
      <orientation>-2.805543344339235</orientation>
      <time>62</time>
    </ksState>
    <ksState>
      <x>89.52918349452838</x>
      <y>136.93360292826796</y>
      <steeringAngle>-0.07106666666666674</steeringAngle>
      <velocity>8.0</velocity>
      <orientation>-2.833175823368922</orientation>
      <time>63</time>
    </ksState>
    <ksState>
      <x>88.75777684554023</x>
      <y>136.72028093965775</y>
      <steeringAngle>-0.035533333333333354</steeringAngle>
      <velocity>8.0</velocity>
      <orientation>-2.849727343997951</orientation>
      <time>64</time>
    </ksState>
    <ksState>
      <x>87.98853406083377</x>
      <y>136.50042452407666</y>
      <steeringAngle>-2.0816681711721685e-17</steeringAngle>
      <velocity>8.0</velocity>
      <orientation>-2.855239870456356</orientation>
      <time>65</time>
    </ksState>
    <ksState>
      <x>87.2237632351642</x>
      <y>136.26553357198253</y>
      <steeringAngle>0.03553333333333333</steeringAngle>
      <velocity>8.0</velocity>
      <orientation>-2.849727335453517</orientation>
      <time>66</time>
    </ksState>
    <ksState>
      <x>86.46628067226618</x>
      <y>136.00722127853726</y>
      <steeringAngle>0.07106666666666667</steeringAngle>
      <velocity>8.0</velocity>
      <orientation>-2.8331758145732477</orientation>
      <time>67</time>
    </ksState>
    <ksState>
      <x>85.71969567923598</x>
      <y>135.71729506239777</y>
      <steeringAngle>0.10659999999999997</steeringAngle>
      <velocity>8.0</velocity>
      <orientation>-2.8055433352825525</orientation>
      <time>68</time>
    </ksState>
    <ksState>
      <x>84.98869004519064</x>
      <y>135.38788292396387</y>
      <steeringAngle>0.1421333333333333</steeringAngle>
      <velocity>8.0</velocity>
      <orientation>-2.766759483009818</orientation>
      <time>69</time>
    </ksState>
    <ksState>
      <x>84.27928666846297</x>
      <y>135.01162210229526</y>
      <steeringAngle>0.17766666666666667</steeringAngle>
      <velocity>8.0</velocity>
      <orientation>-2.716724670760663</orientation>
      <time>70</time>
    </ksState>
    <ksState>
      <x>83.59024511752466</x>
      <y>134.59899421831167</y>
      <steeringAngle>0.14213333333333336</steeringAngle>
      <velocity>8.0</velocity>
      <orientation>-2.666689859211915</orientation>
      <time>71</time>
    </ksState>
    <ksState>
      <x>82.91257649338313</x>
      <y>134.1702617313441</y>
      <steeringAngle>0.1066000000000001</steeringAngle>
      <velocity>8.0</velocity>
      <orientation>-2.6279060072049174</orientation>
      <time>72</time>
    </ksState>
    <ksState>
      <x>82.24150702801478</x>
      <y>133.732964799115</y>
      <steeringAngle>0.07106666666666674</steeringAngle>
      <velocity>8.0</velocity>
      <orientation>-2.6002735281752303</orientation>
      <time>73</time>
    </ksState>
    <ksState>
      <x>81.57201118390259</x>
      <y>133.29438777777867</y>
      <steeringAngle>0.035533333333333354</steeringAngle>
      <velocity>8.0</velocity>
      <orientation>-2.5837220075462013</orientation>
      <time>74</time>
    </ksState>
    <ksState>
      <x>80.89903583489505</x>
      <y>132.86174995589607</y>
      <steeringAngle>2.0816681711721685e-17</steeringAngle>
      <velocity>8.0</velocity>
      <orientation>-2.5782094810877965</orientation>
      <time>75</time>
    </ksState>
    <ksState>
      <x>80.21772025818872</x>
      <y>132.44239657256844</y>
      <steeringAngle>-0.03553333333333333</steeringAngle>
      <velocity>8.0</velocity>
      <orientation>-2.5837220160906353</orientation>
      <time>76</time>
    </ksState>
    <ksState>
      <x>79.52362434499946</x>
      <y>132.0439797841</y>
      <steeringAngle>-0.07106666666666667</steeringAngle>
      <velocity>8.0</velocity>
      <orientation>-2.6002735369709047</orientation>
      <time>77</time>
    </ksState>
    <ksState>
      <x>78.81297739514204</x>
      <y>131.67461915371123</y>
      <steeringAngle>-0.10659999999999997</steeringAngle>
      <velocity>8.0</velocity>
      <orientation>-2.6279060162616</orientation>
      <time>78</time>
    </ksState>
    <ksState>
      <x>78.08295753212134</x>
      <y>131.34302815029156</y>
      <steeringAngle>-0.1421333333333333</steeringAngle>
      <velocity>8.0</velocity>
      <orientation>-2.6666898685343345</orientation>
      <time>79</time>
    </ksState>
    <ksState>
      <x>77.33201074719925</x>
      <y>131.05859136812276</y>
      <steeringAngle>-0.17766666666666667</steeringAngle>
      <velocity>8.0</velocity>
      <orientation>-2.7167246807834893</orientation>
      <time>80</time>
    </ksState>
    <ksState>
      <x>76.56719093999465</x>
      <y>130.813457339339</y>
      <steeringAngle>-0.14213333333333336</steeringAngle>
      <velocity>8.0</velocity>
      <orientation>-2.7667594923322376</orientation>
      <time>81</time>
    </ksState>
    <ksState>
      <x>75.79778306282975</x>
      <y>130.58749754626984</y>
      <steeringAngle>-0.1066000000000001</steeringAngle>
      <velocity>8.0</velocity>
      <orientation>-2.805543344339235</orientation>
      <time>82</time>
    </ksState>
    <ksState>
      <x>75.02629902096439</x>
      <y>130.37214850997327</y>
      <steeringAngle>-0.07106666666666674</steeringAngle>
      <velocity>8.0</velocity>
      <orientation>-2.833175823368922</orientation>
      <time>83</time>
    </ksState>
    <ksState>
      <x>74.25489237197624</x>
      <y>130.15882652136307</y>
      <steeringAngle>-0.035533333333333354</steeringAngle>
      <velocity>8.0</velocity>
      <orientation>-2.849727343997951</orientation>
      <time>84</time>
    </ksState>
    <ksState>
      <x>73.48564958726978</x>
      <y>129.93897010578198</y>
      <steeringAngle>-2.0816681711721685e-17</steeringAngle>
      <velocity>8.0</velocity>
      <orientation>-2.855239870456356</orientation>
      <time>85</time>
    </ksState>
    <ksState>
      <x>72.75418396216811</x>
      <y>129.73257108012822</y>
      <steeringAngle>-0.03553333333333333</steeringAngle>
      <velocity>7.199999999999999</velocity>
      <orientation>-2.860384883438848</orientation>
      <time>86</time>
    </ksState>
    <ksState>
      <x>72.09435585267897</x>
      <y>129.56706113861244</y>
      <steeringAngle>-0.07106666666666664</steeringAngle>
      <velocity>6.400000000000001</velocity>
      <orientation>-2.8743615555598114</orientation>
      <time>87</time>
    </ksState>
    <ksState>
      <x>71.50670656012272</x>
      <y>129.4425915887449</y>
      <steeringAngle>-0.10659999999999997</steeringAngle>
      <velocity>5.600000000000004</velocity>
      <orientation>-2.894993323425693</orientation>
      <time>88</time>
    </ksState>
    <ksState>
      <x>70.99268297460884</x>
      <y>129.35645313522016</y>
      <steeringAngle>-0.1421333333333333</steeringAngle>
      <velocity>4.800000000000003</velocity>
      <orientation>-2.920109530934341</orientation>
      <time>89</time>
    </ksState>
    <ksState>
      <x>70.55415815347743</x>
      <y>129.3036479563759</y>
      <steeringAngle>-0.17766666666666653</steeringAngle>
      <velocity>4.000000000000006</velocity>
      <orientation>-2.947534427519491</orientation>
      <time>90</time>
    </ksState>
    <ksState>
      <x>70.15428216547988</x>
      <y>129.26662051552069</y>
      <steeringAngle>-0.1421333333333333</steeringAngle>
      <velocity>4.0</velocity>
      <orientation>-2.9725518338640144</orientation>
      <time>91</time>
    </ksState>
    <ksState>
      <x>69.75494867116318</x>
      <y>129.23057645776217</y>
      <steeringAngle>-0.10659999999999999</steeringAngle>
      <velocity>4.0</velocity>
      <orientation>-2.991943760154765</orientation>
      <time>92</time>
    </ksState>
    <ksState>
      <x>69.35619734647368</x>
      <y>129.1933141170798</y>
      <steeringAngle>-0.07106666666666664</steeringAngle>
      <velocity>4.0</velocity>
      <orientation>-3.005759999889718</orientation>
      <time>93</time>
    </ksState>
    <ksState>
      <x>68.95809193194951</x>
      <y>129.15264321678745</y>
      <steeringAngle>-0.03553333333333332</steeringAngle>
      <velocity>4.0</velocity>
      <orientation>-3.0140357603519834</orientation>
      <time>94</time>
    </ksState>
    <ksState>
      <x>68.56075549760514</x>
      <y>129.10637806726785</y>
      <steeringAngle>2.2985086056692694e-17</steeringAngle>
      <velocity>4.0</velocity>
      <orientation>-3.0167920236468238</orientation>
      <time>95</time>
    </ksState>
    <ksState>
      <x>68.20355539721407</x>
      <y>129.0615663774906</y>
      <steeringAngle>0.0</steeringAngle>
      <velocity>3.2</velocity>
      <orientation>-3.0167920236468238</orientation>
      <time>96</time>
    </ksState>
    <ksState>
      <x>67.92573309723761</x>
      <y>129.02671284103832</y>
      <steeringAngle>0.0</steeringAngle>
      <velocity>2.4000000000000004</velocity>
      <orientation>-3.0167920236468238</orientation>
      <time>97</time>
    </ksState>
    <ksState>
      <x>67.72728859757464</x>
      <y>129.00181745789828</y>
      <steeringAngle>0.0</steeringAngle>
      <velocity>1.6</velocity>
      <orientation>-3.0167920236468238</orientation>
      <time>98</time>
    </ksState>
    <ksState>
      <x>67.60822189818492</x>
      <y>128.98688022806544</y>
      <steeringAngle>0.0</steeringAngle>
      <velocity>0.7999999999999998</velocity>
      <orientation>-3.0167920236468238</orientation>
      <time>99</time>
    </ksState>
  </ksTrajectory>
</CommonRoadSolution>
