<?xml version="1.0" ?>
<CommonRoadSolution benchmark_id="KS2:SM1:DEU_Backnang-1_2_T-1:2020a" computation_time="0.8897494690000087" date="2023-11-26T00:13:30">
  <ksTrajectory planningProblem="1">
    <ksState>
      <x>-546.1219</x>
      <y>286.09241</y>
      <steeringAngle>0.0</steeringAngle>
      <velocity>12.0</velocity>
      <orientation>2.8639372</orientation>
      <time>0</time>
    </ksState>
    <ksState>
      <x>-547.2374728404726</x>
      <y>286.4103679161878</y>
      <steeringAngle>0.0</steeringAngle>
      <velocity>11.200000000000001</velocity>
      <orientation>2.8639372</orientation>
      <time>1</time>
    </ksState>
    <ksState>
      <x>-548.2761096225155</x>
      <y>286.7063977000918</y>
      <steeringAngle>0.0</steeringAngle>
      <velocity>10.4</velocity>
      <orientation>2.8639372</orientation>
      <time>2</time>
    </ksState>
    <ksState>
      <x>-549.2378103464265</x>
      <y>286.9804993517971</y>
      <steeringAngle>0.0</steeringAngle>
      <velocity>9.599999999999998</velocity>
      <orientation>2.8639372</orientation>
      <time>3</time>
    </ksState>
    <ksState>
      <x>-550.1225750122902</x>
      <y>287.2326728713276</y>
      <steeringAngle>0.0</steeringAngle>
      <velocity>8.799999999999999</velocity>
      <orientation>2.8639372</orientation>
      <time>4</time>
    </ksState>
    <ksState>
      <x>-550.9304036201345</x>
      <y>287.46291825869133</y>
      <steeringAngle>0.0</steeringAngle>
      <velocity>7.999999999999997</velocity>
      <orientation>2.8639372</orientation>
      <time>5</time>
    </ksState>
    <ksState>
      <x>-551.6589156192601</x>
      <y>287.67951185422476</y>
      <steeringAngle>-0.03553333333333333</steeringAngle>
      <velocity>7.199999999999999</velocity>
      <orientation>2.858792187017508</orientation>
      <time>6</time>
    </ksState>
    <ksState>
      <x>-552.3050269775816</x>
      <y>287.8923657653012</y>
      <steeringAngle>-0.07106666666666664</steeringAngle>
      <velocity>6.400000000000001</velocity>
      <orientation>2.8448155148965446</orientation>
      <time>7</time>
    </ksState>
    <ksState>
      <x>-552.8681993453109</x>
      <y>288.10131849706676</y>
      <steeringAngle>-0.10659999999999997</steeringAngle>
      <velocity>5.600000000000004</velocity>
      <orientation>2.824183747030663</orientation>
      <time>8</time>
    </ksState>
    <ksState>
      <x>-553.348658257301</x>
      <y>288.3033068965591</y>
      <steeringAngle>-0.1421333333333333</steeringAngle>
      <velocity>4.800000000000003</velocity>
      <orientation>2.799067539522015</orientation>
      <time>9</time>
    </ksState>
    <ksState>
      <x>-553.7474924819616</x>
      <y>288.4931059136811</y>
      <steeringAngle>-0.17766666666666653</steeringAngle>
      <velocity>4.000000000000006</velocity>
      <orientation>2.771642642936865</orientation>
      <time>10</time>
    </ksState>
    <ksState>
      <x>-554.0681612123806</x>
      <y>288.66054671729</y>
      <steeringAngle>-0.17766666666666667</steeringAngle>
      <velocity>3.2000000000000006</velocity>
      <orientation>2.7465772036686875</orientation>
      <time>11</time>
    </ksState>
    <ksState>
      <x>-554.3146094961189</x>
      <y>288.79630400553543</y>
      <steeringAngle>-0.17766666666666667</steeringAngle>
      <velocity>2.4000000000000012</velocity>
      <orientation>2.7270818620386574</orientation>
      <time>12</time>
    </ksState>
    <ksState>
      <x>-554.4890004460833</x>
      <y>288.89620218583826</y>
      <steeringAngle>-0.17766666666666667</steeringAngle>
      <velocity>1.6000000000000005</velocity>
      <orientation>2.713156618039677</orientation>
      <time>13</time>
    </ksState>
    <ksState>
      <x>-554.5929613397399</x>
      <y>288.957303323939</y>
      <steeringAngle>-0.17766666666666667</steeringAngle>
      <velocity>0.8000000000000004</velocity>
      <orientation>2.7048014716689224</orientation>
      <time>14</time>
    </ksState>
    <ksState>
      <x>-554.6275010718134</x>
      <y>288.9778631397279</y>
      <steeringAngle>-0.17766666666666667</steeringAngle>
      <velocity>2.7755575615628914e-16</velocity>
      <orientation>2.702016422922707</orientation>
      <time>15</time>
    </ksState>
    <ksState>
      <x>-554.6275010718134</x>
      <y>288.9778631397279</y>
      <steeringAngle>-0.14213333333333336</steeringAngle>
      <velocity>0.0</velocity>
      <orientation>2.702016422922707</orientation>
      <time>16</time>
    </ksState>
    <ksState>
      <x>-554.6275010718134</x>
      <y>288.9778631397279</y>
      <steeringAngle>-0.10660000000000001</steeringAngle>
      <velocity>0.0</velocity>
      <orientation>2.702016422922707</orientation>
      <time>17</time>
    </ksState>
    <ksState>
      <x>-554.6275010718134</x>
      <y>288.9778631397279</y>
      <steeringAngle>-0.07106666666666668</steeringAngle>
      <velocity>0.0</velocity>
      <orientation>2.702016422922707</orientation>
      <time>18</time>
    </ksState>
    <ksState>
      <x>-554.6275010718134</x>
      <y>288.9778631397279</y>
      <steeringAngle>-0.03553333333333333</steeringAngle>
      <velocity>0.0</velocity>
      <orientation>2.702016422922707</orientation>
      <time>19</time>
    </ksState>
    <ksState>
      <x>-554.6275010718134</x>
      <y>288.9778631397279</y>
      <steeringAngle>-0.0</steeringAngle>
      <velocity>0.0</velocity>
      <orientation>2.702016422922707</orientation>
      <time>20</time>
    </ksState>
    <ksState>
      <x>-554.6636983557536</x>
      <y>288.9948853808702</y>
      <steeringAngle>0.0</steeringAngle>
      <velocity>0.8</velocity>
      <orientation>2.702016422922707</orientation>
      <time>21</time>
    </ksState>
    <ksState>
      <x>-554.7722902065016</x>
      <y>289.0459521037926</y>
      <steeringAngle>0.0</steeringAngle>
      <velocity>1.6</velocity>
      <orientation>2.702016422922707</orientation>
      <time>22</time>
    </ksState>
    <ksState>
      <x>-554.953276623899</x>
      <y>289.1310633084207</y>
      <steeringAngle>0.0</steeringAngle>
      <velocity>2.4000000000000004</velocity>
      <orientation>2.702016422922707</orientation>
      <time>23</time>
    </ksState>
    <ksState>
      <x>-555.2066576078979</x>
      <y>289.250218994732</y>
      <steeringAngle>0.0</steeringAngle>
      <velocity>3.2000000000000006</velocity>
      <orientation>2.702016422922707</orientation>
      <time>24</time>
    </ksState>
    <ksState>
      <x>-555.5324331584785</x>
      <y>289.40341916271717</y>
      <steeringAngle>0.0</steeringAngle>
      <velocity>4.000000000000001</velocity>
      <orientation>2.702016422922707</orientation>
      <time>25</time>
    </ksState>
    <ksState>
      <x>-555.9306032755147</x>
      <y>289.59066381231685</y>
      <steeringAngle>0.0</steeringAngle>
      <velocity>4.8</velocity>
      <orientation>2.702016422922707</orientation>
      <time>26</time>
    </ksState>
    <ksState>
      <x>-556.4011679591566</x>
      <y>289.8119529436016</y>
      <steeringAngle>0.0</steeringAngle>
      <velocity>5.6</velocity>
      <orientation>2.702016422922707</orientation>
      <time>27</time>
    </ksState>
    <ksState>
      <x>-556.9441272093899</x>
      <y>290.06728655656474</y>
      <steeringAngle>0.0</steeringAngle>
      <velocity>6.4</velocity>
      <orientation>2.702016422922707</orientation>
      <time>28</time>
    </ksState>
    <ksState>
      <x>-557.5594810262057</x>
      <y>290.3566646512022</y>
      <steeringAngle>0.0</steeringAngle>
      <velocity>7.199999999999999</velocity>
      <orientation>2.702016422922707</orientation>
      <time>29</time>
    </ksState>
    <ksState>
      <x>-558.2472294095991</x>
      <y>290.6800872275115</y>
      <steeringAngle>0.0</steeringAngle>
      <velocity>7.999999999999998</velocity>
      <orientation>2.702016422922707</orientation>
      <time>30</time>
    </ksState>
    <ksState>
      <x>-558.9312941158984</x>
      <y>291.01129410559804</y>
      <steeringAngle>-0.03553333333333333</steeringAngle>
      <velocity>7.199999999999999</velocity>
      <orientation>2.696871409940215</orientation>
      <time>31</time>
    </ksState>
    <ksState>
      <x>-559.5346389173573</x>
      <y>291.32552606667963</y>
      <steeringAngle>-0.07106666666666664</steeringAngle>
      <velocity>6.400000000000001</velocity>
      <orientation>2.6828947378192516</orientation>
      <time>32</time>
    </ksState>
    <ksState>
      <x>-560.0567585413567</x>
      <y>291.622536938738</y>
      <steeringAngle>-0.10659999999999997</steeringAngle>
      <velocity>5.600000000000004</velocity>
      <orientation>2.66226296995337</orientation>
      <time>33</time>
    </ksState>
  </ksTrajectory>
</CommonRoadSolution>
