<?xml version="1.0" ?>
<CommonRoadSolution benchmark_id="KS2:SM1:DEU_Moelln-7_1_T-1:2020a" computation_time="0.17718739100018865" date="2023-11-26T00:13:30">
  <ksTrajectory planningProblem="1">
    <ksState>
      <x>466.41762</x>
      <y>982.75127</y>
      <steeringAngle>0.0</steeringAngle>
      <velocity>12.0</velocity>
      <orientation>2.2306081</orientation>
      <time>0</time>
    </ksState>
    <ksState>
      <x>465.70657695394686</x>
      <y>983.6677948417397</y>
      <steeringAngle>0.0</steeringAngle>
      <velocity>11.200000000000001</velocity>
      <orientation>2.2306081</orientation>
      <time>1</time>
    </ksState>
    <ksState>
      <x>465.0445713596427</x>
      <y>984.5211110733213</y>
      <steeringAngle>0.0</steeringAngle>
      <velocity>10.4</velocity>
      <orientation>2.2306081</orientation>
      <time>2</time>
    </ksState>
    <ksState>
      <x>464.43160321689777</x>
      <y>985.3112186949896</y>
      <steeringAngle>0.0</steeringAngle>
      <velocity>9.599999999999998</velocity>
      <orientation>2.2306081</orientation>
      <time>3</time>
    </ksState>
    <ksState>
      <x>463.867672525658</x>
      <y>986.0381177068141</y>
      <steeringAngle>0.0</steeringAngle>
      <velocity>8.799999999999999</velocity>
      <orientation>2.2306081</orientation>
      <time>4</time>
    </ksState>
    <ksState>
      <x>463.35277928590585</x>
      <y>986.7018081088174</y>
      <steeringAngle>0.0</steeringAngle>
      <velocity>7.999999999999997</velocity>
      <orientation>2.2306081</orientation>
      <time>5</time>
    </ksState>
    <ksState>
      <x>462.89374056726933</x>
      <y>987.307552257191</y>
      <steeringAngle>-0.03553333333333333</steeringAngle>
      <velocity>7.199999999999999</velocity>
      <orientation>2.225463087017508</orientation>
      <time>6</time>
    </ksState>
    <ksState>
      <x>462.49890858723455</x>
      <y>987.8615146948655</y>
      <steeringAngle>-0.07106666666666664</steeringAngle>
      <velocity>6.400000000000001</velocity>
      <orientation>2.2114864148965445</orientation>
      <time>7</time>
    </ksState>
    <ksState>
      <x>462.16862171121323</x>
      <y>988.3632466346643</y>
      <steeringAngle>-0.10659999999999997</steeringAngle>
      <velocity>5.600000000000004</velocity>
      <orientation>2.190854647030663</orientation>
      <time>8</time>
    </ksState>
    <ksState>
      <x>461.90088527380556</x>
      <y>988.8104124648933</y>
      <steeringAngle>-0.1421333333333333</steeringAngle>
      <velocity>4.800000000000003</velocity>
      <orientation>2.165738439522015</orientation>
      <time>9</time>
    </ksState>
    <ksState>
      <x>461.69172931128475</x>
      <y>989.1994448401566</y>
      <steeringAngle>-0.17766666666666653</steeringAngle>
      <velocity>4.000000000000006</velocity>
      <orientation>2.138313542936865</orientation>
      <time>10</time>
    </ksState>
    <ksState>
      <x>461.53234726603284</x>
      <y>989.524194314418</y>
      <steeringAngle>-0.17766666666666667</steeringAngle>
      <velocity>3.2000000000000006</velocity>
      <orientation>2.1132481036686874</orientation>
      <time>11</time>
    </ksState>
    <ksState>
      <x>461.41404017894376</x>
      <y>989.7794789222851</y>
      <steeringAngle>-0.17766666666666667</steeringAngle>
      <velocity>2.4000000000000012</velocity>
      <orientation>2.0937527620386573</orientation>
      <time>12</time>
    </ksState>
    <ksState>
      <x>461.332593200335</x>
      <y>989.9632130767932</y>
      <steeringAngle>-0.17766666666666667</steeringAngle>
      <velocity>1.6000000000000005</velocity>
      <orientation>2.079827518039677</orientation>
      <time>13</time>
    </ksState>
    <ksState>
      <x>461.28495588212735</x>
      <y>990.0739916956736</y>
      <steeringAngle>-0.17766666666666667</steeringAngle>
      <velocity>0.8000000000000004</velocity>
      <orientation>2.0714723716689223</orientation>
      <time>14</time>
    </ksState>
    <ksState>
      <x>461.2692826730102</x>
      <y>990.1110058771849</y>
      <steeringAngle>-0.17766666666666667</steeringAngle>
      <velocity>2.7755575615628914e-16</velocity>
      <orientation>2.068687322922707</orientation>
      <time>15</time>
    </ksState>
    <ksState>
      <x>461.2692826730102</x>
      <y>990.1110058771849</y>
      <steeringAngle>-0.14213333333333336</steeringAngle>
      <velocity>0.0</velocity>
      <orientation>2.068687322922707</orientation>
      <time>16</time>
    </ksState>
    <ksState>
      <x>461.2692826730102</x>
      <y>990.1110058771849</y>
      <steeringAngle>-0.10660000000000001</steeringAngle>
      <velocity>0.0</velocity>
      <orientation>2.068687322922707</orientation>
      <time>17</time>
    </ksState>
    <ksState>
      <x>461.2692826730102</x>
      <y>990.1110058771849</y>
      <steeringAngle>-0.07106666666666668</steeringAngle>
      <velocity>0.0</velocity>
      <orientation>2.068687322922707</orientation>
      <time>18</time>
    </ksState>
    <ksState>
      <x>461.2692826730102</x>
      <y>990.1110058771849</y>
      <steeringAngle>-0.03553333333333333</steeringAngle>
      <velocity>0.0</velocity>
      <orientation>2.068687322922707</orientation>
      <time>19</time>
    </ksState>
    <ksState>
      <x>461.2692826730102</x>
      <y>990.1110058771849</y>
      <steeringAngle>-0.0</steeringAngle>
      <velocity>0.0</velocity>
      <orientation>2.068687322922707</orientation>
      <time>20</time>
    </ksState>
    <ksState>
      <x>461.2692826730102</x>
      <y>990.1110058771849</y>
      <steeringAngle>0.0</steeringAngle>
      <velocity>0.0</velocity>
      <orientation>2.068687322922707</orientation>
      <time>21</time>
    </ksState>
    <ksState>
      <x>461.2692826730102</x>
      <y>990.1110058771849</y>
      <steeringAngle>0.0</steeringAngle>
      <velocity>0.0</velocity>
      <orientation>2.068687322922707</orientation>
      <time>22</time>
    </ksState>
    <ksState>
      <x>461.2692826730102</x>
      <y>990.1110058771849</y>
      <steeringAngle>0.0</steeringAngle>
      <velocity>0.0</velocity>
      <orientation>2.068687322922707</orientation>
      <time>23</time>
    </ksState>
    <ksState>
      <x>461.2692826730102</x>
      <y>990.1110058771849</y>
      <steeringAngle>0.0</steeringAngle>
      <velocity>0.0</velocity>
      <orientation>2.068687322922707</orientation>
      <time>24</time>
    </ksState>
    <ksState>
      <x>461.2692826730102</x>
      <y>990.1110058771849</y>
      <steeringAngle>0.0</steeringAngle>
      <velocity>0.0</velocity>
      <orientation>2.068687322922707</orientation>
      <time>25</time>
    </ksState>
    <ksState>
      <x>461.2692826730102</x>
      <y>990.1110058771849</y>
      <steeringAngle>0.0</steeringAngle>
      <velocity>0.0</velocity>
      <orientation>2.068687322922707</orientation>
      <time>26</time>
    </ksState>
    <ksState>
      <x>461.2692826730102</x>
      <y>990.1110058771849</y>
      <steeringAngle>0.0</steeringAngle>
      <velocity>0.0</velocity>
      <orientation>2.068687322922707</orientation>
      <time>27</time>
    </ksState>
    <ksState>
      <x>461.2692826730102</x>
      <y>990.1110058771849</y>
      <steeringAngle>0.0</steeringAngle>
      <velocity>0.0</velocity>
      <orientation>2.068687322922707</orientation>
      <time>28</time>
    </ksState>
    <ksState>
      <x>461.2692826730102</x>
      <y>990.1110058771849</y>
      <steeringAngle>0.0</steeringAngle>
      <velocity>0.0</velocity>
      <orientation>2.068687322922707</orientation>
      <time>29</time>
    </ksState>
    <ksState>
      <x>461.2692826730102</x>
      <y>990.1110058771849</y>
      <steeringAngle>0.0</steeringAngle>
      <velocity>0.0</velocity>
      <orientation>2.068687322922707</orientation>
      <time>30</time>
    </ksState>
    <ksState>
      <x>461.2692826730102</x>
      <y>990.1110058771849</y>
      <steeringAngle>0.0</steeringAngle>
      <velocity>0.0</velocity>
      <orientation>2.068687322922707</orientation>
      <time>31</time>
    </ksState>
    <ksState>
      <x>461.2692826730102</x>
      <y>990.1110058771849</y>
      <steeringAngle>0.0</steeringAngle>
      <velocity>0.0</velocity>
      <orientation>2.068687322922707</orientation>
      <time>32</time>
    </ksState>
    <ksState>
      <x>461.2692826730102</x>
      <y>990.1110058771849</y>
      <steeringAngle>0.0</steeringAngle>
      <velocity>0.0</velocity>
      <orientation>2.068687322922707</orientation>
      <time>33</time>
    </ksState>
  </ksTrajectory>
</CommonRoadSolution>
