<?xml version="1.0" ?>
<CommonRoadSolution benchmark_id="KS2:SM1:DEU_Moelln-4_3_T-1:2020a" computation_time="0.4253620970002885" date="2023-11-26T00:13:30">
  <ksTrajectory planningProblem="1">
    <ksState>
      <x>910.94812</x>
      <y>-913.83253</y>
      <steeringAngle>0.0</steeringAngle>
      <velocity>8.0</velocity>
      <orientation>-2.6314744</orientation>
      <time>0</time>
    </ksState>
    <ksState>
      <x>910.2848780532822</x>
      <y>-914.2036231406117</y>
      <steeringAngle>0.0</steeringAngle>
      <velocity>7.200000000000001</velocity>
      <orientation>-2.6314744</orientation>
      <time>1</time>
    </ksState>
    <ksState>
      <x>909.6914510486478</x>
      <y>-914.5356538451886</y>
      <steeringAngle>0.0</steeringAngle>
      <velocity>6.400000000000001</velocity>
      <orientation>-2.6314744</orientation>
      <time>2</time>
    </ksState>
    <ksState>
      <x>909.167838985922</x>
      <y>-914.8286221138281</y>
      <steeringAngle>0.0</steeringAngle>
      <velocity>5.600000000000001</velocity>
      <orientation>-2.6314744</orientation>
      <time>3</time>
    </ksState>
    <ksState>
      <x>908.7140418650557</x>
      <y>-915.0825279465582</y>
      <steeringAngle>0.0</steeringAngle>
      <velocity>4.800000000000001</velocity>
      <orientation>-2.6314744</orientation>
      <time>4</time>
    </ksState>
    <ksState>
      <x>908.3300596860306</x>
      <y>-915.2973713433887</y>
      <steeringAngle>0.0</steeringAngle>
      <velocity>4.000000000000001</velocity>
      <orientation>-2.6314744</orientation>
      <time>5</time>
    </ksState>
    <ksState>
      <x>908.015892448708</x>
      <y>-915.4731523043974</y>
      <steeringAngle>0.0</steeringAngle>
      <velocity>3.2</velocity>
      <orientation>-2.6314744</orientation>
      <time>6</time>
    </ksState>
    <ksState>
      <x>907.7715401533009</x>
      <y>-915.6098708294652</y>
      <steeringAngle>0.0</steeringAngle>
      <velocity>2.4000000000000004</velocity>
      <orientation>-2.6314744</orientation>
      <time>7</time>
    </ksState>
    <ksState>
      <x>907.5970027997203</x>
      <y>-915.7075269186417</y>
      <steeringAngle>0.0</steeringAngle>
      <velocity>1.6</velocity>
      <orientation>-2.6314744</orientation>
      <time>8</time>
    </ksState>
    <ksState>
      <x>907.4922803879308</x>
      <y>-915.7661205719469</y>
      <steeringAngle>0.0</steeringAngle>
      <velocity>0.7999999999999998</velocity>
      <orientation>-2.6314744</orientation>
      <time>9</time>
    </ksState>
    <ksState>
      <x>907.4573729178862</x>
      <y>-915.7856517894064</y>
      <steeringAngle>0.0</steeringAngle>
      <velocity>-3.3306690738754696e-16</velocity>
      <orientation>-2.6314744</orientation>
      <time>10</time>
    </ksState>
    <ksState>
      <x>907.4573729178862</x>
      <y>-915.7856517894064</y>
      <steeringAngle>0.0</steeringAngle>
      <velocity>0.0</velocity>
      <orientation>-2.6314744</orientation>
      <time>11</time>
    </ksState>
    <ksState>
      <x>907.4573729178862</x>
      <y>-915.7856517894064</y>
      <steeringAngle>0.0</steeringAngle>
      <velocity>0.0</velocity>
      <orientation>-2.6314744</orientation>
      <time>12</time>
    </ksState>
    <ksState>
      <x>907.4573729178862</x>
      <y>-915.7856517894064</y>
      <steeringAngle>0.0</steeringAngle>
      <velocity>0.0</velocity>
      <orientation>-2.6314744</orientation>
      <time>13</time>
    </ksState>
    <ksState>
      <x>907.4573729178862</x>
      <y>-915.7856517894064</y>
      <steeringAngle>0.0</steeringAngle>
      <velocity>0.0</velocity>
      <orientation>-2.6314744</orientation>
      <time>14</time>
    </ksState>
    <ksState>
      <x>907.4573729178862</x>
      <y>-915.7856517894064</y>
      <steeringAngle>0.0</steeringAngle>
      <velocity>0.0</velocity>
      <orientation>-2.6314744</orientation>
      <time>15</time>
    </ksState>
    <ksState>
      <x>907.4573729178862</x>
      <y>-915.7856517894064</y>
      <steeringAngle>0.0</steeringAngle>
      <velocity>0.0</velocity>
      <orientation>-2.6314744</orientation>
      <time>16</time>
    </ksState>
    <ksState>
      <x>907.4573729178862</x>
      <y>-915.7856517894064</y>
      <steeringAngle>0.0</steeringAngle>
      <velocity>0.0</velocity>
      <orientation>-2.6314744</orientation>
      <time>17</time>
    </ksState>
    <ksState>
      <x>907.4573729178862</x>
      <y>-915.7856517894064</y>
      <steeringAngle>0.0</steeringAngle>
      <velocity>0.0</velocity>
      <orientation>-2.6314744</orientation>
      <time>18</time>
    </ksState>
    <ksState>
      <x>907.4573729178862</x>
      <y>-915.7856517894064</y>
      <steeringAngle>0.0</steeringAngle>
      <velocity>0.0</velocity>
      <orientation>-2.6314744</orientation>
      <time>19</time>
    </ksState>
    <ksState>
      <x>907.4573729178862</x>
      <y>-915.7856517894064</y>
      <steeringAngle>0.0</steeringAngle>
      <velocity>0.0</velocity>
      <orientation>-2.6314744</orientation>
      <time>20</time>
    </ksState>
    <ksState>
      <x>907.4224654463386</x>
      <y>-915.805183007707</y>
      <steeringAngle>0.0</steeringAngle>
      <velocity>0.8</velocity>
      <orientation>-2.6314744</orientation>
      <time>21</time>
    </ksState>
    <ksState>
      <x>907.31774303273</x>
      <y>-915.8637766620299</y>
      <steeringAngle>0.0</steeringAngle>
      <velocity>1.6</velocity>
      <orientation>-2.6314744</orientation>
      <time>22</time>
    </ksState>
    <ksState>
      <x>907.1432056772134</x>
      <y>-915.9614327522896</y>
      <steeringAngle>0.0</steeringAngle>
      <velocity>2.4000000000000004</velocity>
      <orientation>-2.6314744</orientation>
      <time>23</time>
    </ksState>
    <ksState>
      <x>906.8988533798347</x>
      <y>-916.0981512784605</y>
      <steeringAngle>0.0</steeringAngle>
      <velocity>3.2000000000000006</velocity>
      <orientation>-2.6314744</orientation>
      <time>24</time>
    </ksState>
    <ksState>
      <x>906.5846861406131</x>
      <y>-916.2739322405317</y>
      <steeringAngle>0.0</steeringAngle>
      <velocity>4.000000000000001</velocity>
      <orientation>-2.6314744</orientation>
      <time>25</time>
    </ksState>
    <ksState>
      <x>906.2007039596704</x>
      <y>-916.4887756384353</y>
      <steeringAngle>0.0</steeringAngle>
      <velocity>4.8</velocity>
      <orientation>-2.6314744</orientation>
      <time>26</time>
    </ksState>
    <ksState>
      <x>905.7469068368615</x>
      <y>-916.7426814722521</y>
      <steeringAngle>0.0</steeringAngle>
      <velocity>5.6</velocity>
      <orientation>-2.6314744</orientation>
      <time>27</time>
    </ksState>
    <ksState>
      <x>905.2232947722006</x>
      <y>-917.0356497419745</y>
      <steeringAngle>0.0</steeringAngle>
      <velocity>6.4</velocity>
      <orientation>-2.6314744</orientation>
      <time>28</time>
    </ksState>
    <ksState>
      <x>904.6298677656958</x>
      <y>-917.3676804475978</y>
      <steeringAngle>0.0</steeringAngle>
      <velocity>7.199999999999999</velocity>
      <orientation>-2.6314744</orientation>
      <time>29</time>
    </ksState>
    <ksState>
      <x>903.9666258173523</x>
      <y>-917.7387735891191</y>
      <steeringAngle>0.0</steeringAngle>
      <velocity>7.999999999999998</velocity>
      <orientation>-2.6314744</orientation>
      <time>30</time>
    </ksState>
    <ksState>
      <x>903.2991970289269</x>
      <y>-918.1023410943736</y>
      <steeringAngle>-0.03553333333333333</steeringAngle>
      <velocity>7.199999999999999</velocity>
      <orientation>-2.6366194129824922</orientation>
      <time>31</time>
    </ksState>
    <ksState>
      <x>902.6925463451131</x>
      <y>-918.4101423657174</y>
      <steeringAngle>-0.07106666666666664</steeringAngle>
      <velocity>6.400000000000001</velocity>
      <orientation>-2.6505960851034556</orientation>
      <time>32</time>
    </ksState>
    <ksState>
      <x>902.1471679963805</x>
      <y>-918.6619097516511</y>
      <steeringAngle>-0.10659999999999997</steeringAngle>
      <velocity>5.600000000000004</velocity>
      <orientation>-2.671227852969337</orientation>
      <time>33</time>
    </ksState>
  </ksTrajectory>
</CommonRoadSolution>
