<?xml version="1.0" ?>
<CommonRoadSolution benchmark_id="KS2:SM1:FRA_MoissyCramayel-4_1_T-1:2020a" computation_time="0.4389551049998772" date="2023-11-26T00:13:30">
  <ksTrajectory planningProblem="1">
    <ksState>
      <x>-724.51917</x>
      <y>-650.35229</y>
      <steeringAngle>0.0</steeringAngle>
      <velocity>4.0</velocity>
      <orientation>-0.21676464</orientation>
      <time>0</time>
    </ksState>
    <ksState>
      <x>-724.1675945799316</x>
      <y>-650.4297155982462</y>
      <steeringAngle>0.0</steeringAngle>
      <velocity>3.2</velocity>
      <orientation>-0.21676464</orientation>
      <time>1</time>
    </ksState>
    <ksState>
      <x>-723.8941470313121</x>
      <y>-650.4899355079222</y>
      <steeringAngle>0.0</steeringAngle>
      <velocity>2.4000000000000004</velocity>
      <orientation>-0.21676464</orientation>
      <time>2</time>
    </ksState>
    <ksState>
      <x>-723.6988273540418</x>
      <y>-650.53294972905</y>
      <steeringAngle>0.0</steeringAngle>
      <velocity>1.6</velocity>
      <orientation>-0.21676464</orientation>
      <time>3</time>
    </ksState>
    <ksState>
      <x>-723.5816355480813</x>
      <y>-650.5587582616381</y>
      <steeringAngle>0.0</steeringAngle>
      <velocity>0.7999999999999998</velocity>
      <orientation>-0.21676464</orientation>
      <time>4</time>
    </ksState>
    <ksState>
      <x>-723.5425716133788</x>
      <y>-650.5673611056982</y>
      <steeringAngle>0.0</steeringAngle>
      <velocity>-3.3306690738754696e-16</velocity>
      <orientation>-0.21676464</orientation>
      <time>5</time>
    </ksState>
    <ksState>
      <x>-723.5425716133788</x>
      <y>-650.5673611056982</y>
      <steeringAngle>0.0</steeringAngle>
      <velocity>0.0</velocity>
      <orientation>-0.21676464</orientation>
      <time>6</time>
    </ksState>
    <ksState>
      <x>-723.5425716133788</x>
      <y>-650.5673611056982</y>
      <steeringAngle>0.0</steeringAngle>
      <velocity>0.0</velocity>
      <orientation>-0.21676464</orientation>
      <time>7</time>
    </ksState>
    <ksState>
      <x>-723.5425716133788</x>
      <y>-650.5673611056982</y>
      <steeringAngle>0.0</steeringAngle>
      <velocity>0.0</velocity>
      <orientation>-0.21676464</orientation>
      <time>8</time>
    </ksState>
    <ksState>
      <x>-723.5425716133788</x>
      <y>-650.5673611056982</y>
      <steeringAngle>0.0</steeringAngle>
      <velocity>0.0</velocity>
      <orientation>-0.21676464</orientation>
      <time>9</time>
    </ksState>
    <ksState>
      <x>-723.5425716133788</x>
      <y>-650.5673611056982</y>
      <steeringAngle>0.0</steeringAngle>
      <velocity>0.0</velocity>
      <orientation>-0.21676464</orientation>
      <time>10</time>
    </ksState>
    <ksState>
      <x>-723.5425716133788</x>
      <y>-650.5673611056982</y>
      <steeringAngle>0.0</steeringAngle>
      <velocity>0.0</velocity>
      <orientation>-0.21676464</orientation>
      <time>11</time>
    </ksState>
    <ksState>
      <x>-723.5425716133788</x>
      <y>-650.5673611056982</y>
      <steeringAngle>0.0</steeringAngle>
      <velocity>0.0</velocity>
      <orientation>-0.21676464</orientation>
      <time>12</time>
    </ksState>
    <ksState>
      <x>-723.5425716133788</x>
      <y>-650.5673611056982</y>
      <steeringAngle>0.0</steeringAngle>
      <velocity>0.0</velocity>
      <orientation>-0.21676464</orientation>
      <time>13</time>
    </ksState>
    <ksState>
      <x>-723.5425716133788</x>
      <y>-650.5673611056982</y>
      <steeringAngle>0.0</steeringAngle>
      <velocity>0.0</velocity>
      <orientation>-0.21676464</orientation>
      <time>14</time>
    </ksState>
    <ksState>
      <x>-723.5425716133788</x>
      <y>-650.5673611056982</y>
      <steeringAngle>0.0</steeringAngle>
      <velocity>0.0</velocity>
      <orientation>-0.21676464</orientation>
      <time>15</time>
    </ksState>
    <ksState>
      <x>-723.5035076769942</x>
      <y>-650.5759639501287</y>
      <steeringAngle>0.0</steeringAngle>
      <velocity>0.8</velocity>
      <orientation>-0.21676464</orientation>
      <time>16</time>
    </ksState>
    <ksState>
      <x>-723.386315868998</x>
      <y>-650.6017724831652</y>
      <steeringAngle>0.0</steeringAngle>
      <velocity>1.6</velocity>
      <orientation>-0.21676464</orientation>
      <time>17</time>
    </ksState>
    <ksState>
      <x>-723.1909961895611</x>
      <y>-650.64478670477</y>
      <steeringAngle>0.0</steeringAngle>
      <velocity>2.4000000000000004</velocity>
      <orientation>-0.21676464</orientation>
      <time>18</time>
    </ksState>
    <ksState>
      <x>-722.9175486387353</x>
      <y>-650.7050066149319</y>
      <steeringAngle>0.0</steeringAngle>
      <velocity>3.2000000000000006</velocity>
      <orientation>-0.21676464</orientation>
      <time>19</time>
    </ksState>
    <ksState>
      <x>-722.5659732165417</x>
      <y>-650.7824322136461</y>
      <steeringAngle>0.0</steeringAngle>
      <velocity>4.000000000000001</velocity>
      <orientation>-0.21676464</orientation>
      <time>20</time>
    </ksState>
    <ksState>
      <x>-722.1753338597949</x>
      <y>-650.8684606563874</y>
      <steeringAngle>0.0</steeringAngle>
      <velocity>4.0</velocity>
      <orientation>-0.21676464</orientation>
      <time>21</time>
    </ksState>
    <ksState>
      <x>-721.7846945030482</x>
      <y>-650.9544890991288</y>
      <steeringAngle>0.0</steeringAngle>
      <velocity>4.0</velocity>
      <orientation>-0.21676464</orientation>
      <time>22</time>
    </ksState>
    <ksState>
      <x>-721.3940551463015</x>
      <y>-651.04051754187</y>
      <steeringAngle>0.0</steeringAngle>
      <velocity>4.0</velocity>
      <orientation>-0.21676464</orientation>
      <time>23</time>
    </ksState>
    <ksState>
      <x>-721.0034157895548</x>
      <y>-651.1265459846114</y>
      <steeringAngle>0.0</steeringAngle>
      <velocity>4.0</velocity>
      <orientation>-0.21676464</orientation>
      <time>24</time>
    </ksState>
    <ksState>
      <x>-720.612776432808</x>
      <y>-651.2125744273527</y>
      <steeringAngle>0.0</steeringAngle>
      <velocity>4.0</velocity>
      <orientation>-0.21676464</orientation>
      <time>25</time>
    </ksState>
    <ksState>
      <x>-720.1830731393829</x>
      <y>-651.3072057145891</y>
      <steeringAngle>0.0</steeringAngle>
      <velocity>4.8</velocity>
      <orientation>-0.21676464</orientation>
      <time>26</time>
    </ksState>
    <ksState>
      <x>-719.6752419745644</x>
      <y>-651.4190426903837</y>
      <steeringAngle>0.0</steeringAngle>
      <velocity>5.6</velocity>
      <orientation>-0.21676464</orientation>
      <time>27</time>
    </ksState>
    <ksState>
      <x>-719.089282938368</x>
      <y>-651.5480853547327</y>
      <steeringAngle>0.0</steeringAngle>
      <velocity>6.4</velocity>
      <orientation>-0.21676464</orientation>
      <time>28</time>
    </ksState>
    <ksState>
      <x>-718.4251960308028</x>
      <y>-651.6943337076342</y>
      <steeringAngle>0.0</steeringAngle>
      <velocity>7.199999999999999</velocity>
      <orientation>-0.21676464</orientation>
      <time>29</time>
    </ksState>
    <ksState>
      <x>-717.6829812518746</x>
      <y>-651.857787749087</y>
      <steeringAngle>0.0</steeringAngle>
      <velocity>7.999999999999998</velocity>
      <orientation>-0.21676464</orientation>
      <time>30</time>
    </ksState>
    <ksState>
      <x>-716.9426389723626</x>
      <y>-652.0296476561722</y>
      <steeringAngle>-0.03553333333333333</steeringAngle>
      <velocity>7.199999999999999</velocity>
      <orientation>-0.22190965298249232</orientation>
      <time>31</time>
    </ksState>
    <ksState>
      <x>-716.2847721945236</x>
      <y>-652.2027891515688</y>
      <steeringAngle>-0.07106666666666664</steeringAngle>
      <velocity>6.400000000000001</velocity>
      <orientation>-0.23588632510345545</orientation>
      <time>32</time>
    </ksState>
    <ksState>
      <x>-715.7099280979138</x>
      <y>-652.3770838000207</y>
      <steeringAngle>-0.10659999999999997</steeringAngle>
      <velocity>5.600000000000004</velocity>
      <orientation>-0.2565180929693368</orientation>
      <time>33</time>
    </ksState>
  </ksTrajectory>
</CommonRoadSolution>
