<?xml version="1.0" ?>
<CommonRoadSolution benchmark_id="KS2:SM1:DEU_Flensburg-18_1_T-1:2020a" computation_time="3.3178795610000407" date="2023-11-26T00:13:30">
  <ksTrajectory planningProblem="123">
    <ksState>
      <x>364.88601</x>
      <y>-114.28102</y>
      <steeringAngle>0.0</steeringAngle>
      <velocity>8.0</velocity>
      <orientation>-0.39548958</orientation>
      <time>0</time>
    </ksState>
    <ksState>
      <x>365.62425644748936</x>
      <y>-114.58922801866488</y>
      <steeringAngle>0.0</steeringAngle>
      <velocity>8.0</velocity>
      <orientation>-0.39548958</orientation>
      <time>1</time>
    </ksState>
    <ksState>
      <x>366.3625028949787</x>
      <y>-114.89743603732978</y>
      <steeringAngle>0.0</steeringAngle>
      <velocity>8.0</velocity>
      <orientation>-0.39548958</orientation>
      <time>2</time>
    </ksState>
    <ksState>
      <x>367.1007493424681</x>
      <y>-115.20564405599467</y>
      <steeringAngle>0.0</steeringAngle>
      <velocity>8.0</velocity>
      <orientation>-0.39548958</orientation>
      <time>3</time>
    </ksState>
    <ksState>
      <x>367.83899578995744</x>
      <y>-115.51385207465955</y>
      <steeringAngle>0.0</steeringAngle>
      <velocity>8.0</velocity>
      <orientation>-0.39548958</orientation>
      <time>4</time>
    </ksState>
    <ksState>
      <x>368.5772422374468</x>
      <y>-115.82206009332444</y>
      <steeringAngle>0.0</steeringAngle>
      <velocity>8.0</velocity>
      <orientation>-0.39548958</orientation>
      <time>5</time>
    </ksState>
    <ksState>
      <x>369.2785763618909</x>
      <y>-116.11485771077604</y>
      <steeringAngle>0.0</steeringAngle>
      <velocity>7.200000000000001</velocity>
      <orientation>-0.39548958</orientation>
      <time>6</time>
    </ksState>
    <ksState>
      <x>369.9060858413145</x>
      <y>-116.37683452624778</y>
      <steeringAngle>0.0</steeringAngle>
      <velocity>6.400000000000001</velocity>
      <orientation>-0.39548958</orientation>
      <time>7</time>
    </ksState>
    <ksState>
      <x>370.45977067590223</x>
      <y>-116.60799053981674</y>
      <steeringAngle>0.0</steeringAngle>
      <velocity>5.600000000000001</velocity>
      <orientation>-0.39548958</orientation>
      <time>8</time>
    </ksState>
    <ksState>
      <x>370.93963086570636</x>
      <y>-116.80832575150473</y>
      <steeringAngle>0.0</steeringAngle>
      <velocity>4.800000000000001</velocity>
      <orientation>-0.39548958</orientation>
      <time>9</time>
    </ksState>
    <ksState>
      <x>371.345666410746</x>
      <y>-116.97784016131972</y>
      <steeringAngle>0.0</steeringAngle>
      <velocity>4.000000000000001</velocity>
      <orientation>-0.39548958</orientation>
      <time>10</time>
    </ksState>
    <ksState>
      <x>371.7517019578135</x>
      <y>-117.14735457198132</y>
      <steeringAngle>0.0</steeringAngle>
      <velocity>4.8</velocity>
      <orientation>-0.39548958</orientation>
      <time>11</time>
    </ksState>
    <ksState>
      <x>372.2315621496716</x>
      <y>-117.34768978452685</y>
      <steeringAngle>0.0</steeringAngle>
      <velocity>5.6</velocity>
      <orientation>-0.39548958</orientation>
      <time>12</time>
    </ksState>
    <ksState>
      <x>372.7852469863057</x>
      <y>-117.57884579895011</y>
      <steeringAngle>0.0</steeringAngle>
      <velocity>6.4</velocity>
      <orientation>-0.39548958</orientation>
      <time>13</time>
    </ksState>
    <ksState>
      <x>373.412756467707</x>
      <y>-117.84082261524753</y>
      <steeringAngle>0.0</steeringAngle>
      <velocity>7.199999999999999</velocity>
      <orientation>-0.39548958</orientation>
      <time>14</time>
    </ksState>
    <ksState>
      <x>374.11409059387023</x>
      <y>-118.13362023341682</y>
      <steeringAngle>0.0</steeringAngle>
      <velocity>7.999999999999998</velocity>
      <orientation>-0.39548958</orientation>
      <time>15</time>
    </ksState>
    <ksState>
      <x>374.8487270199334</x>
      <y>-118.45041274701546</y>
      <steeringAngle>-0.03553333333333333</steeringAngle>
      <velocity>8.0</velocity>
      <orientation>-0.4010021150028388</orientation>
      <time>16</time>
    </ksState>
    <ksState>
      <x>375.57356748590934</x>
      <y>-118.78969341684989</y>
      <steeringAngle>-0.07106666666666667</steeringAngle>
      <velocity>8.0</velocity>
      <orientation>-0.41755363588310845</orientation>
      <time>17</time>
    </ksState>
    <ksState>
      <x>376.2841318201106</x>
      <y>-119.15921295568916</y>
      <steeringAngle>-0.10659999999999997</steeringAngle>
      <velocity>8.0</velocity>
      <orientation>-0.44518611517380335</orientation>
      <time>18</time>
    </ksState>
    <ksState>
      <x>376.97490866742424</x>
      <y>-119.5662865868286</y>
      <steeringAngle>-0.1421333333333333</steeringAngle>
      <velocity>8.0</velocity>
      <orientation>-0.48396996744653825</orientation>
      <time>19</time>
    </ksState>
    <ksState>
      <x>377.6391090088805</x>
      <y>-120.01757725064161</y>
      <steeringAngle>-0.17766666666666667</steeringAngle>
      <velocity>8.0</velocity>
      <orientation>-0.5340047796956929</orientation>
      <time>20</time>
    </ksState>
    <ksState>
      <x>378.23779907255687</x>
      <y>-120.49271795401624</y>
      <steeringAngle>-0.21320000000000014</steeringAngle>
      <velocity>7.200000000000003</velocity>
      <orientation>-0.5922541067671858</orientation>
      <time>21</time>
    </ksState>
    <ksState>
      <x>378.73879709139754</x>
      <y>-120.96059846291688</y>
      <steeringAngle>-0.24873333333333347</steeringAngle>
      <velocity>6.400000000000004</velocity>
      <orientation>-0.6541711942529651</orientation>
      <time>22</time>
    </ksState>
    <ksState>
      <x>379.14617727229586</x>
      <y>-121.41002006289865</y>
      <steeringAngle>-0.2842666666666668</steeringAngle>
      <velocity>5.600000000000001</velocity>
      <orientation>-0.7175933370168863</orientation>
      <time>23</time>
    </ksState>
    <ksState>
      <x>379.46643844228134</x>
      <y>-121.82912106413379</y>
      <steeringAngle>-0.3198</steeringAngle>
      <velocity>4.800000000000002</velocity>
      <orientation>-0.7803224367588388</orientation>
      <time>24</time>
    </ksState>
    <ksState>
      <x>379.7082694683619</x>
      <y>-122.20628343718298</y>
      <steeringAngle>-0.3553333333333332</steeringAngle>
      <velocity>4.000000000000001</velocity>
      <orientation>-0.8401122708070536</orientation>
      <time>25</time>
    </ksState>
    <ksState>
      <x>379.90013304179877</x>
      <y>-122.56761872471911</y>
      <steeringAngle>-0.39086666666666653</steeringAngle>
      <velocity>4.0</velocity>
      <orientation>-0.9008326371130408</orientation>
      <time>26</time>
    </ksState>
    <ksState>
      <x>380.061135931562</x>
      <y>-122.94591114314633</y>
      <steeringAngle>-0.42639999999999995</steeringAngle>
      <velocity>4.0</velocity>
      <orientation>-0.9680022505694444</orientation>
      <time>27</time>
    </ksState>
    <ksState>
      <x>380.18710848292204</x>
      <y>-123.33965771690232</y>
      <steeringAngle>-0.4619333333333333</steeringAngle>
      <velocity>4.0</velocity>
      <orientation>-1.0418228342017883</orientation>
      <time>28</time>
    </ksState>
    <ksState>
      <x>380.2736769036855</x>
      <y>-123.74652454939951</y>
      <steeringAngle>-0.49746666666666667</steeringAngle>
      <velocity>4.0</velocity>
      <orientation>-1.1225233760150088</orientation>
      <time>29</time>
    </ksState>
    <ksState>
      <x>380.31636265651457</x>
      <y>-124.16320457297661</y>
      <steeringAngle>-0.533</steeringAngle>
      <velocity>4.0</velocity>
      <orientation>-1.2103632426148174</orientation>
      <time>30</time>
    </ksState>
    <ksState>
      <x>380.32186864131313</x>
      <y>-124.58217383316232</y>
      <steeringAngle>-0.4974666666666666</steeringAngle>
      <velocity>4.0</velocity>
      <orientation>-1.2982031094542665</orientation>
      <time>31</time>
    </ksState>
    <ksState>
      <x>380.3019795500996</x>
      <y>-124.99780144789062</y>
      <steeringAngle>-0.4619333333333334</steeringAngle>
      <velocity>4.0</velocity>
      <orientation>-1.3789036512414368</orientation>
      <time>32</time>
    </ksState>
    <ksState>
      <x>380.2597445467651</x>
      <y>-125.40916052993535</y>
      <steeringAngle>-0.42640000000000017</steeringAngle>
      <velocity>4.0</velocity>
      <orientation>-1.4527242344912419</orientation>
      <time>33</time>
    </ksState>
    <ksState>
      <x>380.1980709433991</x>
      <y>-125.81573996431034</y>
      <steeringAngle>-0.3908666666666668</steeringAngle>
      <velocity>4.0</velocity>
      <orientation>-1.5198938473541044</orientation>
      <time>34</time>
    </ksState>
    <ksState>
      <x>380.11971780839065</x>
      <y>-126.21737262308348</y>
      <steeringAngle>-0.3553333333333335</steeringAngle>
      <velocity>4.0</velocity>
      <orientation>-1.5806142152323903</orientation>
      <time>35</time>
    </ksState>
    <ksState>
      <x>380.01701805111543</x>
      <y>-126.65357355495367</y>
      <steeringAngle>-0.31979999999999975</steeringAngle>
      <velocity>4.800000000000001</velocity>
      <orientation>-1.6404040502641388</orientation>
      <time>36</time>
    </ksState>
    <ksState>
      <x>379.8754951824604</x>
      <y>-127.16181126010682</y>
      <steeringAngle>-0.28426666666666645</steeringAngle>
      <velocity>5.600000000000004</velocity>
      <orientation>-1.7031331503954625</orientation>
      <time>37</time>
    </ksState>
    <ksState>
      <x>379.68808060820135</x>
      <y>-127.73885048864943</y>
      <steeringAngle>-0.2487333333333331</steeringAngle>
      <velocity>6.400000000000004</velocity>
      <orientation>-1.7665552870881382</orientation>
      <time>38</time>
    </ksState>
    <ksState>
      <x>379.44888649989156</x>
      <y>-128.3814192348314</y>
      <steeringAngle>-0.21319999999999992</steeringAngle>
      <velocity>7.200000000000004</velocity>
      <orientation>-1.8284723757659374</orientation>
      <time>39</time>
    </ksState>
    <ksState>
      <x>379.15378766979325</x>
      <y>-129.08663795212715</y>
      <steeringAngle>-0.17766666666666656</steeringAngle>
      <velocity>8.000000000000004</velocity>
      <orientation>-1.8867217053669025</orientation>
      <time>40</time>
    </ksState>
    <ksState>
      <x>378.8185235825732</x>
      <y>-129.816458492658</y>
      <steeringAngle>-0.14213333333333336</steeringAngle>
      <velocity>8.0</velocity>
      <orientation>-1.9367565169156509</orientation>
      <time>41</time>
    </ksState>
    <ksState>
      <x>378.466013819672</x>
      <y>-130.53672453835682</y>
      <steeringAngle>-0.1066000000000001</steeringAngle>
      <velocity>8.0</velocity>
      <orientation>-1.9755403689226483</orientation>
      <time>42</time>
    </ksState>
    <ksState>
      <x>378.10427287649856</x>
      <y>-131.2513617360444</y>
      <steeringAngle>-0.07106666666666674</steeringAngle>
      <velocity>8.0</velocity>
      <orientation>-2.003172847952335</orientation>
      <time>43</time>
    </ksState>
    <ksState>
      <x>377.7410883375831</x>
      <y>-131.96457382204724</y>
      <steeringAngle>-0.035533333333333354</steeringAngle>
      <velocity>8.0</velocity>
      <orientation>-2.0197243685813646</orientation>
      <time>44</time>
    </ksState>
    <ksState>
      <x>377.3841861052438</x>
      <y>-132.68059903238995</y>
      <steeringAngle>-2.0816681711721685e-17</steeringAngle>
      <velocity>8.0</velocity>
      <orientation>-2.0252368950397694</orientation>
      <time>45</time>
    </ksState>
    <ksState>
      <x>377.0330183217874</x>
      <y>-133.39940442181205</y>
      <steeringAngle>0.0</steeringAngle>
      <velocity>8.0</velocity>
      <orientation>-2.0252368950397694</orientation>
      <time>46</time>
    </ksState>
    <ksState>
      <x>376.6818505383309</x>
      <y>-134.11820981123415</y>
      <steeringAngle>0.0</steeringAngle>
      <velocity>8.0</velocity>
      <orientation>-2.0252368950397694</orientation>
      <time>47</time>
    </ksState>
    <ksState>
      <x>376.33068275487443</x>
      <y>-134.83701520065628</y>
      <steeringAngle>0.0</steeringAngle>
      <velocity>8.0</velocity>
      <orientation>-2.0252368950397694</orientation>
      <time>48</time>
    </ksState>
    <ksState>
      <x>375.9795149714179</x>
      <y>-135.55582059007838</y>
      <steeringAngle>0.0</steeringAngle>
      <velocity>8.0</velocity>
      <orientation>-2.0252368950397694</orientation>
      <time>49</time>
    </ksState>
    <ksState>
      <x>375.6283471879615</x>
      <y>-136.27462597950048</y>
      <steeringAngle>0.0</steeringAngle>
      <velocity>8.0</velocity>
      <orientation>-2.0252368950397694</orientation>
      <time>50</time>
    </ksState>
    <ksState>
      <x>375.26882251284127</x>
      <y>-136.98932184709082</y>
      <steeringAngle>-0.03553333333333333</steeringAngle>
      <velocity>8.0</velocity>
      <orientation>-2.0307494300426083</orientation>
      <time>51</time>
    </ksState>
    <ksState>
      <x>374.8874258929112</x>
      <y>-137.6929138399002</y>
      <steeringAngle>-0.07106666666666667</steeringAngle>
      <velocity>8.0</velocity>
      <orientation>-2.0473009509228777</orientation>
      <time>52</time>
    </ksState>
    <ksState>
      <x>374.47668403681604</x>
      <y>-138.3804729211975</y>
      <steeringAngle>-0.10659999999999997</steeringAngle>
      <velocity>8.0</velocity>
      <orientation>-2.074933430213573</orientation>
      <time>53</time>
    </ksState>
    <ksState>
      <x>374.0296191402615</x>
      <y>-139.04606631976924</y>
      <steeringAngle>-0.1421333333333333</steeringAngle>
      <velocity>8.0</velocity>
      <orientation>-2.1137172824863075</orientation>
      <time>54</time>
    </ksState>
    <ksState>
      <x>373.5399798247196</x>
      <y>-139.68252425043787</y>
      <steeringAngle>-0.17766666666666667</steeringAngle>
      <velocity>8.0</velocity>
      <orientation>-2.1637520947354623</orientation>
      <time>55</time>
    </ksState>
    <ksState>
      <x>373.0178924671943</x>
      <y>-140.2928232105161</y>
      <steeringAngle>-0.14213333333333336</steeringAngle>
      <velocity>8.0</velocity>
      <orientation>-2.2137869062842106</orientation>
      <time>56</time>
    </ksState>
    <ksState>
      <x>372.4818301382465</x>
      <y>-140.889215270331</y>
      <steeringAngle>-0.1066000000000001</steeringAngle>
      <velocity>8.0</velocity>
      <orientation>-2.252570758291208</orientation>
      <time>57</time>
    </ksState>
    <ksState>
      <x>371.93842808928235</x>
      <y>-141.47766836741553</y>
      <steeringAngle>-0.07106666666666674</steeringAngle>
      <velocity>8.0</velocity>
      <orientation>-2.280203237320895</orientation>
      <time>58</time>
    </ksState>
    <ksState>
      <x>371.39402725490595</x>
      <y>-142.06435586554207</y>
      <steeringAngle>-0.035533333333333354</steeringAngle>
      <velocity>8.0</velocity>
      <orientation>-2.296754757949924</orientation>
      <time>59</time>
    </ksState>
    <ksState>
      <x>370.85489980365276</x>
      <y>-142.65546744265794</y>
      <steeringAngle>-2.0816681711721685e-17</steeringAngle>
      <velocity>8.0</velocity>
      <orientation>-2.302267284408329</orientation>
      <time>60</time>
    </ksState>
    <ksState>
      <x>370.3274742680901</x>
      <y>-143.2570241561999</y>
      <steeringAngle>0.03553333333333333</steeringAngle>
      <velocity>8.0</velocity>
      <orientation>-2.29675474940549</orientation>
      <time>61</time>
    </ksState>
    <ksState>
      <x>369.8185521400718</x>
      <y>-143.87468372396592</y>
      <steeringAngle>0.07106666666666667</steeringAngle>
      <velocity>8.0</velocity>
      <orientation>-2.2802032285252207</orientation>
      <time>62</time>
    </ksState>
    <ksState>
      <x>369.3355077212705</x>
      <y>-144.51352208543753</y>
      <steeringAngle>0.10659999999999997</steeringAngle>
      <velocity>8.0</velocity>
      <orientation>-2.2525707492345255</orientation>
      <time>63</time>
    </ksState>
    <ksState>
      <x>368.8864595845328</x>
      <y>-145.17777908754292</y>
      <steeringAngle>0.1421333333333333</steeringAngle>
      <velocity>8.0</velocity>
      <orientation>-2.213786896961791</orientation>
      <time>64</time>
    </ksState>
    <ksState>
      <x>368.480400080545</x>
      <y>-145.87055685570277</y>
      <steeringAngle>0.17766666666666667</steeringAngle>
      <velocity>8.0</velocity>
      <orientation>-2.163752084712636</orientation>
      <time>65</time>
    </ksState>
    <ksState>
      <x>368.110768495281</x>
      <y>-146.58358737449942</y>
      <steeringAngle>0.14213333333333336</steeringAngle>
      <velocity>8.0</velocity>
      <orientation>-2.113717273163888</orientation>
      <time>66</time>
    </ksState>
    <ksState>
      <x>367.75927334108036</x>
      <y>-147.3043491008007</y>
      <steeringAngle>0.1066000000000001</steeringAngle>
      <velocity>8.0</velocity>
      <orientation>-2.0749334211568904</orientation>
      <time>67</time>
    </ksState>
    <ksState>
      <x>367.41789206377837</x>
      <y>-148.02893288325404</y>
      <steeringAngle>0.07106666666666674</steeringAngle>
      <velocity>8.0</velocity>
      <orientation>-2.0473009421272033</orientation>
      <time>68</time>
    </ksState>
    <ksState>
      <x>367.07852221354767</x>
      <y>-148.7537794833579</y>
      <steeringAngle>0.035533333333333354</steeringAngle>
      <velocity>8.0</velocity>
      <orientation>-2.0307494214981743</orientation>
      <time>69</time>
    </ksState>
    <ksState>
      <x>366.73307203828654</x>
      <y>-149.4753995230652</y>
      <steeringAngle>2.0816681711721685e-17</steeringAngle>
      <velocity>8.0</velocity>
      <orientation>-2.0252368950397694</orientation>
      <time>70</time>
    </ksState>
    <ksState>
      <x>366.3735473631663</x>
      <y>-150.19009539065553</y>
      <steeringAngle>-0.03553333333333333</steeringAngle>
      <velocity>8.0</velocity>
      <orientation>-2.0307494300426083</orientation>
      <time>71</time>
    </ksState>
    <ksState>
      <x>365.99215074323627</x>
      <y>-150.8936873834649</y>
      <steeringAngle>-0.07106666666666667</steeringAngle>
      <velocity>8.0</velocity>
      <orientation>-2.0473009509228777</orientation>
      <time>72</time>
    </ksState>
    <ksState>
      <x>365.5814088871411</x>
      <y>-151.58124646476222</y>
      <steeringAngle>-0.10659999999999997</steeringAngle>
      <velocity>8.0</velocity>
      <orientation>-2.074933430213573</orientation>
      <time>73</time>
    </ksState>
    <ksState>
      <x>365.13434399058656</x>
      <y>-152.24683986333395</y>
      <steeringAngle>-0.1421333333333333</steeringAngle>
      <velocity>8.0</velocity>
      <orientation>-2.1137172824863075</orientation>
      <time>74</time>
    </ksState>
    <ksState>
      <x>364.64470467504464</x>
      <y>-152.88329779400257</y>
      <steeringAngle>-0.17766666666666667</steeringAngle>
      <velocity>8.0</velocity>
      <orientation>-2.1637520947354623</orientation>
      <time>75</time>
    </ksState>
    <ksState>
      <x>364.1493352362421</x>
      <y>-153.46362745119643</y>
      <steeringAngle>-0.1421333333333334</steeringAngle>
      <velocity>7.2</velocity>
      <orientation>-2.2113794164810994</orientation>
      <time>76</time>
    </ksState>
    <ksState>
      <x>363.69632264660964</x>
      <y>-153.97294080345188</y>
      <steeringAngle>-0.10660000000000011</steeringAngle>
      <velocity>6.4</velocity>
      <orientation>-2.244438986929067</orientation>
      <time>77</time>
    </ksState>
    <ksState>
      <x>363.29389119662443</x>
      <y>-154.41896505694916</y>
      <steeringAngle>-0.07106666666666674</steeringAngle>
      <velocity>5.600000000000001</velocity>
      <orientation>-2.2652559352229558</orientation>
      <time>78</time>
    </ksState>
    <ksState>
      <x>362.94689936911993</x>
      <y>-154.80657555743846</y>
      <steeringAngle>-0.03553333333333339</steeringAngle>
      <velocity>4.800000000000001</velocity>
      <orientation>-2.2761065448806184</orientation>
      <time>79</time>
    </ksState>
    <ksState>
      <x>362.65758956780206</x>
      <y>-155.13811951143444</y>
      <steeringAngle>-5.5294310796760726e-17</steeringAngle>
      <velocity>4.0</velocity>
      <orientation>-2.279230320717784</orientation>
      <time>80</time>
    </ksState>
    <ksState>
      <x>362.3750385710082</x>
      <y>-155.4754361929895</y>
      <steeringAngle>0.035533333333333326</steeringAngle>
      <velocity>4.799999999999999</velocity>
      <orientation>-2.276106542048593</orientation>
      <time>81</time>
    </ksState>
    <ksState>
      <x>362.0516631944474</x>
      <y>-155.8829339122285</y>
      <steeringAngle>0.07106666666666667</steeringAngle>
      <velocity>5.599999999999998</velocity>
      <orientation>-2.2652559309874203</orientation>
      <time>82</time>
    </ksState>
    <ksState>
      <x>361.6951378225911</x>
      <y>-156.36638923537154</y>
      <steeringAngle>0.10659999999999999</steeringAngle>
      <velocity>6.3999999999999995</velocity>
      <orientation>-2.2444389819870922</orientation>
      <time>83</time>
    </ksState>
    <ksState>
      <x>361.31660170569864</x>
      <y>-156.93316036584164</y>
      <steeringAngle>0.14213333333333333</steeringAngle>
      <velocity>7.199999999999999</velocity>
      <orientation>-2.211379411005927</orientation>
      <time>84</time>
    </ksState>
    <ksState>
      <x>360.9317727895251</x>
      <y>-157.59186799414903</y>
      <steeringAngle>0.17766666666666664</steeringAngle>
      <velocity>7.9999999999999964</velocity>
      <orientation>-2.1637520889243804</orientation>
      <time>85</time>
    </ksState>
    <ksState>
      <x>360.562141201258</x>
      <y>-158.3048985113889</y>
      <steeringAngle>0.14213333333333336</steeringAngle>
      <velocity>8.0</velocity>
      <orientation>-2.113717277375632</orientation>
      <time>86</time>
    </ksState>
    <ksState>
      <x>360.2106460440217</x>
      <y>-159.02566023620972</y>
      <steeringAngle>0.1066000000000001</steeringAngle>
      <velocity>8.0</velocity>
      <orientation>-2.0749334253686347</orientation>
      <time>87</time>
    </ksState>
    <ksState>
      <x>359.8692647636679</x>
      <y>-159.7502440172253</y>
      <steeringAngle>0.07106666666666674</steeringAngle>
      <velocity>8.0</velocity>
      <orientation>-2.0473009463389475</orientation>
      <time>88</time>
    </ksState>
    <ksState>
      <x>359.5298949103843</x>
      <y>-160.47509061589977</y>
      <steeringAngle>0.035533333333333354</steeringAngle>
      <velocity>8.0</velocity>
      <orientation>-2.0307494257099186</orientation>
      <time>89</time>
    </ksState>
    <ksState>
      <x>359.1844447320839</x>
      <y>-161.19671065415216</y>
      <steeringAngle>2.0816681711721685e-17</steeringAngle>
      <velocity>8.0</velocity>
      <orientation>-2.0252368992515137</orientation>
      <time>90</time>
    </ksState>
    <ksState>
      <x>358.83327694559995</x>
      <y>-161.91551604209522</y>
      <steeringAngle>0.0</steeringAngle>
      <velocity>8.0</velocity>
      <orientation>-2.0252368992515137</orientation>
      <time>91</time>
    </ksState>
    <ksState>
      <x>358.4821091591161</x>
      <y>-162.6343214300383</y>
      <steeringAngle>0.0</steeringAngle>
      <velocity>8.0</velocity>
      <orientation>-2.0252368992515137</orientation>
      <time>92</time>
    </ksState>
    <ksState>
      <x>358.13094137263215</x>
      <y>-163.35312681798138</y>
      <steeringAngle>0.0</steeringAngle>
      <velocity>8.0</velocity>
      <orientation>-2.0252368992515137</orientation>
      <time>93</time>
    </ksState>
    <ksState>
      <x>357.7797735861483</x>
      <y>-164.07193220592447</y>
      <steeringAngle>0.0</steeringAngle>
      <velocity>8.0</velocity>
      <orientation>-2.0252368992515137</orientation>
      <time>94</time>
    </ksState>
    <ksState>
      <x>357.42860579966435</x>
      <y>-164.79073759386753</y>
      <steeringAngle>0.0</steeringAngle>
      <velocity>8.0</velocity>
      <orientation>-2.0252368992515137</orientation>
      <time>95</time>
    </ksState>
    <ksState>
      <x>357.06908112153405</x>
      <y>-165.50543345994362</y>
      <steeringAngle>-0.03553333333333333</steeringAngle>
      <velocity>8.0</velocity>
      <orientation>-2.0307494342543526</orientation>
      <time>96</time>
    </ksState>
    <ksState>
      <x>356.68768449864064</x>
      <y>-166.20902545114666</y>
      <steeringAngle>-0.07106666666666667</steeringAngle>
      <velocity>8.0</velocity>
      <orientation>-2.047300955134622</orientation>
      <time>97</time>
    </ksState>
    <ksState>
      <x>356.2769426396497</x>
      <y>-166.89658453071402</y>
      <steeringAngle>-0.10659999999999997</steeringAngle>
      <velocity>8.0</velocity>
      <orientation>-2.074933434425317</orientation>
      <time>98</time>
    </ksState>
    <ksState>
      <x>355.82987774029175</x>
      <y>-167.56217792740284</y>
      <steeringAngle>-0.1421333333333333</steeringAngle>
      <velocity>8.0</velocity>
      <orientation>-2.113717286698052</orientation>
      <time>99</time>
    </ksState>
  </ksTrajectory>
</CommonRoadSolution>
