<?xml version="1.0" ?>
<CommonRoadSolution benchmark_id="KS2:SM1:DEU_Flensburg-82_1_T-1:2020a" computation_time="0.42494891000023927" date="2023-11-26T00:13:30">
  <ksTrajectory planningProblem="123">
    <ksState>
      <x>453.12322</x>
      <y>-399.0755</y>
      <steeringAngle>0.0</steeringAngle>
      <velocity>4.0</velocity>
      <orientation>1.1302833</orientation>
      <time>0</time>
    </ksState>
    <ksState>
      <x>453.306393641754</x>
      <y>-398.6754187252431</y>
      <steeringAngle>0.035533333333333326</steeringAngle>
      <velocity>4.799999999999999</velocity>
      <orientation>1.133407078669191</orientation>
      <time>1</time>
    </ksState>
    <ksState>
      <x>453.5103563603206</x>
      <y>-398.19685291494557</y>
      <steeringAngle>0.07106666666666667</steeringAngle>
      <velocity>5.599999999999998</velocity>
      <orientation>1.1442576897303638</orientation>
      <time>2</time>
    </ksState>
    <ksState>
      <x>453.72617835359347</x>
      <y>-397.63626370931246</y>
      <steeringAngle>0.10659999999999999</steeringAngle>
      <velocity>6.3999999999999995</velocity>
      <orientation>1.1650746387306916</orientation>
      <time>3</time>
    </ksState>
    <ksState>
      <x>453.94116986614995</x>
      <y>-396.9895042828987</y>
      <steeringAngle>0.14213333333333333</steeringAngle>
      <velocity>7.199999999999999</velocity>
      <orientation>1.1981342097118568</orientation>
      <time>4</time>
    </ksState>
    <ksState>
      <x>454.13789158494984</x>
      <y>-396.25242246948443</y>
      <steeringAngle>0.17766666666666664</steeringAngle>
      <velocity>7.9999999999999964</velocity>
      <orientation>1.2457615317934034</orientation>
      <time>5</time>
    </ksState>
    <ksState>
      <x>454.30557742191</x>
      <y>-395.46697897078883</y>
      <steeringAngle>0.14213333333333336</steeringAngle>
      <velocity>8.0</velocity>
      <orientation>1.2957963433421518</orientation>
      <time>6</time>
    </ksState>
    <ksState>
      <x>454.45372721427225</x>
      <y>-394.67888129375234</y>
      <steeringAngle>0.1066000000000001</steeringAngle>
      <velocity>8.0</velocity>
      <orientation>1.3345801953491492</orientation>
      <time>7</time>
    </ksState>
    <ksState>
      <x>454.5911121568871</x>
      <y>-393.88977533646306</y>
      <steeringAngle>0.07106666666666674</steeringAngle>
      <velocity>8.0</velocity>
      <orientation>1.362212674378836</orientation>
      <time>8</time>
    </ksState>
    <ksState>
      <x>454.72648785842847</x>
      <y>-393.100948417323</y>
      <steeringAngle>0.035533333333333354</steeringAngle>
      <velocity>8.0</velocity>
      <orientation>1.3787641950078655</orientation>
      <time>9</time>
    </ksState>
    <ksState>
      <x>454.8685811175445</x>
      <y>-392.31362331864466</y>
      <steeringAngle>2.0816681711721685e-17</steeringAngle>
      <velocity>8.0</velocity>
      <orientation>1.3842767214662703</orientation>
      <time>10</time>
    </ksState>
    <ksState>
      <x>455.0077775302779</x>
      <y>-391.52579558756815</y>
      <steeringAngle>0.03553333333333333</steeringAngle>
      <velocity>8.0</velocity>
      <orientation>1.3897892564691092</orientation>
      <time>11</time>
    </ksState>
    <ksState>
      <x>455.12280336656295</x>
      <y>-390.73378919174394</y>
      <steeringAngle>0.07106666666666667</steeringAngle>
      <velocity>8.0</velocity>
      <orientation>1.4063407773493788</orientation>
      <time>12</time>
    </ksState>
    <ksState>
      <x>455.20472122612637</x>
      <y>-389.9370860934021</y>
      <steeringAngle>0.10659999999999997</steeringAngle>
      <velocity>8.0</velocity>
      <orientation>1.4339732566400736</orientation>
      <time>13</time>
    </ksState>
    <ksState>
      <x>455.2443906540554</x>
      <y>-389.136269054097</y>
      <steeringAngle>0.1421333333333333</steeringAngle>
      <velocity>8.0</velocity>
      <orientation>1.4727571089128086</orientation>
      <time>14</time>
    </ksState>
    <ksState>
      <x>455.2325137502063</x>
      <y>-388.3333467066746</y>
      <steeringAngle>0.17766666666666667</steeringAngle>
      <velocity>8.0</velocity>
      <orientation>1.5227919211619634</orientation>
      <time>15</time>
    </ksState>
    <ksState>
      <x>455.1824812657863</x>
      <y>-387.571985988998</y>
      <steeringAngle>0.1421333333333334</steeringAngle>
      <velocity>7.2</velocity>
      <orientation>1.5704192429076003</orientation>
      <time>16</time>
    </ksState>
    <ksState>
      <x>455.1239334395482</x>
      <y>-386.8928743271971</y>
      <steeringAngle>0.10660000000000011</steeringAngle>
      <velocity>6.4</velocity>
      <orientation>1.6034788133555682</orientation>
      <time>17</time>
    </ksState>
    <ksState>
      <x>455.0680828223483</x>
      <y>-386.2947360361611</y>
      <steeringAngle>0.07106666666666674</steeringAngle>
      <velocity>5.600000000000001</velocity>
      <orientation>1.6242957616494567</orientation>
      <time>18</time>
    </ksState>
    <ksState>
      <x>455.02173888261973</x>
      <y>-385.7765686233543</y>
      <steeringAngle>0.03553333333333339</steeringAngle>
      <velocity>4.800000000000001</velocity>
      <orientation>1.6351463713071197</orientation>
      <time>19</time>
    </ksState>
    <ksState>
      <x>454.988102504302</x>
      <y>-385.3378316308138</y>
      <steeringAngle>5.5294310796760726e-17</steeringAngle>
      <velocity>4.0</velocity>
      <orientation>1.638270147144285</orientation>
      <time>20</time>
    </ksState>
    <ksState>
      <x>454.9654129601</x>
      <y>-384.9384583750391</y>
      <steeringAngle>-0.035533333333333326</steeringAngle>
      <velocity>4.0</velocity>
      <orientation>1.6355138726116847</orientation>
      <time>21</time>
    </ksState>
    <ksState>
      <x>454.952764525448</x>
      <y>-384.53849164673954</y>
      <steeringAngle>-0.07106666666666711</steeringAngle>
      <velocity>4.0</velocity>
      <orientation>1.6272381120683992</orientation>
      <time>22</time>
    </ksState>
    <ksState>
      <x>454.95240671687554</x>
      <y>-384.1380214055749</y>
      <steeringAngle>-0.10660000000000043</steeringAngle>
      <velocity>4.0</velocity>
      <orientation>1.6134218722492624</orientation>
      <time>23</time>
    </ksState>
    <ksState>
      <x>454.96662483083855</x>
      <y>-383.73734239596183</y>
      <steeringAngle>-0.14213333333333378</steeringAngle>
      <velocity>4.0</velocity>
      <orientation>1.5940299458637166</orientation>
      <time>24</time>
    </ksState>
    <ksState>
      <x>454.9977363012661</x>
      <y>-383.3369961971741</y>
      <steeringAngle>-0.1776666666666672</steeringAngle>
      <velocity>4.0</velocity>
      <orientation>1.5690125394123193</orientation>
      <time>25</time>
    </ksState>
    <ksState>
      <x>455.0392295475548</x>
      <y>-382.93755890839674</y>
      <steeringAngle>-0.1421333333333333</steeringAngle>
      <velocity>4.0</velocity>
      <orientation>1.5439951330677961</orientation>
      <time>26</time>
    </ksState>
    <ksState>
      <x>455.08158181354054</x>
      <y>-382.5388451020786</y>
      <steeringAngle>-0.10659999999999999</steeringAngle>
      <velocity>4.0</velocity>
      <orientation>1.5246032067770454</orientation>
      <time>27</time>
    </ksState>
    <ksState>
      <x>455.12262579923873</x>
      <y>-382.14046526798455</y>
      <steeringAngle>-0.07106666666666664</steeringAngle>
      <velocity>4.0</velocity>
      <orientation>1.5107869670420926</orientation>
      <time>28</time>
    </ksState>
    <ksState>
      <x>455.16020069349287</x>
      <y>-381.74205571673633</y>
      <steeringAngle>-0.03553333333333332</steeringAngle>
      <velocity>4.0</velocity>
      <orientation>1.5025112065798272</orientation>
      <time>29</time>
    </ksState>
    <ksState>
      <x>455.1921386394573</x>
      <y>-381.34331184690865</y>
      <steeringAngle>2.2985086056692694e-17</steeringAngle>
      <velocity>4.0</velocity>
      <orientation>1.4997549432849868</orientation>
      <time>30</time>
    </ksState>
    <ksState>
      <x>455.22480895422046</x>
      <y>-380.944630942704</y>
      <steeringAngle>-0.035533333333333326</steeringAngle>
      <velocity>4.0</velocity>
      <orientation>1.4969986687523864</orientation>
      <time>31</time>
    </ksState>
    <ksState>
      <x>455.2675061481168</x>
      <y>-380.5467486532273</y>
      <steeringAngle>-0.07106666666666711</steeringAngle>
      <velocity>4.0</velocity>
      <orientation>1.488722908209101</orientation>
      <time>32</time>
    </ksState>
    <ksState>
      <x>455.32244577105365</x>
      <y>-380.1500646733176</y>
      <steeringAngle>-0.10660000000000043</steeringAngle>
      <velocity>4.0</velocity>
      <orientation>1.474906668389964</orientation>
      <time>33</time>
    </ksState>
    <ksState>
      <x>455.3918505349856</x>
      <y>-379.7551864613931</y>
      <steeringAngle>-0.14213333333333378</steeringAngle>
      <velocity>4.0</velocity>
      <orientation>1.4555147420044183</orientation>
      <time>34</time>
    </ksState>
    <ksState>
      <x>455.4779409003775</x>
      <y>-379.36297038387625</y>
      <steeringAngle>-0.1776666666666672</steeringAngle>
      <velocity>4.0</velocity>
      <orientation>1.430497335553021</orientation>
      <time>35</time>
    </ksState>
    <ksState>
      <x>455.58421604657985</x>
      <y>-378.9342122545539</y>
      <steeringAngle>-0.14213333333333333</steeringAngle>
      <velocity>4.8000000000000025</velocity>
      <orientation>1.4030724358346687</orientation>
      <time>36</time>
    </ksState>
    <ksState>
      <x>455.7129162663933</x>
      <y>-378.4291168677382</y>
      <steeringAngle>-0.10660000000000003</steeringAngle>
      <velocity>5.600000000000005</velocity>
      <orientation>1.3779562235557508</orientation>
      <time>37</time>
    </ksState>
    <ksState>
      <x>455.8631276353274</x>
      <y>-377.8474728347746</y>
      <steeringAngle>-0.07106666666666671</steeringAngle>
      <velocity>6.400000000000004</velocity>
      <orientation>1.3573244539562912</orientation>
      <time>38</time>
    </ksState>
    <ksState>
      <x>456.03175051143785</x>
      <y>-377.1884012716031</y>
      <steeringAngle>-0.035533333333333375</steeringAngle>
      <velocity>7.200000000000006</velocity>
      <orientation>1.343347785863499</orientation>
      <time>39</time>
    </ksState>
    <ksState>
      <x>456.21280144373543</x>
      <y>-376.4502397064036</y>
      <steeringAngle>-2.6346112791397758e-17</steeringAngle>
      <velocity>8.000000000000007</velocity>
      <orientation>1.3382027730839305</orientation>
      <time>40</time>
    </ksState>
    <ksState>
      <x>456.39720305177445</x>
      <y>-375.67178222718417</y>
      <steeringAngle>0.0</steeringAngle>
      <velocity>8.0</velocity>
      <orientation>1.3382027730839305</orientation>
      <time>41</time>
    </ksState>
    <ksState>
      <x>456.58160465981354</x>
      <y>-374.8933247479648</y>
      <steeringAngle>0.0</steeringAngle>
      <velocity>8.0</velocity>
      <orientation>1.3382027730839305</orientation>
      <time>42</time>
    </ksState>
    <ksState>
      <x>456.76600626785256</x>
      <y>-374.1148672687454</y>
      <steeringAngle>0.0</steeringAngle>
      <velocity>8.0</velocity>
      <orientation>1.3382027730839305</orientation>
      <time>43</time>
    </ksState>
    <ksState>
      <x>456.95040787589164</x>
      <y>-373.336409789526</y>
      <steeringAngle>0.0</steeringAngle>
      <velocity>8.0</velocity>
      <orientation>1.3382027730839305</orientation>
      <time>44</time>
    </ksState>
    <ksState>
      <x>457.13480948393067</x>
      <y>-372.55795231030663</y>
      <steeringAngle>0.0</steeringAngle>
      <velocity>8.0</velocity>
      <orientation>1.3382027730839305</orientation>
      <time>45</time>
    </ksState>
    <ksState>
      <x>457.3192110919697</x>
      <y>-371.7794948310872</y>
      <steeringAngle>0.0</steeringAngle>
      <velocity>8.0</velocity>
      <orientation>1.3382027730839305</orientation>
      <time>46</time>
    </ksState>
    <ksState>
      <x>457.5036127000088</x>
      <y>-371.00103735186786</y>
      <steeringAngle>0.0</steeringAngle>
      <velocity>8.0</velocity>
      <orientation>1.3382027730839305</orientation>
      <time>47</time>
    </ksState>
    <ksState>
      <x>457.6880143080478</x>
      <y>-370.22257987264845</y>
      <steeringAngle>0.0</steeringAngle>
      <velocity>8.0</velocity>
      <orientation>1.3382027730839305</orientation>
      <time>48</time>
    </ksState>
    <ksState>
      <x>457.8724159160869</x>
      <y>-369.44412239342904</y>
      <steeringAngle>0.0</steeringAngle>
      <velocity>8.0</velocity>
      <orientation>1.3382027730839305</orientation>
      <time>49</time>
    </ksState>
    <ksState>
      <x>458.0568175241259</x>
      <y>-368.6656649142097</y>
      <steeringAngle>0.0</steeringAngle>
      <velocity>8.0</velocity>
      <orientation>1.3382027730839305</orientation>
      <time>50</time>
    </ksState>
    <ksState>
      <x>458.2236142792206</x>
      <y>-367.92416551367984</y>
      <steeringAngle>0.03553333333333333</steeringAngle>
      <velocity>7.199999999999999</velocity>
      <orientation>1.343347786066423</orientation>
      <time>51</time>
    </ksState>
    <ksState>
      <x>458.35343034468053</x>
      <y>-367.25639724252505</y>
      <steeringAngle>0.07106666666666664</steeringAngle>
      <velocity>6.400000000000001</velocity>
      <orientation>1.357324458187386</orientation>
      <time>52</time>
    </ksState>
    <ksState>
      <x>458.44614371751345</x>
      <y>-366.6629087503165</y>
      <steeringAngle>0.10659999999999997</steeringAngle>
      <velocity>5.600000000000004</velocity>
      <orientation>1.3779562260532674</orientation>
      <time>53</time>
    </ksState>
    <ksState>
      <x>458.504537525198</x>
      <y>-366.1449992573891</y>
      <steeringAngle>0.1421333333333333</steeringAngle>
      <velocity>4.800000000000003</velocity>
      <orientation>1.4030724335619156</orientation>
      <time>54</time>
    </ksState>
    <ksState>
      <x>458.5337030147706</x>
      <y>-365.70427056547186</y>
      <steeringAngle>0.17766666666666653</steeringAngle>
      <velocity>4.000000000000006</velocity>
      <orientation>1.4304973301470654</orientation>
      <time>55</time>
    </ksState>
    <ksState>
      <x>458.5453055229283</x>
      <y>-365.2622866239159</y>
      <steeringAngle>0.17766666666666667</steeringAngle>
      <velocity>4.800000000000002</velocity>
      <orientation>1.4611328671893995</orientation>
      <time>56</time>
    </ksState>
    <ksState>
      <x>458.5415561648036</x>
      <y>-364.73978357751804</y>
      <steeringAngle>0.17766666666666667</steeringAngle>
      <velocity>5.600000000000001</velocity>
      <orientation>1.4973385018659395</orientation>
      <time>57</time>
    </ksState>
    <ksState>
      <x>458.51373268145005</x>
      <y>-364.1375332034349</y>
      <steeringAngle>0.17766666666666667</steeringAngle>
      <velocity>6.3999999999999995</velocity>
      <orientation>1.5391142341755795</orientation>
      <time>58</time>
    </ksState>
    <ksState>
      <x>458.4518270687061</x>
      <y>-363.4570790831717</y>
      <steeringAngle>0.17766666666666667</steeringAngle>
      <velocity>7.200000000000002</velocity>
      <orientation>1.5864600641176765</orientation>
      <time>59</time>
    </ksState>
    <ksState>
      <x>458.34461891396114</x>
      <y>-362.7010115833861</y>
      <steeringAngle>0.17766666666666667</steeringAngle>
      <velocity>8.0</velocity>
      <orientation>1.6393759916918265</orientation>
      <time>60</time>
    </ksState>
    <ksState>
      <x>458.1982412844493</x>
      <y>-361.91131947937424</y>
      <steeringAngle>0.14213333333333336</steeringAngle>
      <velocity>8.0</velocity>
      <orientation>1.6894108032405748</orientation>
      <time>61</time>
    </ksState>
    <ksState>
      <x>458.0328035999376</x>
      <y>-361.1266688041877</y>
      <steeringAngle>0.1066000000000001</steeringAngle>
      <velocity>8.0</velocity>
      <orientation>1.7281946552475722</orientation>
      <time>62</time>
    </ksState>
    <ksState>
      <x>457.8570375614796</x>
      <y>-360.3452155848511</y>
      <steeringAngle>0.07106666666666674</steeringAngle>
      <velocity>8.0</velocity>
      <orientation>1.7558271342772591</orientation>
      <time>63</time>
    </ksState>
    <ksState>
      <x>457.67952295014715</x>
      <y>-359.56479066745595</y>
      <steeringAngle>0.035533333333333354</steeringAngle>
      <velocity>8.0</velocity>
      <orientation>1.7723786549062885</orientation>
      <time>64</time>
    </ksState>
    <ksState>
      <x>457.5087881886621</x>
      <y>-358.78317634663284</y>
      <steeringAngle>2.0816681711721685e-17</steeringAngle>
      <velocity>8.0</velocity>
      <orientation>1.7778911813646934</orientation>
      <time>65</time>
    </ksState>
    <ksState>
      <x>457.33518533189545</x>
      <y>-358.002208854804</y>
      <steeringAngle>0.03553333333333333</steeringAngle>
      <velocity>8.0</velocity>
      <orientation>1.7834037163675323</orientation>
      <time>66</time>
    </ksState>
    <ksState>
      <x>457.137657611577</x>
      <y>-357.22665236186145</y>
      <steeringAngle>0.07106666666666667</steeringAngle>
      <velocity>8.0</velocity>
      <orientation>1.7999552372478018</orientation>
      <time>67</time>
    </ksState>
    <ksState>
      <x>456.90775239825854</x>
      <y>-356.4594561969128</y>
      <steeringAngle>0.10659999999999997</steeringAngle>
      <velocity>8.0</velocity>
      <orientation>1.8275877165384966</orientation>
      <time>68</time>
    </ksState>
    <ksState>
      <x>456.63725172410693</x>
      <y>-355.7046641863316</y>
      <steeringAngle>0.1421333333333333</steeringAngle>
      <velocity>8.0</velocity>
      <orientation>1.8663715688112317</orientation>
      <time>69</time>
    </ksState>
    <ksState>
      <x>456.31833907902654</x>
      <y>-354.9676973745666</y>
      <steeringAngle>0.17766666666666667</steeringAngle>
      <velocity>8.0</velocity>
      <orientation>1.9164063810603862</orientation>
      <time>70</time>
    </ksState>
    <ksState>
      <x>455.9527303729796</x>
      <y>-354.25184598160104</y>
      <steeringAngle>0.17766666666666667</steeringAngle>
      <velocity>8.0</velocity>
      <orientation>1.972107357370898</orientation>
      <time>71</time>
    </ksState>
    <ksState>
      <x>455.5478356696267</x>
      <y>-353.55745899932356</y>
      <steeringAngle>0.17766666666666667</steeringAngle>
      <velocity>8.0</velocity>
      <orientation>2.02780833368141</orientation>
      <time>72</time>
    </ksState>
    <ksState>
      <x>455.1049108822192</x>
      <y>-352.8866903075258</y>
      <steeringAngle>0.17766666666666667</steeringAngle>
      <velocity>8.0</velocity>
      <orientation>2.0835093099919213</orientation>
      <time>73</time>
    </ksState>
    <ksState>
      <x>454.6253298733307</x>
      <y>-352.2416204941959</y>
      <steeringAngle>0.17766666666666667</steeringAngle>
      <velocity>8.0</velocity>
      <orientation>2.139210286302433</orientation>
      <time>74</time>
    </ksState>
    <ksState>
      <x>454.11058020491265</x>
      <y>-351.62425043441266</y>
      <steeringAngle>0.17766666666666667</steeringAngle>
      <velocity>8.0</velocity>
      <orientation>2.194911262612945</orientation>
      <time>75</time>
    </ksState>
    <ksState>
      <x>453.5834921534279</x>
      <y>-351.0707464449688</y>
      <steeringAngle>0.21320000000000014</steeringAngle>
      <velocity>7.200000000000003</velocity>
      <orientation>2.253160589684438</orientation>
      <time>76</time>
    </ksState>
    <ksState>
      <x>453.07242597757454</x>
      <y>-350.6138848145051</y>
      <steeringAngle>0.24873333333333347</steeringAngle>
      <velocity>6.400000000000004</velocity>
      <orientation>2.3150776771702173</orientation>
      <time>77</time>
    </ksState>
    <ksState>
      <x>452.58816832588263</x>
      <y>-350.24860011307794</y>
      <steeringAngle>0.2842666666666668</steeringAngle>
      <velocity>5.600000000000001</velocity>
      <orientation>2.3784998199341385</orientation>
      <time>78</time>
    </ksState>
    <ksState>
      <x>452.1419479451144</x>
      <y>-349.96735246771203</y>
      <steeringAngle>0.3198</steeringAngle>
      <velocity>4.800000000000002</velocity>
      <orientation>2.441228919676091</orientation>
      <time>79</time>
    </ksState>
    <ksState>
      <x>451.7445538323314</x>
      <y>-349.76044277740084</y>
      <steeringAngle>0.3553333333333332</steeringAngle>
      <velocity>4.000000000000001</velocity>
      <orientation>2.501018753724306</orientation>
      <time>80</time>
    </ksState>
    <ksState>
      <x>451.37012751192924</x>
      <y>-349.59776404870547</y>
      <steeringAngle>0.35533333333333333</steeringAngle>
      <velocity>4.0</velocity>
      <orientation>2.55857546048102</orientation>
      <time>81</time>
    </ksState>
    <ksState>
      <x>450.9869631068151</x>
      <y>-349.45689353270416</y>
      <steeringAngle>0.35533333333333333</steeringAngle>
      <velocity>4.0</velocity>
      <orientation>2.616132167237734</orientation>
      <time>82</time>
    </ksState>
    <ksState>
      <x>450.59632962746355</x>
      <y>-349.3382977935725</y>
      <steeringAngle>0.35533333333333333</steeringAngle>
      <velocity>4.0</velocity>
      <orientation>2.6736888739944478</orientation>
      <time>83</time>
    </ksState>
    <ksState>
      <x>450.19952079704615</x>
      <y>-349.2423696040572</y>
      <steeringAngle>0.35533333333333333</steeringAngle>
      <velocity>4.0</velocity>
      <orientation>2.7312455807511618</orientation>
      <time>84</time>
    </ksState>
    <ksState>
      <x>449.7978507906957</x>
      <y>-349.1694266647111</y>
      <steeringAngle>0.35533333333333333</steeringAngle>
      <velocity>4.0</velocity>
      <orientation>2.7888022875078757</orientation>
      <time>85</time>
    </ksState>
    <ksState>
      <x>449.3535848518768</x>
      <y>-349.11072173549576</y>
      <steeringAngle>0.31979999999999975</steeringAngle>
      <velocity>4.800000000000001</velocity>
      <orientation>2.8485921225396242</orientation>
      <time>86</time>
    </ksState>
    <ksState>
      <x>448.8281952392951</x>
      <y>-349.0627629794343</y>
      <steeringAngle>0.28426666666666645</steeringAngle>
      <velocity>5.600000000000004</velocity>
      <orientation>2.911321222670948</orientation>
      <time>87</time>
    </ksState>
    <ksState>
      <x>448.22219950017546</x>
      <y>-349.0333069428621</y>
      <steeringAngle>0.2487333333333331</steeringAngle>
      <velocity>6.400000000000004</velocity>
      <orientation>2.974743359363624</orientation>
      <time>88</time>
    </ksState>
    <ksState>
      <x>447.5365683818005</x>
      <y>-349.02901922366374</y>
      <steeringAngle>0.21319999999999992</steeringAngle>
      <velocity>7.200000000000004</velocity>
      <orientation>3.0366604480414225</orientation>
      <time>89</time>
    </ksState>
    <ksState>
      <x>446.7725309254541</x>
      <y>-349.0547781842272</y>
      <steeringAngle>0.17766666666666656</steeringAngle>
      <velocity>8.000000000000004</velocity>
      <orientation>3.094909777642388</orientation>
      <time>90</time>
    </ksState>
    <ksState>
      <x>446.01123699200724</x>
      <y>-349.10581678545475</y>
      <steeringAngle>0.1421333333333334</steeringAngle>
      <velocity>7.2</velocity>
      <orientation>3.1425370993880253</orientation>
      <time>91</time>
    </ksState>
    <ksState>
      <x>445.33220329588823</x>
      <y>-349.1652620265274</y>
      <steeringAngle>0.10660000000000011</steeringAngle>
      <velocity>6.4</velocity>
      <orientation>3.175596669835993</orientation>
      <time>92</time>
    </ksState>
    <ksState>
      <x>444.7341393353858</x>
      <y>-349.22190305223495</y>
      <steeringAngle>0.07106666666666674</steeringAngle>
      <velocity>5.600000000000001</velocity>
      <orientation>3.1964136181298817</orientation>
      <time>93</time>
    </ksState>
    <ksState>
      <x>444.2160336199276</x>
      <y>-349.2689317249138</y>
      <steeringAngle>0.03553333333333339</steeringAngle>
      <velocity>4.800000000000001</velocity>
      <orientation>3.2072642277875443</orientation>
      <time>94</time>
    </ksState>
    <ksState>
      <x>443.7773414619606</x>
      <y>-349.3031478776506</y>
      <steeringAngle>5.5294310796760726e-17</steeringAngle>
      <velocity>4.0</velocity>
      <orientation>3.21038800362471</orientation>
      <time>95</time>
    </ksState>
    <ksState>
      <x>443.41819303108144</x>
      <y>-349.32789467253616</y>
      <steeringAngle>0.0</steeringAngle>
      <velocity>3.2</velocity>
      <orientation>3.21038800362471</orientation>
      <time>96</time>
    </ksState>
    <ksState>
      <x>443.1388553629493</x>
      <y>-349.3471421796467</y>
      <steeringAngle>0.0</steeringAngle>
      <velocity>2.4000000000000004</velocity>
      <orientation>3.21038800362471</orientation>
      <time>97</time>
    </ksState>
    <ksState>
      <x>442.93932845746264</x>
      <y>-349.3608903989892</y>
      <steeringAngle>0.0</steeringAngle>
      <velocity>1.6</velocity>
      <orientation>3.21038800362471</orientation>
      <time>98</time>
    </ksState>
    <ksState>
      <x>442.8196123145809</x>
      <y>-349.36913933056644</y>
      <steeringAngle>0.0</steeringAngle>
      <velocity>0.7999999999999998</velocity>
      <orientation>3.21038800362471</orientation>
      <time>99</time>
    </ksState>
  </ksTrajectory>
</CommonRoadSolution>
