<?xml version="1.0" ?>
<CommonRoadSolution benchmark_id="KS2:SM1:DEU_Flensburg-14_1_T-1:2020a" computation_time="8.106018454999969" date="2023-11-26T00:13:30">
  <ksTrajectory planningProblem="123">
    <ksState>
      <x>278.98383</x>
      <y>-340.16288</y>
      <steeringAngle>0.0</steeringAngle>
      <velocity>8.0</velocity>
      <orientation>0.85758495</orientation>
      <time>0</time>
    </ksState>
    <ksState>
      <x>279.50724263312605</x>
      <y>-339.55786825178006</y>
      <steeringAngle>0.0</steeringAngle>
      <velocity>8.0</velocity>
      <orientation>0.85758495</orientation>
      <time>1</time>
    </ksState>
    <ksState>
      <x>280.03065526625204</x>
      <y>-338.9528565035602</y>
      <steeringAngle>0.0</steeringAngle>
      <velocity>8.0</velocity>
      <orientation>0.85758495</orientation>
      <time>2</time>
    </ksState>
    <ksState>
      <x>280.5540678993781</x>
      <y>-338.3478447553403</y>
      <steeringAngle>0.0</steeringAngle>
      <velocity>8.0</velocity>
      <orientation>0.85758495</orientation>
      <time>3</time>
    </ksState>
    <ksState>
      <x>281.0774805325041</x>
      <y>-337.74283300712045</y>
      <steeringAngle>0.0</steeringAngle>
      <velocity>8.0</velocity>
      <orientation>0.85758495</orientation>
      <time>4</time>
    </ksState>
    <ksState>
      <x>281.60089316563017</x>
      <y>-337.13782125890054</y>
      <steeringAngle>0.0</steeringAngle>
      <velocity>8.0</velocity>
      <orientation>0.85758495</orientation>
      <time>5</time>
    </ksState>
    <ksState>
      <x>282.1243057987562</x>
      <y>-336.53280951068064</y>
      <steeringAngle>0.0</steeringAngle>
      <velocity>8.0</velocity>
      <orientation>0.85758495</orientation>
      <time>6</time>
    </ksState>
    <ksState>
      <x>282.6477184318822</x>
      <y>-335.9277977624608</y>
      <steeringAngle>0.0</steeringAngle>
      <velocity>8.0</velocity>
      <orientation>0.85758495</orientation>
      <time>7</time>
    </ksState>
    <ksState>
      <x>283.17113106500824</x>
      <y>-335.3227860142409</y>
      <steeringAngle>0.0</steeringAngle>
      <velocity>8.0</velocity>
      <orientation>0.85758495</orientation>
      <time>8</time>
    </ksState>
    <ksState>
      <x>283.6945436981343</x>
      <y>-334.717774266021</y>
      <steeringAngle>0.0</steeringAngle>
      <velocity>8.0</velocity>
      <orientation>0.85758495</orientation>
      <time>9</time>
    </ksState>
    <ksState>
      <x>284.2179563312603</x>
      <y>-334.1127625178011</y>
      <steeringAngle>0.0</steeringAngle>
      <velocity>8.0</velocity>
      <orientation>0.85758495</orientation>
      <time>10</time>
    </ksState>
    <ksState>
      <x>284.74136896438637</x>
      <y>-333.5077507695812</y>
      <steeringAngle>0.0</steeringAngle>
      <velocity>8.0</velocity>
      <orientation>0.85758495</orientation>
      <time>11</time>
    </ksState>
    <ksState>
      <x>285.26478159751235</x>
      <y>-332.90273902136136</y>
      <steeringAngle>0.0</steeringAngle>
      <velocity>8.0</velocity>
      <orientation>0.85758495</orientation>
      <time>12</time>
    </ksState>
    <ksState>
      <x>285.7881942306384</x>
      <y>-332.29772727314145</y>
      <steeringAngle>0.0</steeringAngle>
      <velocity>8.0</velocity>
      <orientation>0.85758495</orientation>
      <time>13</time>
    </ksState>
    <ksState>
      <x>286.31160686376444</x>
      <y>-331.6927155249216</y>
      <steeringAngle>0.0</steeringAngle>
      <velocity>8.0</velocity>
      <orientation>0.85758495</orientation>
      <time>14</time>
    </ksState>
    <ksState>
      <x>286.8350194968905</x>
      <y>-331.0877037767017</y>
      <steeringAngle>0.0</steeringAngle>
      <velocity>8.0</velocity>
      <orientation>0.85758495</orientation>
      <time>15</time>
    </ksState>
    <ksState>
      <x>287.3584321300165</x>
      <y>-330.4826920284818</y>
      <steeringAngle>0.0</steeringAngle>
      <velocity>8.0</velocity>
      <orientation>0.85758495</orientation>
      <time>16</time>
    </ksState>
    <ksState>
      <x>287.8818447631425</x>
      <y>-329.8776802802619</y>
      <steeringAngle>0.0</steeringAngle>
      <velocity>8.0</velocity>
      <orientation>0.85758495</orientation>
      <time>17</time>
    </ksState>
    <ksState>
      <x>288.40525739626855</x>
      <y>-329.272668532042</y>
      <steeringAngle>0.0</steeringAngle>
      <velocity>8.0</velocity>
      <orientation>0.85758495</orientation>
      <time>18</time>
    </ksState>
    <ksState>
      <x>288.9286700293946</x>
      <y>-328.66765678382217</y>
      <steeringAngle>0.0</steeringAngle>
      <velocity>8.0</velocity>
      <orientation>0.85758495</orientation>
      <time>19</time>
    </ksState>
    <ksState>
      <x>289.45208266252064</x>
      <y>-328.06264503560226</y>
      <steeringAngle>0.0</steeringAngle>
      <velocity>8.0</velocity>
      <orientation>0.85758495</orientation>
      <time>20</time>
    </ksState>
    <ksState>
      <x>289.9754952956467</x>
      <y>-327.45763328738235</y>
      <steeringAngle>0.0</steeringAngle>
      <velocity>8.0</velocity>
      <orientation>0.85758495</orientation>
      <time>21</time>
    </ksState>
    <ksState>
      <x>290.49890792877267</x>
      <y>-326.8526215391625</y>
      <steeringAngle>0.0</steeringAngle>
      <velocity>8.0</velocity>
      <orientation>0.85758495</orientation>
      <time>22</time>
    </ksState>
    <ksState>
      <x>291.0223205618987</x>
      <y>-326.2476097909426</y>
      <steeringAngle>0.0</steeringAngle>
      <velocity>8.0</velocity>
      <orientation>0.85758495</orientation>
      <time>23</time>
    </ksState>
    <ksState>
      <x>291.54573319502475</x>
      <y>-325.64259804272274</y>
      <steeringAngle>0.0</steeringAngle>
      <velocity>8.0</velocity>
      <orientation>0.85758495</orientation>
      <time>24</time>
    </ksState>
    <ksState>
      <x>292.0691458281508</x>
      <y>-325.03758629450283</y>
      <steeringAngle>0.0</steeringAngle>
      <velocity>8.0</velocity>
      <orientation>0.85758495</orientation>
      <time>25</time>
    </ksState>
    <ksState>
      <x>292.59255846127684</x>
      <y>-324.4325745462829</y>
      <steeringAngle>0.0</steeringAngle>
      <velocity>8.0</velocity>
      <orientation>0.85758495</orientation>
      <time>26</time>
    </ksState>
    <ksState>
      <x>293.1159710944028</x>
      <y>-323.82756279806307</y>
      <steeringAngle>0.0</steeringAngle>
      <velocity>8.0</velocity>
      <orientation>0.85758495</orientation>
      <time>27</time>
    </ksState>
    <ksState>
      <x>293.63938372752887</x>
      <y>-323.22255104984316</y>
      <steeringAngle>0.0</steeringAngle>
      <velocity>8.0</velocity>
      <orientation>0.85758495</orientation>
      <time>28</time>
    </ksState>
    <ksState>
      <x>294.1627963606549</x>
      <y>-322.6175393016233</y>
      <steeringAngle>0.0</steeringAngle>
      <velocity>8.0</velocity>
      <orientation>0.85758495</orientation>
      <time>29</time>
    </ksState>
    <ksState>
      <x>294.68620899378095</x>
      <y>-322.0125275534034</y>
      <steeringAngle>0.0</steeringAngle>
      <velocity>8.0</velocity>
      <orientation>0.85758495</orientation>
      <time>30</time>
    </ksState>
    <ksState>
      <x>295.209621626907</x>
      <y>-321.4075158051835</y>
      <steeringAngle>0.0</steeringAngle>
      <velocity>8.0</velocity>
      <orientation>0.85758495</orientation>
      <time>31</time>
    </ksState>
    <ksState>
      <x>295.733034260033</x>
      <y>-320.80250405696364</y>
      <steeringAngle>0.0</steeringAngle>
      <velocity>8.0</velocity>
      <orientation>0.85758495</orientation>
      <time>32</time>
    </ksState>
    <ksState>
      <x>296.256446893159</x>
      <y>-320.19749230874373</y>
      <steeringAngle>0.0</steeringAngle>
      <velocity>8.0</velocity>
      <orientation>0.85758495</orientation>
      <time>33</time>
    </ksState>
    <ksState>
      <x>296.77985952628507</x>
      <y>-319.5924805605239</y>
      <steeringAngle>0.0</steeringAngle>
      <velocity>8.0</velocity>
      <orientation>0.85758495</orientation>
      <time>34</time>
    </ksState>
    <ksState>
      <x>297.3032721594111</x>
      <y>-318.987468812304</y>
      <steeringAngle>0.0</steeringAngle>
      <velocity>8.0</velocity>
      <orientation>0.85758495</orientation>
      <time>35</time>
    </ksState>
    <ksState>
      <x>297.8196262092768</x>
      <y>-318.37638234513406</y>
      <steeringAngle>0.03553333333333333</steeringAngle>
      <velocity>8.0</velocity>
      <orientation>0.8630974850028388</orientation>
      <time>36</time>
    </ksState>
    <ksState>
      <x>298.3171859211147</x>
      <y>-317.7495335538013</y>
      <steeringAngle>0.07106666666666667</steeringAngle>
      <velocity>8.0</velocity>
      <orientation>0.8796490058831085</orientation>
      <time>37</time>
    </ksState>
    <ksState>
      <x>298.7884855431827</x>
      <y>-317.10198198916606</y>
      <steeringAngle>0.10659999999999997</steeringAngle>
      <velocity>8.0</velocity>
      <orientation>0.9072814851738034</orientation>
      <time>38</time>
    </ksState>
    <ksState>
      <x>299.2253304424866</x>
      <y>-316.4296367445887</y>
      <steeringAngle>0.1421333333333333</steeringAngle>
      <velocity>8.0</velocity>
      <orientation>0.9460653374465382</orientation>
      <time>39</time>
    </ksState>
    <ksState>
      <x>299.6186731270164</x>
      <y>-315.72956039920757</y>
      <steeringAngle>0.17766666666666667</steeringAngle>
      <velocity>8.0</velocity>
      <orientation>0.9961001496956929</orientation>
      <time>40</time>
    </ksState>
    <ksState>
      <x>299.975224179224</x>
      <y>-315.00989980091845</y>
      <steeringAngle>0.14213333333333336</steeringAngle>
      <velocity>8.0</velocity>
      <orientation>1.0461349612444413</orientation>
      <time>41</time>
    </ksState>
    <ksState>
      <x>300.3135006629749</x>
      <y>-314.28284042915544</y>
      <steeringAngle>0.1066000000000001</steeringAngle>
      <velocity>8.0</velocity>
      <orientation>1.0849188132514387</orientation>
      <time>42</time>
    </ksState>
    <ksState>
      <x>300.6415951705605</x>
      <y>-313.5521443032735</y>
      <steeringAngle>0.07106666666666674</steeringAngle>
      <velocity>8.0</velocity>
      <orientation>1.1125512922811256</orientation>
      <time>43</time>
    </ksState>
    <ksState>
      <x>300.9676737877094</x>
      <y>-312.82122212932745</y>
      <steeringAngle>0.035533333333333354</steeringAngle>
      <velocity>8.0</velocity>
      <orientation>1.129102812910155</orientation>
      <time>44</time>
    </ksState>
    <ksState>
      <x>301.2998906286558</x>
      <y>-312.09341495988855</y>
      <steeringAngle>2.0816681711721685e-17</steeringAngle>
      <velocity>8.0</velocity>
      <orientation>1.1346153393685598</orientation>
      <time>45</time>
    </ksState>
    <ksState>
      <x>301.6463060486757</x>
      <y>-311.37227382810954</y>
      <steeringAngle>-0.03553333333333333</steeringAngle>
      <velocity>8.0</velocity>
      <orientation>1.129102804365721</orientation>
      <time>46</time>
    </ksState>
    <ksState>
      <x>302.01479250825145</x>
      <y>-310.6618353697271</y>
      <steeringAngle>-0.07106666666666667</steeringAngle>
      <velocity>8.0</velocity>
      <orientation>1.1125512834854514</orientation>
      <time>47</time>
    </ksState>
    <ksState>
      <x>302.41291205007286</x>
      <y>-309.96689134820974</y>
      <steeringAngle>-0.10659999999999997</steeringAngle>
      <velocity>8.0</velocity>
      <orientation>1.0849188041947566</orientation>
      <time>48</time>
    </ksState>
    <ksState>
      <x>302.84774963911957</x>
      <y>-309.2932461410674</y>
      <steeringAngle>-0.1421333333333333</steeringAngle>
      <velocity>8.0</velocity>
      <orientation>1.0461349519220215</orientation>
      <time>49</time>
    </ksState>
    <ksState>
      <x>303.32568652180214</x>
      <y>-308.64795419705536</y>
      <steeringAngle>-0.17766666666666667</steeringAngle>
      <velocity>8.0</velocity>
      <orientation>0.9961001396728669</orientation>
      <time>50</time>
    </ksState>
    <ksState>
      <x>303.83654366262584</x>
      <y>-308.0282244081718</y>
      <steeringAngle>-0.14213333333333336</steeringAngle>
      <velocity>8.0</velocity>
      <orientation>0.9460653281241185</orientation>
      <time>51</time>
    </ksState>
    <ksState>
      <x>304.36162736528206</x>
      <y>-307.42214403830974</y>
      <steeringAngle>-0.1066000000000001</steeringAngle>
      <velocity>8.0</velocity>
      <orientation>0.9072814761171212</orientation>
      <time>52</time>
    </ksState>
    <ksState>
      <x>304.89419451848846</x>
      <y>-306.8238672949774</y>
      <steeringAngle>-0.07106666666666674</steeringAngle>
      <velocity>8.0</velocity>
      <orientation>0.8796489970874343</orientation>
      <time>53</time>
    </ksState>
    <ksState>
      <x>305.4277925279135</x>
      <y>-306.22733761988536</y>
      <steeringAngle>-0.035533333333333354</steeringAngle>
      <velocity>8.0</velocity>
      <orientation>0.863097476458405</orientation>
      <time>54</time>
    </ksState>
    <ksState>
      <x>305.9560372559573</x>
      <y>-305.6264808877195</y>
      <steeringAngle>-2.0816681711721685e-17</steeringAngle>
      <velocity>8.0</velocity>
      <orientation>0.8575849500000001</orientation>
      <time>55</time>
    </ksState>
    <ksState>
      <x>306.47944988908336</x>
      <y>-305.0214691394996</y>
      <steeringAngle>0.0</steeringAngle>
      <velocity>8.0</velocity>
      <orientation>0.8575849500000001</orientation>
      <time>56</time>
    </ksState>
    <ksState>
      <x>307.00286252220934</x>
      <y>-304.4164573912797</y>
      <steeringAngle>0.0</steeringAngle>
      <velocity>8.0</velocity>
      <orientation>0.8575849500000001</orientation>
      <time>57</time>
    </ksState>
    <ksState>
      <x>307.5262751553354</x>
      <y>-303.8114456430598</y>
      <steeringAngle>0.0</steeringAngle>
      <velocity>8.0</velocity>
      <orientation>0.8575849500000001</orientation>
      <time>58</time>
    </ksState>
    <ksState>
      <x>308.0496877884614</x>
      <y>-303.20643389483996</y>
      <steeringAngle>0.0</steeringAngle>
      <velocity>8.0</velocity>
      <orientation>0.8575849500000001</orientation>
      <time>59</time>
    </ksState>
    <ksState>
      <x>308.57310042158747</x>
      <y>-302.60142214662005</y>
      <steeringAngle>0.0</steeringAngle>
      <velocity>8.0</velocity>
      <orientation>0.8575849500000001</orientation>
      <time>60</time>
    </ksState>
    <ksState>
      <x>309.0965130547135</x>
      <y>-301.99641039840014</y>
      <steeringAngle>0.0</steeringAngle>
      <velocity>8.0</velocity>
      <orientation>0.8575849500000001</orientation>
      <time>61</time>
    </ksState>
    <ksState>
      <x>309.6199256878395</x>
      <y>-301.3913986501803</y>
      <steeringAngle>0.0</steeringAngle>
      <velocity>8.0</velocity>
      <orientation>0.8575849500000001</orientation>
      <time>62</time>
    </ksState>
    <ksState>
      <x>310.14333832096554</x>
      <y>-300.7863869019604</y>
      <steeringAngle>0.0</steeringAngle>
      <velocity>8.0</velocity>
      <orientation>0.8575849500000001</orientation>
      <time>63</time>
    </ksState>
    <ksState>
      <x>310.6667509540916</x>
      <y>-300.18137515374053</y>
      <steeringAngle>0.0</steeringAngle>
      <velocity>8.0</velocity>
      <orientation>0.8575849500000001</orientation>
      <time>64</time>
    </ksState>
    <ksState>
      <x>311.1901635872176</x>
      <y>-299.5763634055206</y>
      <steeringAngle>0.0</steeringAngle>
      <velocity>8.0</velocity>
      <orientation>0.8575849500000001</orientation>
      <time>65</time>
    </ksState>
    <ksState>
      <x>311.6939048241261</x>
      <y>-299.0072524455716</y>
      <steeringAngle>-0.03553333333333333</steeringAngle>
      <velocity>7.199999999999999</velocity>
      <orientation>0.8524399370175078</orientation>
      <time>66</time>
    </ksState>
    <ksState>
      <x>312.1594895058221</x>
      <y>-298.5112710154932</y>
      <steeringAngle>-0.07106666666666664</steeringAngle>
      <velocity>6.400000000000001</velocity>
      <orientation>0.8384632648965447</orientation>
      <time>67</time>
    </ksState>
    <ksState>
      <x>312.58654407774253</x>
      <y>-298.08883906536647</y>
      <steeringAngle>-0.10659999999999997</steeringAngle>
      <velocity>5.600000000000004</velocity>
      <orientation>0.8178314970306633</orientation>
      <time>68</time>
    </ksState>
    <ksState>
      <x>312.9723865326923</x>
      <y>-297.738459728649</y>
      <steeringAngle>-0.1421333333333333</steeringAngle>
      <velocity>4.800000000000003</velocity>
      <orientation>0.7927152895220151</orientation>
      <time>69</time>
    </ksState>
    <ksState>
      <x>313.3127390212473</x>
      <y>-297.4569413647799</y>
      <steeringAngle>-0.17766666666666653</steeringAngle>
      <velocity>4.000000000000006</velocity>
      <orientation>0.7652903929368653</orientation>
      <time>70</time>
    </ksState>
    <ksState>
      <x>313.6291092762893</x>
      <y>-297.2095920189591</y>
      <steeringAngle>-0.1421333333333333</steeringAngle>
      <velocity>4.0</velocity>
      <orientation>0.740272986592342</orientation>
      <time>71</time>
    </ksState>
    <ksState>
      <x>313.9455548511889</x>
      <y>-296.9633632393468</y>
      <steeringAngle>-0.10659999999999999</steeringAngle>
      <velocity>4.0</velocity>
      <orientation>0.7208810603015914</orientation>
      <time>72</time>
    </ksState>
    <ksState>
      <x>314.2608519965661</x>
      <y>-296.7164243580589</y>
      <steeringAngle>-0.07106666666666664</steeringAngle>
      <velocity>4.0</velocity>
      <orientation>0.7070648205666384</orientation>
      <time>73</time>
    </ksState>
    <ksState>
      <x>314.5737628769142</x>
      <y>-296.46696729930164</y>
      <steeringAngle>-0.03553333333333332</steeringAngle>
      <velocity>4.0</velocity>
      <orientation>0.6987890601043731</orientation>
      <time>74</time>
    </ksState>
    <ksState>
      <x>314.8830022267554</x>
      <y>-296.21321992369485</y>
      <steeringAngle>2.2985086056692694e-17</steeringAngle>
      <velocity>4.0</velocity>
      <orientation>0.6960327968095328</orientation>
      <time>75</time>
    </ksState>
    <ksState>
      <x>315.1899589884519</x>
      <y>-295.95674858718957</y>
      <steeringAngle>0.0</steeringAngle>
      <velocity>4.0</velocity>
      <orientation>0.6960327968095328</orientation>
      <time>76</time>
    </ksState>
    <ksState>
      <x>315.4969157501484</x>
      <y>-295.7002772506843</y>
      <steeringAngle>0.0</steeringAngle>
      <velocity>4.0</velocity>
      <orientation>0.6960327968095328</orientation>
      <time>77</time>
    </ksState>
    <ksState>
      <x>315.80387251184493</x>
      <y>-295.44380591417905</y>
      <steeringAngle>0.0</steeringAngle>
      <velocity>4.0</velocity>
      <orientation>0.6960327968095328</orientation>
      <time>78</time>
    </ksState>
    <ksState>
      <x>316.1108292735414</x>
      <y>-295.18733457767377</y>
      <steeringAngle>0.0</steeringAngle>
      <velocity>4.0</velocity>
      <orientation>0.6960327968095328</orientation>
      <time>79</time>
    </ksState>
    <ksState>
      <x>316.4177860352379</x>
      <y>-294.9308632411685</y>
      <steeringAngle>0.0</steeringAngle>
      <velocity>4.0</velocity>
      <orientation>0.6960327968095328</orientation>
      <time>80</time>
    </ksState>
    <ksState>
      <x>316.7219884634081</x>
      <y>-294.67110432305486</y>
      <steeringAngle>0.035533333333333326</steeringAngle>
      <velocity>4.0</velocity>
      <orientation>0.6987890713421332</orientation>
      <time>81</time>
    </ksState>
    <ksState>
      <x>317.01967661066027</x>
      <y>-294.40368118712354</y>
      <steeringAngle>0.07106666666666711</steeringAngle>
      <velocity>4.0</velocity>
      <orientation>0.7070648318854186</orientation>
      <time>82</time>
    </ksState>
    <ksState>
      <x>317.3092300404322</x>
      <y>-294.1270309505562</y>
      <steeringAngle>0.10660000000000043</steeringAngle>
      <velocity>4.0</velocity>
      <orientation>0.7208810717045554</orientation>
      <time>83</time>
    </ksState>
    <ksState>
      <x>317.588855636073</x>
      <y>-293.83970648279944</y>
      <steeringAngle>0.14213333333333378</steeringAngle>
      <velocity>4.0</velocity>
      <orientation>0.7402729980901013</orientation>
      <time>84</time>
    </ksState>
    <ksState>
      <x>317.8565597417942</x>
      <y>-293.5404081128473</y>
      <steeringAngle>0.1776666666666672</steeringAngle>
      <velocity>4.0</velocity>
      <orientation>0.7652904045414985</orientation>
      <time>85</time>
    </ksState>
    <ksState>
      <x>318.11012298128605</x>
      <y>-293.22802220336405</y>
      <steeringAngle>0.21319999999999995</steeringAngle>
      <velocity>4.0</velocity>
      <orientation>0.7959981871789987</orientation>
      <time>86</time>
    </ksState>
    <ksState>
      <x>318.34707885834683</x>
      <y>-292.9016677112992</y>
      <steeringAngle>0.24873333333333336</steeringAngle>
      <velocity>4.0</velocity>
      <orientation>0.832477028301693</orientation>
      <time>87</time>
    </ksState>
    <ksState>
      <x>318.56469767968565</x>
      <y>-292.5607518252991</y>
      <steeringAngle>0.2842666666666667</steeringAngle>
      <velocity>4.0</velocity>
      <orientation>0.874824262147141</orientation>
      <time>88</time>
    </ksState>
    <ksState>
      <x>318.7599777986759</x>
      <y>-292.2050357186052</y>
      <steeringAngle>0.31980000000000003</steeringAngle>
      <velocity>4.0</velocity>
      <orientation>0.9231549435142761</orientation>
      <time>89</time>
    </ksState>
    <ksState>
      <x>318.92964678058036</x>
      <y>-291.83471128481017</y>
      <steeringAngle>0.35533333333333333</steeringAngle>
      <velocity>4.0</velocity>
      <orientation>0.9776031446925545</orientation>
      <time>90</time>
    </ksState>
    <ksState>
      <x>319.07017581100814</x>
      <y>-291.450489457687</y>
      <steeringAngle>0.39086666666666653</steeringAngle>
      <velocity>4.0</velocity>
      <orientation>1.0383235109985416</orientation>
      <time>91</time>
    </ksState>
    <ksState>
      <x>319.1778112775622</x>
      <y>-291.0537002306517</y>
      <steeringAngle>0.42639999999999995</steeringAngle>
      <velocity>4.0</velocity>
      <orientation>1.1054931244549453</orientation>
      <time>92</time>
    </ksState>
    <ksState>
      <x>319.2486288694795</x>
      <y>-290.64640388066096</y>
      <steeringAngle>0.4619333333333333</steeringAngle>
      <velocity>4.0</velocity>
      <orientation>1.1793137080872893</orientation>
      <time>93</time>
    </ksState>
    <ksState>
      <x>319.2786159494343</x>
      <y>-290.23151174299676</y>
      <steeringAngle>0.49746666666666667</steeringAngle>
      <velocity>4.0</velocity>
      <orientation>1.2600142499005096</orientation>
      <time>94</time>
    </ksState>
    <ksState>
      <x>319.2637895044145</x>
      <y>-289.81291349637974</y>
      <steeringAngle>0.533</steeringAngle>
      <velocity>4.0</velocity>
      <orientation>1.3478541165003182</orientation>
      <time>95</time>
    </ksState>
    <ksState>
      <x>319.2086646258118</x>
      <y>-289.4370660127944</y>
      <steeringAngle>0.5685333333333333</steeringAngle>
      <velocity>3.199999999999999</velocity>
      <orientation>1.433472969697171</orientation>
      <time>96</time>
    </ksState>
    <ksState>
      <x>319.1352305092408</x>
      <y>-289.1482168251266</y>
      <steeringAngle>0.6040666666666664</steeringAngle>
      <velocity>2.3999999999999995</velocity>
      <orientation>1.5054667145103895</orientation>
      <time>97</time>
    </ksState>
    <ksState>
      <x>319.0639939719391</x>
      <y>-288.9454208814008</y>
      <steeringAngle>0.6395999999999996</steeringAngle>
      <velocity>1.5999999999999983</velocity>
      <orientation>1.5609165492864023</orientation>
      <time>98</time>
    </ksState>
    <ksState>
      <x>319.0121631004906</x>
      <y>-288.8258385317405</y>
      <steeringAngle>0.675133333333333</steeringAngle>
      <velocity>0.7999999999999986</velocity>
      <orientation>1.5966931542052314</orientation>
      <time>99</time>
    </ksState>
  </ksTrajectory>
</CommonRoadSolution>
