<?xml version="1.0" ?>
<CommonRoadSolution benchmark_id="KS2:SM1:DEU_Flensburg-94_1_T-1:2020a" computation_time="47.14370377999967" date="2023-11-26T00:13:30">
  <ksTrajectory planningProblem="123">
    <ksState>
      <x>167.16147</x>
      <y>477.57085</y>
      <steeringAngle>0.0</steeringAngle>
      <velocity>8.0</velocity>
      <orientation>-3.004382</orientation>
      <time>0</time>
    </ksState>
    <ksState>
      <x>166.37028655306543</x>
      <y>477.4522037675791</y>
      <steeringAngle>0.03553333333333333</steeringAngle>
      <velocity>8.0</velocity>
      <orientation>-2.9988694649971612</orientation>
      <time>1</time>
    </ksState>
    <ksState>
      <x>165.5828302878945</x>
      <y>477.3093132343636</y>
      <steeringAngle>0.07106666666666667</steeringAngle>
      <velocity>8.0</velocity>
      <orientation>-2.982317944116892</orientation>
      <time>2</time>
    </ksState>
    <ksState>
      <x>164.80145310999848</x>
      <y>477.13354045920744</y>
      <steeringAngle>0.10659999999999997</steeringAngle>
      <velocity>8.0</velocity>
      <orientation>-2.9546854648261967</orientation>
      <time>3</time>
    </ksState>
    <ksState>
      <x>164.02961513638252</x>
      <y>476.91640516396944</y>
      <steeringAngle>0.1421333333333333</steeringAngle>
      <velocity>8.0</velocity>
      <orientation>-2.915901612553462</orientation>
      <time>4</time>
    </ksState>
    <ksState>
      <x>163.27217837318824</x>
      <y>476.6497313808615</y>
      <steeringAngle>0.17766666666666667</steeringAngle>
      <velocity>8.0</velocity>
      <orientation>-2.8658668003043073</orientation>
      <time>5</time>
    </ksState>
    <ksState>
      <x>162.57198727323654</x>
      <y>476.34326620519454</y>
      <steeringAngle>0.21320000000000014</steeringAngle>
      <velocity>7.200000000000003</velocity>
      <orientation>-2.8076174732328143</orientation>
      <time>6</time>
    </ksState>
    <ksState>
      <x>161.9681022474854</x>
      <y>476.0188682071043</y>
      <steeringAngle>0.24873333333333347</steeringAngle>
      <velocity>6.400000000000004</velocity>
      <orientation>-2.745700385747035</orientation>
      <time>7</time>
    </ksState>
    <ksState>
      <x>161.45944456782195</x>
      <y>475.6884052723624</y>
      <steeringAngle>0.2842666666666668</steeringAngle>
      <velocity>5.600000000000001</velocity>
      <orientation>-2.682278242983114</orientation>
      <time>8</time>
    </ksState>
    <ksState>
      <x>161.04276064336526</x>
      <y>475.36500556095837</y>
      <steeringAngle>0.3198</steeringAngle>
      <velocity>4.800000000000002</velocity>
      <orientation>-2.6195491432411613</orientation>
      <time>9</time>
    </ksState>
    <ksState>
      <x>160.71261724969824</x>
      <y>475.06212102778227</y>
      <steeringAngle>0.3553333333333332</steeringAngle>
      <velocity>4.000000000000001</velocity>
      <orientation>-2.5597593091929465</orientation>
      <time>10</time>
    </ksState>
    <ksState>
      <x>160.43482644410722</x>
      <y>474.7617760775003</y>
      <steeringAngle>0.39086666666666653</steeringAngle>
      <velocity>4.0</velocity>
      <orientation>-2.4990389428869593</orientation>
      <time>11</time>
    </ksState>
    <ksState>
      <x>160.1825415656639</x>
      <y>474.4371541058772</y>
      <steeringAngle>0.42639999999999995</steeringAngle>
      <velocity>4.0</velocity>
      <orientation>-2.4318693294305556</orientation>
      <time>12</time>
    </ksState>
    <ksState>
      <x>159.9601778512498</x>
      <y>474.0886432358133</y>
      <steeringAngle>0.4619333333333333</steeringAngle>
      <velocity>4.0</velocity>
      <orientation>-2.3580487457982118</orientation>
      <time>13</time>
    </ksState>
    <ksState>
      <x>159.77256013548336</x>
      <y>473.71738281024875</y>
      <steeringAngle>0.49746666666666667</steeringAngle>
      <velocity>4.0</velocity>
      <orientation>-2.2773482039849915</orientation>
      <time>14</time>
    </ksState>
    <ksState>
      <x>159.62486308821758</x>
      <y>473.32542631040246</y>
      <steeringAngle>0.533</steeringAngle>
      <velocity>4.0</velocity>
      <orientation>-2.189508337385183</orientation>
      <time>15</time>
    </ksState>
    <ksState>
      <x>159.51252788348296</x>
      <y>472.9217601629162</y>
      <steeringAngle>0.4974666666666666</steeringAngle>
      <velocity>4.0</velocity>
      <orientation>-2.1016684705457336</orientation>
      <time>16</time>
    </ksState>
    <ksState>
      <x>159.4255989383842</x>
      <y>472.51483848915325</y>
      <steeringAngle>0.4619333333333334</steeringAngle>
      <velocity>4.0</velocity>
      <orientation>-2.0209679287585636</orientation>
      <time>17</time>
    </ksState>
    <ksState>
      <x>159.3613649694461</x>
      <y>472.1063362405403</y>
      <steeringAngle>0.42640000000000017</steeringAngle>
      <velocity>4.0</velocity>
      <orientation>-1.9471473455087585</orientation>
      <time>18</time>
    </ksState>
    <ksState>
      <x>159.31714564463798</x>
      <y>471.6974901556596</y>
      <steeringAngle>0.3908666666666668</steeringAngle>
      <velocity>4.0</velocity>
      <orientation>-1.879977732645896</orientation>
      <time>19</time>
    </ksState>
    <ksState>
      <x>159.29031609841263</x>
      <y>471.2891665317922</y>
      <steeringAngle>0.3553333333333335</steeringAngle>
      <velocity>4.0</velocity>
      <orientation>-1.8192573647676102</orientation>
      <time>20</time>
    </ksState>
    <ksState>
      <x>159.2783206395097</x>
      <y>470.8819223790291</y>
      <steeringAngle>0.31979999999999986</steeringAngle>
      <velocity>4.0</velocity>
      <orientation>-1.7648091655742306</orientation>
      <time>21</time>
    </ksState>
    <ksState>
      <x>159.27867793080782</x>
      <y>470.476060844332</y>
      <steeringAngle>0.28426666666666656</steeringAngle>
      <velocity>4.0</velocity>
      <orientation>-1.7164784860929734</orientation>
      <time>22</time>
    </ksState>
    <ksState>
      <x>159.28897995398734</x>
      <y>470.07168103863927</y>
      <steeringAngle>0.2487333333333332</steeringAngle>
      <velocity>4.0</velocity>
      <orientation>-1.6741312523700982</orientation>
      <time>23</time>
    </ksState>
    <ksState>
      <x>159.30688627989886</x>
      <y>469.6687232897054</y>
      <steeringAngle>0.21319999999999986</steeringAngle>
      <velocity>4.0</velocity>
      <orientation>-1.6376524112964705</orientation>
      <time>24</time>
    </ksState>
    <ksState>
      <x>159.3301148162566</x>
      <y>469.2670106238927</y>
      <steeringAngle>0.1776666666666665</steeringAngle>
      <velocity>4.0</velocity>
      <orientation>-1.6069446286476428</orientation>
      <time>25</time>
    </ksState>
    <ksState>
      <x>159.35947862187186</x>
      <y>468.8262547877656</y>
      <steeringAngle>0.14213333333333333</steeringAngle>
      <velocity>4.8000000000000025</velocity>
      <orientation>-1.5795197289292904</orientation>
      <time>26</time>
    </ksState>
    <ksState>
      <x>159.39751959997912</x>
      <y>468.3064105992367</y>
      <steeringAngle>0.10660000000000003</steeringAngle>
      <velocity>5.600000000000005</velocity>
      <orientation>-1.5544035166503725</orientation>
      <time>27</time>
    </ksState>
    <ksState>
      <x>159.44330091040155</x>
      <y>467.70743037581093</y>
      <steeringAngle>0.07106666666666671</steeringAngle>
      <velocity>6.400000000000004</velocity>
      <orientation>-1.533771747050913</orientation>
      <time>28</time>
    </ksState>
    <ksState>
      <x>159.49361676443579</x>
      <y>467.0289929692937</y>
      <steeringAngle>0.035533333333333375</steeringAngle>
      <velocity>7.200000000000006</velocity>
      <orientation>-1.5197950789581207</orientation>
      <time>29</time>
    </ksState>
    <ksState>
      <x>159.5422847941085</x>
      <y>466.2705120141528</y>
      <steeringAngle>2.6346112791397758e-17</steeringAngle>
      <velocity>8.000000000000007</velocity>
      <orientation>-1.5146500661785522</orientation>
      <time>30</time>
    </ksState>
    <ksState>
      <x>159.57787889150697</x>
      <y>465.471274105016</y>
      <steeringAngle>-0.03553333333333333</steeringAngle>
      <velocity>8.0</velocity>
      <orientation>-1.5201626011813911</orientation>
      <time>31</time>
    </ksState>
    <ksState>
      <x>159.58896429333103</x>
      <y>464.6710352732252</y>
      <steeringAngle>-0.07106666666666667</steeringAngle>
      <velocity>8.0</velocity>
      <orientation>-1.5367141220616607</orientation>
      <time>32</time>
    </ksState>
    <ksState>
      <x>159.56661210006058</x>
      <y>463.87044377809246</y>
      <steeringAngle>-0.10659999999999997</steeringAngle>
      <velocity>8.0</velocity>
      <orientation>-1.5643466013523555</orientation>
      <time>33</time>
    </ksState>
    <ksState>
      <x>159.50183518945045</x>
      <y>463.07126573422147</y>
      <steeringAngle>-0.1421333333333333</steeringAngle>
      <velocity>8.0</velocity>
      <orientation>-1.6031304536250905</orientation>
      <time>34</time>
    </ksState>
    <ksState>
      <x>159.3856756996343</x>
      <y>462.27670149530746</y>
      <steeringAngle>-0.17766666666666667</steeringAngle>
      <velocity>8.0</velocity>
      <orientation>-1.6531652658742453</orientation>
      <time>35</time>
    </ksState>
    <ksState>
      <x>159.2284230504655</x>
      <y>461.4891028450486</y>
      <steeringAngle>-0.14213333333333336</steeringAngle>
      <velocity>8.0</velocity>
      <orientation>-1.7032000774229936</orientation>
      <time>36</time>
    </ksState>
    <ksState>
      <x>159.05218167378774</x>
      <y>460.70680796031905</y>
      <steeringAngle>-0.1066000000000001</steeringAngle>
      <velocity>8.0</velocity>
      <orientation>-1.741983929429991</orientation>
      <time>37</time>
    </ksState>
    <ksState>
      <x>158.86565701428407</x>
      <y>459.92785264344667</y>
      <steeringAngle>-0.07106666666666674</steeringAngle>
      <velocity>8.0</velocity>
      <orientation>-1.769616408459678</orientation>
      <time>38</time>
    </ksState>
    <ksState>
      <x>158.67739812723173</x>
      <y>459.1499496415412</y>
      <steeringAngle>-0.035533333333333354</steeringAngle>
      <velocity>8.0</velocity>
      <orientation>-1.7861679290887074</orientation>
      <time>39</time>
    </ksState>
    <ksState>
      <x>158.49590204497258</x>
      <y>458.3707638630392</y>
      <steeringAngle>-2.0816681711721685e-17</steeringAngle>
      <velocity>8.0</velocity>
      <orientation>-1.7916804555471122</orientation>
      <time>40</time>
    </ksState>
    <ksState>
      <x>158.33779905772914</x>
      <y>457.62736224619886</y>
      <steeringAngle>0.03553333333333333</steeringAngle>
      <velocity>7.199999999999999</velocity>
      <orientation>-1.7865354425646198</orientation>
      <time>41</time>
    </ksState>
    <ksState>
      <x>158.21581089552893</x>
      <y>456.95811971684526</y>
      <steeringAngle>0.07106666666666664</steeringAngle>
      <velocity>6.400000000000001</velocity>
      <orientation>-1.7725587704436567</orientation>
      <time>42</time>
    </ksState>
    <ksState>
      <x>158.13005312877618</x>
      <y>456.3635863154895</y>
      <steeringAngle>0.10659999999999997</steeringAngle>
      <velocity>5.600000000000004</velocity>
      <orientation>-1.7519270025777753</orientation>
      <time>43</time>
    </ksState>
    <ksState>
      <x>158.07772760801294</x>
      <y>455.8450285853214</y>
      <steeringAngle>0.1421333333333333</steeringAngle>
      <velocity>4.800000000000003</velocity>
      <orientation>-1.7268107950691272</orientation>
      <time>44</time>
    </ksState>
    <ksState>
      <x>158.05372467948206</x>
      <y>455.40398860404645</y>
      <steeringAngle>0.17766666666666653</steeringAngle>
      <velocity>4.000000000000006</velocity>
      <orientation>-1.6993858984839774</orientation>
      <time>45</time>
    </ksState>
    <ksState>
      <x>158.04729822625978</x>
      <y>454.9618991068992</y>
      <steeringAngle>0.17766666666666667</steeringAngle>
      <velocity>4.800000000000002</velocity>
      <orientation>-1.6687503614416432</orientation>
      <time>46</time>
    </ksState>
    <ksState>
      <x>158.05716539775057</x>
      <y>454.4394757822782</y>
      <steeringAngle>0.17766666666666667</steeringAngle>
      <velocity>5.600000000000001</velocity>
      <orientation>-1.6325447267651032</orientation>
      <time>47</time>
    </ksState>
    <ksState>
      <x>158.0920388180901</x>
      <y>453.83759248473365</y>
      <steeringAngle>0.17766666666666667</steeringAngle>
      <velocity>6.3999999999999995</velocity>
      <orientation>-1.5907689944554633</orientation>
      <time>48</time>
    </ksState>
    <ksState>
      <x>158.1619077313074</x>
      <y>453.1579098752473</y>
      <steeringAngle>0.17766666666666667</steeringAngle>
      <velocity>7.200000000000002</velocity>
      <orientation>-1.5434231645133663</orientation>
      <time>49</time>
    </ksState>
    <ksState>
      <x>158.27796144979186</x>
      <y>452.40314952447244</y>
      <steeringAngle>0.17766666666666667</steeringAngle>
      <velocity>8.0</velocity>
      <orientation>-1.4905072369392163</orientation>
      <time>50</time>
    </ksState>
    <ksState>
      <x>158.43357567358086</x>
      <y>451.61522551613484</y>
      <steeringAngle>0.14213333333333336</steeringAngle>
      <velocity>8.0</velocity>
      <orientation>-1.440472425390468</orientation>
      <time>51</time>
    </ksState>
    <ksState>
      <x>158.608189614833</x>
      <y>450.83256576819343</y>
      <steeringAngle>0.1066000000000001</steeringAngle>
      <velocity>8.0</velocity>
      <orientation>-1.4016885733834705</orientation>
      <time>52</time>
    </ksState>
    <ksState>
      <x>158.79309376246215</x>
      <y>450.05322419322374</y>
      <steeringAngle>0.07106666666666674</steeringAngle>
      <velocity>8.0</velocity>
      <orientation>-1.3740560943537836</orientation>
      <time>53</time>
    </ksState>
    <ksState>
      <x>158.97973432254398</x>
      <y>449.27493132401565</y>
      <steeringAngle>0.035533333333333354</steeringAngle>
      <velocity>8.0</velocity>
      <orientation>-1.3575045737247542</orientation>
      <time>54</time>
    </ksState>
    <ksState>
      <x>159.1596094244797</x>
      <y>448.4953697465898</y>
      <steeringAngle>2.0816681711721685e-17</steeringAngle>
      <velocity>8.0</velocity>
      <orientation>-1.3519920472663494</orientation>
      <time>55</time>
    </ksState>
    <ksState>
      <x>159.333259477915</x>
      <y>447.7144435919875</y>
      <steeringAngle>0.0</steeringAngle>
      <velocity>8.0</velocity>
      <orientation>-1.3519920472663494</orientation>
      <time>56</time>
    </ksState>
    <ksState>
      <x>159.5069095313503</x>
      <y>446.9335174373852</y>
      <steeringAngle>0.0</steeringAngle>
      <velocity>8.0</velocity>
      <orientation>-1.3519920472663494</orientation>
      <time>57</time>
    </ksState>
    <ksState>
      <x>159.68055958478558</x>
      <y>446.1525912827829</y>
      <steeringAngle>0.0</steeringAngle>
      <velocity>8.0</velocity>
      <orientation>-1.3519920472663494</orientation>
      <time>58</time>
    </ksState>
    <ksState>
      <x>159.85420963822088</x>
      <y>445.37166512818067</y>
      <steeringAngle>0.0</steeringAngle>
      <velocity>8.0</velocity>
      <orientation>-1.3519920472663494</orientation>
      <time>59</time>
    </ksState>
    <ksState>
      <x>160.0278596916562</x>
      <y>444.59073897357837</y>
      <steeringAngle>0.0</steeringAngle>
      <velocity>8.0</velocity>
      <orientation>-1.3519920472663494</orientation>
      <time>60</time>
    </ksState>
    <ksState>
      <x>160.2015097450915</x>
      <y>443.80981281897607</y>
      <steeringAngle>0.0</steeringAngle>
      <velocity>8.0</velocity>
      <orientation>-1.3519920472663494</orientation>
      <time>61</time>
    </ksState>
    <ksState>
      <x>160.3751597985268</x>
      <y>443.0288866643738</y>
      <steeringAngle>0.0</steeringAngle>
      <velocity>8.0</velocity>
      <orientation>-1.3519920472663494</orientation>
      <time>62</time>
    </ksState>
    <ksState>
      <x>160.5488098519621</x>
      <y>442.2479605097715</y>
      <steeringAngle>0.0</steeringAngle>
      <velocity>8.0</velocity>
      <orientation>-1.3519920472663494</orientation>
      <time>63</time>
    </ksState>
    <ksState>
      <x>160.7224599053974</x>
      <y>441.46703435516923</y>
      <steeringAngle>0.0</steeringAngle>
      <velocity>8.0</velocity>
      <orientation>-1.3519920472663494</orientation>
      <time>64</time>
    </ksState>
    <ksState>
      <x>160.8961099588327</x>
      <y>440.68610820056693</y>
      <steeringAngle>0.0</steeringAngle>
      <velocity>8.0</velocity>
      <orientation>-1.3519920472663494</orientation>
      <time>65</time>
    </ksState>
    <ksState>
      <x>161.069760012268</x>
      <y>439.90518204596464</y>
      <steeringAngle>0.0</steeringAngle>
      <velocity>8.0</velocity>
      <orientation>-1.3519920472663494</orientation>
      <time>66</time>
    </ksState>
    <ksState>
      <x>161.2434100657033</x>
      <y>439.12425589136234</y>
      <steeringAngle>0.0</steeringAngle>
      <velocity>8.0</velocity>
      <orientation>-1.3519920472663494</orientation>
      <time>67</time>
    </ksState>
    <ksState>
      <x>161.4170601191386</x>
      <y>438.34332973676004</y>
      <steeringAngle>0.0</steeringAngle>
      <velocity>8.0</velocity>
      <orientation>-1.3519920472663494</orientation>
      <time>68</time>
    </ksState>
    <ksState>
      <x>161.5907101725739</x>
      <y>437.5624035821578</y>
      <steeringAngle>0.0</steeringAngle>
      <velocity>8.0</velocity>
      <orientation>-1.3519920472663494</orientation>
      <time>69</time>
    </ksState>
    <ksState>
      <x>161.76436022600922</x>
      <y>436.7814774275555</y>
      <steeringAngle>0.0</steeringAngle>
      <velocity>8.0</velocity>
      <orientation>-1.3519920472663494</orientation>
      <time>70</time>
    </ksState>
    <ksState>
      <x>161.92891444623058</x>
      <y>435.9985533675227</y>
      <steeringAngle>-0.03553333333333333</steeringAngle>
      <velocity>8.0</velocity>
      <orientation>-1.3575045822691882</orientation>
      <time>71</time>
    </ksState>
    <ksState>
      <x>162.0694455688034</x>
      <y>435.21067261662955</y>
      <steeringAngle>-0.07106666666666667</steeringAngle>
      <velocity>8.0</velocity>
      <orientation>-1.3740561031494578</orientation>
      <time>72</time>
    </ksState>
    <ksState>
      <x>162.1770375725522</x>
      <y>434.41702891612397</y>
      <steeringAngle>-0.10659999999999997</steeringAngle>
      <velocity>8.0</velocity>
      <orientation>-1.4016885824401526</orientation>
      <time>73</time>
    </ksState>
    <ksState>
      <x>162.24253595470063</x>
      <y>433.617909678532</y>
      <steeringAngle>-0.1421333333333333</steeringAngle>
      <velocity>8.0</velocity>
      <orientation>-1.4404724347128877</orientation>
      <time>74</time>
    </ksState>
    <ksState>
      <x>162.2565828234933</x>
      <y>432.81502236245797</y>
      <steeringAngle>-0.17766666666666667</steeringAngle>
      <velocity>8.0</velocity>
      <orientation>-1.4905072469620424</orientation>
      <time>75</time>
    </ksState>
    <ksState>
      <x>162.21938148189665</x>
      <y>432.0120721753782</y>
      <steeringAngle>-0.17766666666666667</steeringAngle>
      <velocity>8.0</velocity>
      <orientation>-1.5462082232725542</orientation>
      <time>76</time>
    </ksState>
    <ksState>
      <x>162.13753585261995</x>
      <y>431.21243832483907</y>
      <steeringAngle>-0.17766666666666667</steeringAngle>
      <velocity>8.0</velocity>
      <orientation>-1.6019091995830659</orientation>
      <time>77</time>
    </ksState>
    <ksState>
      <x>162.01129980182887</x>
      <y>430.4186011471529</y>
      <steeringAngle>-0.17766666666666667</steeringAngle>
      <velocity>8.0</velocity>
      <orientation>-1.6576101758935775</orientation>
      <time>78</time>
    </ksState>
    <ksState>
      <x>161.8410648880775</x>
      <y>429.6330229637135</y>
      <steeringAngle>-0.17766666666666667</steeringAngle>
      <velocity>8.0</velocity>
      <orientation>-1.7133111522040894</orientation>
      <time>79</time>
    </ksState>
    <ksState>
      <x>161.62735914483537</x>
      <y>428.8581404776818</y>
      <steeringAngle>-0.17766666666666667</steeringAngle>
      <velocity>8.0</velocity>
      <orientation>-1.7690121285146012</orientation>
      <time>80</time>
    </ksState>
    <ksState>
      <x>161.3708454424737</x>
      <y>428.09635726491797</y>
      <steeringAngle>-0.17766666666666667</steeringAngle>
      <velocity>8.0</velocity>
      <orientation>-1.824713104825113</orientation>
      <time>81</time>
    </ksState>
    <ksState>
      <x>161.0723194283817</x>
      <y>427.35003614042125</y>
      <steeringAngle>-0.17766666666666667</steeringAngle>
      <velocity>8.0</velocity>
      <orientation>-1.8804140811356247</orientation>
      <time>82</time>
    </ksState>
    <ksState>
      <x>160.73270707684998</x>
      <y>426.6214920745727</y>
      <steeringAngle>-0.17766666666666667</steeringAngle>
      <velocity>8.0</velocity>
      <orientation>-1.9361150574461363</orientation>
      <time>83</time>
    </ksState>
    <ksState>
      <x>160.35306179629896</x>
      <y>425.912984862816</y>
      <steeringAngle>-0.17766666666666667</steeringAngle>
      <velocity>8.0</velocity>
      <orientation>-1.9918160337566482</orientation>
      <time>84</time>
    </ksState>
    <ksState>
      <x>159.93456116842646</x>
      <y>425.22671215002345</y>
      <steeringAngle>-0.17766666666666667</steeringAngle>
      <velocity>8.0</velocity>
      <orientation>-2.04751701006716</orientation>
      <time>85</time>
    </ksState>
    <ksState>
      <x>159.49447649719178</x>
      <y>424.601800986343</y>
      <steeringAngle>-0.21320000000000014</steeringAngle>
      <velocity>7.200000000000003</velocity>
      <orientation>-2.105766337138653</orientation>
      <time>86</time>
    </ksState>
    <ksState>
      <x>159.05604697124824</x>
      <y>424.0748372909405</y>
      <steeringAngle>-0.24873333333333347</steeringAngle>
      <velocity>6.400000000000004</velocity>
      <orientation>-2.1676834246244323</orientation>
      <time>87</time>
    </ksState>
    <ksState>
      <x>158.6306861955941</x>
      <y>423.64239469723145</y>
      <steeringAngle>-0.2842666666666668</steeringAngle>
      <velocity>5.600000000000001</velocity>
      <orientation>-2.2311055673883535</orientation>
      <time>88</time>
    </ksState>
    <ksState>
      <x>158.23060847936628</x>
      <y>423.29866415274245</y>
      <steeringAngle>-0.3198</steeringAngle>
      <velocity>4.800000000000002</velocity>
      <orientation>-2.293834667130306</orientation>
      <time>89</time>
    </ksState>
    <ksState>
      <x>157.8679102568458</x>
      <y>423.03563620707934</y>
      <steeringAngle>-0.3553333333333332</steeringAngle>
      <velocity>4.000000000000001</velocity>
      <orientation>-2.353624501178521</orientation>
      <time>90</time>
    </ksState>
    <ksState>
      <x>157.51815238371785</x>
      <y>422.82339989770736</y>
      <steeringAngle>-0.39086666666666653</steeringAngle>
      <velocity>4.0</velocity>
      <orientation>-2.414344867484508</orientation>
      <time>91</time>
    </ksState>
    <ksState>
      <x>157.14969833453654</x>
      <y>422.64100280893257</y>
      <steeringAngle>-0.42639999999999995</steeringAngle>
      <velocity>4.0</velocity>
      <orientation>-2.4815144809409118</orientation>
      <time>92</time>
    </ksState>
    <ksState>
      <x>156.76380989526297</x>
      <y>422.4926938055789</y>
      <steeringAngle>-0.4619333333333333</steeringAngle>
      <velocity>4.0</velocity>
      <orientation>-2.5553350645732555</orientation>
      <time>93</time>
    </ksState>
    <ksState>
      <x>156.3625667225004</x>
      <y>422.38297312762273</y>
      <steeringAngle>-0.49746666666666667</steeringAngle>
      <velocity>4.0</velocity>
      <orientation>-2.636035606386476</orientation>
      <time>94</time>
    </ksState>
    <ksState>
      <x>155.94901405069749</x>
      <y>422.31650130511497</y>
      <steeringAngle>-0.533</steeringAngle>
      <velocity>4.0</velocity>
      <orientation>-2.7238754729862844</orientation>
      <time>95</time>
    </ksState>
    <ksState>
      <x>155.5728842716047</x>
      <y>422.2884745760293</y>
      <steeringAngle>-0.4974666666666667</steeringAngle>
      <velocity>3.1999999999999993</velocity>
      <orientation>-2.8030526760955237</orientation>
      <time>96</time>
    </ksState>
    <ksState>
      <x>155.28166891311355</x>
      <y>422.2797960825888</y>
      <steeringAngle>-0.4619333333333334</steeringAngle>
      <velocity>2.3999999999999986</velocity>
      <orientation>-2.8596597834977326</orientation>
      <time>97</time>
    </ksState>
    <ksState>
      <x>155.07484990806125</x>
      <y>422.2786292880124</y>
      <steeringAngle>-0.4264000000000001</steeringAngle>
      <velocity>1.5999999999999979</velocity>
      <orientation>-2.8966827437117915</orientation>
      <time>98</time>
    </ksState>
    <ksState>
      <x>154.95143434058517</x>
      <y>422.27876594591584</y>
      <steeringAngle>-0.39086666666666675</steeringAngle>
      <velocity>0.7999999999999972</velocity>
      <orientation>-2.9169427129346177</orientation>
      <time>99</time>
    </ksState>
  </ksTrajectory>
</CommonRoadSolution>
