<?xml version="1.0" ?>
<CommonRoadSolution benchmark_id="KS2:SM1:BEL_Wervik-2_2_T-1:2020a" computation_time="0.3773164609999924" date="2023-11-26T00:13:30">
  <ksTrajectory planningProblem="1">
    <ksState>
      <x>474.8616</x>
      <y>-307.86904</y>
      <steeringAngle>0.0</steeringAngle>
      <velocity>8.0</velocity>
      <orientation>2.0787662</orientation>
      <time>0</time>
    </ksState>
    <ksState>
      <x>474.49193261067774</x>
      <y>-307.20500233527997</y>
      <steeringAngle>0.0</steeringAngle>
      <velocity>7.200000000000001</velocity>
      <orientation>2.0787662</orientation>
      <time>1</time>
    </ksState>
    <ksState>
      <x>474.16117757830665</x>
      <y>-306.61086337243347</y>
      <steeringAngle>0.0</steeringAngle>
      <velocity>6.400000000000001</velocity>
      <orientation>2.0787662</orientation>
      <time>2</time>
    </ksState>
    <ksState>
      <x>473.8693349027893</x>
      <y>-306.0866231112855</y>
      <steeringAngle>0.0</steeringAngle>
      <velocity>5.600000000000001</velocity>
      <orientation>2.0787662</orientation>
      <time>3</time>
    </ksState>
    <ksState>
      <x>473.61640458409823</x>
      <y>-305.6322815517868</y>
      <steeringAngle>0.0</steeringAngle>
      <velocity>4.800000000000001</velocity>
      <orientation>2.0787662</orientation>
      <time>4</time>
    </ksState>
    <ksState>
      <x>473.40238662222333</x>
      <y>-305.2478386939191</y>
      <steeringAngle>0.0</steeringAngle>
      <velocity>4.000000000000001</velocity>
      <orientation>2.0787662</orientation>
      <time>5</time>
    </ksState>
    <ksState>
      <x>473.2272810170873</x>
      <y>-304.93329453754353</y>
      <steeringAngle>0.0</steeringAngle>
      <velocity>3.2</velocity>
      <orientation>2.0787662</orientation>
      <time>6</time>
    </ksState>
    <ksState>
      <x>473.0910877688088</x>
      <y>-304.6886490828733</y>
      <steeringAngle>0.0</steeringAngle>
      <velocity>2.4000000000000004</velocity>
      <orientation>2.0787662</orientation>
      <time>7</time>
    </ksState>
    <ksState>
      <x>472.9938068773383</x>
      <y>-304.5139023298195</y>
      <steeringAngle>0.0</steeringAngle>
      <velocity>1.6</velocity>
      <orientation>2.0787662</orientation>
      <time>8</time>
    </ksState>
    <ksState>
      <x>472.93543834265597</x>
      <y>-304.40905427834645</y>
      <steeringAngle>0.0</steeringAngle>
      <velocity>0.7999999999999998</velocity>
      <orientation>2.0787662</orientation>
      <time>9</time>
    </ksState>
    <ksState>
      <x>472.9159821647362</x>
      <y>-304.37410492840803</y>
      <steeringAngle>0.0</steeringAngle>
      <velocity>-3.3306690738754696e-16</velocity>
      <orientation>2.0787662</orientation>
      <time>10</time>
    </ksState>
    <ksState>
      <x>472.89652598597866</x>
      <y>-304.33915557696474</y>
      <steeringAngle>0.0</steeringAngle>
      <velocity>0.8</velocity>
      <orientation>2.0787662</orientation>
      <time>11</time>
    </ksState>
    <ksState>
      <x>472.8381574502825</x>
      <y>-304.2343075236705</y>
      <steeringAngle>0.0</steeringAngle>
      <velocity>1.6</velocity>
      <orientation>2.0787662</orientation>
      <time>12</time>
    </ksState>
    <ksState>
      <x>472.7408765577328</x>
      <y>-304.0595607686782</y>
      <steeringAngle>0.0</steeringAngle>
      <velocity>2.4000000000000004</velocity>
      <orientation>2.0787662</orientation>
      <time>13</time>
    </ksState>
    <ksState>
      <x>472.60468330835545</x>
      <y>-303.8149153120341</y>
      <steeringAngle>0.0</steeringAngle>
      <velocity>3.2000000000000006</velocity>
      <orientation>2.0787662</orientation>
      <time>14</time>
    </ksState>
    <ksState>
      <x>472.429577702161</x>
      <y>-303.50037115375727</y>
      <steeringAngle>0.0</steeringAngle>
      <velocity>4.000000000000001</velocity>
      <orientation>2.0787662</orientation>
      <time>15</time>
    </ksState>
    <ksState>
      <x>472.21555973921727</x>
      <y>-303.11592829396955</y>
      <steeringAngle>0.0</steeringAngle>
      <velocity>4.8</velocity>
      <orientation>2.0787662</orientation>
      <time>16</time>
    </ksState>
    <ksState>
      <x>471.9626294194435</x>
      <y>-302.661586732526</y>
      <steeringAngle>0.0</steeringAngle>
      <velocity>5.6</velocity>
      <orientation>2.0787662</orientation>
      <time>17</time>
    </ksState>
    <ksState>
      <x>471.67078674284755</x>
      <y>-302.1373464694406</y>
      <steeringAngle>0.0</steeringAngle>
      <velocity>6.4</velocity>
      <orientation>2.0787662</orientation>
      <time>18</time>
    </ksState>
    <ksState>
      <x>471.340031709434</x>
      <y>-301.5432075047215</y>
      <steeringAngle>0.0</steeringAngle>
      <velocity>7.199999999999999</velocity>
      <orientation>2.0787662</orientation>
      <time>19</time>
    </ksState>
    <ksState>
      <x>470.97036431920566</x>
      <y>-300.87916983837385</y>
      <steeringAngle>0.0</steeringAngle>
      <velocity>7.999999999999998</velocity>
      <orientation>2.0787662</orientation>
      <time>20</time>
    </ksState>
    <ksState>
      <x>470.58124075112585</x>
      <y>-300.18018282221055</y>
      <steeringAngle>0.0</steeringAngle>
      <velocity>8.0</velocity>
      <orientation>2.0787662</orientation>
      <time>21</time>
    </ksState>
    <ksState>
      <x>470.19211718304604</x>
      <y>-299.4811958060473</y>
      <steeringAngle>0.0</steeringAngle>
      <velocity>8.0</velocity>
      <orientation>2.0787662</orientation>
      <time>22</time>
    </ksState>
    <ksState>
      <x>469.8029936149662</x>
      <y>-298.782208789884</y>
      <steeringAngle>0.0</steeringAngle>
      <velocity>8.0</velocity>
      <orientation>2.0787662</orientation>
      <time>23</time>
    </ksState>
    <ksState>
      <x>469.4138700468864</x>
      <y>-298.08322177372077</y>
      <steeringAngle>0.0</steeringAngle>
      <velocity>8.0</velocity>
      <orientation>2.0787662</orientation>
      <time>24</time>
    </ksState>
    <ksState>
      <x>469.0247464788066</x>
      <y>-297.38423475755746</y>
      <steeringAngle>0.0</steeringAngle>
      <velocity>8.0</velocity>
      <orientation>2.0787662</orientation>
      <time>25</time>
    </ksState>
    <ksState>
      <x>468.64377139658126</x>
      <y>-296.6807390845826</y>
      <steeringAngle>-0.03553333333333333</steeringAngle>
      <velocity>8.0</velocity>
      <orientation>2.073253664997161</orientation>
      <time>26</time>
    </ksState>
    <ksState>
      <x>468.28440861136113</x>
      <y>-295.9656422641181</y>
      <steeringAngle>-0.07106666666666667</steeringAngle>
      <velocity>8.0</velocity>
      <orientation>2.056702144116892</orientation>
      <time>27</time>
    </ksState>
    <ksState>
      <x>467.9549740634749</x>
      <y>-295.2356290852769</y>
      <steeringAngle>-0.10659999999999997</steeringAngle>
      <velocity>8.0</velocity>
      <orientation>2.0290696648261966</orientation>
      <time>28</time>
    </ksState>
    <ksState>
      <x>467.6643241367727</x>
      <y>-294.4883645979221</y>
      <steeringAngle>-0.1421333333333333</steeringAngle>
      <velocity>8.0</velocity>
      <orientation>1.9902858125534617</orientation>
      <time>29</time>
    </ksState>
    <ksState>
      <x>467.4219150895848</x>
      <y>-293.72281694383594</y>
      <steeringAngle>-0.17766666666666667</steeringAngle>
      <velocity>8.0</velocity>
      <orientation>1.9402510003043072</orientation>
      <time>30</time>
    </ksState>
    <ksState>
      <x>467.2288383267831</x>
      <y>-292.9846470747785</y>
      <steeringAngle>-0.1421333333333334</steeringAngle>
      <velocity>7.2</velocity>
      <orientation>1.8926236785586703</orientation>
      <time>31</time>
    </ksState>
    <ksState>
      <x>467.0698267379608</x>
      <y>-292.32182295650017</y>
      <steeringAngle>-0.10660000000000011</steeringAngle>
      <velocity>6.4</velocity>
      <orientation>1.8595641081107024</orientation>
      <time>32</time>
    </ksState>
    <ksState>
      <x>466.93383905551843</x>
      <y>-291.73667677231293</y>
      <steeringAngle>-0.07106666666666674</steeringAngle>
      <velocity>5.600000000000001</velocity>
      <orientation>1.838747159816814</orientation>
      <time>33</time>
    </ksState>
  </ksTrajectory>
</CommonRoadSolution>
