<?xml version="1.0" ?>
<CommonRoadSolution benchmark_id="KS2:SM1:BEL_Aarschot-5_1_T-1:2020a" computation_time="0.35990225999998415" date="2023-11-26T00:13:30">
  <ksTrajectory planningProblem="1">
    <ksState>
      <x>-340.83927</x>
      <y>517.00733</y>
      <steeringAngle>0.0</steeringAngle>
      <velocity>4.0</velocity>
      <orientation>1.4609133</orientation>
      <time>0</time>
    </ksState>
    <ksState>
      <x>-340.7997916679246</x>
      <y>517.3651588145981</y>
      <steeringAngle>0.0</steeringAngle>
      <velocity>3.2</velocity>
      <orientation>1.4609133</orientation>
      <time>1</time>
    </ksState>
    <ksState>
      <x>-340.76908629856877</x>
      <y>517.6434701145126</y>
      <steeringAngle>0.0</steeringAngle>
      <velocity>2.4000000000000004</velocity>
      <orientation>1.4609133</orientation>
      <time>2</time>
    </ksState>
    <ksState>
      <x>-340.74715389192147</x>
      <y>517.8422638998452</y>
      <steeringAngle>0.0</steeringAngle>
      <velocity>1.6</velocity>
      <orientation>1.4609133</orientation>
      <time>3</time>
    </ksState>
    <ksState>
      <x>-340.7339944479782</x>
      <y>517.9615401706359</y>
      <steeringAngle>0.0</steeringAngle>
      <velocity>0.7999999999999998</velocity>
      <orientation>1.4609133</orientation>
      <time>4</time>
    </ksState>
    <ksState>
      <x>-340.7296079667331</x>
      <y>518.0012989269376</y>
      <steeringAngle>0.0</steeringAngle>
      <velocity>-3.3306690738754696e-16</velocity>
      <orientation>1.4609133</orientation>
      <time>5</time>
    </ksState>
    <ksState>
      <x>-340.7296079667331</x>
      <y>518.0012989269376</y>
      <steeringAngle>0.0</steeringAngle>
      <velocity>0.0</velocity>
      <orientation>1.4609133</orientation>
      <time>6</time>
    </ksState>
    <ksState>
      <x>-340.7296079667331</x>
      <y>518.0012989269376</y>
      <steeringAngle>0.0</steeringAngle>
      <velocity>0.0</velocity>
      <orientation>1.4609133</orientation>
      <time>7</time>
    </ksState>
    <ksState>
      <x>-340.7296079667331</x>
      <y>518.0012989269376</y>
      <steeringAngle>0.0</steeringAngle>
      <velocity>0.0</velocity>
      <orientation>1.4609133</orientation>
      <time>8</time>
    </ksState>
    <ksState>
      <x>-340.7296079667331</x>
      <y>518.0012989269376</y>
      <steeringAngle>0.0</steeringAngle>
      <velocity>0.0</velocity>
      <orientation>1.4609133</orientation>
      <time>9</time>
    </ksState>
    <ksState>
      <x>-340.7296079667331</x>
      <y>518.0012989269376</y>
      <steeringAngle>0.0</steeringAngle>
      <velocity>0.0</velocity>
      <orientation>1.4609133</orientation>
      <time>10</time>
    </ksState>
    <ksState>
      <x>-340.7296079667331</x>
      <y>518.0012989269376</y>
      <steeringAngle>0.0</steeringAngle>
      <velocity>0.0</velocity>
      <orientation>1.4609133</orientation>
      <time>11</time>
    </ksState>
    <ksState>
      <x>-340.7296079667331</x>
      <y>518.0012989269376</y>
      <steeringAngle>0.0</steeringAngle>
      <velocity>0.0</velocity>
      <orientation>1.4609133</orientation>
      <time>12</time>
    </ksState>
    <ksState>
      <x>-340.7296079667331</x>
      <y>518.0012989269376</y>
      <steeringAngle>0.0</steeringAngle>
      <velocity>0.0</velocity>
      <orientation>1.4609133</orientation>
      <time>13</time>
    </ksState>
    <ksState>
      <x>-340.7296079667331</x>
      <y>518.0012989269376</y>
      <steeringAngle>0.0</steeringAngle>
      <velocity>0.0</velocity>
      <orientation>1.4609133</orientation>
      <time>14</time>
    </ksState>
    <ksState>
      <x>-340.7296079667331</x>
      <y>518.0012989269376</y>
      <steeringAngle>0.0</steeringAngle>
      <velocity>0.0</velocity>
      <orientation>1.4609133</orientation>
      <time>15</time>
    </ksState>
    <ksState>
      <x>-340.7296079667331</x>
      <y>518.0012989269376</y>
      <steeringAngle>0.0</steeringAngle>
      <velocity>0.0</velocity>
      <orientation>1.4609133</orientation>
      <time>16</time>
    </ksState>
    <ksState>
      <x>-340.7296079667331</x>
      <y>518.0012989269376</y>
      <steeringAngle>0.0</steeringAngle>
      <velocity>0.0</velocity>
      <orientation>1.4609133</orientation>
      <time>17</time>
    </ksState>
    <ksState>
      <x>-340.7296079667331</x>
      <y>518.0012989269376</y>
      <steeringAngle>0.0</steeringAngle>
      <velocity>0.0</velocity>
      <orientation>1.4609133</orientation>
      <time>18</time>
    </ksState>
    <ksState>
      <x>-340.7296079667331</x>
      <y>518.0012989269376</y>
      <steeringAngle>0.0</steeringAngle>
      <velocity>0.0</velocity>
      <orientation>1.4609133</orientation>
      <time>19</time>
    </ksState>
    <ksState>
      <x>-340.7296079667331</x>
      <y>518.0012989269376</y>
      <steeringAngle>0.0</steeringAngle>
      <velocity>0.0</velocity>
      <orientation>1.4609133</orientation>
      <time>20</time>
    </ksState>
    <ksState>
      <x>-340.7296079667331</x>
      <y>518.0012989269376</y>
      <steeringAngle>0.0</steeringAngle>
      <velocity>0.0</velocity>
      <orientation>1.4609133</orientation>
      <time>21</time>
    </ksState>
    <ksState>
      <x>-340.7296079667331</x>
      <y>518.0012989269376</y>
      <steeringAngle>0.0</steeringAngle>
      <velocity>0.0</velocity>
      <orientation>1.4609133</orientation>
      <time>22</time>
    </ksState>
    <ksState>
      <x>-340.7296079667331</x>
      <y>518.0012989269376</y>
      <steeringAngle>0.0</steeringAngle>
      <velocity>0.0</velocity>
      <orientation>1.4609133</orientation>
      <time>23</time>
    </ksState>
    <ksState>
      <x>-340.7296079667331</x>
      <y>518.0012989269376</y>
      <steeringAngle>0.0</steeringAngle>
      <velocity>0.0</velocity>
      <orientation>1.4609133</orientation>
      <time>24</time>
    </ksState>
    <ksState>
      <x>-340.7296079667331</x>
      <y>518.0012989269376</y>
      <steeringAngle>0.0</steeringAngle>
      <velocity>0.0</velocity>
      <orientation>1.4609133</orientation>
      <time>25</time>
    </ksState>
    <ksState>
      <x>-340.7252214852992</x>
      <y>518.0410576849512</y>
      <steeringAngle>0.0</steeringAngle>
      <velocity>0.8</velocity>
      <orientation>1.4609133</orientation>
      <time>26</time>
    </ksState>
    <ksState>
      <x>-340.7120620411273</x>
      <y>518.1603339578138</y>
      <steeringAngle>0.0</steeringAngle>
      <velocity>1.6</velocity>
      <orientation>1.4609133</orientation>
      <time>27</time>
    </ksState>
    <ksState>
      <x>-340.6901296342367</x>
      <y>518.3591277453514</y>
      <steeringAngle>0.0</steeringAngle>
      <velocity>2.4000000000000004</velocity>
      <orientation>1.4609133</orientation>
      <time>28</time>
    </ksState>
    <ksState>
      <x>-340.6594242646332</x>
      <y>518.6374390475116</y>
      <steeringAngle>0.0</steeringAngle>
      <velocity>3.2000000000000006</velocity>
      <orientation>1.4609133</orientation>
      <time>29</time>
    </ksState>
    <ksState>
      <x>-340.6199459323191</x>
      <y>518.9952678642725</y>
      <steeringAngle>0.0</steeringAngle>
      <velocity>4.000000000000001</velocity>
      <orientation>1.4609133</orientation>
      <time>30</time>
    </ksState>
    <ksState>
      <x>-340.5804676002437</x>
      <y>519.3530966788705</y>
      <steeringAngle>0.0</steeringAngle>
      <velocity>3.2</velocity>
      <orientation>1.4609133</orientation>
      <time>31</time>
    </ksState>
    <ksState>
      <x>-340.5497622308879</x>
      <y>519.6314079787851</y>
      <steeringAngle>0.0</steeringAngle>
      <velocity>2.4000000000000004</velocity>
      <orientation>1.4609133</orientation>
      <time>32</time>
    </ksState>
    <ksState>
      <x>-340.5278298242406</x>
      <y>519.8302017641176</y>
      <steeringAngle>0.0</steeringAngle>
      <velocity>1.6</velocity>
      <orientation>1.4609133</orientation>
      <time>33</time>
    </ksState>
  </ksTrajectory>
</CommonRoadSolution>
