<?xml version="1.0" ?>
<CommonRoadSolution benchmark_id="KS2:SM1:ESP_SantBoideLlobregat-23_2_T-1:2020a" computation_time="0.3641620779999357" date="2023-11-26T00:13:30">
  <ksTrajectory planningProblem="1">
    <ksState>
      <x>-605.29812</x>
      <y>-335.703</y>
      <steeringAngle>0.0</steeringAngle>
      <velocity>4.0</velocity>
      <orientation>1.8203735</orientation>
      <time>0</time>
    </ksState>
    <ksState>
      <x>-605.3870379315524</x>
      <y>-335.3541539011132</y>
      <steeringAngle>0.0</steeringAngle>
      <velocity>3.2</velocity>
      <orientation>1.8203735</orientation>
      <time>1</time>
    </ksState>
    <ksState>
      <x>-605.4561963226782</x>
      <y>-335.08282915785463</y>
      <steeringAngle>0.0</steeringAngle>
      <velocity>2.4000000000000004</velocity>
      <orientation>1.8203735</orientation>
      <time>2</time>
    </ksState>
    <ksState>
      <x>-605.5055951734026</x>
      <y>-334.8890257701255</y>
      <steeringAngle>0.0</steeringAngle>
      <velocity>1.6</velocity>
      <orientation>1.8203735</orientation>
      <time>3</time>
    </ksState>
    <ksState>
      <x>-605.5352344837357</x>
      <y>-334.7727437378866</y>
      <steeringAngle>0.0</steeringAngle>
      <velocity>0.7999999999999998</velocity>
      <orientation>1.8203735</orientation>
      <time>4</time>
    </ksState>
    <ksState>
      <x>-605.5451142536906</x>
      <y>-334.7339830610864</y>
      <steeringAngle>0.0</steeringAngle>
      <velocity>-3.3306690738754696e-16</velocity>
      <orientation>1.8203735</orientation>
      <time>5</time>
    </ksState>
    <ksState>
      <x>-605.5451142536906</x>
      <y>-334.7339830610864</y>
      <steeringAngle>0.0</steeringAngle>
      <velocity>0.0</velocity>
      <orientation>1.8203735</orientation>
      <time>6</time>
    </ksState>
    <ksState>
      <x>-605.5451142536906</x>
      <y>-334.7339830610864</y>
      <steeringAngle>0.0</steeringAngle>
      <velocity>0.0</velocity>
      <orientation>1.8203735</orientation>
      <time>7</time>
    </ksState>
    <ksState>
      <x>-605.5451142536906</x>
      <y>-334.7339830610864</y>
      <steeringAngle>0.0</steeringAngle>
      <velocity>0.0</velocity>
      <orientation>1.8203735</orientation>
      <time>8</time>
    </ksState>
    <ksState>
      <x>-605.5451142536906</x>
      <y>-334.7339830610864</y>
      <steeringAngle>0.0</steeringAngle>
      <velocity>0.0</velocity>
      <orientation>1.8203735</orientation>
      <time>9</time>
    </ksState>
    <ksState>
      <x>-605.5451142536906</x>
      <y>-334.7339830610864</y>
      <steeringAngle>0.0</steeringAngle>
      <velocity>0.0</velocity>
      <orientation>1.8203735</orientation>
      <time>10</time>
    </ksState>
    <ksState>
      <x>-605.5549940240709</x>
      <y>-334.6952223826173</y>
      <steeringAngle>0.0</steeringAngle>
      <velocity>0.8</velocity>
      <orientation>1.8203735</orientation>
      <time>11</time>
    </ksState>
    <ksState>
      <x>-605.5846333349187</x>
      <y>-334.57894034835846</y>
      <steeringAngle>0.0</steeringAngle>
      <velocity>1.6</velocity>
      <orientation>1.8203735</orientation>
      <time>12</time>
    </ksState>
    <ksState>
      <x>-605.6340321861911</x>
      <y>-334.38513695847956</y>
      <steeringAngle>0.0</steeringAngle>
      <velocity>2.4000000000000004</velocity>
      <orientation>1.8203735</orientation>
      <time>13</time>
    </ksState>
    <ksState>
      <x>-605.7031905778749</x>
      <y>-334.11381221303185</y>
      <steeringAngle>0.0</steeringAngle>
      <velocity>3.2000000000000006</velocity>
      <orientation>1.8203735</orientation>
      <time>14</time>
    </ksState>
    <ksState>
      <x>-605.7921085099648</x>
      <y>-333.76496611203646</y>
      <steeringAngle>0.0</steeringAngle>
      <velocity>4.000000000000001</velocity>
      <orientation>1.8203735</orientation>
      <time>15</time>
    </ksState>
    <ksState>
      <x>-605.8909062119717</x>
      <y>-333.3773593343891</y>
      <steeringAngle>0.0</steeringAngle>
      <velocity>4.0</velocity>
      <orientation>1.8203735</orientation>
      <time>16</time>
    </ksState>
    <ksState>
      <x>-605.9897039139786</x>
      <y>-332.98975255674173</y>
      <steeringAngle>0.0</steeringAngle>
      <velocity>4.0</velocity>
      <orientation>1.8203735</orientation>
      <time>17</time>
    </ksState>
    <ksState>
      <x>-606.0885016159854</x>
      <y>-332.6021457790944</y>
      <steeringAngle>0.0</steeringAngle>
      <velocity>4.0</velocity>
      <orientation>1.8203735</orientation>
      <time>18</time>
    </ksState>
    <ksState>
      <x>-606.1872993179923</x>
      <y>-332.21453900144706</y>
      <steeringAngle>0.0</steeringAngle>
      <velocity>4.0</velocity>
      <orientation>1.8203735</orientation>
      <time>19</time>
    </ksState>
    <ksState>
      <x>-606.2860970199991</x>
      <y>-331.8269322237997</y>
      <steeringAngle>0.0</steeringAngle>
      <velocity>4.0</velocity>
      <orientation>1.8203735</orientation>
      <time>20</time>
    </ksState>
    <ksState>
      <x>-606.3995300348207</x>
      <y>-331.40178453111747</y>
      <steeringAngle>0.035533333333333326</steeringAngle>
      <velocity>4.799999999999999</velocity>
      <orientation>1.823497278669191</orientation>
      <time>21</time>
    </ksState>
    <ksState>
      <x>-606.5468945354623</x>
      <y>-330.9028759931053</y>
      <steeringAngle>0.07106666666666667</steeringAngle>
      <velocity>5.599999999999998</velocity>
      <orientation>1.8343478897303638</orientation>
      <time>22</time>
    </ksState>
    <ksState>
      <x>-606.7373299454936</x>
      <y>-330.33316225370726</y>
      <steeringAngle>0.10659999999999999</steeringAngle>
      <velocity>6.3999999999999995</velocity>
      <orientation>1.8551648387306916</orientation>
      <time>23</time>
    </ksState>
    <ksState>
      <x>-606.983262356638</x>
      <y>-329.69752371233716</y>
      <steeringAngle>0.14213333333333333</steeringAngle>
      <velocity>7.199999999999999</velocity>
      <orientation>1.8882244097118568</orientation>
      <time>24</time>
    </ksState>
    <ksState>
      <x>-607.3007840652638</x>
      <y>-329.0038602500841</y>
      <steeringAngle>0.17766666666666664</steeringAngle>
      <velocity>7.9999999999999964</velocity>
      <orientation>1.9358517317934034</orientation>
      <time>25</time>
    </ksState>
    <ksState>
      <x>-607.6714852899443</x>
      <y>-328.2913852459046</y>
      <steeringAngle>0.14213333333333336</steeringAngle>
      <velocity>8.0</velocity>
      <orientation>1.9858865433421518</orientation>
      <time>26</time>
    </ksState>
    <ksState>
      <x>-608.0589421572707</x>
      <y>-327.589300147438</y>
      <steeringAngle>0.1066000000000001</steeringAngle>
      <velocity>8.0</velocity>
      <orientation>2.0246703953491494</orientation>
      <time>27</time>
    </ksState>
    <ksState>
      <x>-608.455342631973</x>
      <y>-326.89329045070775</y>
      <steeringAngle>0.07106666666666674</steeringAngle>
      <velocity>8.0</velocity>
      <orientation>2.052302874378836</orientation>
      <time>28</time>
    </ksState>
    <ksState>
      <x>-608.85311497291</x>
      <y>-326.1987750414379</y>
      <steeringAngle>0.035533333333333354</steeringAngle>
      <velocity>8.0</velocity>
      <orientation>2.0688543950078655</orientation>
      <time>29</time>
    </ksState>
    <ksState>
      <x>-609.2447507410138</x>
      <y>-325.5011413765128</y>
      <steeringAngle>2.0816681711721685e-17</steeringAngle>
      <velocity>8.0</velocity>
      <orientation>2.0743669214662703</orientation>
      <time>30</time>
    </ksState>
    <ksState>
      <x>-609.6039403880594</x>
      <y>-324.83134639597665</y>
      <steeringAngle>-0.03553333333333333</steeringAngle>
      <velocity>7.199999999999999</velocity>
      <orientation>2.069221908483778</orientation>
      <time>31</time>
    </ksState>
    <ksState>
      <x>-609.9077629480457</x>
      <y>-324.22269335289224</y>
      <steeringAngle>-0.07106666666666664</steeringAngle>
      <velocity>6.400000000000001</velocity>
      <orientation>2.055245236362815</orientation>
      <time>32</time>
    </ksState>
    <ksState>
      <x>-610.1559540112399</x>
      <y>-323.6756782196129</y>
      <steeringAngle>-0.10659999999999997</steeringAngle>
      <velocity>5.600000000000004</velocity>
      <orientation>2.0346134684969335</orientation>
      <time>33</time>
    </ksState>
  </ksTrajectory>
</CommonRoadSolution>
