<?xml version="1.0" ?>
<CommonRoadSolution benchmark_id="KS2:SM1:DEU_Flensburg-63_1_T-1:2020a" computation_time="9.478348309000012" date="2023-11-26T00:13:30">
  <ksTrajectory planningProblem="123">
    <ksState>
      <x>141.47802</x>
      <y>351.25459</y>
      <steeringAngle>0.0</steeringAngle>
      <velocity>0.0</velocity>
      <orientation>-2.9934652</orientation>
      <time>0</time>
    </ksState>
    <ksState>
      <x>141.43853616909993</x>
      <y>351.24816356832616</y>
      <steeringAngle>0.03553333333333333</steeringAngle>
      <velocity>0.8</velocity>
      <orientation>-2.993097668221758</orientation>
      <time>1</time>
    </ksState>
    <ksState>
      <x>141.32042400112294</x>
      <y>351.22665057889634</y>
      <steeringAngle>0.0710666666666667</steeringAngle>
      <velocity>1.6</velocity>
      <orientation>-2.9905228216297726</orientation>
      <time>2</time>
    </ksState>
    <ksState>
      <x>141.1243351802114</x>
      <y>351.1860636765632</y>
      <steeringAngle>0.10660000000000003</steeringAngle>
      <velocity>2.4000000000000004</velocity>
      <orientation>-2.983522117392935</orientation>
      <time>3</time>
    </ksState>
    <ksState>
      <x>140.8513129250132</x>
      <y>351.121008387942</y>
      <steeringAngle>0.14213333333333342</steeringAngle>
      <velocity>3.2000000000000015</velocity>
      <orientation>-2.9698544764521153</orientation>
      <time>4</time>
    </ksState>
    <ksState>
      <x>140.50316192559418</x>
      <y>351.0240019384898</y>
      <steeringAngle>0.17766666666666683</steeringAngle>
      <velocity>4.0000000000000036</velocity>
      <orientation>-2.947244560578895</orientation>
      <time>5</time>
    </ksState>
    <ksState>
      <x>140.12099461954682</x>
      <y>350.89819485183006</y>
      <steeringAngle>0.21319999999999995</steeringAngle>
      <velocity>4.0</velocity>
      <orientation>-2.9165367779413947</orientation>
      <time>6</time>
    </ksState>
    <ksState>
      <x>139.74525164382445</x>
      <y>350.75165967393804</y>
      <steeringAngle>0.24873333333333336</steeringAngle>
      <velocity>4.0</velocity>
      <orientation>-2.8800579368187003</orientation>
      <time>7</time>
    </ksState>
    <ksState>
      <x>139.37790937063727</x>
      <y>350.58242242313975</y>
      <steeringAngle>0.2842666666666667</steeringAngle>
      <velocity>4.0</velocity>
      <orientation>-2.8377107029732525</orientation>
      <time>8</time>
    </ksState>
    <ksState>
      <x>139.02136429375886</x>
      <y>350.3886599871825</y>
      <steeringAngle>0.31980000000000003</steeringAngle>
      <velocity>4.0</velocity>
      <orientation>-2.7893800216061173</orientation>
      <time>9</time>
    </ksState>
    <ksState>
      <x>138.67847351804673</x>
      <y>350.16876531781185</y>
      <steeringAngle>0.35533333333333333</steeringAngle>
      <velocity>4.0</velocity>
      <orientation>-2.734931820427839</orientation>
      <time>10</time>
    </ksState>
    <ksState>
      <x>138.31586592109494</x>
      <y>349.9054513915913</y>
      <steeringAngle>0.31979999999999975</steeringAngle>
      <velocity>4.800000000000001</velocity>
      <orientation>-2.6751419853960905</orientation>
      <time>11</time>
    </ksState>
    <ksState>
      <x>137.9018252949426</x>
      <y>349.5784886304288</y>
      <steeringAngle>0.28426666666666645</steeringAngle>
      <velocity>5.600000000000004</velocity>
      <orientation>-2.612412885264767</orientation>
      <time>12</time>
    </ksState>
    <ksState>
      <x>137.4420675368985</x>
      <y>349.1826082219213</y>
      <steeringAngle>0.2487333333333331</steeringAngle>
      <velocity>6.400000000000004</velocity>
      <orientation>-2.548990748572091</orientation>
      <time>13</time>
    </ksState>
    <ksState>
      <x>136.94188606758917</x>
      <y>348.7136445636496</y>
      <steeringAngle>0.21319999999999992</steeringAngle>
      <velocity>7.200000000000004</velocity>
      <orientation>-2.487073659894292</orientation>
      <time>14</time>
    </ksState>
    <ksState>
      <x>136.40553107233194</x>
      <y>348.1689060228686</y>
      <steeringAngle>0.17766666666666656</steeringAngle>
      <velocity>8.000000000000004</velocity>
      <orientation>-2.4288243302933266</orientation>
      <time>15</time>
    </ksState>
    <ksState>
      <x>135.86863088567378</x>
      <y>347.5706994261861</y>
      <steeringAngle>0.17766666666666667</steeringAngle>
      <velocity>8.0</velocity>
      <orientation>-2.3731233539828147</orientation>
      <time>16</time>
    </ksState>
    <ksState>
      <x>135.36586681277004</x>
      <y>346.9435301595946</y>
      <steeringAngle>0.17766666666666667</steeringAngle>
      <velocity>8.0</velocity>
      <orientation>-2.317422377672303</orientation>
      <time>17</time>
    </ksState>
    <ksState>
      <x>134.89879835155742</x>
      <y>346.2893435977206</y>
      <steeringAngle>0.17766666666666667</steeringAngle>
      <velocity>8.0</velocity>
      <orientation>-2.2617214013617915</orientation>
      <time>18</time>
    </ksState>
    <ksState>
      <x>134.46887425335473</x>
      <y>345.61016889417186</y>
      <steeringAngle>0.17766666666666667</steeringAngle>
      <velocity>8.0</velocity>
      <orientation>-2.2060204250512796</orientation>
      <time>19</time>
    </ksState>
    <ksState>
      <x>134.0774280552954</x>
      <y>344.90811270989724</y>
      <steeringAngle>0.17766666666666667</steeringAngle>
      <velocity>8.0</velocity>
      <orientation>-2.1503194487407677</orientation>
      <time>20</time>
    </ksState>
    <ksState>
      <x>133.74230162587725</x>
      <y>344.22194806436966</y>
      <steeringAngle>0.17766666666666667</steeringAngle>
      <velocity>7.2</velocity>
      <orientation>-2.0974035212963904</orientation>
      <time>21</time>
    </ksState>
    <ksState>
      <x>133.47358640766222</x>
      <y>343.5937424941376</y>
      <steeringAngle>0.17766666666666667</steeringAngle>
      <velocity>6.4</velocity>
      <orientation>-2.050057691503579</orientation>
      <time>22</time>
    </ksState>
    <ksState>
      <x>133.26140754070792</x>
      <y>343.0294200855476</y>
      <steeringAngle>0.17766666666666667</steeringAngle>
      <velocity>5.599999999999999</velocity>
      <orientation>-2.0082819593483943</orientation>
      <time>23</time>
    </ksState>
    <ksState>
      <x>133.09672070711846</x>
      <y>342.53353528122585</y>
      <steeringAngle>0.17766666666666667</steeringAngle>
      <velocity>4.799999999999999</velocity>
      <orientation>-1.97207632482688</orientation>
      <time>24</time>
    </ksState>
    <ksState>
      <x>132.97146667790193</x>
      <y>342.10951187071544</y>
      <steeringAngle>0.17766666666666667</steeringAngle>
      <velocity>4.0</velocity>
      <orientation>-1.94144078793755</orientation>
      <time>25</time>
    </ksState>
    <ksState>
      <x>132.85925955276724</x>
      <y>341.68185080882427</y>
      <steeringAngle>0.17766666666666667</steeringAngle>
      <velocity>4.800000000000002</velocity>
      <orientation>-1.9108052508952158</orientation>
      <time>26</time>
    </ksState>
    <ksState>
      <x>132.74361518494948</x>
      <y>341.17229230249416</y>
      <steeringAngle>0.17766666666666667</steeringAngle>
      <velocity>5.600000000000001</velocity>
      <orientation>-1.8745996162186758</orientation>
      <time>27</time>
    </ksState>
    <ksState>
      <x>132.63320166485238</x>
      <y>340.5795963316212</y>
      <steeringAngle>0.17766666666666667</steeringAngle>
      <velocity>6.3999999999999995</velocity>
      <orientation>-1.8328238839090358</orientation>
      <time>28</time>
    </ksState>
    <ksState>
      <x>132.5381150820941</x>
      <y>339.9029807417537</y>
      <steeringAngle>0.17766666666666667</steeringAngle>
      <velocity>7.200000000000002</velocity>
      <orientation>-1.7854780539669388</orientation>
      <time>29</time>
    </ksState>
    <ksState>
      <x>132.46987090767556</x>
      <y>339.1424057057883</y>
      <steeringAngle>0.17766666666666667</steeringAngle>
      <velocity>8.0</velocity>
      <orientation>-1.7325621263927888</orientation>
      <time>30</time>
    </ksState>
    <ksState>
      <x>132.45082329063797</x>
      <y>338.37832084882973</y>
      <steeringAngle>0.21320000000000014</steeringAngle>
      <velocity>7.200000000000003</velocity>
      <orientation>-1.674312799321296</orientation>
      <time>31</time>
    </ksState>
    <ksState>
      <x>132.48882140185037</x>
      <y>337.6938741167638</y>
      <steeringAngle>0.24873333333333347</steeringAngle>
      <velocity>6.400000000000004</velocity>
      <orientation>-1.6123957118355166</orientation>
      <time>32</time>
    </ksState>
    <ksState>
      <x>132.5726580826842</x>
      <y>337.0931164307825</y>
      <steeringAngle>0.2842666666666668</steeringAngle>
      <velocity>5.600000000000001</velocity>
      <orientation>-1.5489735690715956</orientation>
      <time>33</time>
    </ksState>
    <ksState>
      <x>132.68906317514904</x>
      <y>336.5786626226665</y>
      <steeringAngle>0.3198</steeringAngle>
      <velocity>4.800000000000002</velocity>
      <orientation>-1.4862444693296428</orientation>
      <time>34</time>
    </ksState>
    <ksState>
      <x>132.82354977975945</x>
      <y>336.1512903563697</y>
      <steeringAngle>0.3553333333333332</steeringAngle>
      <velocity>4.000000000000001</velocity>
      <orientation>-1.426454635281428</orientation>
      <time>35</time>
    </ksState>
    <ksState>
      <x>132.9838242614445</x>
      <y>335.73280429491797</y>
      <steeringAngle>0.31979999999999975</steeringAngle>
      <velocity>4.800000000000001</velocity>
      <orientation>-1.3666648002496795</orientation>
      <time>36</time>
    </ksState>
    <ksState>
      <x>133.1922325587967</x>
      <y>335.2481391848817</y>
      <steeringAngle>0.28426666666666645</steeringAngle>
      <velocity>5.600000000000004</velocity>
      <orientation>-1.3039357001183558</orientation>
      <time>37</time>
    </ksState>
    <ksState>
      <x>133.45534549684368</x>
      <y>334.70144907544676</y>
      <steeringAngle>0.2487333333333331</steeringAngle>
      <velocity>6.400000000000004</velocity>
      <orientation>-1.24051356342568</orientation>
      <time>38</time>
    </ksState>
    <ksState>
      <x>133.77855887304992</x>
      <y>334.0967660771234</y>
      <steeringAngle>0.21319999999999992</steeringAngle>
      <velocity>7.200000000000004</velocity>
      <orientation>-1.178596474747881</orientation>
      <time>39</time>
    </ksState>
    <ksState>
      <x>134.1655744050985</x>
      <y>333.43749698433743</y>
      <steeringAngle>0.17766666666666656</steeringAngle>
      <velocity>8.000000000000004</velocity>
      <orientation>-1.1203471451469158</orientation>
      <time>40</time>
    </ksState>
    <ksState>
      <x>134.5956918715826</x>
      <y>332.75923523944425</y>
      <steeringAngle>0.14213333333333336</steeringAngle>
      <velocity>8.0</velocity>
      <orientation>-1.0703123335981675</orientation>
      <time>41</time>
    </ksState>
    <ksState>
      <x>135.0416177705586</x>
      <y>332.09275463046174</y>
      <steeringAngle>0.1066000000000001</steeringAngle>
      <velocity>8.0</velocity>
      <orientation>-1.03152848159117</orientation>
      <time>42</time>
    </ksState>
    <ksState>
      <x>135.4959365166909</x>
      <y>331.4330900860154</y>
      <steeringAngle>0.07106666666666674</steeringAngle>
      <velocity>8.0</velocity>
      <orientation>-1.0038960025614831</orientation>
      <time>43</time>
    </ksState>
    <ksState>
      <x>135.95149468238168</x>
      <y>330.7750313906089</y>
      <steeringAngle>0.035533333333333354</steeringAngle>
      <velocity>8.0</velocity>
      <orientation>-0.9873444819324537</orientation>
      <time>44</time>
    </ksState>
    <ksState>
      <x>136.4012045920109</x>
      <y>330.113342413463</y>
      <steeringAngle>2.0816681711721685e-17</steeringAngle>
      <velocity>8.0</velocity>
      <orientation>-0.9818319554740489</orientation>
      <time>45</time>
    </ksState>
    <ksState>
      <x>136.84560473498104</x>
      <y>329.44812928000266</y>
      <steeringAngle>0.0</steeringAngle>
      <velocity>8.0</velocity>
      <orientation>-0.9818319554740489</orientation>
      <time>46</time>
    </ksState>
    <ksState>
      <x>137.29000487795113</x>
      <y>328.7829161465423</y>
      <steeringAngle>0.0</steeringAngle>
      <velocity>8.0</velocity>
      <orientation>-0.9818319554740489</orientation>
      <time>47</time>
    </ksState>
    <ksState>
      <x>137.73440502092126</x>
      <y>328.11770301308195</y>
      <steeringAngle>0.0</steeringAngle>
      <velocity>8.0</velocity>
      <orientation>-0.9818319554740489</orientation>
      <time>48</time>
    </ksState>
    <ksState>
      <x>138.17880516389138</x>
      <y>327.45248987962157</y>
      <steeringAngle>0.0</steeringAngle>
      <velocity>8.0</velocity>
      <orientation>-0.9818319554740489</orientation>
      <time>49</time>
    </ksState>
    <ksState>
      <x>138.62320530686148</x>
      <y>326.78727674616124</y>
      <steeringAngle>0.0</steeringAngle>
      <velocity>8.0</velocity>
      <orientation>-0.9818319554740489</orientation>
      <time>50</time>
    </ksState>
    <ksState>
      <x>139.0676054498316</x>
      <y>326.1220636127009</y>
      <steeringAngle>0.0</steeringAngle>
      <velocity>8.0</velocity>
      <orientation>-0.9818319554740489</orientation>
      <time>51</time>
    </ksState>
    <ksState>
      <x>139.5120055928017</x>
      <y>325.45685047924053</y>
      <steeringAngle>0.0</steeringAngle>
      <velocity>8.0</velocity>
      <orientation>-0.9818319554740489</orientation>
      <time>52</time>
    </ksState>
    <ksState>
      <x>139.95640573577182</x>
      <y>324.7916373457802</y>
      <steeringAngle>0.0</steeringAngle>
      <velocity>8.0</velocity>
      <orientation>-0.9818319554740489</orientation>
      <time>53</time>
    </ksState>
    <ksState>
      <x>140.40080587874195</x>
      <y>324.1264242123198</y>
      <steeringAngle>0.0</steeringAngle>
      <velocity>8.0</velocity>
      <orientation>-0.9818319554740489</orientation>
      <time>54</time>
    </ksState>
    <ksState>
      <x>140.84520602171204</x>
      <y>323.4612110788595</y>
      <steeringAngle>0.0</steeringAngle>
      <velocity>8.0</velocity>
      <orientation>-0.9818319554740489</orientation>
      <time>55</time>
    </ksState>
    <ksState>
      <x>141.28960616468217</x>
      <y>322.79599794539917</y>
      <steeringAngle>0.0</steeringAngle>
      <velocity>8.0</velocity>
      <orientation>-0.9818319554740489</orientation>
      <time>56</time>
    </ksState>
    <ksState>
      <x>141.73400630765227</x>
      <y>322.1307848119388</y>
      <steeringAngle>0.0</steeringAngle>
      <velocity>8.0</velocity>
      <orientation>-0.9818319554740489</orientation>
      <time>57</time>
    </ksState>
    <ksState>
      <x>142.1784064506224</x>
      <y>321.46557167847845</y>
      <steeringAngle>0.0</steeringAngle>
      <velocity>8.0</velocity>
      <orientation>-0.9818319554740489</orientation>
      <time>58</time>
    </ksState>
    <ksState>
      <x>142.62280659359251</x>
      <y>320.80035854501807</y>
      <steeringAngle>0.0</steeringAngle>
      <velocity>8.0</velocity>
      <orientation>-0.9818319554740489</orientation>
      <time>59</time>
    </ksState>
    <ksState>
      <x>143.0672067365626</x>
      <y>320.13514541155774</y>
      <steeringAngle>0.0</steeringAngle>
      <velocity>8.0</velocity>
      <orientation>-0.9818319554740489</orientation>
      <time>60</time>
    </ksState>
    <ksState>
      <x>143.51160687953274</x>
      <y>319.4699322780974</y>
      <steeringAngle>0.0</steeringAngle>
      <velocity>8.0</velocity>
      <orientation>-0.9818319554740489</orientation>
      <time>61</time>
    </ksState>
    <ksState>
      <x>143.95600702250283</x>
      <y>318.80471914463703</y>
      <steeringAngle>0.0</steeringAngle>
      <velocity>8.0</velocity>
      <orientation>-0.9818319554740489</orientation>
      <time>62</time>
    </ksState>
    <ksState>
      <x>144.40040716547296</x>
      <y>318.1395060111767</y>
      <steeringAngle>0.0</steeringAngle>
      <velocity>8.0</velocity>
      <orientation>-0.9818319554740489</orientation>
      <time>63</time>
    </ksState>
    <ksState>
      <x>144.84480730844308</x>
      <y>317.4742928777163</y>
      <steeringAngle>0.0</steeringAngle>
      <velocity>8.0</velocity>
      <orientation>-0.9818319554740489</orientation>
      <time>64</time>
    </ksState>
    <ksState>
      <x>145.28920745141318</x>
      <y>316.809079744256</y>
      <steeringAngle>0.0</steeringAngle>
      <velocity>8.0</velocity>
      <orientation>-0.9818319554740489</orientation>
      <time>65</time>
    </ksState>
    <ksState>
      <x>145.7185369375037</x>
      <y>316.18192847791795</y>
      <steeringAngle>0.03553333333333333</steeringAngle>
      <velocity>7.199999999999999</velocity>
      <orientation>-0.9766869424915565</orientation>
      <time>66</time>
    </ksState>
    <ksState>
      <x>146.11906677271017</x>
      <y>315.6320716548066</y>
      <steeringAngle>0.07106666666666664</steeringAngle>
      <velocity>6.400000000000001</velocity>
      <orientation>-0.9627102703705934</orientation>
      <time>67</time>
    </ksState>
    <ksState>
      <x>146.49047832549942</x>
      <y>315.1599722814319</y>
      <steeringAngle>0.10659999999999997</steeringAngle>
      <velocity>5.600000000000004</velocity>
      <orientation>-0.942078502504712</orientation>
      <time>68</time>
    </ksState>
    <ksState>
      <x>146.82992476051183</x>
      <y>314.76447740485634</y>
      <steeringAngle>0.1421333333333333</steeringAngle>
      <velocity>4.800000000000003</velocity>
      <orientation>-0.9169622949960639</orientation>
      <time>69</time>
    </ksState>
    <ksState>
      <x>147.13276567284268</x>
      <y>314.4429501315501</y>
      <steeringAngle>0.17766666666666653</steeringAngle>
      <velocity>4.000000000000006</velocity>
      <orientation>-0.8895373984109141</orientation>
      <time>70</time>
    </ksState>
    <ksState>
      <x>147.41604370800889</x>
      <y>314.15830053652905</y>
      <steeringAngle>0.1421333333333333</steeringAngle>
      <velocity>4.0</velocity>
      <orientation>-0.8645199920663907</orientation>
      <time>71</time>
    </ksState>
    <ksState>
      <x>147.6995353514689</x>
      <y>313.87475353536126</y>
      <steeringAngle>0.10659999999999999</steeringAngle>
      <velocity>4.0</velocity>
      <orientation>-0.8451280657756401</orientation>
      <time>72</time>
    </ksState>
    <ksState>
      <x>147.9817994171638</x>
      <y>313.59064422859336</y>
      <steeringAngle>0.07106666666666664</steeringAngle>
      <velocity>4.0</velocity>
      <orientation>-0.8313118260406872</orientation>
      <time>73</time>
    </ksState>
    <ksState>
      <x>148.261383541277</x>
      <y>313.3043318803652</y>
      <steeringAngle>0.03553333333333332</steeringAngle>
      <velocity>4.0</velocity>
      <orientation>-0.8230360655784219</orientation>
      <time>74</time>
    </ksState>
    <ksState>
      <x>148.53679274915882</x>
      <y>313.0142172920876</y>
      <steeringAngle>-2.2985086056692694e-17</steeringAngle>
      <velocity>4.0</velocity>
      <orientation>-0.8202798022835815</orientation>
      <time>75</time>
    </ksState>
    <ksState>
      <x>148.8064588677552</x>
      <y>312.7187617161962</y>
      <steeringAngle>-0.035533333333333326</steeringAngle>
      <velocity>4.0</velocity>
      <orientation>-0.823036076816182</orientation>
      <time>76</time>
    </ksState>
    <ksState>
      <x>149.06871111434015</x>
      <y>312.4165083029699</y>
      <steeringAngle>-0.07106666666666711</steeringAngle>
      <velocity>4.0</velocity>
      <orientation>-0.8313118373594673</orientation>
      <time>77</time>
    </ksState>
    <ksState>
      <x>149.32174785958327</x>
      <y>312.1061070342189</y>
      <steeringAngle>-0.10660000000000043</steeringAngle>
      <velocity>4.0</velocity>
      <orientation>-0.8451280771786042</orientation>
      <time>78</time>
    </ksState>
    <ksState>
      <x>149.56361047010864</x>
      <y>311.78634415154016</y>
      <steeringAngle>-0.14213333333333378</steeringAngle>
      <velocity>4.0</velocity>
      <orientation>-0.86452000356415</orientation>
      <time>79</time>
    </ksState>
    <ksState>
      <x>149.79215959361056</x>
      <y>311.45617707168134</y>
      <steeringAngle>-0.1776666666666672</steeringAngle>
      <velocity>4.0</velocity>
      <orientation>-0.8895374100155473</orientation>
      <time>80</time>
    </ksState>
    <ksState>
      <x>150.00858698379218</x>
      <y>311.1174755204025</y>
      <steeringAngle>-0.17766666666666667</steeringAngle>
      <velocity>4.0</velocity>
      <orientation>-0.9173878981708032</orientation>
      <time>81</time>
    </ksState>
    <ksState>
      <x>150.21549868352363</x>
      <y>310.77287846169753</y>
      <steeringAngle>-0.17766666666666667</steeringAngle>
      <velocity>4.0</velocity>
      <orientation>-0.945238386326059</orientation>
      <time>82</time>
    </ksState>
    <ksState>
      <x>150.41273418850443</x>
      <y>310.42265318974677</y>
      <steeringAngle>-0.17766666666666667</steeringAngle>
      <velocity>4.0</velocity>
      <orientation>-0.973088874481315</orientation>
      <time>83</time>
    </ksState>
    <ksState>
      <x>150.60014052302367</x>
      <y>310.06707133949556</y>
      <steeringAngle>-0.17766666666666667</steeringAngle>
      <velocity>4.0</velocity>
      <orientation>-1.0009393626365708</orientation>
      <time>84</time>
    </ksState>
    <ksState>
      <x>150.77757233385447</x>
      <y>309.7064086995992</y>
      <steeringAngle>-0.17766666666666667</steeringAngle>
      <velocity>4.0</velocity>
      <orientation>-1.0287898507918267</orientation>
      <time>85</time>
    </ksState>
    <ksState>
      <x>150.9487264857741</x>
      <y>309.34312080627774</y>
      <steeringAngle>-0.1421333333333333</steeringAngle>
      <velocity>4.0</velocity>
      <orientation>-1.05380725713635</orientation>
      <time>86</time>
    </ksState>
    <ksState>
      <x>151.11877121061798</x>
      <y>308.9800075934423</y>
      <steeringAngle>-0.10659999999999999</steeringAngle>
      <velocity>4.0</velocity>
      <orientation>-1.0731991834271006</orientation>
      <time>87</time>
    </ksState>
    <ksState>
      <x>151.28976270967917</x>
      <y>308.617857060896</y>
      <steeringAngle>-0.07106666666666664</steeringAngle>
      <velocity>4.0</velocity>
      <orientation>-1.0870154231620535</orientation>
      <time>88</time>
    </ksState>
    <ksState>
      <x>151.46373827213287</x>
      <y>308.25747594752715</y>
      <steeringAngle>-0.03553333333333332</steeringAngle>
      <velocity>4.0</velocity>
      <orientation>-1.0952911836243189</orientation>
      <time>89</time>
    </ksState>
    <ksState>
      <x>151.64271064541353</x>
      <y>307.899725202287</y>
      <steeringAngle>2.2985086056692694e-17</steeringAngle>
      <velocity>4.0</velocity>
      <orientation>-1.0980474469191592</orientation>
      <time>90</time>
    </ksState>
    <ksState>
      <x>151.8248447995485</x>
      <y>307.543597205778</y>
      <steeringAngle>0.0</steeringAngle>
      <velocity>4.0</velocity>
      <orientation>-1.0980474469191592</orientation>
      <time>91</time>
    </ksState>
    <ksState>
      <x>152.00697895368344</x>
      <y>307.18746920926895</y>
      <steeringAngle>0.0</steeringAngle>
      <velocity>4.0</velocity>
      <orientation>-1.0980474469191592</orientation>
      <time>92</time>
    </ksState>
    <ksState>
      <x>152.18911310781837</x>
      <y>306.83134121275987</y>
      <steeringAngle>0.0</steeringAngle>
      <velocity>4.0</velocity>
      <orientation>-1.0980474469191592</orientation>
      <time>93</time>
    </ksState>
    <ksState>
      <x>152.37124726195333</x>
      <y>306.47521321625084</y>
      <steeringAngle>0.0</steeringAngle>
      <velocity>4.0</velocity>
      <orientation>-1.0980474469191592</orientation>
      <time>94</time>
    </ksState>
    <ksState>
      <x>152.55338141608829</x>
      <y>306.1190852197418</y>
      <steeringAngle>0.0</steeringAngle>
      <velocity>4.0</velocity>
      <orientation>-1.0980474469191592</orientation>
      <time>95</time>
    </ksState>
    <ksState>
      <x>152.7173021543418</x>
      <y>305.7985700237986</y>
      <steeringAngle>0.0</steeringAngle>
      <velocity>3.2</velocity>
      <orientation>-1.0980474469191592</orientation>
      <time>96</time>
    </ksState>
    <ksState>
      <x>152.84479606172195</x>
      <y>305.54928042724794</y>
      <steeringAngle>0.0</steeringAngle>
      <velocity>2.4000000000000004</velocity>
      <orientation>-1.0980474469191592</orientation>
      <time>97</time>
    </ksState>
    <ksState>
      <x>152.9358631382751</x>
      <y>305.3712164299991</y>
      <steeringAngle>0.0</steeringAngle>
      <velocity>1.6</velocity>
      <orientation>-1.0980474469191592</orientation>
      <time>98</time>
    </ksState>
    <ksState>
      <x>152.99050338401972</x>
      <y>305.26437803201594</y>
      <steeringAngle>0.0</steeringAngle>
      <velocity>0.7999999999999998</velocity>
      <orientation>-1.0980474469191592</orientation>
      <time>99</time>
    </ksState>
  </ksTrajectory>
</CommonRoadSolution>
