<?xml version="1.0" ?>
<CommonRoadSolution benchmark_id="KS2:SM1:BEL_Putte-6_1_T-1:2020a" computation_time="0.27377757100001077" date="2023-11-26T00:13:30">
  <ksTrajectory planningProblem="1">
    <ksState>
      <x>922.513</x>
      <y>-456.17937</y>
      <steeringAngle>0.0</steeringAngle>
      <velocity>0.0</velocity>
      <orientation>2.6616541</orientation>
      <time>0</time>
    </ksState>
    <ksState>
      <x>922.513</x>
      <y>-456.17937</y>
      <steeringAngle>0.0</steeringAngle>
      <velocity>0.0</velocity>
      <orientation>2.6616541</orientation>
      <time>1</time>
    </ksState>
    <ksState>
      <x>922.513</x>
      <y>-456.17937</y>
      <steeringAngle>0.0</steeringAngle>
      <velocity>0.0</velocity>
      <orientation>2.6616541</orientation>
      <time>2</time>
    </ksState>
    <ksState>
      <x>922.513</x>
      <y>-456.17937</y>
      <steeringAngle>0.0</steeringAngle>
      <velocity>0.0</velocity>
      <orientation>2.6616541</orientation>
      <time>3</time>
    </ksState>
    <ksState>
      <x>922.513</x>
      <y>-456.17937</y>
      <steeringAngle>0.0</steeringAngle>
      <velocity>0.0</velocity>
      <orientation>2.6616541</orientation>
      <time>4</time>
    </ksState>
    <ksState>
      <x>922.513</x>
      <y>-456.17937</y>
      <steeringAngle>0.0</steeringAngle>
      <velocity>0.0</velocity>
      <orientation>2.6616541</orientation>
      <time>5</time>
    </ksState>
    <ksState>
      <x>922.513</x>
      <y>-456.17937</y>
      <steeringAngle>0.0</steeringAngle>
      <velocity>0.0</velocity>
      <orientation>2.6616541</orientation>
      <time>6</time>
    </ksState>
    <ksState>
      <x>922.513</x>
      <y>-456.17937</y>
      <steeringAngle>0.0</steeringAngle>
      <velocity>0.0</velocity>
      <orientation>2.6616541</orientation>
      <time>7</time>
    </ksState>
    <ksState>
      <x>922.513</x>
      <y>-456.17937</y>
      <steeringAngle>0.0</steeringAngle>
      <velocity>0.0</velocity>
      <orientation>2.6616541</orientation>
      <time>8</time>
    </ksState>
    <ksState>
      <x>922.513</x>
      <y>-456.17937</y>
      <steeringAngle>0.0</steeringAngle>
      <velocity>0.0</velocity>
      <orientation>2.6616541</orientation>
      <time>9</time>
    </ksState>
    <ksState>
      <x>922.513</x>
      <y>-456.17937</y>
      <steeringAngle>0.0</steeringAngle>
      <velocity>0.0</velocity>
      <orientation>2.6616541</orientation>
      <time>10</time>
    </ksState>
    <ksState>
      <x>922.513</x>
      <y>-456.17937</y>
      <steeringAngle>0.0</steeringAngle>
      <velocity>0.0</velocity>
      <orientation>2.6616541</orientation>
      <time>11</time>
    </ksState>
    <ksState>
      <x>922.513</x>
      <y>-456.17937</y>
      <steeringAngle>0.0</steeringAngle>
      <velocity>0.0</velocity>
      <orientation>2.6616541</orientation>
      <time>12</time>
    </ksState>
    <ksState>
      <x>922.513</x>
      <y>-456.17937</y>
      <steeringAngle>0.0</steeringAngle>
      <velocity>0.0</velocity>
      <orientation>2.6616541</orientation>
      <time>13</time>
    </ksState>
    <ksState>
      <x>922.513</x>
      <y>-456.17937</y>
      <steeringAngle>0.0</steeringAngle>
      <velocity>0.0</velocity>
      <orientation>2.6616541</orientation>
      <time>14</time>
    </ksState>
    <ksState>
      <x>922.513</x>
      <y>-456.17937</y>
      <steeringAngle>0.0</steeringAngle>
      <velocity>0.0</velocity>
      <orientation>2.6616541</orientation>
      <time>15</time>
    </ksState>
    <ksState>
      <x>922.513</x>
      <y>-456.17937</y>
      <steeringAngle>0.0</steeringAngle>
      <velocity>0.0</velocity>
      <orientation>2.6616541</orientation>
      <time>16</time>
    </ksState>
    <ksState>
      <x>922.513</x>
      <y>-456.17937</y>
      <steeringAngle>0.0</steeringAngle>
      <velocity>0.0</velocity>
      <orientation>2.6616541</orientation>
      <time>17</time>
    </ksState>
    <ksState>
      <x>922.513</x>
      <y>-456.17937</y>
      <steeringAngle>0.0</steeringAngle>
      <velocity>0.0</velocity>
      <orientation>2.6616541</orientation>
      <time>18</time>
    </ksState>
    <ksState>
      <x>922.513</x>
      <y>-456.17937</y>
      <steeringAngle>0.0</steeringAngle>
      <velocity>0.0</velocity>
      <orientation>2.6616541</orientation>
      <time>19</time>
    </ksState>
    <ksState>
      <x>922.513</x>
      <y>-456.17937</y>
      <steeringAngle>0.0</steeringAngle>
      <velocity>0.0</velocity>
      <orientation>2.6616541</orientation>
      <time>20</time>
    </ksState>
    <ksState>
      <x>922.4775190675242</x>
      <y>-456.16090101278377</y>
      <steeringAngle>0.0</steeringAngle>
      <velocity>0.8</velocity>
      <orientation>2.6616541</orientation>
      <time>21</time>
    </ksState>
    <ksState>
      <x>922.3710762711479</x>
      <y>-456.10549405168223</y>
      <steeringAngle>0.0</steeringAngle>
      <velocity>1.6</velocity>
      <orientation>2.6616541</orientation>
      <time>22</time>
    </ksState>
    <ksState>
      <x>922.1936716110264</x>
      <y>-456.0131491167762</y>
      <steeringAngle>0.0</steeringAngle>
      <velocity>2.4000000000000004</velocity>
      <orientation>2.6616541</orientation>
      <time>23</time>
    </ksState>
    <ksState>
      <x>921.9453050872069</x>
      <y>-455.88386620809024</y>
      <steeringAngle>0.0</steeringAngle>
      <velocity>3.2000000000000006</velocity>
      <orientation>2.6616541</orientation>
      <time>24</time>
    </ksState>
    <ksState>
      <x>921.6259766997083</x>
      <y>-455.7176453256343</y>
      <steeringAngle>0.0</steeringAngle>
      <velocity>4.000000000000001</velocity>
      <orientation>2.6616541</orientation>
      <time>25</time>
    </ksState>
    <ksState>
      <x>921.2711673813974</x>
      <y>-455.53295545682795</y>
      <steeringAngle>0.0</steeringAngle>
      <velocity>4.0</velocity>
      <orientation>2.6616541</orientation>
      <time>26</time>
    </ksState>
    <ksState>
      <x>920.9163580630864</x>
      <y>-455.3482655880216</y>
      <steeringAngle>0.0</steeringAngle>
      <velocity>4.0</velocity>
      <orientation>2.6616541</orientation>
      <time>27</time>
    </ksState>
    <ksState>
      <x>920.5615487447755</x>
      <y>-455.16357571921526</y>
      <steeringAngle>0.0</steeringAngle>
      <velocity>4.0</velocity>
      <orientation>2.6616541</orientation>
      <time>28</time>
    </ksState>
    <ksState>
      <x>920.2067394264644</x>
      <y>-454.97888585040886</y>
      <steeringAngle>0.0</steeringAngle>
      <velocity>4.0</velocity>
      <orientation>2.6616541</orientation>
      <time>29</time>
    </ksState>
    <ksState>
      <x>919.8519301081535</x>
      <y>-454.7941959816025</y>
      <steeringAngle>0.0</steeringAngle>
      <velocity>4.0</velocity>
      <orientation>2.6616541</orientation>
      <time>30</time>
    </ksState>
    <ksState>
      <x>919.4616398570998</x>
      <y>-454.591037125441</y>
      <steeringAngle>0.0</steeringAngle>
      <velocity>4.8</velocity>
      <orientation>2.6616541</orientation>
      <time>31</time>
    </ksState>
    <ksState>
      <x>919.000387742344</x>
      <y>-454.35094029549737</y>
      <steeringAngle>0.0</steeringAngle>
      <velocity>5.6</velocity>
      <orientation>2.6616541</orientation>
      <time>32</time>
    </ksState>
    <ksState>
      <x>918.4681737638999</x>
      <y>-454.073905491779</y>
      <steeringAngle>0.0</steeringAngle>
      <velocity>6.4</velocity>
      <orientation>2.6616541</orientation>
      <time>33</time>
    </ksState>
  </ksTrajectory>
</CommonRoadSolution>
