<?xml version="1.0" ?>
<CommonRoadSolution benchmark_id="KS2:SM1:DEU_Guetersloh-18_1_T-1:2020a" computation_time="0.33774203400025726" date="2023-11-26T00:13:30">
  <ksTrajectory planningProblem="1">
    <ksState>
      <x>-835.07196</x>
      <y>-890.53059</y>
      <steeringAngle>0.0</steeringAngle>
      <velocity>8.0</velocity>
      <orientation>2.8540198</orientation>
      <time>0</time>
    </ksState>
    <ksState>
      <x>-835.8007506754724</x>
      <y>-890.3150345541407</y>
      <steeringAngle>0.0</steeringAngle>
      <velocity>7.200000000000001</velocity>
      <orientation>2.8540198</orientation>
      <time>1</time>
    </ksState>
    <ksState>
      <x>-836.4528265426447</x>
      <y>-890.122169155319</y>
      <steeringAngle>0.0</steeringAngle>
      <velocity>6.400000000000001</velocity>
      <orientation>2.8540198</orientation>
      <time>2</time>
    </ksState>
    <ksState>
      <x>-837.028187601709</x>
      <y>-889.9519938034783</y>
      <steeringAngle>0.0</steeringAngle>
      <velocity>5.600000000000001</velocity>
      <orientation>2.8540198</orientation>
      <time>3</time>
    </ksState>
    <ksState>
      <x>-837.5268338527193</x>
      <y>-889.8045084986027</y>
      <steeringAngle>0.0</steeringAngle>
      <velocity>4.800000000000001</velocity>
      <orientation>2.8540198</orientation>
      <time>4</time>
    </ksState>
    <ksState>
      <x>-837.9487652956956</x>
      <y>-889.679713240686</y>
      <steeringAngle>0.0</steeringAngle>
      <velocity>4.000000000000001</velocity>
      <orientation>2.8540198</orientation>
      <time>5</time>
    </ksState>
    <ksState>
      <x>-838.3720821167091</x>
      <y>-889.5596279439526</y>
      <steeringAngle>0.035533333333333326</steeringAngle>
      <velocity>4.799999999999999</velocity>
      <orientation>2.857143578669191</orientation>
      <time>6</time>
    </ksState>
    <ksState>
      <x>-838.8761344615267</x>
      <y>-889.4309529307035</y>
      <steeringAngle>0.07106666666666667</steeringAngle>
      <velocity>5.599999999999998</velocity>
      <orientation>2.867994189730364</orientation>
      <time>7</time>
    </ksState>
    <ksState>
      <x>-839.4630594748651</x>
      <y>-889.3030528956357</y>
      <steeringAngle>0.10659999999999999</steeringAngle>
      <velocity>6.3999999999999995</velocity>
      <orientation>2.888811138730692</orientation>
      <time>8</time>
    </ksState>
    <ksState>
      <x>-840.1350223618332</x>
      <y>-889.1891012187557</y>
      <steeringAngle>0.14213333333333333</steeringAngle>
      <velocity>7.199999999999999</velocity>
      <orientation>2.921870709711857</orientation>
      <time>9</time>
    </ksState>
    <ksState>
      <x>-840.8934700363262</x>
      <y>-889.1069662117858</y>
      <steeringAngle>0.17766666666666664</steeringAngle>
      <velocity>7.9999999999999964</velocity>
      <orientation>2.9694980317934037</orientation>
      <time>10</time>
    </ksState>
    <ksState>
      <x>-841.6952914299993</x>
      <y>-889.0608958068786</y>
      <steeringAngle>0.14213333333333336</steeringAngle>
      <velocity>8.0</velocity>
      <orientation>3.019532843342152</orientation>
      <time>11</time>
    </ksState>
    <ksState>
      <x>-842.4967598092402</x>
      <y>-889.0345377605826</y>
      <steeringAngle>0.1066000000000001</steeringAngle>
      <velocity>8.0</velocity>
      <orientation>3.0583166953491494</orientation>
      <time>12</time>
    </ksState>
    <ksState>
      <x>-843.2975847323468</x>
      <y>-889.0189725166729</y>
      <steeringAngle>0.07106666666666674</steeringAngle>
      <velocity>8.0</velocity>
      <orientation>3.0859491743788365</orientation>
      <time>13</time>
    </ksState>
    <ksState>
      <x>-844.097827777287</x>
      <y>-889.0053505508648</y>
      <steeringAngle>0.035533333333333354</steeringAngle>
      <velocity>8.0</velocity>
      <orientation>3.1025006950078655</orientation>
      <time>14</time>
    </ksState>
    <ksState>
      <x>-844.8976099157633</x>
      <y>-888.984860644339</y>
      <steeringAngle>2.0816681711721685e-17</steeringAngle>
      <velocity>8.0</velocity>
      <orientation>3.1080132214662703</orientation>
      <time>15</time>
    </ksState>
    <ksState>
      <x>-845.697158926838</x>
      <y>-888.958002146814</y>
      <steeringAngle>0.0</steeringAngle>
      <velocity>8.0</velocity>
      <orientation>3.1080132214662703</orientation>
      <time>16</time>
    </ksState>
    <ksState>
      <x>-846.4967079379129</x>
      <y>-888.9311436492889</y>
      <steeringAngle>0.0</steeringAngle>
      <velocity>8.0</velocity>
      <orientation>3.1080132214662703</orientation>
      <time>17</time>
    </ksState>
    <ksState>
      <x>-847.2962569489877</x>
      <y>-888.9042851517638</y>
      <steeringAngle>0.0</steeringAngle>
      <velocity>8.0</velocity>
      <orientation>3.1080132214662703</orientation>
      <time>18</time>
    </ksState>
    <ksState>
      <x>-848.0958059600625</x>
      <y>-888.8774266542388</y>
      <steeringAngle>0.0</steeringAngle>
      <velocity>8.0</velocity>
      <orientation>3.1080132214662703</orientation>
      <time>19</time>
    </ksState>
    <ksState>
      <x>-848.8953549711373</x>
      <y>-888.8505681567136</y>
      <steeringAngle>0.0</steeringAngle>
      <velocity>8.0</velocity>
      <orientation>3.1080132214662703</orientation>
      <time>20</time>
    </ksState>
    <ksState>
      <x>-849.6546165958963</x>
      <y>-888.8164462625004</y>
      <steeringAngle>-0.03553333333333333</steeringAngle>
      <velocity>7.199999999999999</velocity>
      <orientation>3.102868208483778</orientation>
      <time>21</time>
    </ksState>
    <ksState>
      <x>-850.3330161186346</x>
      <y>-888.7660402870536</y>
      <steeringAngle>-0.07106666666666664</steeringAngle>
      <velocity>6.400000000000001</velocity>
      <orientation>3.088891536362815</orientation>
      <time>22</time>
    </ksState>
    <ksState>
      <x>-850.9299921188795</x>
      <y>-888.6993768411643</y>
      <steeringAngle>-0.10659999999999997</steeringAngle>
      <velocity>5.600000000000004</velocity>
      <orientation>3.0682597684969335</orientation>
      <time>23</time>
    </ksState>
    <ksState>
      <x>-851.4450232058219</x>
      <y>-888.6194827918046</y>
      <steeringAngle>-0.1421333333333333</steeringAngle>
      <velocity>4.800000000000003</velocity>
      <orientation>3.0431435609882853</orientation>
      <time>24</time>
    </ksState>
    <ksState>
      <x>-851.8779031931489</x>
      <y>-888.5316914355504</y>
      <steeringAngle>-0.17766666666666653</steeringAngle>
      <velocity>4.000000000000006</velocity>
      <orientation>3.0157186644031353</orientation>
      <time>25</time>
    </ksState>
    <ksState>
      <x>-852.2295313489607</x>
      <y>-888.446706157872</y>
      <steeringAngle>-0.17766666666666667</steeringAngle>
      <velocity>3.2000000000000006</velocity>
      <orientation>2.990653225134958</orientation>
      <time>26</time>
    </ksState>
    <ksState>
      <x>-852.5014822427535</x>
      <y>-888.3745292277998</y>
      <steeringAngle>-0.17766666666666667</steeringAngle>
      <velocity>2.4000000000000012</velocity>
      <orientation>2.9711578835049277</orientation>
      <time>27</time>
    </ksState>
    <ksState>
      <x>-852.6948458019751</x>
      <y>-888.3197352151486</y>
      <steeringAngle>-0.17766666666666667</steeringAngle>
      <velocity>1.6000000000000005</velocity>
      <orientation>2.957232639505947</orientation>
      <time>28</time>
    </ksState>
    <ksState>
      <x>-852.8104910925508</x>
      <y>-888.2855682244301</y>
      <steeringAngle>-0.17766666666666667</steeringAngle>
      <velocity>0.8000000000000004</velocity>
      <orientation>2.9488774931351927</orientation>
      <time>29</time>
    </ksState>
    <ksState>
      <x>-852.8489755841583</x>
      <y>-888.2739646464175</y>
      <steeringAngle>-0.17766666666666667</steeringAngle>
      <velocity>2.7755575615628914e-16</velocity>
      <orientation>2.9460924443889773</orientation>
      <time>30</time>
    </ksState>
    <ksState>
      <x>-852.8489755841583</x>
      <y>-888.2739646464175</y>
      <steeringAngle>-0.14213333333333336</steeringAngle>
      <velocity>0.0</velocity>
      <orientation>2.9460924443889773</orientation>
      <time>31</time>
    </ksState>
    <ksState>
      <x>-852.8489755841583</x>
      <y>-888.2739646464175</y>
      <steeringAngle>-0.10660000000000001</steeringAngle>
      <velocity>0.0</velocity>
      <orientation>2.9460924443889773</orientation>
      <time>32</time>
    </ksState>
    <ksState>
      <x>-852.8489755841583</x>
      <y>-888.2739646464175</y>
      <steeringAngle>-0.07106666666666668</steeringAngle>
      <velocity>0.0</velocity>
      <orientation>2.9460924443889773</orientation>
      <time>33</time>
    </ksState>
  </ksTrajectory>
</CommonRoadSolution>
