<?xml version="1.0" ?>
<CommonRoadSolution benchmark_id="KS2:SM1:DEU_Lohmar-12_1_T-1:2020a" computation_time="1.1069774590000634" date="2023-11-26T00:13:30">
  <ksTrajectory planningProblem="123">
    <ksState>
      <x>171.85814</x>
      <y>787.69179</y>
      <steeringAngle>0.0</steeringAngle>
      <velocity>8.0</velocity>
      <orientation>-1.4356025</orientation>
      <time>0</time>
    </ksState>
    <ksState>
      <x>171.96910509029308</x>
      <y>786.9399061876775</y>
      <steeringAngle>0.03553333333333333</steeringAngle>
      <velocity>7.199999999999999</velocity>
      <orientation>-1.4304574870175075</orientation>
      <time>1</time>
    </ksState>
    <ksState>
      <x>172.08806764309483</x>
      <y>786.2701192171836</y>
      <steeringAngle>0.07106666666666664</steeringAngle>
      <velocity>6.400000000000001</velocity>
      <orientation>-1.4164808148965444</orientation>
      <time>2</time>
    </ksState>
    <ksState>
      <x>172.21494423460365</x>
      <y>785.6829849136267</y>
      <steeringAngle>0.10659999999999997</steeringAngle>
      <velocity>5.600000000000004</velocity>
      <orientation>-1.395849047030663</orientation>
      <time>3</time>
    </ksState>
    <ksState>
      <x>172.34667072165797</x>
      <y>785.1787149341034</y>
      <steeringAngle>0.1421333333333333</steeringAngle>
      <velocity>4.800000000000003</velocity>
      <orientation>-1.3707328395220149</orientation>
      <time>4</time>
    </ksState>
    <ksState>
      <x>172.47792040297466</x>
      <y>784.7569733938025</y>
      <steeringAngle>0.17766666666666653</steeringAngle>
      <velocity>4.000000000000006</velocity>
      <orientation>-1.343307942936865</orientation>
      <time>5</time>
    </ksState>
    <ksState>
      <x>172.6163212278176</x>
      <y>784.3791844520001</y>
      <steeringAngle>0.21319999999999995</steeringAngle>
      <velocity>4.0</velocity>
      <orientation>-1.3126001602993649</orientation>
      <time>6</time>
    </ksState>
    <ksState>
      <x>172.77522589711597</x>
      <y>784.0085031222305</y>
      <steeringAngle>0.24873333333333336</steeringAngle>
      <velocity>4.0</velocity>
      <orientation>-1.2761213191766707</orientation>
      <time>7</time>
    </ksState>
    <ksState>
      <x>172.95654182309033</x>
      <y>783.6469700978522</y>
      <steeringAngle>0.2842666666666667</steeringAngle>
      <velocity>4.0</velocity>
      <orientation>-1.2337740853312227</orientation>
      <time>8</time>
    </ksState>
    <ksState>
      <x>173.16201171097822</x>
      <y>783.2970409641614</y>
      <steeringAngle>0.31980000000000003</steeringAngle>
      <velocity>4.0</velocity>
      <orientation>-1.1854434039640875</orientation>
      <time>9</time>
    </ksState>
    <ksState>
      <x>173.39314705866627</x>
      <y>782.9616245055086</y>
      <steeringAngle>0.35533333333333333</steeringAngle>
      <velocity>4.0</velocity>
      <orientation>-1.130995202785809</orientation>
      <time>10</time>
    </ksState>
    <ksState>
      <x>173.66833112375062</x>
      <y>782.6079407153337</y>
      <steeringAngle>0.31979999999999975</steeringAngle>
      <velocity>4.800000000000001</velocity>
      <orientation>-1.0712053677540605</orientation>
      <time>11</time>
    </ksState>
    <ksState>
      <x>174.00883326845053</x>
      <y>782.2049610920939</y>
      <steeringAngle>0.28426666666666645</steeringAngle>
      <velocity>5.600000000000004</velocity>
      <orientation>-1.0084762676227368</orientation>
      <time>12</time>
    </ksState>
    <ksState>
      <x>174.41973002029368</x>
      <y>781.7585729725762</y>
      <steeringAngle>0.2487333333333331</steeringAngle>
      <velocity>6.400000000000004</velocity>
      <orientation>-0.9450541309300611</orientation>
      <time>13</time>
    </ksState>
    <ksState>
      <x>174.90500930102232</x>
      <y>781.274204894855</y>
      <steeringAngle>0.21319999999999992</steeringAngle>
      <velocity>7.200000000000004</velocity>
      <orientation>-0.883137042252262</orientation>
      <time>14</time>
    </ksState>
    <ksState>
      <x>175.4672204388387</x>
      <y>780.7561938956812</y>
      <steeringAngle>0.17766666666666656</steeringAngle>
      <velocity>8.000000000000004</velocity>
      <orientation>-0.8248877126512968</orientation>
      <time>15</time>
    </ksState>
    <ksState>
      <x>176.045224068875</x>
      <y>780.2581123806829</y>
      <steeringAngle>0.1421333333333334</steeringAngle>
      <velocity>7.2</velocity>
      <orientation>-0.7772603909056599</orientation>
      <time>16</time>
    </ksState>
    <ksState>
      <x>176.57054550183855</x>
      <y>779.8237647212896</y>
      <steeringAngle>0.10660000000000011</steeringAngle>
      <velocity>6.4</velocity>
      <orientation>-0.7442008204576919</orientation>
      <time>17</time>
    </ksState>
    <ksState>
      <x>177.03623375696276</x>
      <y>779.4442608930028</y>
      <steeringAngle>0.07106666666666674</steeringAngle>
      <velocity>5.600000000000001</velocity>
      <orientation>-0.7233838721638034</orientation>
      <time>18</time>
    </ksState>
    <ksState>
      <x>177.4382298656318</x>
      <y>779.114042242622</y>
      <steeringAngle>0.03553333333333339</steeringAngle>
      <velocity>4.800000000000001</velocity>
      <orientation>-0.7125332625061406</orientation>
      <time>19</time>
    </ksState>
    <ksState>
      <x>177.77467521681342</x>
      <y>778.8304473198216</y>
      <steeringAngle>5.5294310796760726e-17</steeringAngle>
      <velocity>4.0</velocity>
      <orientation>-0.709409486668975</orientation>
      <time>20</time>
    </ksState>
    <ksState>
      <x>178.10532018554312</x>
      <y>778.5401173108692</y>
      <steeringAngle>-0.035533333333333326</steeringAngle>
      <velocity>4.799999999999999</velocity>
      <orientation>-0.7125332653381657</orientation>
      <time>21</time>
    </ksState>
    <ksState>
      <x>178.48700551380495</x>
      <y>778.1866454795439</y>
      <steeringAngle>-0.07106666666666667</steeringAngle>
      <velocity>5.599999999999998</velocity>
      <orientation>-0.7233838763993385</orientation>
      <time>22</time>
    </ksState>
    <ksState>
      <x>178.91302651298525</x>
      <y>777.7631534506814</y>
      <steeringAngle>-0.10659999999999999</steeringAngle>
      <velocity>6.3999999999999995</velocity>
      <orientation>-0.7442008253996666</orientation>
      <time>23</time>
    </ksState>
    <ksState>
      <x>179.3734950530188</x>
      <y>777.260671779607</y>
      <steeringAngle>-0.14213333333333333</steeringAngle>
      <velocity>7.199999999999999</velocity>
      <orientation>-0.7772603963808317</orientation>
      <time>24</time>
    </ksState>
    <ksState>
      <x>179.8541901112795</x>
      <y>776.6682856763961</y>
      <steeringAngle>-0.17766666666666664</steeringAngle>
      <velocity>7.9999999999999964</velocity>
      <orientation>-0.8248877184623783</orientation>
      <time>25</time>
    </ksState>
    <ksState>
      <x>180.29146032730867</x>
      <y>776.0414019243958</y>
      <steeringAngle>-0.21320000000000014</steeringAngle>
      <velocity>7.200000000000003</velocity>
      <orientation>-0.8831370455338712</orientation>
      <time>26</time>
    </ksState>
    <ksState>
      <x>180.6372246518878</x>
      <y>775.4494912746017</y>
      <steeringAngle>-0.24873333333333347</steeringAngle>
      <velocity>6.400000000000004</velocity>
      <orientation>-0.9450541330196505</orientation>
      <time>27</time>
    </ksState>
    <ksState>
      <x>180.8985979096177</x>
      <y>774.9021135197902</y>
      <steeringAngle>-0.2842666666666668</steeringAngle>
      <velocity>5.600000000000001</velocity>
      <orientation>-1.0084762757835717</orientation>
      <time>28</time>
    </ksState>
    <ksState>
      <x>181.08520782956168</x>
      <y>774.4087682005509</y>
      <steeringAngle>-0.3198</steeringAngle>
      <velocity>4.800000000000002</velocity>
      <orientation>-1.0712053755255242</orientation>
      <time>29</time>
    </ksState>
    <ksState>
      <x>181.2087102980666</x>
      <y>773.9780933335195</y>
      <steeringAngle>-0.3553333333333332</steeringAngle>
      <velocity>4.000000000000001</velocity>
      <orientation>-1.130995209573739</orientation>
      <time>30</time>
    </ksState>
    <ksState>
      <x>181.28888357484678</x>
      <y>773.5769112470286</y>
      <steeringAngle>-0.39086666666666653</steeringAngle>
      <velocity>4.0</velocity>
      <orientation>-1.1917155758797262</orientation>
      <time>31</time>
    </ksState>
    <ksState>
      <x>181.33462931933275</x>
      <y>773.1683351693968</y>
      <steeringAngle>-0.42639999999999995</steeringAngle>
      <velocity>4.0</velocity>
      <orientation>-1.2588851893361297</orientation>
      <time>32</time>
    </ksState>
    <ksState>
      <x>181.34238409038366</x>
      <y>772.7550007871266</y>
      <steeringAngle>-0.4619333333333333</steeringAngle>
      <velocity>4.0</velocity>
      <orientation>-1.332705772968474</orientation>
      <time>33</time>
    </ksState>
    <ksState>
      <x>181.30862719164224</x>
      <y>772.3403983478585</y>
      <steeringAngle>-0.49746666666666667</steeringAngle>
      <velocity>4.0</velocity>
      <orientation>-1.4134063147816942</orientation>
      <time>34</time>
    </ksState>
    <ksState>
      <x>181.2300166855395</x>
      <y>771.928980429103</y>
      <steeringAngle>-0.533</steeringAngle>
      <velocity>4.0</velocity>
      <orientation>-1.5012461813815028</orientation>
      <time>35</time>
    </ksState>
    <ksState>
      <x>181.11513174649676</x>
      <y>771.5260325321854</y>
      <steeringAngle>-0.4974666666666666</steeringAngle>
      <velocity>4.0</velocity>
      <orientation>-1.589086048220952</orientation>
      <time>36</time>
    </ksState>
    <ksState>
      <x>180.97687693043704</x>
      <y>771.1335691633084</y>
      <steeringAngle>-0.4619333333333334</steeringAngle>
      <velocity>4.0</velocity>
      <orientation>-1.6697865900081221</orientation>
      <time>37</time>
    </ksState>
    <ksState>
      <x>180.8184391385713</x>
      <y>770.7516037774473</y>
      <steeringAngle>-0.42640000000000017</steeringAngle>
      <velocity>4.0</velocity>
      <orientation>-1.7436071732579272</orientation>
      <time>38</time>
    </ksState>
    <ksState>
      <x>180.64275013663445</x>
      <y>770.3797922063426</y>
      <steeringAngle>-0.3908666666666668</steeringAngle>
      <velocity>4.0</velocity>
      <orientation>-1.8107767861207897</orientation>
      <time>39</time>
    </ksState>
    <ksState>
      <x>180.45250101936435</x>
      <y>770.0175032612494</y>
      <steeringAngle>-0.3553333333333335</steeringAngle>
      <velocity>4.0</velocity>
      <orientation>-1.8714971539990755</orientation>
      <time>40</time>
    </ksState>
    <ksState>
      <x>180.22901393854946</x>
      <y>769.629080787881</y>
      <steeringAngle>-0.31979999999999975</steeringAngle>
      <velocity>4.800000000000001</velocity>
      <orientation>-1.931286989030824</orientation>
      <time>41</time>
    </ksState>
    <ksState>
      <x>179.94767464974652</x>
      <y>769.182782130178</y>
      <steeringAngle>-0.28426666666666645</steeringAngle>
      <velocity>5.600000000000004</velocity>
      <orientation>-1.9940160891621477</orientation>
      <time>42</time>
    </ksState>
    <ksState>
      <x>179.60263936693318</x>
      <y>768.683733888486</y>
      <steeringAngle>-0.2487333333333331</steeringAngle>
      <velocity>6.400000000000004</velocity>
      <orientation>-2.0574382258548236</orientation>
      <time>43</time>
    </ksState>
    <ksState>
      <x>179.18920600861617</x>
      <y>768.136759233451</y>
      <steeringAngle>-0.21319999999999992</steeringAngle>
      <velocity>7.200000000000004</velocity>
      <orientation>-2.1193553145326223</orientation>
      <time>44</time>
    </ksState>
    <ksState>
      <x>178.70424853068621</x>
      <y>767.5457998411495</y>
      <steeringAngle>-0.17766666666666656</steeringAngle>
      <velocity>8.000000000000004</velocity>
      <orientation>-2.177604644133588</orientation>
      <time>45</time>
    </ksState>
    <ksState>
      <x>178.1737573387362</x>
      <y>766.9427914458317</y>
      <steeringAngle>-0.14213333333333336</steeringAngle>
      <velocity>8.0</velocity>
      <orientation>-2.2276394556823362</orientation>
      <time>46</time>
    </ksState>
    <ksState>
      <x>177.62948515605427</x>
      <y>766.3538821992701</y>
      <steeringAngle>-0.1066000000000001</steeringAngle>
      <velocity>8.0</velocity>
      <orientation>-2.2664233076893336</orientation>
      <time>47</time>
    </ksState>
    <ksState>
      <x>177.07798392892192</x>
      <y>765.7730128243171</y>
      <steeringAngle>-0.07106666666666674</steeringAngle>
      <velocity>8.0</velocity>
      <orientation>-2.2940557867190208</orientation>
      <time>48</time>
    </ksState>
    <ksState>
      <x>176.5255084694703</x>
      <y>765.1939227142033</y>
      <steeringAngle>-0.035533333333333354</steeringAngle>
      <velocity>8.0</velocity>
      <orientation>-2.3106073073480498</orientation>
      <time>49</time>
    </ksState>
    <ksState>
      <x>175.9782446043743</x>
      <y>764.6103359021048</y>
      <steeringAngle>-2.0816681711721685e-17</steeringAngle>
      <velocity>8.0</velocity>
      <orientation>-2.3161198338064546</orientation>
      <time>50</time>
    </ksState>
    <ksState>
      <x>175.43567693952238</x>
      <y>764.0224410738768</y>
      <steeringAngle>0.0</steeringAngle>
      <velocity>8.0</velocity>
      <orientation>-2.3161198338064546</orientation>
      <time>51</time>
    </ksState>
    <ksState>
      <x>174.89310927467042</x>
      <y>763.434546245649</y>
      <steeringAngle>0.0</steeringAngle>
      <velocity>8.0</velocity>
      <orientation>-2.3161198338064546</orientation>
      <time>52</time>
    </ksState>
    <ksState>
      <x>174.3505416098185</x>
      <y>762.8466514174211</y>
      <steeringAngle>0.0</steeringAngle>
      <velocity>8.0</velocity>
      <orientation>-2.3161198338064546</orientation>
      <time>53</time>
    </ksState>
    <ksState>
      <x>173.80797394496656</x>
      <y>762.2587565891932</y>
      <steeringAngle>0.0</steeringAngle>
      <velocity>8.0</velocity>
      <orientation>-2.3161198338064546</orientation>
      <time>54</time>
    </ksState>
    <ksState>
      <x>173.2654062801146</x>
      <y>761.6708617609653</y>
      <steeringAngle>0.0</steeringAngle>
      <velocity>8.0</velocity>
      <orientation>-2.3161198338064546</orientation>
      <time>55</time>
    </ksState>
    <ksState>
      <x>172.72283861526267</x>
      <y>761.0829669327373</y>
      <steeringAngle>0.0</steeringAngle>
      <velocity>8.0</velocity>
      <orientation>-2.3161198338064546</orientation>
      <time>56</time>
    </ksState>
    <ksState>
      <x>172.18027095041072</x>
      <y>760.4950721045095</y>
      <steeringAngle>0.0</steeringAngle>
      <velocity>8.0</velocity>
      <orientation>-2.3161198338064546</orientation>
      <time>57</time>
    </ksState>
    <ksState>
      <x>171.63770328555879</x>
      <y>759.9071772762816</y>
      <steeringAngle>0.0</steeringAngle>
      <velocity>8.0</velocity>
      <orientation>-2.3161198338064546</orientation>
      <time>58</time>
    </ksState>
    <ksState>
      <x>171.09513562070686</x>
      <y>759.3192824480537</y>
      <steeringAngle>0.0</steeringAngle>
      <velocity>8.0</velocity>
      <orientation>-2.3161198338064546</orientation>
      <time>59</time>
    </ksState>
    <ksState>
      <x>170.5525679558549</x>
      <y>758.7313876198258</y>
      <steeringAngle>0.0</steeringAngle>
      <velocity>8.0</velocity>
      <orientation>-2.3161198338064546</orientation>
      <time>60</time>
    </ksState>
    <ksState>
      <x>170.01000029100297</x>
      <y>758.1434927915979</y>
      <steeringAngle>0.0</steeringAngle>
      <velocity>8.0</velocity>
      <orientation>-2.3161198338064546</orientation>
      <time>61</time>
    </ksState>
    <ksState>
      <x>169.467432626151</x>
      <y>757.55559796337</y>
      <steeringAngle>0.0</steeringAngle>
      <velocity>8.0</velocity>
      <orientation>-2.3161198338064546</orientation>
      <time>62</time>
    </ksState>
    <ksState>
      <x>168.92486496129908</x>
      <y>756.9677031351421</y>
      <steeringAngle>0.0</steeringAngle>
      <velocity>8.0</velocity>
      <orientation>-2.3161198338064546</orientation>
      <time>63</time>
    </ksState>
    <ksState>
      <x>168.38229729644715</x>
      <y>756.3798083069142</y>
      <steeringAngle>0.0</steeringAngle>
      <velocity>8.0</velocity>
      <orientation>-2.3161198338064546</orientation>
      <time>64</time>
    </ksState>
    <ksState>
      <x>167.8397296315952</x>
      <y>755.7919134786863</y>
      <steeringAngle>0.0</steeringAngle>
      <velocity>8.0</velocity>
      <orientation>-2.3161198338064546</orientation>
      <time>65</time>
    </ksState>
    <ksState>
      <x>167.30402187230828</x>
      <y>755.1977204361397</y>
      <steeringAngle>0.03553333333333333</steeringAngle>
      <velocity>8.0</velocity>
      <orientation>-2.3106072988036157</orientation>
      <time>66</time>
    </ksState>
    <ksState>
      <x>166.78659268680627</x>
      <y>754.5871697731884</y>
      <steeringAngle>0.07106666666666667</steeringAngle>
      <velocity>8.0</velocity>
      <orientation>-2.2940557779233464</orientation>
      <time>67</time>
    </ksState>
    <ksState>
      <x>166.29474535678054</x>
      <y>753.9550838877508</y>
      <steeringAngle>0.10659999999999997</steeringAngle>
      <velocity>8.0</velocity>
      <orientation>-2.266423298632651</orientation>
      <time>68</time>
    </ksState>
    <ksState>
      <x>165.83653894533037</x>
      <y>753.2971108803564</y>
      <steeringAngle>0.1421333333333333</steeringAngle>
      <velocity>8.0</velocity>
      <orientation>-2.2276394463599165</orientation>
      <time>69</time>
    </ksState>
    <ksState>
      <x>165.42092196939953</x>
      <y>752.6100243602198</y>
      <steeringAngle>0.17766666666666667</steeringAngle>
      <velocity>8.0</velocity>
      <orientation>-2.1776046341107618</orientation>
      <time>70</time>
    </ksState>
    <ksState>
      <x>165.04144887385866</x>
      <y>751.9021824291922</y>
      <steeringAngle>0.14213333333333336</steeringAngle>
      <velocity>8.0</velocity>
      <orientation>-2.1275698225620134</orientation>
      <time>71</time>
    </ksState>
    <ksState>
      <x>164.68000337577212</x>
      <y>751.1863588046588</y>
      <steeringAngle>0.1066000000000001</steeringAngle>
      <velocity>8.0</velocity>
      <orientation>-2.088785970555016</orientation>
      <time>72</time>
    </ksState>
    <ksState>
      <x>164.32861784067967</x>
      <y>750.4665733921818</y>
      <steeringAngle>0.07106666666666674</steeringAngle>
      <velocity>8.0</velocity>
      <orientation>-2.061153491525329</orientation>
      <time>73</time>
    </ksState>
    <ksState>
      <x>163.97923989909395</x>
      <y>749.7464973247688</y>
      <steeringAngle>0.035533333333333354</steeringAngle>
      <velocity>8.0</velocity>
      <orientation>-2.0446019708963</orientation>
      <time>74</time>
    </ksState>
    <ksState>
      <x>163.6238269105126</x>
      <y>749.0297317334889</y>
      <steeringAngle>2.0816681711721685e-17</steeringAngle>
      <velocity>8.0</velocity>
      <orientation>-2.039089444437895</orientation>
      <time>75</time>
    </ksState>
    <ksState>
      <x>163.2544366868192</x>
      <y>748.3200846114552</y>
      <steeringAngle>-0.03553333333333333</steeringAngle>
      <velocity>8.0</velocity>
      <orientation>-2.044601979440734</orientation>
      <time>76</time>
    </ksState>
    <ksState>
      <x>162.8633304288748</x>
      <y>747.6218432713468</y>
      <steeringAngle>-0.07106666666666667</steeringAngle>
      <velocity>8.0</velocity>
      <orientation>-2.0611535003210033</orientation>
      <time>77</time>
    </ksState>
    <ksState>
      <x>162.4431038398905</x>
      <y>746.9400397978052</y>
      <steeringAngle>-0.10659999999999997</steeringAngle>
      <velocity>8.0</velocity>
      <orientation>-2.0887859796116985</orientation>
      <time>78</time>
    </ksState>
    <ksState>
      <x>161.98686196643544</x>
      <y>746.280703050111</y>
      <steeringAngle>-0.1421333333333333</steeringAngle>
      <velocity>8.0</velocity>
      <orientation>-2.127569831884433</orientation>
      <time>79</time>
    </ksState>
    <ksState>
      <x>161.4884533463973</x>
      <y>745.6510887202971</y>
      <steeringAngle>-0.17766666666666667</steeringAngle>
      <velocity>8.0</velocity>
      <orientation>-2.177604644133588</orientation>
      <time>80</time>
    </ksState>
    <ksState>
      <x>160.95038534919135</x>
      <y>745.0539323143776</y>
      <steeringAngle>-0.17766666666666667</steeringAngle>
      <velocity>8.0</velocity>
      <orientation>-2.2333056204440997</orientation>
      <time>81</time>
    </ksState>
    <ksState>
      <x>160.37990682135663</x>
      <y>744.4876574242056</y>
      <steeringAngle>-0.17766666666666667</steeringAngle>
      <velocity>8.0</velocity>
      <orientation>-2.2890065967546116</orientation>
      <time>82</time>
    </ksState>
    <ksState>
      <x>159.77878729149467</x>
      <y>743.9540205476551</y>
      <steeringAngle>-0.17766666666666667</steeringAngle>
      <velocity>8.0</velocity>
      <orientation>-2.344707573065123</orientation>
      <time>83</time>
    </ksState>
    <ksState>
      <x>159.1488913100789</x>
      <y>743.4546769177246</y>
      <steeringAngle>-0.17766666666666667</steeringAngle>
      <velocity>8.0</velocity>
      <orientation>-2.400408549375635</orientation>
      <time>84</time>
    </ksState>
    <ksState>
      <x>158.49217268548722</x>
      <y>742.9911753967262</y>
      <steeringAngle>-0.17766666666666667</steeringAngle>
      <velocity>8.0</velocity>
      <orientation>-2.4561095256861467</orientation>
      <time>85</time>
    </ksState>
    <ksState>
      <x>157.85056615263457</x>
      <y>742.5782414444784</y>
      <steeringAngle>-0.1421333333333334</steeringAngle>
      <velocity>7.2</velocity>
      <orientation>-2.503736847431784</orientation>
      <time>86</time>
    </ksState>
    <ksState>
      <x>157.26998678426986</x>
      <y>742.2211026840778</y>
      <steeringAngle>-0.10660000000000011</steeringAngle>
      <velocity>6.4</velocity>
      <orientation>-2.5367964178797515</orientation>
      <time>87</time>
    </ksState>
    <ksState>
      <x>156.75608282902593</x>
      <y>741.9099894708745</y>
      <steeringAngle>-0.07106666666666674</steeringAngle>
      <velocity>5.600000000000001</velocity>
      <orientation>-2.55761336617364</orientation>
      <time>88</time>
    </ksState>
    <ksState>
      <x>156.31210148476686</x>
      <y>741.6388330687846</y>
      <steeringAngle>-0.03553333333333339</steeringAngle>
      <velocity>4.800000000000001</velocity>
      <orientation>-2.568463975831303</orientation>
      <time>89</time>
    </ksState>
    <ksState>
      <x>155.9395135141277</x>
      <y>741.4047395859517</y>
      <steeringAngle>-5.5294310796760726e-17</steeringAngle>
      <velocity>4.0</velocity>
      <orientation>-2.5715877516684684</orientation>
      <time>90</time>
    </ksState>
    <ksState>
      <x>155.5717337920944</x>
      <y>741.163170371221</y>
      <steeringAngle>0.035533333333333326</steeringAngle>
      <velocity>4.799999999999999</velocity>
      <orientation>-2.5684639729992775</orientation>
      <time>91</time>
    </ksState>
    <ksState>
      <x>155.14463508058464</x>
      <y>740.8661641154325</y>
      <steeringAngle>0.07106666666666667</steeringAngle>
      <velocity>5.599999999999998</velocity>
      <orientation>-2.5576133619381047</orientation>
      <time>92</time>
    </ksState>
    <ksState>
      <x>154.66390125109785</x>
      <y>740.5059775312297</y>
      <steeringAngle>0.10659999999999999</steeringAngle>
      <velocity>6.3999999999999995</velocity>
      <orientation>-2.5367964129377767</orientation>
      <time>93</time>
    </ksState>
    <ksState>
      <x>154.13807817229508</x>
      <y>740.0723541970737</y>
      <steeringAngle>0.14213333333333333</steeringAngle>
      <velocity>7.199999999999999</velocity>
      <orientation>-2.5037368419566115</orientation>
      <time>94</time>
    </ksState>
    <ksState>
      <x>153.57973225907176</x>
      <y>739.5525091475631</y>
      <steeringAngle>0.17766666666666664</steeringAngle>
      <velocity>7.9999999999999964</velocity>
      <orientation>-2.456109519875065</orientation>
      <time>95</time>
    </ksState>
    <ksState>
      <x>153.05358495094646</x>
      <y>738.9990647920774</y>
      <steeringAngle>0.17766666666666667</steeringAngle>
      <velocity>7.2</velocity>
      <orientation>-2.4031935924306875</orientation>
      <time>96</time>
    </ksState>
    <ksState>
      <x>152.6082163858951</x>
      <y>738.480897880518</y>
      <steeringAngle>0.17766666666666667</steeringAngle>
      <velocity>6.4</velocity>
      <orientation>-2.355847762637876</orientation>
      <time>97</time>
    </ksState>
    <ksState>
      <x>152.23599323121007</x>
      <y>738.0066304712064</y>
      <steeringAngle>0.17766666666666667</steeringAngle>
      <velocity>5.599999999999999</velocity>
      <orientation>-2.3140720304826914</orientation>
      <time>98</time>
    </ksState>
    <ksState>
      <x>151.92966184018172</x>
      <y>737.5833284854024</y>
      <steeringAngle>0.17766666666666667</steeringAngle>
      <velocity>4.799999999999999</velocity>
      <orientation>-2.277866395961177</orientation>
      <time>99</time>
    </ksState>
  </ksTrajectory>
</CommonRoadSolution>
