<?xml version="1.0" ?>
<CommonRoadSolution benchmark_id="KS2:SM1:DEU_Flensburg-76_1_T-1:2020a" computation_time="1.5848021140000128" date="2023-11-26T00:13:30">
  <ksTrajectory planningProblem="123">
    <ksState>
      <x>56.254371</x>
      <y>423.97856</y>
      <steeringAngle>0.0</steeringAngle>
      <velocity>12.0</velocity>
      <orientation>-0.91623507</orientation>
      <time>0</time>
    </ksState>
    <ksState>
      <x>56.98494448838468</x>
      <y>423.02658186050866</y>
      <steeringAngle>0.0</steeringAngle>
      <velocity>12.0</velocity>
      <orientation>-0.91623507</orientation>
      <time>1</time>
    </ksState>
    <ksState>
      <x>57.715517976769355</x>
      <y>422.0746037210173</y>
      <steeringAngle>0.0</steeringAngle>
      <velocity>12.0</velocity>
      <orientation>-0.91623507</orientation>
      <time>2</time>
    </ksState>
    <ksState>
      <x>58.44609146515403</x>
      <y>421.12262558152594</y>
      <steeringAngle>0.0</steeringAngle>
      <velocity>12.0</velocity>
      <orientation>-0.91623507</orientation>
      <time>3</time>
    </ksState>
    <ksState>
      <x>59.17666495353871</x>
      <y>420.1706474420346</y>
      <steeringAngle>0.0</steeringAngle>
      <velocity>12.0</velocity>
      <orientation>-0.91623507</orientation>
      <time>4</time>
    </ksState>
    <ksState>
      <x>59.90723844192339</x>
      <y>419.21866930254316</y>
      <steeringAngle>0.0</steeringAngle>
      <velocity>12.0</velocity>
      <orientation>-0.91623507</orientation>
      <time>5</time>
    </ksState>
    <ksState>
      <x>60.62475553474891</x>
      <y>418.3071577056779</y>
      <steeringAngle>0.03553333333333333</steeringAngle>
      <velocity>11.200000000000001</velocity>
      <orientation>-0.908333796227656</orientation>
      <time>6</time>
    </ksState>
    <ksState>
      <x>61.32213378576195</x>
      <y>417.4819714263885</y>
      <steeringAngle>0.07106666666666667</steeringAngle>
      <velocity>10.400000000000007</velocity>
      <orientation>-0.886081365429166</orientation>
      <time>7</time>
    </ksState>
    <ksState>
      <x>62.00433901931967</x>
      <y>416.7493150882905</y>
      <steeringAngle>0.10660000000000001</steeringAngle>
      <velocity>9.60000000000001</velocity>
      <orientation>-0.8516333545444943</orientation>
      <time>8</time>
    </ksState>
    <ksState>
      <x>62.671563924349044</x>
      <y>416.1129541296914</y>
      <steeringAngle>0.14213333333333344</steeringAngle>
      <velocity>8.800000000000008</velocity>
      <orientation>-0.8071252224236494</orientation>
      <time>9</time>
    </ksState>
    <ksState>
      <x>63.32005745229143</x>
      <y>415.574125828766</y>
      <steeringAngle>0.17766666666666675</steeringAngle>
      <velocity>8.000000000000009</velocity>
      <orientation>-0.7546829246086679</orientation>
      <time>10</time>
    </ksState>
    <ksState>
      <x>63.96426416633424</x>
      <y>415.0945033322728</y>
      <steeringAngle>0.14213333333333336</steeringAngle>
      <velocity>8.0</velocity>
      <orientation>-0.7046481130599195</orientation>
      <time>11</time>
    </ksState>
    <ksState>
      <x>64.61902158447158</x>
      <y>414.6315356952598</y>
      <steeringAngle>0.1066000000000001</steeringAngle>
      <velocity>8.0</velocity>
      <orientation>-0.6658642610529222</orientation>
      <time>12</time>
    </ksState>
    <ksState>
      <x>65.27917975093216</x>
      <y>414.17793451631275</y>
      <steeringAngle>0.07106666666666674</steeringAngle>
      <velocity>8.0</velocity>
      <orientation>-0.6382317820232353</orientation>
      <time>13</time>
    </ksState>
    <ksState>
      <x>65.93992119161213</x>
      <y>413.7262761968987</y>
      <steeringAngle>0.035533333333333354</steeringAngle>
      <velocity>8.0</velocity>
      <orientation>-0.6216802613942058</orientation>
      <time>14</time>
    </ksState>
    <ksState>
      <x>66.59649910380894</x>
      <y>413.2691364474671</y>
      <steeringAngle>2.0816681711721685e-17</steeringAngle>
      <velocity>8.0</velocity>
      <orientation>-0.616167734935801</orientation>
      <time>15</time>
    </ksState>
    <ksState>
      <x>67.25474064941979</x>
      <y>412.8144208849417</y>
      <steeringAngle>0.03553333333333333</steeringAngle>
      <velocity>8.0</velocity>
      <orientation>-0.6106551999329622</orientation>
      <time>16</time>
    </ksState>
    <ksState>
      <x>67.92684934717933</x>
      <y>412.3799384659239</y>
      <steeringAngle>0.07106666666666667</steeringAngle>
      <velocity>8.0</velocity>
      <orientation>-0.5941036790526926</orientation>
      <time>17</time>
    </ksState>
    <ksState>
      <x>68.61701903410788</x>
      <y>411.9735985025093</y>
      <steeringAngle>0.10659999999999997</steeringAngle>
      <velocity>8.0</velocity>
      <orientation>-0.5664711997619977</orientation>
      <time>18</time>
    </ksState>
    <ksState>
      <x>69.32852737953533</x>
      <y>411.603953445271</y>
      <steeringAngle>0.1421333333333333</steeringAngle>
      <velocity>8.0</velocity>
      <orientation>-0.5276873474892627</orientation>
      <time>19</time>
    </ksState>
    <ksState>
      <x>70.06342135950955</x>
      <y>411.280292828215</y>
      <steeringAngle>0.17766666666666667</steeringAngle>
      <velocity>8.0</velocity>
      <orientation>-0.4776525352401081</orientation>
      <time>20</time>
    </ksState>
    <ksState>
      <x>70.81424265508169</x>
      <y>410.99514828298294</y>
      <steeringAngle>0.14213333333333336</steeringAngle>
      <velocity>8.0</velocity>
      <orientation>-0.42761772369135964</orientation>
      <time>21</time>
    </ksState>
    <ksState>
      <x>71.57065726415354</x>
      <y>410.72890920112246</y>
      <steeringAngle>0.1066000000000001</steeringAngle>
      <velocity>8.0</velocity>
      <orientation>-0.38883387168436234</orientation>
      <time>22</time>
    </ksState>
    <ksState>
      <x>72.3297049703861</x>
      <y>410.47315655900536</y>
      <steeringAngle>0.07106666666666674</steeringAngle>
      <velocity>8.0</velocity>
      <orientation>-0.36120139265467543</orientation>
      <time>23</time>
    </ksState>
    <ksState>
      <x>73.08878233867895</x>
      <y>410.21943222459237</y>
      <steeringAngle>0.035533333333333354</steeringAngle>
      <velocity>8.0</velocity>
      <orientation>-0.34464987202564606</orientation>
      <time>24</time>
    </ksState>
    <ksState>
      <x>73.84535409975821</x>
      <y>409.95929672983516</y>
      <steeringAngle>2.0816681711721685e-17</steeringAngle>
      <velocity>8.0</velocity>
      <orientation>-0.33913734556724123</orientation>
      <time>25</time>
    </ksState>
    <ksState>
      <x>74.60286304675007</x>
      <y>409.7019479967932</y>
      <steeringAngle>0.03553333333333333</steeringAngle>
      <velocity>8.0</velocity>
      <orientation>-0.33362481056440246</orientation>
      <time>26</time>
    </ksState>
    <ksState>
      <x>75.36817664295043</x>
      <y>409.46785362797925</y>
      <steeringAngle>0.07106666666666667</steeringAngle>
      <velocity>8.0</velocity>
      <orientation>-0.31707328968413284</orientation>
      <time>27</time>
    </ksState>
    <ksState>
      <x>76.14316562160366</x>
      <y>409.2657683846069</y>
      <steeringAngle>0.10659999999999997</steeringAngle>
      <velocity>8.0</velocity>
      <orientation>-0.28944081039343794</orientation>
      <time>28</time>
    </ksState>
    <ksState>
      <x>76.92864358134769</x>
      <y>409.10481507240104</y>
      <steeringAngle>0.1421333333333333</steeringAngle>
      <velocity>8.0</velocity>
      <orientation>-0.250656958120703</orientation>
      <time>29</time>
    </ksState>
    <ksState>
      <x>77.72403875890595</x>
      <y>408.99448888170997</y>
      <steeringAngle>0.17766666666666667</steeringAngle>
      <velocity>8.0</velocity>
      <orientation>-0.2006221458715483</orientation>
      <time>30</time>
    </ksState>
    <ksState>
      <x>78.52564833516493</x>
      <y>408.9350327634551</y>
      <steeringAngle>0.17766666666666667</steeringAngle>
      <velocity>8.0</velocity>
      <orientation>-0.1449211695610365</orientation>
      <time>31</time>
    </ksState>
    <ksState>
      <x>79.32932478476714</x>
      <y>408.920296199593</y>
      <steeringAngle>0.17766666666666667</steeringAngle>
      <velocity>8.0</velocity>
      <orientation>-0.08922019325052477</orientation>
      <time>32</time>
    </ksState>
    <ksState>
      <x>80.13257523261123</x>
      <y>408.95032490643143</y>
      <steeringAngle>0.17766666666666667</steeringAngle>
      <velocity>8.0</velocity>
      <orientation>-0.033519216940013086</orientation>
      <time>33</time>
    </ksState>
    <ksState>
      <x>80.93290815925334</x>
      <y>409.02502574102084</y>
      <steeringAngle>0.17766666666666667</steeringAngle>
      <velocity>8.0</velocity>
      <orientation>0.022181759370498738</orientation>
      <time>34</time>
    </ksState>
    <ksState>
      <x>81.72784109538895</x>
      <y>409.14416699710006</y>
      <steeringAngle>0.17766666666666667</steeringAngle>
      <velocity>8.0</velocity>
      <orientation>0.07788273568101056</orientation>
      <time>35</time>
    </ksState>
    <ksState>
      <x>82.51490827325232</x>
      <y>409.30737912985444</y>
      <steeringAngle>0.17766666666666667</steeringAngle>
      <velocity>8.0</velocity>
      <orientation>0.13358371199152236</orientation>
      <time>36</time>
    </ksState>
    <ksState>
      <x>83.29166845225039</x>
      <y>409.51415588455035</y>
      <steeringAngle>0.17766666666666667</steeringAngle>
      <velocity>8.0</velocity>
      <orientation>0.1892846883020341</orientation>
      <time>37</time>
    </ksState>
    <ksState>
      <x>84.05571224561459</x>
      <y>409.76385587857874</y>
      <steeringAngle>0.17766666666666667</steeringAngle>
      <velocity>8.0</velocity>
      <orientation>0.24498566461254578</orientation>
      <time>38</time>
    </ksState>
    <ksState>
      <x>84.8046697449685</x>
      <y>410.05570459335644</y>
      <steeringAngle>0.17766666666666667</steeringAngle>
      <velocity>8.0</velocity>
      <orientation>0.30068664092305764</orientation>
      <time>39</time>
    </ksState>
    <ksState>
      <x>85.53621783696178</x>
      <y>410.3887967742228</y>
      <steeringAngle>0.17766666666666667</steeringAngle>
      <velocity>8.0</velocity>
      <orientation>0.35638761723356943</orientation>
      <time>40</time>
    </ksState>
    <ksState>
      <x>86.2094391136216</x>
      <y>410.75068293450073</y>
      <steeringAngle>0.21320000000000014</steeringAngle>
      <velocity>7.200000000000003</velocity>
      <orientation>0.41463694430506226</orientation>
      <time>41</time>
    </ksState>
    <ksState>
      <x>86.78522252028367</x>
      <y>411.12268381367176</y>
      <steeringAngle>0.24873333333333347</steeringAngle>
      <velocity>6.400000000000004</velocity>
      <orientation>0.47655403179084166</orientation>
      <time>42</time>
    </ksState>
    <ksState>
      <x>87.26559952455956</x>
      <y>411.4930570309564</y>
      <steeringAngle>0.2842666666666668</steeringAngle>
      <velocity>5.600000000000001</velocity>
      <orientation>0.5399761745547628</orientation>
      <time>43</time>
    </ksState>
    <ksState>
      <x>87.65487093123038</x>
      <y>411.84897926710545</y>
      <steeringAngle>0.3198</steeringAngle>
      <velocity>4.800000000000002</velocity>
      <orientation>0.6027052742967154</orientation>
      <time>44</time>
    </ksState>
    <ksState>
      <x>87.95953618131551</x>
      <y>412.17748008325333</y>
      <steeringAngle>0.3553333333333332</steeringAngle>
      <velocity>4.000000000000001</velocity>
      <orientation>0.6624951083449302</orientation>
      <time>45</time>
    </ksState>
    <ksState>
      <x>88.21547030626608</x>
      <y>412.4955322202775</y>
      <steeringAngle>0.35533333333333333</steeringAngle>
      <velocity>4.0</velocity>
      <orientation>0.7200518151016442</orientation>
      <time>46</time>
    </ksState>
    <ksState>
      <x>88.45268472124297</x>
      <y>412.82778029770174</y>
      <steeringAngle>0.35533333333333333</steeringAngle>
      <velocity>4.0</velocity>
      <orientation>0.7776085218583583</orientation>
      <time>47</time>
    </ksState>
    <ksState>
      <x>88.67039377905924</x>
      <y>413.17312393913045</y>
      <steeringAngle>0.35533333333333333</steeringAngle>
      <velocity>4.0</velocity>
      <orientation>0.8351652286150723</orientation>
      <time>48</time>
    </ksState>
    <ksState>
      <x>88.867876457601</x>
      <y>413.5304194150559</y>
      <steeringAngle>0.35533333333333333</steeringAngle>
      <velocity>4.0</velocity>
      <orientation>0.8927219353717862</orientation>
      <time>49</time>
    </ksState>
    <ksState>
      <x>89.04447872210136</x>
      <y>413.8984834129903</y>
      <steeringAngle>0.35533333333333333</steeringAngle>
      <velocity>4.0</velocity>
      <orientation>0.9502786421285002</orientation>
      <time>50</time>
    </ksState>
    <ksState>
      <x>89.21861855649122</x>
      <y>414.3113923753385</y>
      <steeringAngle>0.31979999999999975</steeringAngle>
      <velocity>4.800000000000001</velocity>
      <orientation>1.0100684771602488</orientation>
      <time>51</time>
    </ksState>
    <ksState>
      <x>89.4038555439728</x>
      <y>414.80537774532473</y>
      <steeringAngle>0.28426666666666645</steeringAngle>
      <velocity>5.600000000000004</velocity>
      <orientation>1.0727975772915723</orientation>
      <time>52</time>
    </ksState>
    <ksState>
      <x>89.59257255610488</x>
      <y>415.38199233346285</y>
      <steeringAngle>0.2487333333333331</steeringAngle>
      <velocity>6.400000000000004</velocity>
      <orientation>1.1362197139842483</orientation>
      <time>53</time>
    </ksState>
    <ksState>
      <x>89.77808465769766</x>
      <y>416.04206329569536</y>
      <steeringAngle>0.21319999999999992</steeringAngle>
      <velocity>7.200000000000004</velocity>
      <orientation>1.1981368026620471</orientation>
      <time>54</time>
    </ksState>
    <ksState>
      <x>89.95536214888304</x>
      <y>416.7856958997874</y>
      <steeringAngle>0.17766666666666656</steeringAngle>
      <velocity>8.000000000000004</velocity>
      <orientation>1.2563861322630125</orientation>
      <time>55</time>
    </ksState>
    <ksState>
      <x>90.10753482399247</x>
      <y>417.53337020646666</y>
      <steeringAngle>0.1421333333333334</steeringAngle>
      <velocity>7.2</velocity>
      <orientation>1.3040134540086494</orientation>
      <time>56</time>
    </ksState>
    <ksState>
      <x>90.22983919260214</x>
      <y>418.2039387253894</y>
      <steeringAngle>0.10660000000000011</steeringAngle>
      <velocity>6.4</velocity>
      <orientation>1.3370730244566174</orientation>
      <time>57</time>
    </ksState>
    <ksState>
      <x>90.3334281085944</x>
      <y>418.79568025944667</y>
      <steeringAngle>0.07106666666666674</steeringAngle>
      <velocity>5.600000000000001</velocity>
      <orientation>1.3578899727505058</orientation>
      <time>58</time>
    </ksState>
    <ksState>
      <x>90.42513474714828</x>
      <y>419.307769236959</y>
      <steeringAngle>0.03553333333333339</steeringAngle>
      <velocity>4.800000000000001</velocity>
      <orientation>1.3687405824081689</orientation>
      <time>59</time>
    </ksState>
    <ksState>
      <x>90.5081893598247</x>
      <y>419.73988436731554</y>
      <steeringAngle>5.5294310796760726e-17</steeringAngle>
      <velocity>4.0</velocity>
      <orientation>1.3718643582453343</orientation>
      <time>60</time>
    </ksState>
    <ksState>
      <x>90.59995444296969</x>
      <y>420.17022932076554</y>
      <steeringAngle>-0.035533333333333326</steeringAngle>
      <velocity>4.799999999999999</velocity>
      <orientation>1.3687405795761434</orientation>
      <time>61</time>
    </ksState>
    <ksState>
      <x>90.72187346880945</x>
      <y>420.67595827632283</y>
      <steeringAngle>-0.07106666666666667</steeringAngle>
      <velocity>5.599999999999998</velocity>
      <orientation>1.3578899685149706</orientation>
      <time>62</time>
    </ksState>
    <ksState>
      <x>90.88322376760692</x>
      <y>421.25458204988445</y>
      <steeringAngle>-0.10659999999999999</steeringAngle>
      <velocity>6.3999999999999995</velocity>
      <orientation>1.3370730195146427</orientation>
      <time>63</time>
    </ksState>
    <ksState>
      <x>91.0966625616005</x>
      <y>421.90185555262104</y>
      <steeringAngle>-0.14213333333333333</steeringAngle>
      <velocity>7.199999999999999</velocity>
      <orientation>1.3040134485334776</orientation>
      <time>64</time>
    </ksState>
    <ksState>
      <x>91.37866143378997</x>
      <y>422.6107036819107</y>
      <steeringAngle>-0.17766666666666664</steeringAngle>
      <velocity>7.9999999999999964</velocity>
      <orientation>1.256386126451931</orientation>
      <time>65</time>
    </ksState>
    <ksState>
      <x>91.72176137130985</x>
      <y>423.33761177487844</y>
      <steeringAngle>-0.17766666666666667</steeringAngle>
      <velocity>8.0</velocity>
      <orientation>1.200685150141419</orientation>
      <time>66</time>
    </ksState>
    <ksState>
      <x>92.10479776441954</x>
      <y>424.044291421899</y>
      <steeringAngle>-0.17766666666666667</steeringAngle>
      <velocity>8.0</velocity>
      <orientation>1.1449841738309074</orientation>
      <time>67</time>
    </ksState>
    <ksState>
      <x>92.52658250092337</x>
      <y>424.7285506134694</y>
      <steeringAngle>-0.17766666666666667</steeringAngle>
      <velocity>8.0</velocity>
      <orientation>1.0892831975203956</orientation>
      <time>68</time>
    </ksState>
    <ksState>
      <x>92.98580729038375</x>
      <y>425.38826691681567</y>
      <steeringAngle>-0.17766666666666667</steeringAngle>
      <velocity>8.0</velocity>
      <orientation>1.033582221209884</orientation>
      <time>69</time>
    </ksState>
    <ksState>
      <x>93.48104771169268</x>
      <y>426.021394026451</y>
      <steeringAngle>-0.17766666666666667</steeringAngle>
      <velocity>8.0</velocity>
      <orientation>0.9778812448993721</orientation>
      <time>70</time>
    </ksState>
    <ksState>
      <x>93.9763935387666</x>
      <y>426.6017438377878</y>
      <steeringAngle>-0.1421333333333334</steeringAngle>
      <velocity>7.2</velocity>
      <orientation>0.9302539231537352</orientation>
      <time>71</time>
    </ksState>
    <ksState>
      <x>94.42938540607815</x>
      <y>427.11107562091235</y>
      <steeringAngle>-0.10660000000000011</steeringAngle>
      <velocity>6.4</velocity>
      <orientation>0.8971943527057672</orientation>
      <time>72</time>
    </ksState>
    <ksState>
      <x>94.83179870876741</x>
      <y>427.55711624738456</y>
      <steeringAngle>-0.07106666666666674</steeringAngle>
      <velocity>5.600000000000001</velocity>
      <orientation>0.8763774044118787</orientation>
      <time>73</time>
    </ksState>
    <ksState>
      <x>95.17877476564647</x>
      <y>427.94474086527816</y>
      <steeringAngle>-0.03553333333333339</steeringAngle>
      <velocity>4.800000000000001</velocity>
      <orientation>0.8655267947542159</orientation>
      <time>74</time>
    </ksState>
    <ksState>
      <x>95.46807107751256</x>
      <y>428.2762965898713</y>
      <steeringAngle>-5.5294310796760726e-17</steeringAngle>
      <velocity>4.0</velocity>
      <orientation>0.8624030189170503</orientation>
      <time>75</time>
    </ksState>
    <ksState>
      <x>95.72831686797367</x>
      <y>428.5800598670252</y>
      <steeringAngle>0.0</steeringAngle>
      <velocity>4.0</velocity>
      <orientation>0.8624030189170503</orientation>
      <time>76</time>
    </ksState>
    <ksState>
      <x>95.98856265843479</x>
      <y>428.8838231441791</y>
      <steeringAngle>0.0</steeringAngle>
      <velocity>4.0</velocity>
      <orientation>0.8624030189170503</orientation>
      <time>77</time>
    </ksState>
    <ksState>
      <x>96.24880844889591</x>
      <y>429.187586421333</y>
      <steeringAngle>0.0</steeringAngle>
      <velocity>4.0</velocity>
      <orientation>0.8624030189170503</orientation>
      <time>78</time>
    </ksState>
    <ksState>
      <x>96.50905423935703</x>
      <y>429.4913496984869</y>
      <steeringAngle>0.0</steeringAngle>
      <velocity>4.0</velocity>
      <orientation>0.8624030189170503</orientation>
      <time>79</time>
    </ksState>
    <ksState>
      <x>96.76930002981814</x>
      <y>429.79511297564073</y>
      <steeringAngle>0.0</steeringAngle>
      <velocity>4.0</velocity>
      <orientation>0.8624030189170503</orientation>
      <time>80</time>
    </ksState>
    <ksState>
      <x>97.02628508160903</x>
      <y>430.1016623126164</y>
      <steeringAngle>0.035533333333333326</steeringAngle>
      <velocity>4.0</velocity>
      <orientation>0.8651592934496507</orientation>
      <time>81</time>
    </ksState>
    <ksState>
      <x>97.27557657577329</x>
      <y>430.41469125310454</y>
      <steeringAngle>0.07106666666666711</steeringAngle>
      <velocity>4.0</velocity>
      <orientation>0.8734350539929361</orientation>
      <time>82</time>
    </ksState>
    <ksState>
      <x>97.51531763082563</x>
      <y>430.73547274977767</y>
      <steeringAngle>0.10660000000000043</steeringAngle>
      <velocity>4.0</velocity>
      <orientation>0.8872512938120729</orientation>
      <time>83</time>
    </ksState>
    <ksState>
      <x>97.74350023850903</x>
      <y>431.0651370048312</y>
      <steeringAngle>0.14213333333333378</steeringAngle>
      <velocity>4.0</velocity>
      <orientation>0.9066432201976188</orientation>
      <time>84</time>
    </ksState>
    <ksState>
      <x>97.95794304025968</x>
      <y>431.40463558693915</y>
      <steeringAngle>0.1776666666666672</steeringAngle>
      <velocity>4.0</velocity>
      <orientation>0.9316606266490162</orientation>
      <time>85</time>
    </ksState>
    <ksState>
      <x>98.1562728815389</x>
      <y>431.7546992196168</y>
      <steeringAngle>0.21319999999999995</steeringAngle>
      <velocity>4.0</velocity>
      <orientation>0.9623684092865163</orientation>
      <time>86</time>
    </ksState>
    <ksState>
      <x>98.33591141855149</x>
      <y>432.1157883196801</y>
      <steeringAngle>0.24873333333333336</steeringAngle>
      <velocity>4.0</velocity>
      <orientation>0.9988472504092106</orientation>
      <time>87</time>
    </ksState>
    <ksState>
      <x>98.49406847680315</x>
      <y>432.48803546561044</y>
      <steeringAngle>0.2842666666666667</steeringAngle>
      <velocity>4.0</velocity>
      <orientation>1.0411944842546585</orientation>
      <time>88</time>
    </ksState>
    <ksState>
      <x>98.62774430468541</x>
      <y>432.8711791024808</y>
      <steeringAngle>0.31980000000000003</steeringAngle>
      <velocity>4.0</velocity>
      <orientation>1.0895251656217937</orientation>
      <time>89</time>
    </ksState>
    <ksState>
      <x>98.7337434303442</x>
      <y>433.2644880587044</y>
      <steeringAngle>0.35533333333333333</steeringAngle>
      <velocity>4.0</velocity>
      <orientation>1.143973366800072</orientation>
      <time>90</time>
    </ksState>
    <ksState>
      <x>98.81780091851542</x>
      <y>433.66314333544904</y>
      <steeringAngle>0.31979999999999986</steeringAngle>
      <velocity>4.0</velocity>
      <orientation>1.1984215659934516</orientation>
      <time>91</time>
    </ksState>
    <ksState>
      <x>98.8894563240511</x>
      <y>434.0626295252746</y>
      <steeringAngle>0.28426666666666656</steeringAngle>
      <velocity>4.0</velocity>
      <orientation>1.2467522454747089</orientation>
      <time>92</time>
    </ksState>
    <ksState>
      <x>98.95106187955756</x>
      <y>434.46242186445124</y>
      <steeringAngle>0.2487333333333332</steeringAngle>
      <velocity>4.0</velocity>
      <orientation>1.289099479197584</orientation>
      <time>93</time>
    </ksState>
    <ksState>
      <x>99.00493147168062</x>
      <y>434.8621638449562</y>
      <steeringAngle>0.21319999999999986</steeringAngle>
      <velocity>4.0</velocity>
      <orientation>1.3255783202712117</orientation>
      <time>94</time>
    </ksState>
    <ksState>
      <x>99.05334238702535</x>
      <y>435.2616247492399</y>
      <steeringAngle>0.1776666666666665</steeringAngle>
      <velocity>4.0</velocity>
      <orientation>1.3562861029200395</orientation>
      <time>95</time>
    </ksState>
    <ksState>
      <x>99.09433812914729</x>
      <y>435.62073241744633</y>
      <steeringAngle>0.1421333333333333</steeringAngle>
      <velocity>3.1999999999999993</velocity>
      <orientation>1.3788960178934817</orientation>
      <time>96</time>
    </ksState>
    <ksState>
      <x>99.12665853123274</x>
      <y>435.8995438544369</y>
      <steeringAngle>0.10659999999999997</steeringAngle>
      <velocity>2.3999999999999977</velocity>
      <orientation>1.3925636587641892</orientation>
      <time>97</time>
    </ksState>
    <ksState>
      <x>99.15157378209136</x>
      <y>436.098237543241</y>
      <steeringAngle>0.07106666666666664</steeringAngle>
      <velocity>1.5999999999999976</velocity>
      <orientation>1.3995643646174083</orientation>
      <time>98</time>
    </ksState>
    <ksState>
      <x>99.16824261403032</x>
      <y>436.21713110922497</y>
      <steeringAngle>0.0355333333333333</steeringAngle>
      <velocity>0.7999999999999972</velocity>
      <orientation>1.4021392090913756</orientation>
      <time>99</time>
    </ksState>
  </ksTrajectory>
</CommonRoadSolution>
