<?xml version="1.0" ?>
<CommonRoadSolution benchmark_id="KS2:SM1:DEU_Muehlhausen-1_2_T-1:2020a" computation_time="0.5193542580000212" date="2023-11-26T00:13:30">
  <ksTrajectory planningProblem="1">
    <ksState>
      <x>-776.71327</x>
      <y>649.0387</y>
      <steeringAngle>0.0</steeringAngle>
      <velocity>8.0</velocity>
      <orientation>0.053492843</orientation>
      <time>0</time>
    </ksState>
    <ksState>
      <x>-775.9543571054768</x>
      <y>649.079335174684</y>
      <steeringAngle>0.0</steeringAngle>
      <velocity>7.200000000000001</velocity>
      <orientation>0.053492843</orientation>
      <time>1</time>
    </ksState>
    <ksState>
      <x>-775.2753297791685</x>
      <y>649.1156929625395</y>
      <steeringAngle>0.0</steeringAngle>
      <velocity>6.400000000000001</velocity>
      <orientation>0.053492843</orientation>
      <time>2</time>
    </ksState>
    <ksState>
      <x>-774.6761880208751</x>
      <y>649.1477733635769</y>
      <steeringAngle>0.0</steeringAngle>
      <velocity>5.600000000000001</velocity>
      <orientation>0.053492843</orientation>
      <time>3</time>
    </ksState>
    <ksState>
      <x>-774.1569318305403</x>
      <y>649.1755763777994</y>
      <steeringAngle>0.0</steeringAngle>
      <velocity>4.800000000000001</velocity>
      <orientation>0.053492843</orientation>
      <time>4</time>
    </ksState>
    <ksState>
      <x>-773.7175612081433</x>
      <y>649.1991020052081</y>
      <steeringAngle>0.0</steeringAngle>
      <velocity>4.000000000000001</velocity>
      <orientation>0.053492843</orientation>
      <time>5</time>
    </ksState>
    <ksState>
      <x>-773.3580761535252</x>
      <y>649.2183502458115</y>
      <steeringAngle>0.0</steeringAngle>
      <velocity>3.2</velocity>
      <orientation>0.053492843</orientation>
      <time>6</time>
    </ksState>
    <ksState>
      <x>-773.0784766669298</x>
      <y>649.2333210995963</y>
      <steeringAngle>0.0</steeringAngle>
      <velocity>2.4000000000000004</velocity>
      <orientation>0.053492843</orientation>
      <time>7</time>
    </ksState>
    <ksState>
      <x>-772.8787627482553</x>
      <y>649.2440145665684</y>
      <steeringAngle>0.0</steeringAngle>
      <velocity>1.6</velocity>
      <orientation>0.053492843</orientation>
      <time>8</time>
    </ksState>
    <ksState>
      <x>-772.7589343974614</x>
      <y>649.2504306467296</y>
      <steeringAngle>0.0</steeringAngle>
      <velocity>0.7999999999999998</velocity>
      <orientation>0.053492843</orientation>
      <time>9</time>
    </ksState>
    <ksState>
      <x>-772.7189916144949</x>
      <y>649.2525693400828</y>
      <steeringAngle>0.0</steeringAngle>
      <velocity>-3.3306690738754696e-16</velocity>
      <orientation>0.053492843</orientation>
      <time>10</time>
    </ksState>
    <ksState>
      <x>-772.6790488298086</x>
      <y>649.2547080335281</y>
      <steeringAngle>0.0</steeringAngle>
      <velocity>0.8</velocity>
      <orientation>0.053492843</orientation>
      <time>11</time>
    </ksState>
    <ksState>
      <x>-772.5592204769332</x>
      <y>649.2611241138007</y>
      <steeringAngle>0.0</steeringAngle>
      <velocity>1.6</velocity>
      <orientation>0.053492843</orientation>
      <time>12</time>
    </ksState>
    <ksState>
      <x>-772.3595065560434</x>
      <y>649.2718175808914</y>
      <steeringAngle>0.0</steeringAngle>
      <velocity>2.4000000000000004</velocity>
      <orientation>0.053492843</orientation>
      <time>13</time>
    </ksState>
    <ksState>
      <x>-772.079907067192</x>
      <y>649.286788434797</y>
      <steeringAngle>0.0</steeringAngle>
      <velocity>3.2000000000000006</velocity>
      <orientation>0.053492843</orientation>
      <time>14</time>
    </ksState>
    <ksState>
      <x>-771.7204220104011</x>
      <y>649.3060366755167</y>
      <steeringAngle>0.0</steeringAngle>
      <velocity>4.000000000000001</velocity>
      <orientation>0.053492843</orientation>
      <time>15</time>
    </ksState>
    <ksState>
      <x>-771.2810513858096</x>
      <y>649.3295623030428</y>
      <steeringAngle>0.0</steeringAngle>
      <velocity>4.8</velocity>
      <orientation>0.053492843</orientation>
      <time>16</time>
    </ksState>
    <ksState>
      <x>-770.7617951932522</x>
      <y>649.3573653173843</y>
      <steeringAngle>0.0</steeringAngle>
      <velocity>5.6</velocity>
      <orientation>0.053492843</orientation>
      <time>17</time>
    </ksState>
    <ksState>
      <x>-770.1626534327445</x>
      <y>649.3894457185404</y>
      <steeringAngle>0.0</steeringAngle>
      <velocity>6.4</velocity>
      <orientation>0.053492843</orientation>
      <time>18</time>
    </ksState>
    <ksState>
      <x>-769.483626104296</x>
      <y>649.4258035065104</y>
      <steeringAngle>0.0</steeringAngle>
      <velocity>7.199999999999999</velocity>
      <orientation>0.053492843</orientation>
      <time>19</time>
    </ksState>
    <ksState>
      <x>-768.7247132079127</x>
      <y>649.4664386812941</y>
      <steeringAngle>0.0</steeringAngle>
      <velocity>7.999999999999998</velocity>
      <orientation>0.053492843</orientation>
      <time>20</time>
    </ksState>
    <ksState>
      <x>-767.9253836664471</x>
      <y>649.4999119439311</y>
      <steeringAngle>-0.03553333333333333</steeringAngle>
      <velocity>8.0</velocity>
      <orientation>0.04798030799716122</orientation>
      <time>21</time>
    </ksState>
    <ksState>
      <x>-767.1251182375796</x>
      <y>649.5088739414092</y>
      <steeringAngle>-0.07106666666666667</steeringAngle>
      <velocity>8.0</velocity>
      <orientation>0.03142878711689158</orientation>
      <time>22</time>
    </ksState>
    <ksState>
      <x>-766.3245888704113</x>
      <y>649.4843975257414</y>
      <steeringAngle>-0.10659999999999997</steeringAngle>
      <velocity>8.0</velocity>
      <orientation>0.0037963078261966793</orientation>
      <time>23</time>
    </ksState>
    <ksState>
      <x>-765.5255855198891</x>
      <y>649.4175002925543</y>
      <steeringAngle>-0.1421333333333333</steeringAngle>
      <velocity>8.0</velocity>
      <orientation>-0.034987544446538246</orientation>
      <time>24</time>
    </ksState>
    <ksState>
      <x>-764.7313322973629</x>
      <y>649.2992329033807</y>
      <steeringAngle>-0.17766666666666667</steeringAngle>
      <velocity>8.0</velocity>
      <orientation>-0.08502235669569293</orientation>
      <time>25</time>
    </ksState>
    <ksState>
      <x>-763.9454504423427</x>
      <y>649.1304056167888</y>
      <steeringAngle>-0.17766666666666667</steeringAngle>
      <velocity>8.0</velocity>
      <orientation>-0.1407233330062047</orientation>
      <time>26</time>
    </ksState>
    <ksState>
      <x>-763.1701863557411</x>
      <y>648.918088406027</y>
      <steeringAngle>-0.17766666666666667</steeringAngle>
      <velocity>8.0</velocity>
      <orientation>-0.19642430931671645</orientation>
      <time>27</time>
    </ksState>
    <ksState>
      <x>-762.4079447837292</x>
      <y>648.6629398393193</y>
      <steeringAngle>-0.17766666666666667</steeringAngle>
      <velocity>8.0</velocity>
      <orientation>-0.25212528562722814</orientation>
      <time>28</time>
    </ksState>
    <ksState>
      <x>-761.6610900445593</x>
      <y>648.3657513356128</y>
      <steeringAngle>-0.17766666666666667</steeringAngle>
      <velocity>8.0</velocity>
      <orientation>-0.30782626193774</orientation>
      <time>29</time>
    </ksState>
    <ksState>
      <x>-760.9319387292522</x>
      <y>648.0274447125041</y>
      <steeringAngle>-0.17766666666666667</steeringAngle>
      <velocity>8.0</velocity>
      <orientation>-0.3635272382482518</orientation>
      <time>30</time>
    </ksState>
    <ksState>
      <x>-760.2541582842618</x>
      <y>647.6770348663141</y>
      <steeringAngle>-0.1421333333333334</steeringAngle>
      <velocity>7.2</velocity>
      <orientation>-0.4111545599938887</orientation>
      <time>31</time>
    </ksState>
    <ksState>
      <x>-759.6551661095141</x>
      <y>647.3517213686812</y>
      <steeringAngle>-0.10660000000000011</steeringAngle>
      <velocity>6.4</velocity>
      <orientation>-0.44421413044185665</orientation>
      <time>32</time>
    </ksState>
    <ksState>
      <x>-759.129307855432</x>
      <y>647.0612703344968</y>
      <steeringAngle>-0.07106666666666674</steeringAngle>
      <velocity>5.600000000000001</velocity>
      <orientation>-0.4650310787357451</orientation>
      <time>33</time>
    </ksState>
  </ksTrajectory>
</CommonRoadSolution>
