<?xml version="1.0" ?>
<CommonRoadSolution benchmark_id="KS2:SM1:DEU_Guetersloh-19_1_T-1:2020a" computation_time="0.34518609099995956" date="2023-11-26T00:13:30">
  <ksTrajectory planningProblem="1">
    <ksState>
      <x>304.39457</x>
      <y>305.81065</y>
      <steeringAngle>0.0</steeringAngle>
      <velocity>8.0</velocity>
      <orientation>-0.98258292</orientation>
      <time>0</time>
    </ksState>
    <ksState>
      <x>304.81627544252694</x>
      <y>305.1783806597357</y>
      <steeringAngle>0.0</steeringAngle>
      <velocity>7.200000000000001</velocity>
      <orientation>-0.98258292</orientation>
      <time>1</time>
    </ksState>
    <ksState>
      <x>305.1935908382664</x>
      <y>304.6126659871761</y>
      <steeringAngle>0.0</steeringAngle>
      <velocity>6.400000000000001</velocity>
      <orientation>-0.98258292</orientation>
      <time>2</time>
    </ksState>
    <ksState>
      <x>305.5265161873293</x>
      <y>304.11350598215483</y>
      <steeringAngle>0.0</steeringAngle>
      <velocity>5.600000000000001</velocity>
      <orientation>-0.98258292</orientation>
      <time>3</time>
    </ksState>
    <ksState>
      <x>305.81505148974713</x>
      <y>303.68090064462467</y>
      <steeringAngle>0.0</steeringAngle>
      <velocity>4.800000000000001</velocity>
      <orientation>-0.98258292</orientation>
      <time>4</time>
    </ksState>
    <ksState>
      <x>306.0591967455314</x>
      <y>303.31484997456846</y>
      <steeringAngle>0.0</steeringAngle>
      <velocity>4.000000000000001</velocity>
      <orientation>-0.98258292</orientation>
      <time>5</time>
    </ksState>
    <ksState>
      <x>306.2811469786526</x>
      <y>302.98207663726896</y>
      <steeringAngle>0.0</steeringAngle>
      <velocity>4.0</velocity>
      <orientation>-0.98258292</orientation>
      <time>6</time>
    </ksState>
    <ksState>
      <x>306.5030972117738</x>
      <y>302.64930329996946</y>
      <steeringAngle>0.0</steeringAngle>
      <velocity>4.0</velocity>
      <orientation>-0.98258292</orientation>
      <time>7</time>
    </ksState>
    <ksState>
      <x>306.72504744489504</x>
      <y>302.31652996267</y>
      <steeringAngle>0.0</steeringAngle>
      <velocity>4.0</velocity>
      <orientation>-0.98258292</orientation>
      <time>8</time>
    </ksState>
    <ksState>
      <x>306.9469976780162</x>
      <y>301.9837566253705</y>
      <steeringAngle>0.0</steeringAngle>
      <velocity>4.0</velocity>
      <orientation>-0.98258292</orientation>
      <time>9</time>
    </ksState>
    <ksState>
      <x>307.1689479111374</x>
      <y>301.650983288071</y>
      <steeringAngle>0.0</steeringAngle>
      <velocity>4.0</velocity>
      <orientation>-0.98258292</orientation>
      <time>10</time>
    </ksState>
    <ksState>
      <x>307.4090047165361</x>
      <y>301.282214607695</y>
      <steeringAngle>-0.035533333333333326</steeringAngle>
      <velocity>4.799999999999999</velocity>
      <orientation>-0.9857066986691908</orientation>
      <time>11</time>
    </ksState>
    <ksState>
      <x>307.6811743432562</x>
      <y>300.83887532493077</y>
      <steeringAngle>-0.07106666666666667</steeringAngle>
      <velocity>5.599999999999998</velocity>
      <orientation>-0.9965573097303636</orientation>
      <time>12</time>
    </ksState>
    <ksState>
      <x>307.9771450084138</x>
      <y>300.3161509658094</y>
      <steeringAngle>-0.10659999999999999</steeringAngle>
      <velocity>6.3999999999999995</velocity>
      <orientation>-1.0173742587306915</orientation>
      <time>13</time>
    </ksState>
    <ksState>
      <x>308.2849753843727</x>
      <y>299.7080723806222</y>
      <steeringAngle>-0.14213333333333333</steeringAngle>
      <velocity>7.199999999999999</velocity>
      <orientation>-1.0504338297118567</orientation>
      <time>14</time>
    </ksState>
    <ksState>
      <x>308.58802708449014</x>
      <y>299.0079661734153</y>
      <steeringAngle>-0.17766666666666664</steeringAngle>
      <velocity>7.9999999999999964</velocity>
      <orientation>-1.0980611517934034</orientation>
      <time>15</time>
    </ksState>
    <ksState>
      <x>308.8607419768779</x>
      <y>298.2518315754646</y>
      <steeringAngle>-0.17766666666666667</steeringAngle>
      <velocity>8.0</velocity>
      <orientation>-1.1537621281039152</orientation>
      <time>16</time>
    </ksState>
    <ksState>
      <x>309.090938272888</x>
      <y>297.48168699990566</y>
      <steeringAngle>-0.17766666666666667</steeringAngle>
      <velocity>8.0</velocity>
      <orientation>-1.2094631044144268</orientation>
      <time>17</time>
    </ksState>
    <ksState>
      <x>309.2779019349889</x>
      <y>296.69992130978494</y>
      <steeringAngle>-0.17766666666666667</steeringAngle>
      <velocity>8.0</velocity>
      <orientation>-1.2651640807249387</orientation>
      <time>18</time>
    </ksState>
    <ksState>
      <x>309.42105303995487</x>
      <y>295.9089593832026</y>
      <steeringAngle>-0.17766666666666667</steeringAngle>
      <velocity>8.0</velocity>
      <orientation>-1.3208650570354503</orientation>
      <time>19</time>
    </ksState>
    <ksState>
      <x>309.51994756183495</x>
      <y>295.11125462240733</y>
      <steeringAngle>-0.17766666666666667</steeringAngle>
      <velocity>8.0</velocity>
      <orientation>-1.3765660333459622</orientation>
      <time>20</time>
    </ksState>
    <ksState>
      <x>309.5837540859068</x>
      <y>294.3106493782038</y>
      <steeringAngle>-0.14213333333333336</steeringAngle>
      <velocity>8.0</velocity>
      <orientation>-1.4266008448947105</orientation>
      <time>21</time>
    </ksState>
    <ksState>
      <x>309.6278452670061</x>
      <y>293.50996075128535</y>
      <steeringAngle>-0.1066000000000001</steeringAngle>
      <velocity>8.0</velocity>
      <orientation>-1.465384696901708</orientation>
      <time>22</time>
    </ksState>
    <ksState>
      <x>309.661132047612</x>
      <y>292.7096765364444</y>
      <steeringAngle>-0.07106666666666674</steeringAngle>
      <velocity>8.0</velocity>
      <orientation>-1.4930171759313948</orientation>
      <time>23</time>
    </ksState>
    <ksState>
      <x>309.69246314697625</x>
      <y>291.90993104496584</y>
      <steeringAngle>-0.035533333333333354</steeringAngle>
      <velocity>8.0</velocity>
      <orientation>-1.5095686965604243</orientation>
      <time>24</time>
    </ksState>
    <ksState>
      <x>309.7306503028816</x>
      <y>291.11079836110224</y>
      <steeringAngle>-2.0816681711721685e-17</steeringAngle>
      <velocity>8.0</velocity>
      <orientation>-1.515081223018829</orientation>
      <time>25</time>
    </ksState>
    <ksState>
      <x>309.7643722063893</x>
      <y>290.35151886597544</y>
      <steeringAngle>-0.03553333333333333</steeringAngle>
      <velocity>7.199999999999999</velocity>
      <orientation>-1.5202262360013215</orientation>
      <time>26</time>
    </ksState>
    <ksState>
      <x>309.7746639540352</x>
      <y>289.67132716156925</y>
      <steeringAngle>-0.07106666666666664</steeringAngle>
      <velocity>6.400000000000001</velocity>
      <orientation>-1.5342029081222845</orientation>
      <time>27</time>
    </ksState>
    <ksState>
      <x>309.7615019854041</x>
      <y>289.0707848046386</y>
      <steeringAngle>-0.10659999999999997</steeringAngle>
      <velocity>5.600000000000004</velocity>
      <orientation>-1.554834675988166</orientation>
      <time>28</time>
    </ksState>
    <ksState>
      <x>309.72785461259684</x>
      <y>288.55068103235527</y>
      <steeringAngle>-0.1421333333333333</steeringAngle>
      <velocity>4.800000000000003</velocity>
      <orientation>-1.5799508834968141</orientation>
      <time>29</time>
    </ksState>
    <ksState>
      <x>309.67901549690254</x>
      <y>288.1116968111818</y>
      <steeringAngle>-0.17766666666666653</steeringAngle>
      <velocity>4.000000000000006</velocity>
      <orientation>-1.607375780081964</orientation>
      <time>30</time>
    </ksState>
    <ksState>
      <x>309.62572557339774</x>
      <y>287.7538909400246</y>
      <steeringAngle>-0.17766666666666667</steeringAngle>
      <velocity>3.2000000000000006</velocity>
      <orientation>-1.6324412193501414</orientation>
      <time>31</time>
    </ksState>
    <ksState>
      <x>309.5780876746658</x>
      <y>287.4765870841665</y>
      <steeringAngle>-0.17766666666666667</steeringAngle>
      <velocity>2.4000000000000012</velocity>
      <orientation>-1.6519365609801713</orientation>
      <time>32</time>
    </ksState>
    <ksState>
      <x>309.5407553402189</x>
      <y>287.27910760001174</y>
      <steeringAngle>-0.17766666666666667</steeringAngle>
      <velocity>1.6000000000000005</velocity>
      <orientation>-1.6658618049791523</orientation>
      <time>33</time>
    </ksState>
  </ksTrajectory>
</CommonRoadSolution>
