<?xml version="1.0" ?>
<CommonRoadSolution benchmark_id="KS2:SM1:ESP_Toledo-5_1_T-1:2020a" computation_time="0.24461296499976015" date="2023-11-26T00:13:30">
  <ksTrajectory planningProblem="1">
    <ksState>
      <x>539.46872</x>
      <y>-157.09514</y>
      <steeringAngle>0.0</steeringAngle>
      <velocity>0.0</velocity>
      <orientation>0.36907896</orientation>
      <time>0</time>
    </ksState>
    <ksState>
      <x>539.46872</x>
      <y>-157.09514</y>
      <steeringAngle>0.0</steeringAngle>
      <velocity>0.0</velocity>
      <orientation>0.36907896</orientation>
      <time>1</time>
    </ksState>
    <ksState>
      <x>539.46872</x>
      <y>-157.09514</y>
      <steeringAngle>0.0</steeringAngle>
      <velocity>0.0</velocity>
      <orientation>0.36907896</orientation>
      <time>2</time>
    </ksState>
    <ksState>
      <x>539.46872</x>
      <y>-157.09514</y>
      <steeringAngle>0.0</steeringAngle>
      <velocity>0.0</velocity>
      <orientation>0.36907896</orientation>
      <time>3</time>
    </ksState>
    <ksState>
      <x>539.46872</x>
      <y>-157.09514</y>
      <steeringAngle>0.0</steeringAngle>
      <velocity>0.0</velocity>
      <orientation>0.36907896</orientation>
      <time>4</time>
    </ksState>
    <ksState>
      <x>539.46872</x>
      <y>-157.09514</y>
      <steeringAngle>0.0</steeringAngle>
      <velocity>0.0</velocity>
      <orientation>0.36907896</orientation>
      <time>5</time>
    </ksState>
    <ksState>
      <x>539.46872</x>
      <y>-157.09514</y>
      <steeringAngle>0.0</steeringAngle>
      <velocity>0.0</velocity>
      <orientation>0.36907896</orientation>
      <time>6</time>
    </ksState>
    <ksState>
      <x>539.46872</x>
      <y>-157.09514</y>
      <steeringAngle>0.0</steeringAngle>
      <velocity>0.0</velocity>
      <orientation>0.36907896</orientation>
      <time>7</time>
    </ksState>
    <ksState>
      <x>539.46872</x>
      <y>-157.09514</y>
      <steeringAngle>0.0</steeringAngle>
      <velocity>0.0</velocity>
      <orientation>0.36907896</orientation>
      <time>8</time>
    </ksState>
    <ksState>
      <x>539.46872</x>
      <y>-157.09514</y>
      <steeringAngle>0.0</steeringAngle>
      <velocity>0.0</velocity>
      <orientation>0.36907896</orientation>
      <time>9</time>
    </ksState>
    <ksState>
      <x>539.46872</x>
      <y>-157.09514</y>
      <steeringAngle>0.0</steeringAngle>
      <velocity>0.0</velocity>
      <orientation>0.36907896</orientation>
      <time>10</time>
    </ksState>
    <ksState>
      <x>539.5060264011732</x>
      <y>-157.0807097370207</y>
      <steeringAngle>0.0</steeringAngle>
      <velocity>0.8</velocity>
      <orientation>0.36907896</orientation>
      <time>11</time>
    </ksState>
    <ksState>
      <x>539.6179456035876</x>
      <y>-157.03741894851046</y>
      <steeringAngle>0.0</steeringAngle>
      <velocity>1.6</velocity>
      <orientation>0.36907896</orientation>
      <time>12</time>
    </ksState>
    <ksState>
      <x>539.8044776070799</x>
      <y>-156.96526763453235</y>
      <steeringAngle>0.0</steeringAngle>
      <velocity>2.4000000000000004</velocity>
      <orientation>0.36907896</orientation>
      <time>13</time>
    </ksState>
    <ksState>
      <x>540.0656224116005</x>
      <y>-156.86425579510555</y>
      <steeringAngle>0.0</steeringAngle>
      <velocity>3.2000000000000006</velocity>
      <orientation>0.36907896</orientation>
      <time>14</time>
    </ksState>
    <ksState>
      <x>540.4013800171294</x>
      <y>-156.73438343023784</y>
      <steeringAngle>0.0</steeringAngle>
      <velocity>4.000000000000001</velocity>
      <orientation>0.36907896</orientation>
      <time>15</time>
    </ksState>
    <ksState>
      <x>540.7744440220827</x>
      <y>-156.5900808030674</y>
      <steeringAngle>0.0</steeringAngle>
      <velocity>4.0</velocity>
      <orientation>0.36907896</orientation>
      <time>16</time>
    </ksState>
    <ksState>
      <x>541.1475080270358</x>
      <y>-156.44577817589692</y>
      <steeringAngle>0.0</steeringAngle>
      <velocity>4.0</velocity>
      <orientation>0.36907896</orientation>
      <time>17</time>
    </ksState>
    <ksState>
      <x>541.520572031989</x>
      <y>-156.30147554872647</y>
      <steeringAngle>0.0</steeringAngle>
      <velocity>4.0</velocity>
      <orientation>0.36907896</orientation>
      <time>18</time>
    </ksState>
    <ksState>
      <x>541.8936360369421</x>
      <y>-156.157172921556</y>
      <steeringAngle>0.0</steeringAngle>
      <velocity>4.0</velocity>
      <orientation>0.36907896</orientation>
      <time>19</time>
    </ksState>
    <ksState>
      <x>542.2667000418953</x>
      <y>-156.01287029438555</y>
      <steeringAngle>0.0</steeringAngle>
      <velocity>4.0</velocity>
      <orientation>0.36907896</orientation>
      <time>20</time>
    </ksState>
    <ksState>
      <x>542.6397640468485</x>
      <y>-155.8685676672151</y>
      <steeringAngle>0.0</steeringAngle>
      <velocity>4.0</velocity>
      <orientation>0.36907896</orientation>
      <time>21</time>
    </ksState>
    <ksState>
      <x>543.0128280518016</x>
      <y>-155.72426504004463</y>
      <steeringAngle>0.0</steeringAngle>
      <velocity>4.0</velocity>
      <orientation>0.36907896</orientation>
      <time>22</time>
    </ksState>
    <ksState>
      <x>543.3858920567549</x>
      <y>-155.57996241287418</y>
      <steeringAngle>0.0</steeringAngle>
      <velocity>4.0</velocity>
      <orientation>0.36907896</orientation>
      <time>23</time>
    </ksState>
    <ksState>
      <x>543.758956061708</x>
      <y>-155.4356597857037</y>
      <steeringAngle>0.0</steeringAngle>
      <velocity>4.0</velocity>
      <orientation>0.36907896</orientation>
      <time>24</time>
    </ksState>
    <ksState>
      <x>544.1320200666612</x>
      <y>-155.29135715853326</y>
      <steeringAngle>0.0</steeringAngle>
      <velocity>4.0</velocity>
      <orientation>0.36907896</orientation>
      <time>25</time>
    </ksState>
    <ksState>
      <x>544.540612464342</x>
      <y>-155.12804805896434</y>
      <steeringAngle>0.035533333333333326</steeringAngle>
      <velocity>4.799999999999999</velocity>
      <orientation>0.37220273866919085</orientation>
      <time>26</time>
    </ksState>
    <ksState>
      <x>545.0183944274075</x>
      <y>-154.92225587952112</y>
      <steeringAngle>0.07106666666666667</steeringAngle>
      <velocity>5.599999999999998</velocity>
      <orientation>0.3830533497303636</orientation>
      <time>27</time>
    </ksState>
    <ksState>
      <x>545.5613418113121</x>
      <y>-154.6652587422533</y>
      <steeringAngle>0.10659999999999999</steeringAngle>
      <velocity>6.3999999999999995</velocity>
      <orientation>0.4038702987306916</orientation>
      <time>28</time>
    </ksState>
    <ksState>
      <x>546.1631276145332</x>
      <y>-154.3453010057195</y>
      <steeringAngle>0.14213333333333333</steeringAngle>
      <velocity>7.199999999999999</velocity>
      <orientation>0.43692986971185677</orientation>
      <time>29</time>
    </ksState>
    <ksState>
      <x>546.8139898123695</x>
      <y>-153.9473469458816</y>
      <steeringAngle>0.17766666666666664</steeringAngle>
      <velocity>7.9999999999999964</velocity>
      <orientation>0.4845571917934034</orientation>
      <time>30</time>
    </ksState>
    <ksState>
      <x>547.4400068097826</x>
      <y>-153.51004343181341</y>
      <steeringAngle>0.17766666666666667</steeringAngle>
      <velocity>7.2</velocity>
      <orientation>0.5374731192377807</orientation>
      <time>31</time>
    </ksState>
    <ksState>
      <x>547.9798295976912</x>
      <y>-153.09118609974718</y>
      <steeringAngle>0.17766666666666667</steeringAngle>
      <velocity>6.4</velocity>
      <orientation>0.584818949030592</orientation>
      <time>32</time>
    </ksState>
    <ksState>
      <x>548.4392171807453</x>
      <y>-152.70074698675467</y>
      <steeringAngle>0.17766666666666667</steeringAngle>
      <velocity>5.599999999999999</velocity>
      <orientation>0.6265946811857768</orientation>
      <time>33</time>
    </ksState>
  </ksTrajectory>
</CommonRoadSolution>
