<?xml version="1.0" ?>
<CommonRoadSolution benchmark_id="KS2:SM1:USA_US101-13_4_T-1:2020a" computation_time="8.507675947999815" date="2023-11-26T00:13:30">
  <ksTrajectory planningProblem="141">
    <ksState>
      <x>0.0</x>
      <y>0.0</y>
      <steeringAngle>0.0</steeringAngle>
      <velocity>12.0</velocity>
      <orientation>-0.76903</orientation>
      <time>0</time>
    </ksState>
    <ksState>
      <x>0.8623026995345681</x>
      <y>-0.8345262454682878</y>
      <steeringAngle>0.0</steeringAngle>
      <velocity>12.0</velocity>
      <orientation>-0.76903</orientation>
      <time>1</time>
    </ksState>
    <ksState>
      <x>1.7246053990691361</x>
      <y>-1.6690524909365756</y>
      <steeringAngle>0.0</steeringAngle>
      <velocity>12.0</velocity>
      <orientation>-0.76903</orientation>
      <time>2</time>
    </ksState>
    <ksState>
      <x>2.5869080986037036</x>
      <y>-2.503578736404863</y>
      <steeringAngle>0.0</steeringAngle>
      <velocity>12.0</velocity>
      <orientation>-0.76903</orientation>
      <time>3</time>
    </ksState>
    <ksState>
      <x>3.449210798138271</x>
      <y>-3.3381049818731503</y>
      <steeringAngle>0.0</steeringAngle>
      <velocity>12.0</velocity>
      <orientation>-0.76903</orientation>
      <time>4</time>
    </ksState>
    <ksState>
      <x>4.3115134976728395</x>
      <y>-4.172631227341438</y>
      <steeringAngle>0.0</steeringAngle>
      <velocity>12.0</velocity>
      <orientation>-0.76903</orientation>
      <time>5</time>
    </ksState>
    <ksState>
      <x>5.173816197207407</x>
      <y>-5.007157472809727</y>
      <steeringAngle>0.0</steeringAngle>
      <velocity>12.0</velocity>
      <orientation>-0.76903</orientation>
      <time>6</time>
    </ksState>
    <ksState>
      <x>6.036118896741976</x>
      <y>-5.841683718278015</y>
      <steeringAngle>0.0</steeringAngle>
      <velocity>12.0</velocity>
      <orientation>-0.76903</orientation>
      <time>7</time>
    </ksState>
    <ksState>
      <x>6.898421596276544</x>
      <y>-6.6762099637463015</y>
      <steeringAngle>0.0</steeringAngle>
      <velocity>12.0</velocity>
      <orientation>-0.76903</orientation>
      <time>8</time>
    </ksState>
    <ksState>
      <x>7.7607242958111105</x>
      <y>-7.510736209214588</y>
      <steeringAngle>0.0</steeringAngle>
      <velocity>12.0</velocity>
      <orientation>-0.76903</orientation>
      <time>9</time>
    </ksState>
    <ksState>
      <x>8.623026995345679</x>
      <y>-8.345262454682876</y>
      <steeringAngle>0.0</steeringAngle>
      <velocity>12.0</velocity>
      <orientation>-0.76903</orientation>
      <time>10</time>
    </ksState>
    <ksState>
      <x>9.46647911581239</x>
      <y>-9.141674841701592</y>
      <steeringAngle>0.03553333333333333</steeringAngle>
      <velocity>11.200000000000001</velocity>
      <orientation>-0.7611287262276559</orientation>
      <time>11</time>
    </ksState>
    <ksState>
      <x>10.277348518179256</x>
      <y>-9.85564937403365</y>
      <steeringAngle>0.07106666666666667</steeringAngle>
      <velocity>10.400000000000007</velocity>
      <orientation>-0.738876295429166</orientation>
      <time>12</time>
    </ksState>
    <ksState>
      <x>11.05963726383553</x>
      <y>-10.480320174430274</y>
      <steeringAngle>0.10660000000000001</steeringAngle>
      <velocity>9.60000000000001</velocity>
      <orientation>-0.7044282845444942</orientation>
      <time>13</time>
    </ksState>
    <ksState>
      <x>11.812983665832643</x>
      <y>-11.011934265777278</y>
      <steeringAngle>0.14213333333333344</steeringAngle>
      <velocity>8.800000000000008</velocity>
      <orientation>-0.6599201524236493</orientation>
      <time>14</time>
    </ksState>
    <ksState>
      <x>12.533495767088143</x>
      <y>-11.449817932526368</y>
      <steeringAngle>0.17766666666666675</steeringAngle>
      <velocity>8.000000000000009</velocity>
      <orientation>-0.6074778546086679</orientation>
      <time>15</time>
    </ksState>
    <ksState>
      <x>13.205329627906313</x>
      <y>-11.811498254601549</y>
      <steeringAngle>0.1421333333333334</steeringAngle>
      <velocity>7.2</velocity>
      <orientation>-0.559850532863031</orientation>
      <time>16</time>
    </ksState>
    <ksState>
      <x>13.81197399316222</x>
      <y>-12.122308665068232</y>
      <steeringAngle>0.10660000000000011</steeringAngle>
      <velocity>6.4</velocity>
      <orientation>-0.526790962415063</orientation>
      <time>17</time>
    </ksState>
    <ksState>
      <x>14.348559100985344</x>
      <y>-12.392429246859859</y>
      <steeringAngle>0.07106666666666674</steeringAngle>
      <velocity>5.600000000000001</velocity>
      <orientation>-0.5059740141211745</orientation>
      <time>18</time>
    </ksState>
    <ksState>
      <x>14.812320541291738</x>
      <y>-12.628163323584936</y>
      <steeringAngle>0.03553333333333339</steeringAngle>
      <velocity>4.800000000000001</velocity>
      <orientation>-0.49512340446351166</orientation>
      <time>19</time>
    </ksState>
    <ksState>
      <x>15.202017533807405</x>
      <y>-12.832510598081278</y>
      <steeringAngle>5.5294310796760726e-17</steeringAngle>
      <velocity>4.0</velocity>
      <orientation>-0.49199962862634605</orientation>
      <time>20</time>
    </ksState>
    <ksState>
      <x>15.587503454270195</x>
      <y>-13.044685560245723</y>
      <steeringAngle>-0.035533333333333326</steeringAngle>
      <velocity>4.799999999999999</velocity>
      <orientation>-0.4951234072955369</orientation>
      <time>21</time>
    </ksState>
    <ksState>
      <x>16.036447980293822</x>
      <y>-13.30750648388805</y>
      <steeringAngle>-0.07106666666666667</steeringAngle>
      <velocity>5.599999999999998</velocity>
      <orientation>-0.5059740183567096</orientation>
      <time>22</time>
    </ksState>
    <ksState>
      <x>16.543787929163646</x>
      <y>-13.629136032489265</y>
      <steeringAngle>-0.10659999999999999</steeringAngle>
      <velocity>6.3999999999999995</velocity>
      <orientation>-0.5267909673570377</orientation>
      <time>23</time>
    </ksState>
    <ksState>
      <x>17.10180266293173</x>
      <y>-14.020465386134086</y>
      <steeringAngle>-0.14213333333333333</steeringAngle>
      <velocity>7.199999999999999</velocity>
      <orientation>-0.5598505383382028</orientation>
      <time>24</time>
    </ksState>
    <ksState>
      <x>17.698960263157463</x>
      <y>-14.495219885645483</y>
      <steeringAngle>-0.17766666666666664</steeringAngle>
      <velocity>7.9999999999999964</velocity>
      <orientation>-0.6074778604197494</orientation>
      <time>25</time>
    </ksState>
    <ksState>
      <x>18.27203518027376</x>
      <y>-14.998964395581226</y>
      <steeringAngle>-0.1421333333333334</steeringAngle>
      <velocity>7.2</velocity>
      <orientation>-0.6551051821653863</orientation>
      <time>26</time>
    </ksState>
    <ksState>
      <x>18.774716369136637</x>
      <y>-15.459325253511848</y>
      <steeringAngle>-0.10660000000000011</steeringAngle>
      <velocity>6.4</velocity>
      <orientation>-0.6881647526133543</orientation>
      <time>27</time>
    </ksState>
    <ksState>
      <x>19.2148496508499</x>
      <y>-15.868191247418547</y>
      <steeringAngle>-0.07106666666666674</steeringAngle>
      <velocity>5.600000000000001</velocity>
      <orientation>-0.7089817009072428</orientation>
      <time>28</time>
    </ksState>
    <ksState>
      <x>19.597380409946194</x>
      <y>-16.22077520449785</y>
      <steeringAngle>-0.03553333333333339</steeringAngle>
      <velocity>4.800000000000001</velocity>
      <orientation>-0.7198323105649056</orientation>
      <time>29</time>
    </ksState>
    <ksState>
      <x>19.92468816869141</x>
      <y>-16.51486904264313</y>
      <steeringAngle>-5.5294310796760726e-17</steeringAngle>
      <velocity>4.0</velocity>
      <orientation>-0.7229560864020712</orientation>
      <time>30</time>
    </ksState>
    <ksState>
      <x>20.22462946833636</x>
      <y>-16.77951071881546</y>
      <steeringAngle>0.0</steeringAngle>
      <velocity>4.0</velocity>
      <orientation>-0.7229560864020712</orientation>
      <time>31</time>
    </ksState>
    <ksState>
      <x>20.52457076798131</x>
      <y>-17.044152394987783</y>
      <steeringAngle>0.0</steeringAngle>
      <velocity>4.0</velocity>
      <orientation>-0.7229560864020712</orientation>
      <time>32</time>
    </ksState>
    <ksState>
      <x>20.82451206762626</x>
      <y>-17.30879407116011</y>
      <steeringAngle>0.0</steeringAngle>
      <velocity>4.0</velocity>
      <orientation>-0.7229560864020712</orientation>
      <time>33</time>
    </ksState>
    <ksState>
      <x>21.124453367271208</x>
      <y>-17.57343574733244</y>
      <steeringAngle>0.0</steeringAngle>
      <velocity>4.0</velocity>
      <orientation>-0.7229560864020712</orientation>
      <time>34</time>
    </ksState>
    <ksState>
      <x>21.424394666916157</x>
      <y>-17.838077423504764</y>
      <steeringAngle>0.0</steeringAngle>
      <velocity>4.0</velocity>
      <orientation>-0.7229560864020712</orientation>
      <time>35</time>
    </ksState>
    <ksState>
      <x>21.751076433588143</x>
      <y>-18.132859771634017</y>
      <steeringAngle>-0.035533333333333326</steeringAngle>
      <velocity>4.799999999999999</velocity>
      <orientation>-0.726079865071262</orientation>
      <time>36</time>
    </ksState>
    <ksState>
      <x>22.127938545813187</x>
      <y>-18.491469550809185</y>
      <steeringAngle>-0.07106666666666667</steeringAngle>
      <velocity>5.599999999999998</velocity>
      <orientation>-0.7369304761324348</orientation>
      <time>37</time>
    </ksState>
    <ksState>
      <x>22.548183754412857</x>
      <y>-18.920693682122508</y>
      <steeringAngle>-0.10659999999999999</steeringAngle>
      <velocity>6.3999999999999995</velocity>
      <orientation>-0.7577474251327628</orientation>
      <time>38</time>
    </ksState>
    <ksState>
      <x>23.001803334834563</x>
      <y>-19.429366840825008</y>
      <steeringAngle>-0.14213333333333333</steeringAngle>
      <velocity>7.199999999999999</velocity>
      <orientation>-0.7908069961139279</orientation>
      <time>39</time>
    </ksState>
    <ksState>
      <x>23.47442971551677</x>
      <y>-20.02821017475878</y>
      <steeringAngle>-0.17766666666666664</steeringAngle>
      <velocity>7.9999999999999964</velocity>
      <orientation>-0.8384343181954745</orientation>
      <time>40</time>
    </ksState>
    <ksState>
      <x>23.932119604369806</x>
      <y>-20.688992217787906</y>
      <steeringAngle>-0.17766666666666667</steeringAngle>
      <velocity>8.0</velocity>
      <orientation>-0.8941352945059863</orientation>
      <time>41</time>
    </ksState>
    <ksState>
      <x>24.352312511875535</x>
      <y>-21.374230076083524</y>
      <steeringAngle>-0.17766666666666667</steeringAngle>
      <velocity>8.0</velocity>
      <orientation>-0.949836270816498</orientation>
      <time>42</time>
    </ksState>
    <ksState>
      <x>24.73370506216141</x>
      <y>-22.08179825497694</y>
      <steeringAngle>-0.17766666666666667</steeringAngle>
      <velocity>8.0</velocity>
      <orientation>-1.0055372471270099</orientation>
      <time>43</time>
    </ksState>
    <ksState>
      <x>25.075114253151796</x>
      <y>-22.809502021947516</y>
      <steeringAngle>-0.17766666666666667</steeringAngle>
      <velocity>8.0</velocity>
      <orientation>-1.0612382234375215</orientation>
      <time>44</time>
    </ksState>
    <ksState>
      <x>25.3754811028467</x>
      <y>-23.55508418875254</y>
      <steeringAngle>-0.17766666666666667</steeringAngle>
      <velocity>8.0</velocity>
      <orientation>-1.1169391997480334</orientation>
      <time>45</time>
    </ksState>
    <ksState>
      <x>25.642680511180785</x>
      <y>-24.312477419344255</y>
      <steeringAngle>-0.14213333333333336</steeringAngle>
      <velocity>8.0</velocity>
      <orientation>-1.1669740112967817</orientation>
      <time>46</time>
    </ksState>
    <ksState>
      <x>25.890846725612256</x>
      <y>-25.07501255921783</y>
      <steeringAngle>-0.1066000000000001</steeringAngle>
      <velocity>8.0</velocity>
      <orientation>-1.205757863303779</orientation>
      <time>47</time>
    </ksState>
    <ksState>
      <x>26.12846681927464</x>
      <y>-25.83993054526251</y>
      <steeringAngle>-0.07106666666666674</steeringAngle>
      <velocity>8.0</velocity>
      <orientation>-1.233390342333466</orientation>
      <time>48</time>
    </ksState>
    <ksState>
      <x>26.364058473687297</x>
      <y>-26.604829925115084</y>
      <steeringAngle>-0.035533333333333354</steeringAngle>
      <velocity>8.0</velocity>
      <orientation>-1.2499418629624954</orientation>
      <time>49</time>
    </ksState>
    <ksState>
      <x>26.60611908978157</x>
      <y>-27.367376948865864</y>
      <steeringAngle>-2.0816681711721685e-17</steeringAngle>
      <velocity>8.0</velocity>
      <orientation>-1.2554543894209003</orientation>
      <time>50</time>
    </ksState>
    <ksState>
      <x>26.83363299562569</x>
      <y>-28.09255274903005</y>
      <steeringAngle>-0.03553333333333333</steeringAngle>
      <velocity>7.199999999999999</velocity>
      <orientation>-1.2605994024033926</orientation>
      <time>51</time>
    </ksState>
    <ksState>
      <x>27.018198576996426</x>
      <y>-28.747306306474254</y>
      <steeringAngle>-0.07106666666666664</steeringAngle>
      <velocity>6.400000000000001</velocity>
      <orientation>-1.2745760745243557</orientation>
      <time>52</time>
    </ksState>
    <ksState>
      <x>27.159648900286648</x>
      <y>-29.331100932971594</y>
      <steeringAngle>-0.10659999999999997</steeringAngle>
      <velocity>5.600000000000004</velocity>
      <orientation>-1.2952078423902371</orientation>
      <time>53</time>
    </ksState>
    <ksState>
      <x>27.26065018422879</x>
      <y>-29.842411817152865</y>
      <steeringAngle>-0.1421333333333333</steeringAngle>
      <velocity>4.800000000000003</velocity>
      <orientation>-1.3203240498988853</orientation>
      <time>54</time>
    </ksState>
    <ksState>
      <x>27.32614385987646</x>
      <y>-30.279221826323045</y>
      <steeringAngle>-0.17766666666666653</steeringAngle>
      <velocity>4.000000000000006</velocity>
      <orientation>-1.347748946484035</orientation>
      <time>55</time>
    </ksState>
    <ksState>
      <x>27.366495794089744</x>
      <y>-30.63871672028815</y>
      <steeringAngle>-0.17766666666666667</steeringAngle>
      <velocity>3.2000000000000006</velocity>
      <orientation>-1.3728143857522126</orientation>
      <time>56</time>
    </ksState>
    <ksState>
      <x>27.391643860139062</x>
      <y>-30.91895656870968</y>
      <steeringAngle>-0.17766666666666667</steeringAngle>
      <velocity>2.4000000000000012</velocity>
      <orientation>-1.3923097273822425</orientation>
      <time>57</time>
    </ksState>
    <ksState>
      <x>27.406259602693318</x>
      <y>-31.119401648287266</y>
      <steeringAngle>-0.17766666666666667</steeringAngle>
      <velocity>1.6000000000000005</velocity>
      <orientation>-1.4062349713812234</orientation>
      <time>58</time>
    </ksState>
    <ksState>
      <x>27.413688763158117</x>
      <y>-31.239759548160396</y>
      <steeringAngle>-0.17766666666666667</steeringAngle>
      <velocity>0.8000000000000004</velocity>
      <orientation>-1.4145901177519775</orientation>
      <time>59</time>
    </ksState>
    <ksState>
      <x>27.415941639493134</x>
      <y>-31.27989212427015</y>
      <steeringAngle>-0.17766666666666667</steeringAngle>
      <velocity>2.7755575615628914e-16</velocity>
      <orientation>-1.4173751664981928</orientation>
      <time>60</time>
    </ksState>
    <ksState>
      <x>27.415941639493134</x>
      <y>-31.27989212427015</y>
      <steeringAngle>-0.14213333333333336</steeringAngle>
      <velocity>0.0</velocity>
      <orientation>-1.4173751664981928</orientation>
      <time>61</time>
    </ksState>
    <ksState>
      <x>27.415941639493134</x>
      <y>-31.27989212427015</y>
      <steeringAngle>-0.10660000000000001</steeringAngle>
      <velocity>0.0</velocity>
      <orientation>-1.4173751664981928</orientation>
      <time>62</time>
    </ksState>
    <ksState>
      <x>27.415941639493134</x>
      <y>-31.27989212427015</y>
      <steeringAngle>-0.07106666666666668</steeringAngle>
      <velocity>0.0</velocity>
      <orientation>-1.4173751664981928</orientation>
      <time>63</time>
    </ksState>
    <ksState>
      <x>27.415941639493134</x>
      <y>-31.27989212427015</y>
      <steeringAngle>-0.03553333333333333</steeringAngle>
      <velocity>0.0</velocity>
      <orientation>-1.4173751664981928</orientation>
      <time>64</time>
    </ksState>
    <ksState>
      <x>27.415941639493134</x>
      <y>-31.27989212427015</y>
      <steeringAngle>-0.0</steeringAngle>
      <velocity>0.0</velocity>
      <orientation>-1.4173751664981928</orientation>
      <time>65</time>
    </ksState>
    <ksState>
      <x>27.415941639493134</x>
      <y>-31.27989212427015</y>
      <steeringAngle>0.0</steeringAngle>
      <velocity>0.0</velocity>
      <orientation>-1.4173751664981928</orientation>
      <time>66</time>
    </ksState>
    <ksState>
      <x>27.415941639493134</x>
      <y>-31.27989212427015</y>
      <steeringAngle>0.0</steeringAngle>
      <velocity>0.0</velocity>
      <orientation>-1.4173751664981928</orientation>
      <time>67</time>
    </ksState>
    <ksState>
      <x>27.415941639493134</x>
      <y>-31.27989212427015</y>
      <steeringAngle>0.0</steeringAngle>
      <velocity>0.0</velocity>
      <orientation>-1.4173751664981928</orientation>
      <time>68</time>
    </ksState>
    <ksState>
      <x>27.415941639493134</x>
      <y>-31.27989212427015</y>
      <steeringAngle>0.0</steeringAngle>
      <velocity>0.0</velocity>
      <orientation>-1.4173751664981928</orientation>
      <time>69</time>
    </ksState>
    <ksState>
      <x>27.415941639493134</x>
      <y>-31.27989212427015</y>
      <steeringAngle>0.0</steeringAngle>
      <velocity>0.0</velocity>
      <orientation>-1.4173751664981928</orientation>
      <time>70</time>
    </ksState>
    <ksState>
      <x>27.415941639493134</x>
      <y>-31.27989212427015</y>
      <steeringAngle>0.0</steeringAngle>
      <velocity>0.0</velocity>
      <orientation>-1.4173751664981928</orientation>
      <time>71</time>
    </ksState>
    <ksState>
      <x>27.415941639493134</x>
      <y>-31.27989212427015</y>
      <steeringAngle>0.0</steeringAngle>
      <velocity>0.0</velocity>
      <orientation>-1.4173751664981928</orientation>
      <time>72</time>
    </ksState>
    <ksState>
      <x>27.415941639493134</x>
      <y>-31.27989212427015</y>
      <steeringAngle>0.0</steeringAngle>
      <velocity>0.0</velocity>
      <orientation>-1.4173751664981928</orientation>
      <time>73</time>
    </ksState>
    <ksState>
      <x>27.415941639493134</x>
      <y>-31.27989212427015</y>
      <steeringAngle>0.0</steeringAngle>
      <velocity>0.0</velocity>
      <orientation>-1.4173751664981928</orientation>
      <time>74</time>
    </ksState>
    <ksState>
      <x>27.415941639493134</x>
      <y>-31.27989212427015</y>
      <steeringAngle>0.0</steeringAngle>
      <velocity>0.0</velocity>
      <orientation>-1.4173751664981928</orientation>
      <time>75</time>
    </ksState>
    <ksState>
      <x>27.415941639493134</x>
      <y>-31.27989212427015</y>
      <steeringAngle>0.0</steeringAngle>
      <velocity>0.0</velocity>
      <orientation>-1.4173751664981928</orientation>
      <time>76</time>
    </ksState>
    <ksState>
      <x>27.415941639493134</x>
      <y>-31.27989212427015</y>
      <steeringAngle>0.0</steeringAngle>
      <velocity>0.0</velocity>
      <orientation>-1.4173751664981928</orientation>
      <time>77</time>
    </ksState>
    <ksState>
      <x>27.415941639493134</x>
      <y>-31.27989212427015</y>
      <steeringAngle>0.0</steeringAngle>
      <velocity>0.0</velocity>
      <orientation>-1.4173751664981928</orientation>
      <time>78</time>
    </ksState>
    <ksState>
      <x>27.415941639493134</x>
      <y>-31.27989212427015</y>
      <steeringAngle>0.0</steeringAngle>
      <velocity>0.0</velocity>
      <orientation>-1.4173751664981928</orientation>
      <time>79</time>
    </ksState>
    <ksState>
      <x>27.415941639493134</x>
      <y>-31.27989212427015</y>
      <steeringAngle>0.0</steeringAngle>
      <velocity>0.0</velocity>
      <orientation>-1.4173751664981928</orientation>
      <time>80</time>
    </ksState>
    <ksState>
      <x>27.415941639493134</x>
      <y>-31.27989212427015</y>
      <steeringAngle>0.0</steeringAngle>
      <velocity>0.0</velocity>
      <orientation>-1.4173751664981928</orientation>
      <time>81</time>
    </ksState>
    <ksState>
      <x>27.415941639493134</x>
      <y>-31.27989212427015</y>
      <steeringAngle>0.0</steeringAngle>
      <velocity>0.0</velocity>
      <orientation>-1.4173751664981928</orientation>
      <time>82</time>
    </ksState>
    <ksState>
      <x>27.415941639493134</x>
      <y>-31.27989212427015</y>
      <steeringAngle>0.0</steeringAngle>
      <velocity>0.0</velocity>
      <orientation>-1.4173751664981928</orientation>
      <time>83</time>
    </ksState>
    <ksState>
      <x>27.415941639493134</x>
      <y>-31.27989212427015</y>
      <steeringAngle>0.0</steeringAngle>
      <velocity>0.0</velocity>
      <orientation>-1.4173751664981928</orientation>
      <time>84</time>
    </ksState>
    <ksState>
      <x>27.415941639493134</x>
      <y>-31.27989212427015</y>
      <steeringAngle>0.0</steeringAngle>
      <velocity>0.0</velocity>
      <orientation>-1.4173751664981928</orientation>
      <time>85</time>
    </ksState>
    <ksState>
      <x>27.415941639493134</x>
      <y>-31.27989212427015</y>
      <steeringAngle>0.0</steeringAngle>
      <velocity>0.0</velocity>
      <orientation>-1.4173751664981928</orientation>
      <time>86</time>
    </ksState>
    <ksState>
      <x>27.415941639493134</x>
      <y>-31.27989212427015</y>
      <steeringAngle>0.0</steeringAngle>
      <velocity>0.0</velocity>
      <orientation>-1.4173751664981928</orientation>
      <time>87</time>
    </ksState>
    <ksState>
      <x>27.415941639493134</x>
      <y>-31.27989212427015</y>
      <steeringAngle>0.0</steeringAngle>
      <velocity>0.0</velocity>
      <orientation>-1.4173751664981928</orientation>
      <time>88</time>
    </ksState>
    <ksState>
      <x>27.415941639493134</x>
      <y>-31.27989212427015</y>
      <steeringAngle>0.0</steeringAngle>
      <velocity>0.0</velocity>
      <orientation>-1.4173751664981928</orientation>
      <time>89</time>
    </ksState>
    <ksState>
      <x>27.415941639493134</x>
      <y>-31.27989212427015</y>
      <steeringAngle>0.0</steeringAngle>
      <velocity>0.0</velocity>
      <orientation>-1.4173751664981928</orientation>
      <time>90</time>
    </ksState>
    <ksState>
      <x>27.415941639493134</x>
      <y>-31.27989212427015</y>
      <steeringAngle>0.0</steeringAngle>
      <velocity>0.0</velocity>
      <orientation>-1.4173751664981928</orientation>
      <time>91</time>
    </ksState>
    <ksState>
      <x>27.415941639493134</x>
      <y>-31.27989212427015</y>
      <steeringAngle>0.0</steeringAngle>
      <velocity>0.0</velocity>
      <orientation>-1.4173751664981928</orientation>
      <time>92</time>
    </ksState>
    <ksState>
      <x>27.415941639493134</x>
      <y>-31.27989212427015</y>
      <steeringAngle>0.0</steeringAngle>
      <velocity>0.0</velocity>
      <orientation>-1.4173751664981928</orientation>
      <time>93</time>
    </ksState>
    <ksState>
      <x>27.415941639493134</x>
      <y>-31.27989212427015</y>
      <steeringAngle>0.0</steeringAngle>
      <velocity>0.0</velocity>
      <orientation>-1.4173751664981928</orientation>
      <time>94</time>
    </ksState>
    <ksState>
      <x>27.415941639493134</x>
      <y>-31.27989212427015</y>
      <steeringAngle>0.0</steeringAngle>
      <velocity>0.0</velocity>
      <orientation>-1.4173751664981928</orientation>
      <time>95</time>
    </ksState>
    <ksState>
      <x>27.415941639493134</x>
      <y>-31.27989212427015</y>
      <steeringAngle>0.0</steeringAngle>
      <velocity>0.0</velocity>
      <orientation>-1.4173751664981928</orientation>
      <time>96</time>
    </ksState>
    <ksState>
      <x>27.415941639493134</x>
      <y>-31.27989212427015</y>
      <steeringAngle>0.0</steeringAngle>
      <velocity>0.0</velocity>
      <orientation>-1.4173751664981928</orientation>
      <time>97</time>
    </ksState>
    <ksState>
      <x>27.415941639493134</x>
      <y>-31.27989212427015</y>
      <steeringAngle>0.0</steeringAngle>
      <velocity>0.0</velocity>
      <orientation>-1.4173751664981928</orientation>
      <time>98</time>
    </ksState>
    <ksState>
      <x>27.415941639493134</x>
      <y>-31.27989212427015</y>
      <steeringAngle>0.0</steeringAngle>
      <velocity>0.0</velocity>
      <orientation>-1.4173751664981928</orientation>
      <time>99</time>
    </ksState>
    <ksState>
      <x>27.415941639493134</x>
      <y>-31.27989212427015</y>
      <steeringAngle>0.0</steeringAngle>
      <velocity>0.0</velocity>
      <orientation>-1.4173751664981928</orientation>
      <time>100</time>
    </ksState>
    <ksState>
      <x>27.415941639493134</x>
      <y>-31.27989212427015</y>
      <steeringAngle>0.0</steeringAngle>
      <velocity>0.0</velocity>
      <orientation>-1.4173751664981928</orientation>
      <time>101</time>
    </ksState>
    <ksState>
      <x>27.415941639493134</x>
      <y>-31.27989212427015</y>
      <steeringAngle>0.0</steeringAngle>
      <velocity>0.0</velocity>
      <orientation>-1.4173751664981928</orientation>
      <time>102</time>
    </ksState>
    <ksState>
      <x>27.415941639493134</x>
      <y>-31.27989212427015</y>
      <steeringAngle>0.0</steeringAngle>
      <velocity>0.0</velocity>
      <orientation>-1.4173751664981928</orientation>
      <time>103</time>
    </ksState>
    <ksState>
      <x>27.415941639493134</x>
      <y>-31.27989212427015</y>
      <steeringAngle>0.0</steeringAngle>
      <velocity>0.0</velocity>
      <orientation>-1.4173751664981928</orientation>
      <time>104</time>
    </ksState>
    <ksState>
      <x>27.415941639493134</x>
      <y>-31.27989212427015</y>
      <steeringAngle>0.0</steeringAngle>
      <velocity>0.0</velocity>
      <orientation>-1.4173751664981928</orientation>
      <time>105</time>
    </ksState>
    <ksState>
      <x>27.415941639493134</x>
      <y>-31.27989212427015</y>
      <steeringAngle>0.0</steeringAngle>
      <velocity>0.0</velocity>
      <orientation>-1.4173751664981928</orientation>
      <time>106</time>
    </ksState>
    <ksState>
      <x>27.415941639493134</x>
      <y>-31.27989212427015</y>
      <steeringAngle>0.0</steeringAngle>
      <velocity>0.0</velocity>
      <orientation>-1.4173751664981928</orientation>
      <time>107</time>
    </ksState>
    <ksState>
      <x>27.415941639493134</x>
      <y>-31.27989212427015</y>
      <steeringAngle>0.0</steeringAngle>
      <velocity>0.0</velocity>
      <orientation>-1.4173751664981928</orientation>
      <time>108</time>
    </ksState>
    <ksState>
      <x>27.415941639493134</x>
      <y>-31.27989212427015</y>
      <steeringAngle>0.0</steeringAngle>
      <velocity>0.0</velocity>
      <orientation>-1.4173751664981928</orientation>
      <time>109</time>
    </ksState>
    <ksState>
      <x>27.415941639493134</x>
      <y>-31.27989212427015</y>
      <steeringAngle>0.0</steeringAngle>
      <velocity>0.0</velocity>
      <orientation>-1.4173751664981928</orientation>
      <time>110</time>
    </ksState>
    <ksState>
      <x>27.415941639493134</x>
      <y>-31.27989212427015</y>
      <steeringAngle>0.0</steeringAngle>
      <velocity>0.0</velocity>
      <orientation>-1.4173751664981928</orientation>
      <time>111</time>
    </ksState>
    <ksState>
      <x>27.415941639493134</x>
      <y>-31.27989212427015</y>
      <steeringAngle>0.0</steeringAngle>
      <velocity>0.0</velocity>
      <orientation>-1.4173751664981928</orientation>
      <time>112</time>
    </ksState>
    <ksState>
      <x>27.415941639493134</x>
      <y>-31.27989212427015</y>
      <steeringAngle>0.0</steeringAngle>
      <velocity>0.0</velocity>
      <orientation>-1.4173751664981928</orientation>
      <time>113</time>
    </ksState>
    <ksState>
      <x>27.415941639493134</x>
      <y>-31.27989212427015</y>
      <steeringAngle>0.0</steeringAngle>
      <velocity>0.0</velocity>
      <orientation>-1.4173751664981928</orientation>
      <time>114</time>
    </ksState>
    <ksState>
      <x>27.415941639493134</x>
      <y>-31.27989212427015</y>
      <steeringAngle>0.0</steeringAngle>
      <velocity>0.0</velocity>
      <orientation>-1.4173751664981928</orientation>
      <time>115</time>
    </ksState>
    <ksState>
      <x>27.415941639493134</x>
      <y>-31.27989212427015</y>
      <steeringAngle>0.0</steeringAngle>
      <velocity>0.0</velocity>
      <orientation>-1.4173751664981928</orientation>
      <time>116</time>
    </ksState>
    <ksState>
      <x>27.415941639493134</x>
      <y>-31.27989212427015</y>
      <steeringAngle>0.0</steeringAngle>
      <velocity>0.0</velocity>
      <orientation>-1.4173751664981928</orientation>
      <time>117</time>
    </ksState>
    <ksState>
      <x>27.415941639493134</x>
      <y>-31.27989212427015</y>
      <steeringAngle>0.0</steeringAngle>
      <velocity>0.0</velocity>
      <orientation>-1.4173751664981928</orientation>
      <time>118</time>
    </ksState>
    <ksState>
      <x>27.415941639493134</x>
      <y>-31.27989212427015</y>
      <steeringAngle>0.0</steeringAngle>
      <velocity>0.0</velocity>
      <orientation>-1.4173751664981928</orientation>
      <time>119</time>
    </ksState>
    <ksState>
      <x>27.415941639493134</x>
      <y>-31.27989212427015</y>
      <steeringAngle>0.0</steeringAngle>
      <velocity>0.0</velocity>
      <orientation>-1.4173751664981928</orientation>
      <time>120</time>
    </ksState>
    <ksState>
      <x>27.415941639493134</x>
      <y>-31.27989212427015</y>
      <steeringAngle>0.0</steeringAngle>
      <velocity>0.0</velocity>
      <orientation>-1.4173751664981928</orientation>
      <time>121</time>
    </ksState>
    <ksState>
      <x>27.415941639493134</x>
      <y>-31.27989212427015</y>
      <steeringAngle>0.0</steeringAngle>
      <velocity>0.0</velocity>
      <orientation>-1.4173751664981928</orientation>
      <time>122</time>
    </ksState>
    <ksState>
      <x>27.415941639493134</x>
      <y>-31.27989212427015</y>
      <steeringAngle>0.0</steeringAngle>
      <velocity>0.0</velocity>
      <orientation>-1.4173751664981928</orientation>
      <time>123</time>
    </ksState>
    <ksState>
      <x>27.415941639493134</x>
      <y>-31.27989212427015</y>
      <steeringAngle>0.0</steeringAngle>
      <velocity>0.0</velocity>
      <orientation>-1.4173751664981928</orientation>
      <time>124</time>
    </ksState>
    <ksState>
      <x>27.415941639493134</x>
      <y>-31.27989212427015</y>
      <steeringAngle>0.0</steeringAngle>
      <velocity>0.0</velocity>
      <orientation>-1.4173751664981928</orientation>
      <time>125</time>
    </ksState>
  </ksTrajectory>
</CommonRoadSolution>
