<?xml version="1.0" ?>
<CommonRoadSolution benchmark_id="KS2:SM1:DEU_Backnang-4_1_T-1:2020a" computation_time="0.41743293700000095" date="2023-11-26T00:13:30">
  <ksTrajectory planningProblem="1">
    <ksState>
      <x>-260.53013</x>
      <y>-94.975411</y>
      <steeringAngle>0.0</steeringAngle>
      <velocity>8.0</velocity>
      <orientation>-2.6038324</orientation>
      <time>0</time>
    </ksState>
    <ksState>
      <x>-261.1828621274922</x>
      <y>-95.36469337647567</y>
      <steeringAngle>0.0</steeringAngle>
      <velocity>7.200000000000001</velocity>
      <orientation>-2.6038324</orientation>
      <time>1</time>
    </ksState>
    <ksState>
      <x>-261.7668856096669</x>
      <y>-95.71299866050082</y>
      <steeringAngle>0.0</steeringAngle>
      <velocity>6.400000000000001</velocity>
      <orientation>-2.6038324</orientation>
      <time>2</time>
    </ksState>
    <ksState>
      <x>-262.2822004466957</x>
      <y>-96.02032685217793</y>
      <steeringAngle>0.0</steeringAngle>
      <velocity>5.600000000000001</velocity>
      <orientation>-2.6038324</orientation>
      <time>3</time>
    </ksState>
    <ksState>
      <x>-262.7288066386273</x>
      <y>-96.28667795153599</y>
      <steeringAngle>0.0</steeringAngle>
      <velocity>4.800000000000001</velocity>
      <orientation>-2.6038324</orientation>
      <time>4</time>
    </ksState>
    <ksState>
      <x>-263.10670418547954</x>
      <y>-96.51205195858563</y>
      <steeringAngle>0.0</steeringAngle>
      <velocity>4.000000000000001</velocity>
      <orientation>-2.6038324</orientation>
      <time>5</time>
    </ksState>
    <ksState>
      <x>-263.41589308738895</x>
      <y>-96.6964488734083</y>
      <steeringAngle>0.0</steeringAngle>
      <velocity>3.2</velocity>
      <orientation>-2.6038324</orientation>
      <time>6</time>
    </ksState>
    <ksState>
      <x>-263.656373344146</x>
      <y>-96.83986869587898</y>
      <steeringAngle>0.0</steeringAngle>
      <velocity>2.4000000000000004</velocity>
      <orientation>-2.6038324</orientation>
      <time>7</time>
    </ksState>
    <ksState>
      <x>-263.8281449558381</x>
      <y>-96.94231142604988</y>
      <steeringAngle>0.0</steeringAngle>
      <velocity>1.6</velocity>
      <orientation>-2.6038324</orientation>
      <time>8</time>
    </ksState>
    <ksState>
      <x>-263.93120792250016</x>
      <y>-97.00377706394177</y>
      <steeringAngle>0.0</steeringAngle>
      <velocity>0.7999999999999998</velocity>
      <orientation>-2.6038324</orientation>
      <time>9</time>
    </ksState>
    <ksState>
      <x>-263.96556224417765</x>
      <y>-97.02426560958178</y>
      <steeringAngle>0.0</steeringAngle>
      <velocity>-3.3306690738754696e-16</velocity>
      <orientation>-2.6038324</orientation>
      <time>10</time>
    </ksState>
    <ksState>
      <x>-263.96556224417765</x>
      <y>-97.02426560958178</y>
      <steeringAngle>0.0</steeringAngle>
      <velocity>0.0</velocity>
      <orientation>-2.6038324</orientation>
      <time>11</time>
    </ksState>
    <ksState>
      <x>-263.96556224417765</x>
      <y>-97.02426560958178</y>
      <steeringAngle>0.0</steeringAngle>
      <velocity>0.0</velocity>
      <orientation>-2.6038324</orientation>
      <time>12</time>
    </ksState>
    <ksState>
      <x>-263.96556224417765</x>
      <y>-97.02426560958178</y>
      <steeringAngle>0.0</steeringAngle>
      <velocity>0.0</velocity>
      <orientation>-2.6038324</orientation>
      <time>13</time>
    </ksState>
    <ksState>
      <x>-263.96556224417765</x>
      <y>-97.02426560958178</y>
      <steeringAngle>0.0</steeringAngle>
      <velocity>0.0</velocity>
      <orientation>-2.6038324</orientation>
      <time>14</time>
    </ksState>
    <ksState>
      <x>-263.96556224417765</x>
      <y>-97.02426560958178</y>
      <steeringAngle>0.0</steeringAngle>
      <velocity>0.0</velocity>
      <orientation>-2.6038324</orientation>
      <time>15</time>
    </ksState>
    <ksState>
      <x>-263.96556224417765</x>
      <y>-97.02426560958178</y>
      <steeringAngle>0.0</steeringAngle>
      <velocity>0.0</velocity>
      <orientation>-2.6038324</orientation>
      <time>16</time>
    </ksState>
    <ksState>
      <x>-263.96556224417765</x>
      <y>-97.02426560958178</y>
      <steeringAngle>0.0</steeringAngle>
      <velocity>0.0</velocity>
      <orientation>-2.6038324</orientation>
      <time>17</time>
    </ksState>
    <ksState>
      <x>-263.96556224417765</x>
      <y>-97.02426560958178</y>
      <steeringAngle>0.0</steeringAngle>
      <velocity>0.0</velocity>
      <orientation>-2.6038324</orientation>
      <time>18</time>
    </ksState>
    <ksState>
      <x>-263.96556224417765</x>
      <y>-97.02426560958178</y>
      <steeringAngle>0.0</steeringAngle>
      <velocity>0.0</velocity>
      <orientation>-2.6038324</orientation>
      <time>19</time>
    </ksState>
    <ksState>
      <x>-263.96556224417765</x>
      <y>-97.02426560958178</y>
      <steeringAngle>0.0</steeringAngle>
      <velocity>0.0</velocity>
      <orientation>-2.6038324</orientation>
      <time>20</time>
    </ksState>
    <ksState>
      <x>-263.96556224417765</x>
      <y>-97.02426560958178</y>
      <steeringAngle>0.0</steeringAngle>
      <velocity>0.0</velocity>
      <orientation>-2.6038324</orientation>
      <time>21</time>
    </ksState>
    <ksState>
      <x>-263.96556224417765</x>
      <y>-97.02426560958178</y>
      <steeringAngle>0.0</steeringAngle>
      <velocity>0.0</velocity>
      <orientation>-2.6038324</orientation>
      <time>22</time>
    </ksState>
    <ksState>
      <x>-263.96556224417765</x>
      <y>-97.02426560958178</y>
      <steeringAngle>0.0</steeringAngle>
      <velocity>0.0</velocity>
      <orientation>-2.6038324</orientation>
      <time>23</time>
    </ksState>
    <ksState>
      <x>-263.96556224417765</x>
      <y>-97.02426560958178</y>
      <steeringAngle>0.0</steeringAngle>
      <velocity>0.0</velocity>
      <orientation>-2.6038324</orientation>
      <time>24</time>
    </ksState>
    <ksState>
      <x>-263.96556224417765</x>
      <y>-97.02426560958178</y>
      <steeringAngle>0.0</steeringAngle>
      <velocity>0.0</velocity>
      <orientation>-2.6038324</orientation>
      <time>25</time>
    </ksState>
    <ksState>
      <x>-263.96556224417765</x>
      <y>-97.02426560958178</y>
      <steeringAngle>0.0</steeringAngle>
      <velocity>0.0</velocity>
      <orientation>-2.6038324</orientation>
      <time>26</time>
    </ksState>
    <ksState>
      <x>-263.96556224417765</x>
      <y>-97.02426560958178</y>
      <steeringAngle>0.0</steeringAngle>
      <velocity>0.0</velocity>
      <orientation>-2.6038324</orientation>
      <time>27</time>
    </ksState>
    <ksState>
      <x>-263.96556224417765</x>
      <y>-97.02426560958178</y>
      <steeringAngle>0.0</steeringAngle>
      <velocity>0.0</velocity>
      <orientation>-2.6038324</orientation>
      <time>28</time>
    </ksState>
    <ksState>
      <x>-263.96556224417765</x>
      <y>-97.02426560958178</y>
      <steeringAngle>0.0</steeringAngle>
      <velocity>0.0</velocity>
      <orientation>-2.6038324</orientation>
      <time>29</time>
    </ksState>
    <ksState>
      <x>-263.96556224417765</x>
      <y>-97.02426560958178</y>
      <steeringAngle>0.0</steeringAngle>
      <velocity>0.0</velocity>
      <orientation>-2.6038324</orientation>
      <time>30</time>
    </ksState>
    <ksState>
      <x>-263.96556224417765</x>
      <y>-97.02426560958178</y>
      <steeringAngle>0.0</steeringAngle>
      <velocity>0.0</velocity>
      <orientation>-2.6038324</orientation>
      <time>31</time>
    </ksState>
    <ksState>
      <x>-263.96556224417765</x>
      <y>-97.02426560958178</y>
      <steeringAngle>0.0</steeringAngle>
      <velocity>0.0</velocity>
      <orientation>-2.6038324</orientation>
      <time>32</time>
    </ksState>
    <ksState>
      <x>-263.96556224417765</x>
      <y>-97.02426560958178</y>
      <steeringAngle>0.0</steeringAngle>
      <velocity>0.0</velocity>
      <orientation>-2.6038324</orientation>
      <time>33</time>
    </ksState>
  </ksTrajectory>
</CommonRoadSolution>
