<?xml version="1.0" ?>
<CommonRoadSolution benchmark_id="KS2:SM1:ESP_Berga-6_1_T-1:2020a" computation_time="1.0028348879995974" date="2023-11-26T00:13:30">
  <ksTrajectory planningProblem="1">
    <ksState>
      <x>-258.33454</x>
      <y>-558.29373</y>
      <steeringAngle>0.0</steeringAngle>
      <velocity>8.0</velocity>
      <orientation>0.4907376</orientation>
      <time>0</time>
    </ksState>
    <ksState>
      <x>-257.66423103206523</x>
      <y>-557.9355598080501</y>
      <steeringAngle>0.0</steeringAngle>
      <velocity>7.200000000000001</velocity>
      <orientation>0.4907376</orientation>
      <time>1</time>
    </ksState>
    <ksState>
      <x>-257.06448090318753</x>
      <y>-557.6150917417435</y>
      <steeringAngle>0.0</steeringAngle>
      <velocity>6.400000000000001</velocity>
      <orientation>0.4907376</orientation>
      <time>2</time>
    </ksState>
    <ksState>
      <x>-256.5352896131903</x>
      <y>-557.3323258009857</y>
      <steeringAngle>0.0</steeringAngle>
      <velocity>5.600000000000001</velocity>
      <orientation>0.4907376</orientation>
      <time>3</time>
    </ksState>
    <ksState>
      <x>-256.0766571620237</x>
      <y>-557.08726198575</y>
      <steeringAngle>0.0</steeringAngle>
      <velocity>4.800000000000001</velocity>
      <orientation>0.4907376</orientation>
      <time>4</time>
    </ksState>
    <ksState>
      <x>-255.6885835496695</x>
      <y>-556.8799002960268</y>
      <steeringAngle>0.0</steeringAngle>
      <velocity>4.000000000000001</velocity>
      <orientation>0.4907376</orientation>
      <time>5</time>
    </ksState>
    <ksState>
      <x>-255.37106877598728</x>
      <y>-556.710240731741</y>
      <steeringAngle>0.0</steeringAngle>
      <velocity>3.2</velocity>
      <orientation>0.4907376</orientation>
      <time>6</time>
    </ksState>
    <ksState>
      <x>-255.12411284119247</x>
      <y>-556.5782832930078</y>
      <steeringAngle>0.0</steeringAngle>
      <velocity>2.4000000000000004</velocity>
      <orientation>0.4907376</orientation>
      <time>7</time>
    </ksState>
    <ksState>
      <x>-254.94771574519507</x>
      <y>-556.484027979779</y>
      <steeringAngle>0.0</steeringAngle>
      <velocity>1.6</velocity>
      <orientation>0.4907376</orientation>
      <time>8</time>
    </ksState>
    <ksState>
      <x>-254.84187748795938</x>
      <y>-556.4274747920355</y>
      <steeringAngle>0.0</steeringAngle>
      <velocity>0.7999999999999998</velocity>
      <orientation>0.4907376</orientation>
      <time>9</time>
    </ksState>
    <ksState>
      <x>-254.80659806943862</x>
      <y>-556.4086237297523</y>
      <steeringAngle>0.0</steeringAngle>
      <velocity>-3.3306690738754696e-16</velocity>
      <orientation>0.4907376</orientation>
      <time>10</time>
    </ksState>
    <ksState>
      <x>-254.77131864939878</x>
      <y>-556.3897726666576</y>
      <steeringAngle>0.0</steeringAngle>
      <velocity>0.8</velocity>
      <orientation>0.4907376</orientation>
      <time>11</time>
    </ksState>
    <ksState>
      <x>-254.6654803903246</x>
      <y>-556.3332194779317</y>
      <steeringAngle>0.0</steeringAngle>
      <velocity>1.6</velocity>
      <orientation>0.4907376</orientation>
      <time>12</time>
    </ksState>
    <ksState>
      <x>-254.48908329237048</x>
      <y>-556.2389641636573</y>
      <steeringAngle>0.0</steeringAngle>
      <velocity>2.4000000000000004</velocity>
      <orientation>0.4907376</orientation>
      <time>13</time>
    </ksState>
    <ksState>
      <x>-254.24212735558314</x>
      <y>-556.1070067238594</y>
      <steeringAngle>0.0</steeringAngle>
      <velocity>3.2000000000000006</velocity>
      <orientation>0.4907376</orientation>
      <time>14</time>
    </ksState>
    <ksState>
      <x>-253.9246125799817</x>
      <y>-555.937347158548</y>
      <steeringAngle>0.0</steeringAngle>
      <velocity>4.000000000000001</velocity>
      <orientation>0.4907376</orientation>
      <time>15</time>
    </ksState>
    <ksState>
      <x>-253.5718183859944</x>
      <y>-555.7488365310257</y>
      <steeringAngle>0.0</steeringAngle>
      <velocity>4.0</velocity>
      <orientation>0.4907376</orientation>
      <time>16</time>
    </ksState>
    <ksState>
      <x>-253.2190241920071</x>
      <y>-555.5603259035034</y>
      <steeringAngle>0.0</steeringAngle>
      <velocity>4.0</velocity>
      <orientation>0.4907376</orientation>
      <time>17</time>
    </ksState>
    <ksState>
      <x>-252.8662299980198</x>
      <y>-555.3718152759811</y>
      <steeringAngle>0.0</steeringAngle>
      <velocity>4.0</velocity>
      <orientation>0.4907376</orientation>
      <time>18</time>
    </ksState>
    <ksState>
      <x>-252.51343580403253</x>
      <y>-555.1833046484588</y>
      <steeringAngle>0.0</steeringAngle>
      <velocity>4.0</velocity>
      <orientation>0.4907376</orientation>
      <time>19</time>
    </ksState>
    <ksState>
      <x>-252.16064161004522</x>
      <y>-554.9947940209365</y>
      <steeringAngle>0.0</steeringAngle>
      <velocity>4.0</velocity>
      <orientation>0.4907376</orientation>
      <time>20</time>
    </ksState>
    <ksState>
      <x>-251.7725679957528</x>
      <y>-554.7874323301777</y>
      <steeringAngle>0.0</steeringAngle>
      <velocity>4.8</velocity>
      <orientation>0.4907376</orientation>
      <time>21</time>
    </ksState>
    <ksState>
      <x>-251.31393554262306</x>
      <y>-554.542368513893</y>
      <steeringAngle>0.0</steeringAngle>
      <velocity>5.6</velocity>
      <orientation>0.4907376</orientation>
      <time>22</time>
    </ksState>
    <ksState>
      <x>-250.78474425067006</x>
      <y>-554.2596025720902</y>
      <steeringAngle>0.0</steeringAngle>
      <velocity>6.4</velocity>
      <orientation>0.4907376</orientation>
      <time>23</time>
    </ksState>
    <ksState>
      <x>-250.1849941199021</x>
      <y>-553.9391345047735</y>
      <steeringAngle>0.0</steeringAngle>
      <velocity>7.199999999999999</velocity>
      <orientation>0.4907376</orientation>
      <time>24</time>
    </ksState>
    <ksState>
      <x>-249.51468515032428</x>
      <y>-553.5809643119458</y>
      <steeringAngle>0.0</steeringAngle>
      <velocity>7.999999999999998</velocity>
      <orientation>0.4907376</orientation>
      <time>25</time>
    </ksState>
    <ksState>
      <x>-248.80472918493217</x>
      <y>-553.2121680234948</y>
      <steeringAngle>-0.03553333333333333</steeringAngle>
      <velocity>8.0</velocity>
      <orientation>0.4852250649971612</orientation>
      <time>26</time>
    </ksState>
    <ksState>
      <x>-248.08354620507015</x>
      <y>-552.8651807274783</y>
      <steeringAngle>-0.07106666666666667</steeringAngle>
      <velocity>8.0</velocity>
      <orientation>0.46867354411689155</orientation>
      <time>27</time>
    </ksState>
    <ksState>
      <x>-247.3479647875302</x>
      <y>-552.5483742553337</y>
      <steeringAngle>-0.10659999999999997</steeringAngle>
      <velocity>8.0</velocity>
      <orientation>0.44104106482619665</orientation>
      <time>28</time>
    </ksState>
    <ksState>
      <x>-246.59580293692315</x>
      <y>-552.2706439104935</y>
      <steeringAngle>-0.1421333333333333</steeringAngle>
      <velocity>8.0</velocity>
      <orientation>0.40225721255346175</orientation>
      <time>29</time>
    </ksState>
    <ksState>
      <x>-245.82619189299555</x>
      <y>-552.041462327682</y>
      <steeringAngle>-0.17766666666666667</steeringAngle>
      <velocity>8.0</velocity>
      <orientation>0.35222240030430707</orientation>
      <time>30</time>
    </ksState>
    <ksState>
      <x>-245.08215638415987</x>
      <y>-551.8695821192279</y>
      <steeringAngle>-0.17766666666666667</steeringAngle>
      <velocity>7.2</velocity>
      <orientation>0.29930647285992973</orientation>
      <time>31</time>
    </ksState>
    <ksState>
      <x>-244.40955480694723</x>
      <y>-551.7493439168877</y>
      <steeringAngle>-0.17766666666666667</steeringAngle>
      <velocity>6.4</velocity>
      <orientation>0.2519606430671185</orientation>
      <time>32</time>
    </ksState>
    <ksState>
      <x>-243.81193358479854</x>
      <y>-551.6697918757051</y>
      <steeringAngle>-0.17766666666666667</steeringAngle>
      <velocity>5.599999999999999</velocity>
      <orientation>0.21018491091193375</orientation>
      <time>33</time>
    </ksState>
  </ksTrajectory>
</CommonRoadSolution>
