<?xml version="1.0" ?>
<CommonRoadSolution benchmark_id="KS2:SM1:USA_US101-25_2_T-1:2020a" computation_time="0.21020946699991327" date="2023-11-26T00:13:30">
  <ksTrajectory planningProblem="452">
    <ksState>
      <x>0.0</x>
      <y>0.0</y>
      <steeringAngle>0.0</steeringAngle>
      <velocity>20.0</velocity>
      <orientation>-0.69188</orientation>
      <time>0</time>
    </ksState>
    <ksState>
      <x>1.5092940070100553</x>
      <y>-1.2504525578641223</y>
      <steeringAngle>0.0</steeringAngle>
      <velocity>19.2</velocity>
      <orientation>-0.69188</orientation>
      <time>1</time>
    </ksState>
    <ksState>
      <x>2.9569841765292737</x>
      <y>-2.449866235426012</y>
      <steeringAngle>0.0</steeringAngle>
      <velocity>18.400000000000002</velocity>
      <orientation>-0.69188</orientation>
      <time>2</time>
    </ksState>
    <ksState>
      <x>4.343070508864246</x>
      <y>-3.598241032939681</y>
      <steeringAngle>0.0</steeringAngle>
      <velocity>17.6</velocity>
      <orientation>-0.69188</orientation>
      <time>3</time>
    </ksState>
    <ksState>
      <x>5.667553004115248</x>
      <y>-4.695576950488208</y>
      <steeringAngle>0.0</steeringAngle>
      <velocity>16.8</velocity>
      <orientation>-0.69188</orientation>
      <time>4</time>
    </ksState>
    <ksState>
      <x>6.930431662313312</x>
      <y>-5.741873988097301</y>
      <steeringAngle>0.0</steeringAngle>
      <velocity>16.0</velocity>
      <orientation>-0.69188</orientation>
      <time>5</time>
    </ksState>
    <ksState>
      <x>8.162508402879558</x>
      <y>-6.762651586477897</y>
      <steeringAngle>0.0</steeringAngle>
      <velocity>16.0</velocity>
      <orientation>-0.69188</orientation>
      <time>6</time>
    </ksState>
    <ksState>
      <x>9.394585143445802</x>
      <y>-7.783429184858494</y>
      <steeringAngle>0.0</steeringAngle>
      <velocity>16.0</velocity>
      <orientation>-0.69188</orientation>
      <time>7</time>
    </ksState>
    <ksState>
      <x>10.626661884012046</x>
      <y>-8.80420678323909</y>
      <steeringAngle>0.0</steeringAngle>
      <velocity>16.0</velocity>
      <orientation>-0.69188</orientation>
      <time>8</time>
    </ksState>
    <ksState>
      <x>11.858738624578292</x>
      <y>-9.824984381619686</y>
      <steeringAngle>0.0</steeringAngle>
      <velocity>16.0</velocity>
      <orientation>-0.69188</orientation>
      <time>9</time>
    </ksState>
    <ksState>
      <x>13.090815365144536</x>
      <y>-10.845761980000283</y>
      <steeringAngle>0.0</steeringAngle>
      <velocity>16.0</velocity>
      <orientation>-0.69188</orientation>
      <time>10</time>
    </ksState>
    <ksState>
      <x>14.32289210571078</x>
      <y>-11.86653957838088</y>
      <steeringAngle>0.0</steeringAngle>
      <velocity>16.0</velocity>
      <orientation>-0.69188</orientation>
      <time>11</time>
    </ksState>
    <ksState>
      <x>15.554968846277026</x>
      <y>-12.887317176761478</y>
      <steeringAngle>0.0</steeringAngle>
      <velocity>16.0</velocity>
      <orientation>-0.69188</orientation>
      <time>12</time>
    </ksState>
    <ksState>
      <x>16.78704558684327</x>
      <y>-13.908094775142072</y>
      <steeringAngle>0.0</steeringAngle>
      <velocity>16.0</velocity>
      <orientation>-0.69188</orientation>
      <time>13</time>
    </ksState>
    <ksState>
      <x>18.01912232740952</x>
      <y>-14.928872373522669</y>
      <steeringAngle>0.0</steeringAngle>
      <velocity>16.0</velocity>
      <orientation>-0.69188</orientation>
      <time>14</time>
    </ksState>
    <ksState>
      <x>19.25119906797576</x>
      <y>-15.949649971903266</y>
      <steeringAngle>0.0</steeringAngle>
      <velocity>16.0</velocity>
      <orientation>-0.69188</orientation>
      <time>15</time>
    </ksState>
    <ksState>
      <x>20.483275808542007</x>
      <y>-16.970427570283864</y>
      <steeringAngle>0.0</steeringAngle>
      <velocity>16.0</velocity>
      <orientation>-0.69188</orientation>
      <time>16</time>
    </ksState>
    <ksState>
      <x>21.715352549108253</x>
      <y>-17.99120516866446</y>
      <steeringAngle>0.0</steeringAngle>
      <velocity>16.0</velocity>
      <orientation>-0.69188</orientation>
      <time>17</time>
    </ksState>
    <ksState>
      <x>22.947429289674496</x>
      <y>-19.011982767045055</y>
      <steeringAngle>0.0</steeringAngle>
      <velocity>16.0</velocity>
      <orientation>-0.69188</orientation>
      <time>18</time>
    </ksState>
    <ksState>
      <x>24.17950603024074</x>
      <y>-20.032760365425652</y>
      <steeringAngle>0.0</steeringAngle>
      <velocity>16.0</velocity>
      <orientation>-0.69188</orientation>
      <time>19</time>
    </ksState>
    <ksState>
      <x>25.411582770806987</x>
      <y>-21.05353796380625</y>
      <steeringAngle>0.0</steeringAngle>
      <velocity>16.0</velocity>
      <orientation>-0.69188</orientation>
      <time>20</time>
    </ksState>
    <ksState>
      <x>26.643659511373233</x>
      <y>-22.074315562186847</y>
      <steeringAngle>0.0</steeringAngle>
      <velocity>16.0</velocity>
      <orientation>-0.69188</orientation>
      <time>21</time>
    </ksState>
    <ksState>
      <x>27.87573625193948</x>
      <y>-23.09509316056744</y>
      <steeringAngle>0.0</steeringAngle>
      <velocity>16.0</velocity>
      <orientation>-0.69188</orientation>
      <time>22</time>
    </ksState>
    <ksState>
      <x>29.10781299250572</x>
      <y>-24.115870758948038</y>
      <steeringAngle>0.0</steeringAngle>
      <velocity>16.0</velocity>
      <orientation>-0.69188</orientation>
      <time>23</time>
    </ksState>
    <ksState>
      <x>30.339889733071967</x>
      <y>-25.136648357328635</y>
      <steeringAngle>0.0</steeringAngle>
      <velocity>16.0</velocity>
      <orientation>-0.69188</orientation>
      <time>24</time>
    </ksState>
    <ksState>
      <x>31.571966473638213</x>
      <y>-26.157425955709233</y>
      <steeringAngle>0.0</steeringAngle>
      <velocity>16.0</velocity>
      <orientation>-0.69188</orientation>
      <time>25</time>
    </ksState>
    <ksState>
      <x>32.804043214204455</x>
      <y>-27.17820355408983</y>
      <steeringAngle>0.0</steeringAngle>
      <velocity>16.0</velocity>
      <orientation>-0.69188</orientation>
      <time>26</time>
    </ksState>
    <ksState>
      <x>34.036119954770705</x>
      <y>-28.198981152470427</y>
      <steeringAngle>0.0</steeringAngle>
      <velocity>16.0</velocity>
      <orientation>-0.69188</orientation>
      <time>27</time>
    </ksState>
    <ksState>
      <x>35.26819669533695</x>
      <y>-29.21975875085102</y>
      <steeringAngle>0.0</steeringAngle>
      <velocity>16.0</velocity>
      <orientation>-0.69188</orientation>
      <time>28</time>
    </ksState>
    <ksState>
      <x>36.50027343590319</x>
      <y>-30.24053634923162</y>
      <steeringAngle>0.0</steeringAngle>
      <velocity>16.0</velocity>
      <orientation>-0.69188</orientation>
      <time>29</time>
    </ksState>
    <ksState>
      <x>37.73235017646944</x>
      <y>-31.261313947612216</y>
      <steeringAngle>0.0</steeringAngle>
      <velocity>16.0</velocity>
      <orientation>-0.69188</orientation>
      <time>30</time>
    </ksState>
    <ksState>
      <x>38.96442691703568</x>
      <y>-32.28209154599281</y>
      <steeringAngle>0.0</steeringAngle>
      <velocity>16.0</velocity>
      <orientation>-0.69188</orientation>
      <time>31</time>
    </ksState>
    <ksState>
      <x>40.19650365760193</x>
      <y>-33.30286914437341</y>
      <steeringAngle>0.0</steeringAngle>
      <velocity>16.0</velocity>
      <orientation>-0.69188</orientation>
      <time>32</time>
    </ksState>
    <ksState>
      <x>41.42858039816817</x>
      <y>-34.32364674275401</y>
      <steeringAngle>0.0</steeringAngle>
      <velocity>16.0</velocity>
      <orientation>-0.69188</orientation>
      <time>33</time>
    </ksState>
    <ksState>
      <x>42.660657138734415</x>
      <y>-35.344424341134605</y>
      <steeringAngle>0.0</steeringAngle>
      <velocity>16.0</velocity>
      <orientation>-0.69188</orientation>
      <time>34</time>
    </ksState>
    <ksState>
      <x>43.892733879300664</x>
      <y>-36.3652019395152</y>
      <steeringAngle>0.0</steeringAngle>
      <velocity>16.0</velocity>
      <orientation>-0.69188</orientation>
      <time>35</time>
    </ksState>
    <ksState>
      <x>45.124810619866906</x>
      <y>-37.3859795378958</y>
      <steeringAngle>0.0</steeringAngle>
      <velocity>16.0</velocity>
      <orientation>-0.69188</orientation>
      <time>36</time>
    </ksState>
    <ksState>
      <x>46.356887360433156</x>
      <y>-38.4067571362764</y>
      <steeringAngle>0.0</steeringAngle>
      <velocity>16.0</velocity>
      <orientation>-0.69188</orientation>
      <time>37</time>
    </ksState>
    <ksState>
      <x>47.5889641009994</x>
      <y>-39.427534734656994</y>
      <steeringAngle>0.0</steeringAngle>
      <velocity>16.0</velocity>
      <orientation>-0.69188</orientation>
      <time>38</time>
    </ksState>
    <ksState>
      <x>48.82104084156564</x>
      <y>-40.44831233303759</y>
      <steeringAngle>0.0</steeringAngle>
      <velocity>16.0</velocity>
      <orientation>-0.69188</orientation>
      <time>39</time>
    </ksState>
    <ksState>
      <x>50.05311758213189</x>
      <y>-41.46908993141818</y>
      <steeringAngle>0.0</steeringAngle>
      <velocity>16.0</velocity>
      <orientation>-0.69188</orientation>
      <time>40</time>
    </ksState>
    <ksState>
      <x>51.28519432269813</x>
      <y>-42.48986752979878</y>
      <steeringAngle>0.0</steeringAngle>
      <velocity>16.0</velocity>
      <orientation>-0.69188</orientation>
      <time>41</time>
    </ksState>
    <ksState>
      <x>52.51727106326438</x>
      <y>-43.51064512817938</y>
      <steeringAngle>0.0</steeringAngle>
      <velocity>16.0</velocity>
      <orientation>-0.69188</orientation>
      <time>42</time>
    </ksState>
    <ksState>
      <x>53.749347803830624</x>
      <y>-44.531422726559974</y>
      <steeringAngle>0.0</steeringAngle>
      <velocity>16.0</velocity>
      <orientation>-0.69188</orientation>
      <time>43</time>
    </ksState>
    <ksState>
      <x>54.981424544396866</x>
      <y>-45.55220032494057</y>
      <steeringAngle>0.0</steeringAngle>
      <velocity>16.0</velocity>
      <orientation>-0.69188</orientation>
      <time>44</time>
    </ksState>
    <ksState>
      <x>56.213501284963115</x>
      <y>-46.57297792332116</y>
      <steeringAngle>0.0</steeringAngle>
      <velocity>16.0</velocity>
      <orientation>-0.69188</orientation>
      <time>45</time>
    </ksState>
    <ksState>
      <x>57.44557802552936</x>
      <y>-47.59375552170176</y>
      <steeringAngle>0.0</steeringAngle>
      <velocity>16.0</velocity>
      <orientation>-0.69188</orientation>
      <time>46</time>
    </ksState>
    <ksState>
      <x>58.67765476609561</x>
      <y>-48.614533120082356</y>
      <steeringAngle>0.0</steeringAngle>
      <velocity>16.0</velocity>
      <orientation>-0.69188</orientation>
      <time>47</time>
    </ksState>
    <ksState>
      <x>59.90973150666185</x>
      <y>-49.635310718462954</y>
      <steeringAngle>0.0</steeringAngle>
      <velocity>16.0</velocity>
      <orientation>-0.69188</orientation>
      <time>48</time>
    </ksState>
    <ksState>
      <x>61.14180824722809</x>
      <y>-50.65608831684355</y>
      <steeringAngle>0.0</steeringAngle>
      <velocity>16.0</velocity>
      <orientation>-0.69188</orientation>
      <time>49</time>
    </ksState>
    <ksState>
      <x>62.37388498779434</x>
      <y>-51.67686591522414</y>
      <steeringAngle>0.0</steeringAngle>
      <velocity>16.0</velocity>
      <orientation>-0.69188</orientation>
      <time>50</time>
    </ksState>
    <ksState>
      <x>63.60596172836058</x>
      <y>-52.69764351360474</y>
      <steeringAngle>0.0</steeringAngle>
      <velocity>16.0</velocity>
      <orientation>-0.69188</orientation>
      <time>51</time>
    </ksState>
    <ksState>
      <x>64.83803846892683</x>
      <y>-53.718421111985336</y>
      <steeringAngle>0.0</steeringAngle>
      <velocity>16.0</velocity>
      <orientation>-0.69188</orientation>
      <time>52</time>
    </ksState>
    <ksState>
      <x>66.07011520949307</x>
      <y>-54.73919871036593</y>
      <steeringAngle>0.0</steeringAngle>
      <velocity>16.0</velocity>
      <orientation>-0.69188</orientation>
      <time>53</time>
    </ksState>
    <ksState>
      <x>67.30219195005931</x>
      <y>-55.75997630874653</y>
      <steeringAngle>0.0</steeringAngle>
      <velocity>16.0</velocity>
      <orientation>-0.69188</orientation>
      <time>54</time>
    </ksState>
    <ksState>
      <x>68.53426869062555</x>
      <y>-56.78075390712712</y>
      <steeringAngle>0.0</steeringAngle>
      <velocity>16.0</velocity>
      <orientation>-0.69188</orientation>
      <time>55</time>
    </ksState>
    <ksState>
      <x>69.7663454311918</x>
      <y>-57.80153150550772</y>
      <steeringAngle>0.0</steeringAngle>
      <velocity>16.0</velocity>
      <orientation>-0.69188</orientation>
      <time>56</time>
    </ksState>
    <ksState>
      <x>70.99842217175804</x>
      <y>-58.822309103888315</y>
      <steeringAngle>0.0</steeringAngle>
      <velocity>16.0</velocity>
      <orientation>-0.69188</orientation>
      <time>57</time>
    </ksState>
    <ksState>
      <x>72.23049891232428</x>
      <y>-59.84308670226891</y>
      <steeringAngle>0.0</steeringAngle>
      <velocity>16.0</velocity>
      <orientation>-0.69188</orientation>
      <time>58</time>
    </ksState>
    <ksState>
      <x>73.46257565289054</x>
      <y>-60.86386430064951</y>
      <steeringAngle>0.0</steeringAngle>
      <velocity>16.0</velocity>
      <orientation>-0.69188</orientation>
      <time>59</time>
    </ksState>
    <ksState>
      <x>74.69465239345678</x>
      <y>-61.8846418990301</y>
      <steeringAngle>0.0</steeringAngle>
      <velocity>16.0</velocity>
      <orientation>-0.69188</orientation>
      <time>60</time>
    </ksState>
    <ksState>
      <x>75.92672913402302</x>
      <y>-62.9054194974107</y>
      <steeringAngle>0.0</steeringAngle>
      <velocity>16.0</velocity>
      <orientation>-0.69188</orientation>
      <time>61</time>
    </ksState>
    <ksState>
      <x>77.15880587458926</x>
      <y>-63.926197095791295</y>
      <steeringAngle>0.0</steeringAngle>
      <velocity>16.0</velocity>
      <orientation>-0.69188</orientation>
      <time>62</time>
    </ksState>
    <ksState>
      <x>78.39088261515552</x>
      <y>-64.94697469417189</y>
      <steeringAngle>0.0</steeringAngle>
      <velocity>16.0</velocity>
      <orientation>-0.69188</orientation>
      <time>63</time>
    </ksState>
    <ksState>
      <x>79.62295935572176</x>
      <y>-65.96775229255249</y>
      <steeringAngle>0.0</steeringAngle>
      <velocity>16.0</velocity>
      <orientation>-0.69188</orientation>
      <time>64</time>
    </ksState>
    <ksState>
      <x>80.855036096288</x>
      <y>-66.98852989093308</y>
      <steeringAngle>0.0</steeringAngle>
      <velocity>16.0</velocity>
      <orientation>-0.69188</orientation>
      <time>65</time>
    </ksState>
    <ksState>
      <x>82.08711283685425</x>
      <y>-68.00930748931367</y>
      <steeringAngle>0.0</steeringAngle>
      <velocity>16.0</velocity>
      <orientation>-0.69188</orientation>
      <time>66</time>
    </ksState>
    <ksState>
      <x>83.31918957742049</x>
      <y>-69.03008508769427</y>
      <steeringAngle>0.0</steeringAngle>
      <velocity>16.0</velocity>
      <orientation>-0.69188</orientation>
      <time>67</time>
    </ksState>
  </ksTrajectory>
</CommonRoadSolution>
