<?xml version="1.0" ?>
<CommonRoadSolution benchmark_id="KS2:SM1:ESP_SantBoideLlobregat-3_1_T-1:2020a" computation_time="0.2676045409998551" date="2023-11-26T00:13:30">
  <ksTrajectory planningProblem="1">
    <ksState>
      <x>-862.53088</x>
      <y>-468.59544</y>
      <steeringAngle>0.0</steeringAngle>
      <velocity>4.0</velocity>
      <orientation>-2.1092266</orientation>
      <time>0</time>
    </ksState>
    <ksState>
      <x>-862.715484036046</x>
      <y>-468.90450528296725</y>
      <steeringAngle>0.0</steeringAngle>
      <velocity>3.2</velocity>
      <orientation>-2.1092266</orientation>
      <time>1</time>
    </ksState>
    <ksState>
      <x>-862.8590649528013</x>
      <y>-469.1448893916582</y>
      <steeringAngle>0.0</steeringAngle>
      <velocity>2.4000000000000004</velocity>
      <orientation>-2.1092266</orientation>
      <time>2</time>
    </ksState>
    <ksState>
      <x>-862.9616227503182</x>
      <y>-469.3165923261604</y>
      <steeringAngle>0.0</steeringAngle>
      <velocity>1.6</velocity>
      <orientation>-2.1092266</orientation>
      <time>3</time>
    </ksState>
    <ksState>
      <x>-863.0231574286174</x>
      <y>-469.41961408650866</y>
      <steeringAngle>0.0</steeringAngle>
      <velocity>0.7999999999999998</velocity>
      <orientation>-2.1092266</orientation>
      <time>4</time>
    </ksState>
    <ksState>
      <x>-863.0436689877262</x>
      <y>-469.4539546727484</y>
      <steeringAngle>0.0</steeringAngle>
      <velocity>-3.3306690738754696e-16</velocity>
      <orientation>-2.1092266</orientation>
      <time>5</time>
    </ksState>
    <ksState>
      <x>-863.0436689877262</x>
      <y>-469.4539546727484</y>
      <steeringAngle>0.0</steeringAngle>
      <velocity>0.0</velocity>
      <orientation>-2.1092266</orientation>
      <time>6</time>
    </ksState>
    <ksState>
      <x>-863.0436689877262</x>
      <y>-469.4539546727484</y>
      <steeringAngle>0.0</steeringAngle>
      <velocity>0.0</velocity>
      <orientation>-2.1092266</orientation>
      <time>7</time>
    </ksState>
    <ksState>
      <x>-863.0436689877262</x>
      <y>-469.4539546727484</y>
      <steeringAngle>0.0</steeringAngle>
      <velocity>0.0</velocity>
      <orientation>-2.1092266</orientation>
      <time>8</time>
    </ksState>
    <ksState>
      <x>-863.0436689877262</x>
      <y>-469.4539546727484</y>
      <steeringAngle>0.0</steeringAngle>
      <velocity>0.0</velocity>
      <orientation>-2.1092266</orientation>
      <time>9</time>
    </ksState>
    <ksState>
      <x>-863.0436689877262</x>
      <y>-469.4539546727484</y>
      <steeringAngle>0.0</steeringAngle>
      <velocity>0.0</velocity>
      <orientation>-2.1092266</orientation>
      <time>10</time>
    </ksState>
    <ksState>
      <x>-863.0436689877262</x>
      <y>-469.4539546727484</y>
      <steeringAngle>0.0</steeringAngle>
      <velocity>0.0</velocity>
      <orientation>-2.1092266</orientation>
      <time>11</time>
    </ksState>
    <ksState>
      <x>-863.0436689877262</x>
      <y>-469.4539546727484</y>
      <steeringAngle>0.0</steeringAngle>
      <velocity>0.0</velocity>
      <orientation>-2.1092266</orientation>
      <time>12</time>
    </ksState>
    <ksState>
      <x>-863.0436689877262</x>
      <y>-469.4539546727484</y>
      <steeringAngle>0.0</steeringAngle>
      <velocity>0.0</velocity>
      <orientation>-2.1092266</orientation>
      <time>13</time>
    </ksState>
    <ksState>
      <x>-863.0436689877262</x>
      <y>-469.4539546727484</y>
      <steeringAngle>0.0</steeringAngle>
      <velocity>0.0</velocity>
      <orientation>-2.1092266</orientation>
      <time>14</time>
    </ksState>
    <ksState>
      <x>-863.0436689877262</x>
      <y>-469.4539546727484</y>
      <steeringAngle>0.0</steeringAngle>
      <velocity>0.0</velocity>
      <orientation>-2.1092266</orientation>
      <time>15</time>
    </ksState>
    <ksState>
      <x>-863.0641805477181</x>
      <y>-469.4882952604668</y>
      <steeringAngle>0.0</steeringAngle>
      <velocity>0.8</velocity>
      <orientation>-2.1092266</orientation>
      <time>16</time>
    </ksState>
    <ksState>
      <x>-863.1257152270863</x>
      <y>-469.59131702260464</y>
      <steeringAngle>0.0</steeringAngle>
      <velocity>1.6</velocity>
      <orientation>-2.1092266</orientation>
      <time>17</time>
    </ksState>
    <ksState>
      <x>-863.2282730257407</x>
      <y>-469.7630199590115</y>
      <steeringAngle>0.0</steeringAngle>
      <velocity>2.4000000000000004</velocity>
      <orientation>-2.1092266</orientation>
      <time>18</time>
    </ksState>
    <ksState>
      <x>-863.3718539436545</x>
      <y>-470.00340406964193</y>
      <steeringAngle>0.0</steeringAngle>
      <velocity>3.2000000000000006</velocity>
      <orientation>-2.1092266</orientation>
      <time>19</time>
    </ksState>
    <ksState>
      <x>-863.5564579808163</x>
      <y>-470.31246935447734</y>
      <steeringAngle>0.0</steeringAngle>
      <velocity>4.000000000000001</velocity>
      <orientation>-2.1092266</orientation>
      <time>20</time>
    </ksState>
    <ksState>
      <x>-863.7820851371546</x>
      <y>-470.6902158133979</y>
      <steeringAngle>0.0</steeringAngle>
      <velocity>4.8</velocity>
      <orientation>-2.1092266</orientation>
      <time>21</time>
    </ksState>
    <ksState>
      <x>-864.0487354127546</x>
      <y>-471.13664344654603</y>
      <steeringAngle>0.0</steeringAngle>
      <velocity>5.6</velocity>
      <orientation>-2.1092266</orientation>
      <time>22</time>
    </ksState>
    <ksState>
      <x>-864.356408807608</x>
      <y>-471.65175225390806</y>
      <steeringAngle>0.0</steeringAngle>
      <velocity>6.4</velocity>
      <orientation>-2.1092266</orientation>
      <time>23</time>
    </ksState>
    <ksState>
      <x>-864.70510532171</x>
      <y>-472.2355422354759</y>
      <steeringAngle>0.0</steeringAngle>
      <velocity>7.199999999999999</velocity>
      <orientation>-2.1092266</orientation>
      <time>24</time>
    </ksState>
    <ksState>
      <x>-865.0948249550577</x>
      <y>-472.88801339124456</y>
      <steeringAngle>0.0</steeringAngle>
      <velocity>7.999999999999998</velocity>
      <orientation>-2.1092266</orientation>
      <time>25</time>
    </ksState>
    <ksState>
      <x>-865.5130388286784</x>
      <y>-473.57002902968856</y>
      <steeringAngle>-0.03553333333333333</steeringAngle>
      <velocity>8.0</velocity>
      <orientation>-2.114739135002839</orientation>
      <time>26</time>
    </ksState>
    <ksState>
      <x>-865.9521160320691</x>
      <y>-474.2391450760528</y>
      <steeringAngle>-0.07106666666666667</steeringAngle>
      <velocity>8.0</velocity>
      <orientation>-2.131290655883108</orientation>
      <time>27</time>
    </ksState>
    <ksState>
      <x>-866.4190900109859</x>
      <y>-474.88982292694175</y>
      <steeringAngle>-0.10659999999999997</steeringAngle>
      <velocity>8.0</velocity>
      <orientation>-2.1589231351738034</orientation>
      <time>28</time>
    </ksState>
    <ksState>
      <x>-866.9204162664652</x>
      <y>-475.51556534960514</y>
      <steeringAngle>-0.1421333333333333</steeringAngle>
      <velocity>8.0</velocity>
      <orientation>-2.197706987446538</orientation>
      <time>29</time>
    </ksState>
    <ksState>
      <x>-867.4617226601446</x>
      <y>-476.1087033984583</y>
      <steeringAngle>-0.17766666666666667</steeringAngle>
      <velocity>8.0</velocity>
      <orientation>-2.2477417996956928</orientation>
      <time>30</time>
    </ksState>
    <ksState>
      <x>-868.0331682124421</x>
      <y>-476.67305259028865</y>
      <steeringAngle>-0.14213333333333336</steeringAngle>
      <velocity>8.0</velocity>
      <orientation>-2.297776611244441</orientation>
      <time>31</time>
    </ksState>
    <ksState>
      <x>-868.6173728098572</x>
      <y>-477.2223715303285</y>
      <steeringAngle>-0.1066000000000001</steeringAngle>
      <velocity>8.0</velocity>
      <orientation>-2.3365604632514385</orientation>
      <time>32</time>
    </ksState>
    <ksState>
      <x>-869.2082252468583</x>
      <y>-477.76316375658223</y>
      <steeringAngle>-0.07106666666666674</steeringAngle>
      <velocity>8.0</velocity>
      <orientation>-2.3641929422811256</orientation>
      <time>33</time>
    </ksState>
  </ksTrajectory>
</CommonRoadSolution>
