<?xml version="1.0" ?>
<CommonRoadSolution benchmark_id="KS2:SM1:DEU_Guetersloh-40_5_T-1:2020a" computation_time="0.25214761699999144" date="2023-11-26T00:13:30">
  <ksTrajectory planningProblem="1">
    <ksState>
      <x>-641.24573</x>
      <y>523.82438</y>
      <steeringAngle>0.0</steeringAngle>
      <velocity>0.0</velocity>
      <orientation>-1.6841643</orientation>
      <time>0</time>
    </ksState>
    <ksState>
      <x>-641.24573</x>
      <y>523.82438</y>
      <steeringAngle>0.0</steeringAngle>
      <velocity>0.0</velocity>
      <orientation>-1.6841643</orientation>
      <time>1</time>
    </ksState>
    <ksState>
      <x>-641.24573</x>
      <y>523.82438</y>
      <steeringAngle>0.0</steeringAngle>
      <velocity>0.0</velocity>
      <orientation>-1.6841643</orientation>
      <time>2</time>
    </ksState>
    <ksState>
      <x>-641.24573</x>
      <y>523.82438</y>
      <steeringAngle>0.0</steeringAngle>
      <velocity>0.0</velocity>
      <orientation>-1.6841643</orientation>
      <time>3</time>
    </ksState>
    <ksState>
      <x>-641.24573</x>
      <y>523.82438</y>
      <steeringAngle>0.0</steeringAngle>
      <velocity>0.0</velocity>
      <orientation>-1.6841643</orientation>
      <time>4</time>
    </ksState>
    <ksState>
      <x>-641.24573</x>
      <y>523.82438</y>
      <steeringAngle>0.0</steeringAngle>
      <velocity>0.0</velocity>
      <orientation>-1.6841643</orientation>
      <time>5</time>
    </ksState>
    <ksState>
      <x>-641.24573</x>
      <y>523.82438</y>
      <steeringAngle>0.0</steeringAngle>
      <velocity>0.0</velocity>
      <orientation>-1.6841643</orientation>
      <time>6</time>
    </ksState>
    <ksState>
      <x>-641.24573</x>
      <y>523.82438</y>
      <steeringAngle>0.0</steeringAngle>
      <velocity>0.0</velocity>
      <orientation>-1.6841643</orientation>
      <time>7</time>
    </ksState>
    <ksState>
      <x>-641.24573</x>
      <y>523.82438</y>
      <steeringAngle>0.0</steeringAngle>
      <velocity>0.0</velocity>
      <orientation>-1.6841643</orientation>
      <time>8</time>
    </ksState>
    <ksState>
      <x>-641.24573</x>
      <y>523.82438</y>
      <steeringAngle>0.0</steeringAngle>
      <velocity>0.0</velocity>
      <orientation>-1.6841643</orientation>
      <time>9</time>
    </ksState>
    <ksState>
      <x>-641.24573</x>
      <y>523.82438</y>
      <steeringAngle>0.0</steeringAngle>
      <velocity>0.0</velocity>
      <orientation>-1.6841643</orientation>
      <time>10</time>
    </ksState>
    <ksState>
      <x>-641.2502550116579</x>
      <y>523.7846367700402</y>
      <steeringAngle>0.0</steeringAngle>
      <velocity>0.8</velocity>
      <orientation>-1.6841643</orientation>
      <time>11</time>
    </ksState>
    <ksState>
      <x>-641.2638300464977</x>
      <y>523.665407081338</y>
      <steeringAngle>0.0</steeringAngle>
      <velocity>1.6</velocity>
      <orientation>-1.6841643</orientation>
      <time>12</time>
    </ksState>
    <ksState>
      <x>-641.2864551044995</x>
      <y>523.4666909340675</y>
      <steeringAngle>0.0</steeringAngle>
      <velocity>2.4000000000000004</velocity>
      <orientation>-1.6841643</orientation>
      <time>13</time>
    </ksState>
    <ksState>
      <x>-641.3181301856573</x>
      <y>523.1884883282813</y>
      <steeringAngle>0.0</steeringAngle>
      <velocity>3.2000000000000006</velocity>
      <orientation>-1.6841643</orientation>
      <time>14</time>
    </ksState>
    <ksState>
      <x>-641.3588552899687</x>
      <y>522.8307992640011</y>
      <steeringAngle>0.0</steeringAngle>
      <velocity>4.000000000000001</velocity>
      <orientation>-1.6841643</orientation>
      <time>15</time>
    </ksState>
    <ksState>
      <x>-641.4041054057259</x>
      <y>522.4333669716242</y>
      <steeringAngle>0.0</steeringAngle>
      <velocity>4.0</velocity>
      <orientation>-1.6841643</orientation>
      <time>16</time>
    </ksState>
    <ksState>
      <x>-641.4493555214831</x>
      <y>522.0359346792474</y>
      <steeringAngle>0.0</steeringAngle>
      <velocity>4.0</velocity>
      <orientation>-1.6841643</orientation>
      <time>17</time>
    </ksState>
    <ksState>
      <x>-641.4946056372402</x>
      <y>521.6385023868704</y>
      <steeringAngle>0.0</steeringAngle>
      <velocity>4.0</velocity>
      <orientation>-1.6841643</orientation>
      <time>18</time>
    </ksState>
    <ksState>
      <x>-641.5398557529974</x>
      <y>521.2410700944935</y>
      <steeringAngle>0.0</steeringAngle>
      <velocity>4.0</velocity>
      <orientation>-1.6841643</orientation>
      <time>19</time>
    </ksState>
    <ksState>
      <x>-641.5851058687546</x>
      <y>520.8436378021166</y>
      <steeringAngle>0.0</steeringAngle>
      <velocity>4.0</velocity>
      <orientation>-1.6841643</orientation>
      <time>20</time>
    </ksState>
    <ksState>
      <x>-641.6348809962037</x>
      <y>520.4064622794809</y>
      <steeringAngle>0.0</steeringAngle>
      <velocity>4.8</velocity>
      <orientation>-1.6841643</orientation>
      <time>21</time>
    </ksState>
    <ksState>
      <x>-641.6937061468094</x>
      <y>519.889800298325</y>
      <steeringAngle>0.0</steeringAngle>
      <velocity>5.6</velocity>
      <orientation>-1.6841643</orientation>
      <time>22</time>
    </ksState>
    <ksState>
      <x>-641.7615813205698</x>
      <y>519.2936518586646</y>
      <steeringAngle>0.0</steeringAngle>
      <velocity>6.4</velocity>
      <orientation>-1.6841643</orientation>
      <time>23</time>
    </ksState>
    <ksState>
      <x>-641.838506517484</x>
      <y>518.6180169605091</y>
      <steeringAngle>0.0</steeringAngle>
      <velocity>7.199999999999999</velocity>
      <orientation>-1.6841643</orientation>
      <time>24</time>
    </ksState>
    <ksState>
      <x>-641.9244817375511</x>
      <y>517.8628956038642</y>
      <steeringAngle>0.0</steeringAngle>
      <velocity>7.999999999999998</velocity>
      <orientation>-1.6841643</orientation>
      <time>25</time>
    </ksState>
    <ksState>
      <x>-642.0190111956618</x>
      <y>517.1087691555509</y>
      <steeringAngle>-0.03553333333333333</steeringAngle>
      <velocity>7.199999999999999</velocity>
      <orientation>-1.6893093129824923</orientation>
      <time>26</time>
    </ksState>
    <ksState>
      <x>-642.1233279028808</x>
      <y>516.4365454581052</y>
      <steeringAngle>-0.07106666666666664</steeringAngle>
      <velocity>6.400000000000001</velocity>
      <orientation>-1.7032859851034554</orientation>
      <time>27</time>
    </ksState>
    <ksState>
      <x>-642.2373605856704</x>
      <y>515.8467820249035</y>
      <steeringAngle>-0.10659999999999997</steeringAngle>
      <velocity>5.600000000000004</velocity>
      <orientation>-1.7239177529693368</orientation>
      <time>28</time>
    </ksState>
    <ksState>
      <x>-642.3580504498999</x>
      <y>515.3397573348612</y>
      <steeringAngle>-0.1421333333333333</steeringAngle>
      <velocity>4.800000000000003</velocity>
      <orientation>-1.749033960477985</orientation>
      <time>29</time>
    </ksState>
    <ksState>
      <x>-642.4800647325795</x>
      <y>514.9152518337388</y>
      <steeringAngle>-0.17766666666666653</steeringAngle>
      <velocity>4.000000000000006</velocity>
      <orientation>-1.7764588570631348</orientation>
      <time>30</time>
    </ksState>
    <ksState>
      <x>-642.6015723659929</x>
      <y>514.5324885489587</y>
      <steeringAngle>-0.1421333333333333</steeringAngle>
      <velocity>4.0</velocity>
      <orientation>-1.801476263407658</orientation>
      <time>31</time>
    </ksState>
    <ksState>
      <x>-642.7237747446668</x>
      <y>514.1506076873942</y>
      <steeringAngle>-0.10659999999999999</steeringAngle>
      <velocity>4.0</velocity>
      <orientation>-1.8208681896984087</orientation>
      <time>32</time>
    </ksState>
    <ksState>
      <x>-642.8446283202364</x>
      <y>513.7687889944956</y>
      <steeringAngle>-0.07106666666666664</steeringAngle>
      <velocity>4.0</velocity>
      <orientation>-1.8346844294333615</orientation>
      <time>33</time>
    </ksState>
  </ksTrajectory>
</CommonRoadSolution>
