<?xml version='1.0' encoding='UTF-8'?>
<commonRoad timeStepSize="0.1" commonRoadVersion="2020a" author="Edmond Irani Liu, Fabian Höltke, Moritz Klischat" affiliation="Technical University of Munich, Germany" source="Scenario Factory (OpenStreetMaps, SUMO Traffic Simulator)" benchmarkID="BEL_Putte-14_3_T-1" date="2020-08-23">
  <location>
    <geoNameId>2788521</geoNameId>
    <gpsLatitude>51.05337</gpsLatitude>
    <gpsLongitude>4.63263</gpsLongitude>
  </location>
  <scenarioTags>
    <simulated/>
    <critical/>
  </scenarioTags>
  <lanelet id="13089">
    <leftBound>
      <point>
        <x>550.44749</x>
        <y>838.51819</y>
      </point>
      <point>
        <x>487.14383</x>
        <y>868.39757</y>
      </point>
    </leftBound>
    <rightBound>
      <point>
        <x>551.93595</x>
        <y>841.68551</y>
      </point>
      <point>
        <x>488.63403</x>
        <y>871.5642</y>
      </point>
    </rightBound>
    <predecessor ref="13162"/>
    <predecessor ref="13163"/>
    <laneletType>urban</laneletType>
    <trafficSignRef ref="13137"/>
  </lanelet>
  <lanelet id="13163">
    <leftBound>
      <point>
        <x>592.39544</x>
        <y>823.88991</y>
      </point>
      <point>
        <x>578.02153</x>
        <y>828.01929</y>
      </point>
      <point>
        <x>571.1378</x>
        <y>830.19672</y>
      </point>
      <point>
        <x>571.03627</x>
        <y>830.23125</y>
      </point>
      <point>
        <x>570.93102</x>
        <y>830.26541</y>
      </point>
      <point>
        <x>563.62471</x>
        <y>832.90916</y>
      </point>
      <point>
        <x>555.11939</x>
        <y>836.42724</y>
      </point>
      <point>
        <x>550.44749</x>
        <y>838.51819</y>
      </point>
    </leftBound>
    <rightBound>
      <point>
        <x>593.27096</x>
        <y>827.27721</y>
      </point>
      <point>
        <x>579.07722</x>
        <y>831.35628</y>
      </point>
      <point>
        <x>572.24865</x>
        <y>833.51647</y>
      </point>
      <point>
        <x>572.13968</x>
        <y>833.55277</y>
      </point>
      <point>
        <x>572.04049</x>
        <y>833.5854</y>
      </point>
      <point>
        <x>564.96225</x>
        <y>836.1435</y>
      </point>
      <point>
        <x>556.54887</x>
        <y>839.62202</y>
      </point>
      <point>
        <x>551.93595</x>
        <y>841.68551</y>
      </point>
    </rightBound>
    <predecessor ref="13130"/>
    <successor ref="13089"/>
    <laneletType>urban</laneletType>
  </lanelet>
  <lanelet id="13162">
    <leftBound>
      <point>
        <x>592.39544</x>
        <y>823.88991</y>
      </point>
      <point>
        <x>589.64137</x>
        <y>824.49593</y>
      </point>
      <point>
        <x>585.67204</x>
        <y>824.94705</y>
      </point>
      <point>
        <x>576.84475</x>
        <y>825.48125</y>
      </point>
      <point>
        <x>573.1168</x>
        <y>826.05053</y>
      </point>
      <point>
        <x>570.10445</x>
        <y>826.85441</y>
      </point>
      <point>
        <x>569.93287</x>
        <y>826.90973</y>
      </point>
      <point>
        <x>569.75895</x>
        <y>826.96943</y>
      </point>
      <point>
        <x>566.68219</x>
        <y>828.22923</y>
      </point>
      <point>
        <x>563.41953</x>
        <y>830.04906</y>
      </point>
      <point>
        <x>559.20816</x>
        <y>832.95266</y>
      </point>
      <point>
        <x>554.74611</x>
        <y>836.10776</y>
      </point>
      <point>
        <x>551.79343</x>
        <y>837.85718</y>
      </point>
      <point>
        <x>550.44749</x>
        <y>838.51819</y>
      </point>
    </leftBound>
    <rightBound>
      <point>
        <x>593.27096</x>
        <y>827.27721</y>
      </point>
      <point>
        <x>590.03447</x>
        <y>827.97379</y>
      </point>
      <point>
        <x>585.88073</x>
        <y>828.44082</y>
      </point>
      <point>
        <x>577.3631</x>
        <y>828.94266</y>
      </point>
      <point>
        <x>574.0175</x>
        <y>829.43265</y>
      </point>
      <point>
        <x>571.1378</x>
        <y>830.19672</y>
      </point>
      <point>
        <x>571.03627</x>
        <y>830.23125</y>
      </point>
      <point>
        <x>570.93102</x>
        <y>830.26541</y>
      </point>
      <point>
        <x>568.38038</x>
        <y>831.28965</y>
      </point>
      <point>
        <x>565.40618</x>
        <y>832.93059</y>
      </point>
      <point>
        <x>561.22586</x>
        <y>835.81254</y>
      </point>
      <point>
        <x>556.52561</x>
        <y>839.12162</y>
      </point>
      <point>
        <x>553.33539</x>
        <y>840.99922</y>
      </point>
      <point>
        <x>551.93595</x>
        <y>841.68551</y>
      </point>
    </rightBound>
    <predecessor ref="13130"/>
    <successor ref="13089"/>
    <laneletType>urban</laneletType>
  </lanelet>
  <lanelet id="13130">
    <leftBound>
      <point>
        <x>660.79485</x>
        <y>808.4624</y>
      </point>
      <point>
        <x>652.13494</x>
        <y>809.69136</y>
      </point>
      <point>
        <x>641.67598</x>
        <y>811.54211</y>
      </point>
      <point>
        <x>631.31461</x>
        <y>813.8107</y>
      </point>
      <point>
        <x>605.46773</x>
        <y>820.34285</y>
      </point>
      <point>
        <x>592.39544</x>
        <y>823.88991</y>
      </point>
    </leftBound>
    <rightBound>
      <point>
        <x>661.31914</x>
        <y>811.92249</y>
      </point>
      <point>
        <x>652.74434</x>
        <y>813.1379</y>
      </point>
      <point>
        <x>642.42426</x>
        <y>814.96119</y>
      </point>
      <point>
        <x>632.17215</x>
        <y>817.20402</y>
      </point>
      <point>
        <x>606.38408</x>
        <y>823.72077</y>
      </point>
      <point>
        <x>593.27096</x>
        <y>827.27721</y>
      </point>
    </rightBound>
    <successor ref="13162"/>
    <successor ref="13163"/>
    <laneletType>urban</laneletType>
    <trafficSignRef ref="13159"/>
  </lanelet>
  <trafficSign id="13137">
    <trafficSignElement>
      <trafficSignID>274</trafficSignID>
      <additionalValue>19.444444444444443</additionalValue>
    </trafficSignElement>
    <position>
      <point>
        <x>551.93595</x>
        <y>841.68551</y>
      </point>
    </position>
    <virtual>false</virtual>
  </trafficSign>
  <trafficSign id="13159">
    <trafficSignElement>
      <trafficSignID>274</trafficSignID>
      <additionalValue>19.444444444444443</additionalValue>
    </trafficSignElement>
    <position>
      <point>
        <x>805.01176</x>
        <y>785.94077</y>
      </point>
    </position>
    <virtual>false</virtual>
  </trafficSign>
  <dynamicObstacle id="315">
    <type>bicycle</type>
    <shape>
      <rectangle>
        <length>2.0</length>
        <width>0.68</width>
      </rectangle>
    </shape>
    <initialState>
      <position>
        <point>
          <x>532.30431</x>
          <y>850.45619</y>
        </point>
      </position>
      <orientation>
        <exact>2.6655445</exact>
      </orientation>
      <time>
        <exact>0</exact>
      </time>
      <velocity>
        <exact>5.8486639</exact>
      </velocity>
      <acceleration>
        <exact>0.35072</exact>
      </acceleration>
    </initialState>
    <trajectory>
      <state>
        <position>
          <point>
            <x>531.78447</x>
            <y>850.72421</y>
          </point>
        </position>
        <orientation>
          <exact>2.6655495</exact>
        </orientation>
        <time>
          <exact>1</exact>
        </time>
        <velocity>
          <exact>5.897644</exact>
        </velocity>
        <acceleration>
          <exact>0.628882</exact>
        </acceleration>
      </state>
      <state>
        <position>
          <point>
            <x>531.25592</x>
            <y>850.99672</y>
          </point>
        </position>
        <orientation>
          <exact>2.6739192</exact>
        </orientation>
        <time>
          <exact>2</exact>
        </time>
        <velocity>
          <exact>5.9744403</exact>
        </velocity>
        <acceleration>
          <exact>0.619704</exact>
        </acceleration>
      </state>
      <state>
        <position>
          <point>
            <x>530.71791</x>
            <y>851.26282</y>
          </point>
        </position>
        <orientation>
          <exact>2.6822791</exact>
        </orientation>
        <time>
          <exact>3</exact>
        </time>
        <velocity>
          <exact>6.0215848</exact>
        </velocity>
        <acceleration>
          <exact>0.359366</exact>
        </acceleration>
      </state>
      <state>
        <position>
          <point>
            <x>530.17642</x>
            <y>851.53064</y>
          </point>
        </position>
        <orientation>
          <exact>2.6873294</exact>
        </orientation>
        <time>
          <exact>4</exact>
        </time>
        <velocity>
          <exact>6.0463135</exact>
        </velocity>
        <acceleration>
          <exact>0.255888</exact>
        </acceleration>
      </state>
      <state>
        <position>
          <point>
            <x>529.63129</x>
            <y>851.79344</y>
          </point>
        </position>
        <orientation>
          <exact>2.6932323</exact>
        </orientation>
        <time>
          <exact>5</exact>
        </time>
        <velocity>
          <exact>6.0727624</exact>
        </velocity>
        <acceleration>
          <exact>0.21902</exact>
        </acceleration>
      </state>
      <state>
        <position>
          <point>
            <x>529.08192</x>
            <y>852.05713</y>
          </point>
        </position>
        <orientation>
          <exact>2.6949847</exact>
        </orientation>
        <time>
          <exact>6</exact>
        </time>
        <velocity>
          <exact>6.0901175</exact>
        </velocity>
        <acceleration>
          <exact>0.2907305</exact>
        </acceleration>
      </state>
      <state>
        <position>
          <point>
            <x>528.53274</x>
            <y>852.31951</y>
          </point>
        </position>
        <orientation>
          <exact>2.6962891</exact>
        </orientation>
        <time>
          <exact>7</exact>
        </time>
        <velocity>
          <exact>6.1309085</exact>
        </velocity>
        <acceleration>
          <exact>0.480203</exact>
        </acceleration>
      </state>
      <state>
        <position>
          <point>
            <x>527.97531</x>
            <y>852.58528</y>
          </point>
        </position>
        <orientation>
          <exact>2.6969257</exact>
        </orientation>
        <time>
          <exact>8</exact>
        </time>
        <velocity>
          <exact>6.1861581</exact>
        </velocity>
        <acceleration>
          <exact>0.4376425</exact>
        </acceleration>
      </state>
      <state>
        <position>
          <point>
            <x>527.41582</x>
            <y>852.85171</y>
          </point>
        </position>
        <orientation>
          <exact>2.6973507</exact>
        </orientation>
        <time>
          <exact>9</exact>
        </time>
        <velocity>
          <exact>6.218437</exact>
        </velocity>
        <acceleration>
          <exact>0.3760495</exact>
        </acceleration>
      </state>
      <state>
        <position>
          <point>
            <x>526.85234</x>
            <y>853.11978</y>
          </point>
        </position>
        <orientation>
          <exact>2.6976973</exact>
        </orientation>
        <time>
          <exact>10</exact>
        </time>
        <velocity>
          <exact>6.261368</exact>
        </velocity>
        <acceleration>
          <exact>0.4101425</exact>
        </acceleration>
      </state>
      <state>
        <position>
          <point>
            <x>526.28491</x>
            <y>853.38952</y>
          </point>
        </position>
        <orientation>
          <exact>2.6981191</exact>
        </orientation>
        <time>
          <exact>11</exact>
        </time>
        <velocity>
          <exact>6.3004655</exact>
        </velocity>
        <acceleration>
          <exact>0.500053</exact>
        </acceleration>
      </state>
      <state>
        <position>
          <point>
            <x>525.71414</x>
            <y>853.66046</y>
          </point>
        </position>
        <orientation>
          <exact>2.69839</exact>
        </orientation>
        <time>
          <exact>12</exact>
        </time>
        <velocity>
          <exact>6.3613786</exact>
        </velocity>
        <acceleration>
          <exact>0.6031385</exact>
        </acceleration>
      </state>
      <state>
        <position>
          <point>
            <x>525.13556</x>
            <y>853.93511</y>
          </point>
        </position>
        <orientation>
          <exact>2.6984011</exact>
        </orientation>
        <time>
          <exact>13</exact>
        </time>
        <velocity>
          <exact>6.4210932</exact>
        </velocity>
        <acceleration>
          <exact>0.5318565</exact>
        </acceleration>
      </state>
      <state>
        <position>
          <point>
            <x>524.55399</x>
            <y>854.21117</y>
          </point>
        </position>
        <orientation>
          <exact>2.6984025</exact>
        </orientation>
        <time>
          <exact>14</exact>
        </time>
        <velocity>
          <exact>6.4677499</exact>
        </velocity>
        <acceleration>
          <exact>0.386334</exact>
        </acceleration>
      </state>
      <state>
        <position>
          <point>
            <x>523.96698</x>
            <y>854.48982</y>
          </point>
        </position>
        <orientation>
          <exact>2.6987924</exact>
        </orientation>
        <time>
          <exact>15</exact>
        </time>
        <velocity>
          <exact>6.49836</exact>
        </velocity>
        <acceleration>
          <exact>0.3439695</exact>
        </acceleration>
      </state>
      <state>
        <position>
          <point>
            <x>523.37967</x>
            <y>854.76804</y>
          </point>
        </position>
        <orientation>
          <exact>2.6991509</exact>
        </orientation>
        <time>
          <exact>16</exact>
        </time>
        <velocity>
          <exact>6.5365438</exact>
        </velocity>
        <acceleration>
          <exact>0.4838115</exact>
        </acceleration>
      </state>
      <state>
        <position>
          <point>
            <x>522.78555</x>
            <y>855.04954</y>
          </point>
        </position>
        <orientation>
          <exact>2.6991143</exact>
        </orientation>
        <time>
          <exact>17</exact>
        </time>
        <velocity>
          <exact>6.5951223</exact>
        </velocity>
        <acceleration>
          <exact>0.5283245</exact>
        </acceleration>
      </state>
      <state>
        <position>
          <point>
            <x>522.18767</x>
            <y>855.33282</y>
          </point>
        </position>
        <orientation>
          <exact>2.6991207</exact>
        </orientation>
        <time>
          <exact>18</exact>
        </time>
        <velocity>
          <exact>6.6422087</exact>
        </velocity>
        <acceleration>
          <exact>0.4712775</exact>
        </acceleration>
      </state>
      <state>
        <position>
          <point>
            <x>521.58505</x>
            <y>855.61834</y>
          </point>
        </position>
        <orientation>
          <exact>2.6991327</exact>
        </orientation>
        <time>
          <exact>19</exact>
        </time>
        <velocity>
          <exact>6.6893778</exact>
        </velocity>
        <acceleration>
          <exact>0.518463</exact>
        </acceleration>
      </state>
      <state>
        <position>
          <point>
            <x>520.97863</x>
            <y>855.90565</y>
          </point>
        </position>
        <orientation>
          <exact>2.6991407</exact>
        </orientation>
        <time>
          <exact>20</exact>
        </time>
        <velocity>
          <exact>6.7459013</exact>
        </velocity>
        <acceleration>
          <exact>0.5154425</exact>
        </acceleration>
      </state>
      <state>
        <position>
          <point>
            <x>520.36578</x>
            <y>856.196</y>
          </point>
        </position>
        <orientation>
          <exact>2.6992845</exact>
        </orientation>
        <time>
          <exact>21</exact>
        </time>
        <velocity>
          <exact>6.7924663</exact>
        </velocity>
        <acceleration>
          <exact>0.3634805</exact>
        </acceleration>
      </state>
      <state>
        <position>
          <point>
            <x>519.75087</x>
            <y>856.48712</y>
          </point>
        </position>
        <orientation>
          <exact>2.6995374</exact>
        </orientation>
        <time>
          <exact>22</exact>
        </time>
        <velocity>
          <exact>6.8185974</exact>
        </velocity>
        <acceleration>
          <exact>0.3232875</exact>
        </acceleration>
      </state>
      <state>
        <position>
          <point>
            <x>519.13315</x>
            <y>856.7794</y>
          </point>
        </position>
        <orientation>
          <exact>2.6996683</exact>
        </orientation>
        <time>
          <exact>23</exact>
        </time>
        <velocity>
          <exact>6.8571238</exact>
        </velocity>
        <acceleration>
          <exact>0.496458</exact>
        </acceleration>
      </state>
      <state>
        <position>
          <point>
            <x>518.5112</x>
            <y>857.07365</y>
          </point>
        </position>
        <orientation>
          <exact>2.6996988</exact>
        </orientation>
        <time>
          <exact>24</exact>
        </time>
        <velocity>
          <exact>6.917889</exact>
        </velocity>
        <acceleration>
          <exact>0.553352</exact>
        </acceleration>
      </state>
      <state>
        <position>
          <point>
            <x>517.88248</x>
            <y>857.37109</y>
          </point>
        </position>
        <orientation>
          <exact>2.6997131</exact>
        </orientation>
        <time>
          <exact>25</exact>
        </time>
        <velocity>
          <exact>6.9677942</exact>
        </velocity>
        <acceleration>
          <exact>0.46592</exact>
        </acceleration>
      </state>
      <state>
        <position>
          <point>
            <x>517.25149</x>
            <y>857.66959</y>
          </point>
        </position>
        <orientation>
          <exact>2.6997153</exact>
        </orientation>
        <time>
          <exact>26</exact>
        </time>
        <velocity>
          <exact>7.011073</exact>
        </velocity>
        <acceleration>
          <exact>0.4224265</exact>
        </acceleration>
      </state>
      <state>
        <position>
          <point>
            <x>516.61495</x>
            <y>857.97073</y>
          </point>
        </position>
        <orientation>
          <exact>2.6997276</exact>
        </orientation>
        <time>
          <exact>27</exact>
        </time>
        <velocity>
          <exact>7.0522795</exact>
        </velocity>
        <acceleration>
          <exact>0.467509</exact>
        </acceleration>
      </state>
      <state>
        <position>
          <point>
            <x>515.97651</x>
            <y>858.27274</y>
          </point>
        </position>
        <orientation>
          <exact>2.6997556</exact>
        </orientation>
        <time>
          <exact>28</exact>
        </time>
        <velocity>
          <exact>7.1045748</exact>
        </velocity>
        <acceleration>
          <exact>0.628604</exact>
        </acceleration>
      </state>
      <state>
        <position>
          <point>
            <x>515.33048</x>
            <y>858.57831</y>
          </point>
        </position>
        <orientation>
          <exact>2.6997786</exact>
        </orientation>
        <time>
          <exact>29</exact>
        </time>
        <velocity>
          <exact>7.1780003</exact>
        </velocity>
        <acceleration>
          <exact>0.600189</exact>
        </acceleration>
      </state>
      <state>
        <position>
          <point>
            <x>514.67876</x>
            <y>858.88658</y>
          </point>
        </position>
        <orientation>
          <exact>2.69992</exact>
        </orientation>
        <time>
          <exact>30</exact>
        </time>
        <velocity>
          <exact>7.2246126</exact>
        </velocity>
        <acceleration>
          <exact>0.391902</exact>
        </acceleration>
      </state>
      <state>
        <position>
          <point>
            <x>514.02422</x>
            <y>859.19595</y>
          </point>
        </position>
        <orientation>
          <exact>2.700071</exact>
        </orientation>
        <time>
          <exact>31</exact>
        </time>
        <velocity>
          <exact>7.2563807</exact>
        </velocity>
        <acceleration>
          <exact>0.4277115</exact>
        </acceleration>
      </state>
      <state>
        <position>
          <point>
            <x>513.36665</x>
            <y>859.50673</y>
          </point>
        </position>
        <orientation>
          <exact>2.7000996</exact>
        </orientation>
        <time>
          <exact>32</exact>
        </time>
        <velocity>
          <exact>7.3101549</exact>
        </velocity>
        <acceleration>
          <exact>0.4316275</exact>
        </acceleration>
      </state>
      <state>
        <position>
          <point>
            <x>512.70237</x>
            <y>859.82066</y>
          </point>
        </position>
        <orientation>
          <exact>2.7001064</exact>
        </orientation>
        <time>
          <exact>33</exact>
        </time>
        <velocity>
          <exact>7.3427062</exact>
        </velocity>
        <acceleration>
          <exact>0.2193985</exact>
        </acceleration>
      </state>
    </trajectory>
  </dynamicObstacle>
  <dynamicObstacle id="317">
    <type>bicycle</type>
    <shape>
      <rectangle>
        <length>2.0</length>
        <width>0.68</width>
      </rectangle>
    </shape>
    <initialState>
      <position>
        <point>
          <x>583.37599</x>
          <y>829.64684</y>
        </point>
      </position>
      <orientation>
        <exact>2.8717568</exact>
      </orientation>
      <time>
        <exact>0</exact>
      </time>
      <velocity>
        <exact>8.0541429</exact>
      </velocity>
      <acceleration>
        <exact>-0.0180345</exact>
      </acceleration>
    </initialState>
    <trajectory>
      <state>
        <position>
          <point>
            <x>582.59951</x>
            <y>829.86077</y>
          </point>
        </position>
        <orientation>
          <exact>2.8717568</exact>
        </orientation>
        <time>
          <exact>1</exact>
        </time>
        <velocity>
          <exact>8.0657074</exact>
        </velocity>
        <acceleration>
          <exact>0.2493245</exact>
        </acceleration>
      </state>
      <state>
        <position>
          <point>
            <x>581.82122</x>
            <y>830.07687</y>
          </point>
        </position>
        <orientation>
          <exact>2.8710969</exact>
        </orientation>
        <time>
          <exact>2</exact>
        </time>
        <velocity>
          <exact>8.1040078</exact>
        </velocity>
        <acceleration>
          <exact>0.31349</exact>
        </acceleration>
      </state>
      <state>
        <position>
          <point>
            <x>581.03764</x>
            <y>830.29387</y>
          </point>
        </position>
        <orientation>
          <exact>2.8704768</exact>
        </orientation>
        <time>
          <exact>3</exact>
        </time>
        <velocity>
          <exact>8.1284054</exact>
        </velocity>
        <acceleration>
          <exact>0.150262</exact>
        </acceleration>
      </state>
      <state>
        <position>
          <point>
            <x>580.25492</x>
            <y>830.51223</y>
          </point>
        </position>
        <orientation>
          <exact>2.8695285</exact>
        </orientation>
        <time>
          <exact>4</exact>
        </time>
        <velocity>
          <exact>8.1340602</exact>
        </velocity>
        <acceleration>
          <exact>0.1755735</exact>
        </acceleration>
      </state>
      <state>
        <position>
          <point>
            <x>579.47067</x>
            <y>830.73102</y>
          </point>
        </position>
        <orientation>
          <exact>2.8687177</exact>
        </orientation>
        <time>
          <exact>5</exact>
        </time>
        <velocity>
          <exact>8.1635201</exact>
        </velocity>
        <acceleration>
          <exact>0.2732915</exact>
        </acceleration>
      </state>
      <state>
        <position>
          <point>
            <x>578.68263</x>
            <y>830.95225</y>
          </point>
        </position>
        <orientation>
          <exact>2.86732</exact>
        </orientation>
        <time>
          <exact>6</exact>
        </time>
        <velocity>
          <exact>8.1887185</exact>
        </velocity>
        <acceleration>
          <exact>0.306482</exact>
        </acceleration>
      </state>
      <state>
        <position>
          <point>
            <x>577.89414</x>
            <y>831.1746</y>
          </point>
        </position>
        <orientation>
          <exact>2.8661907</exact>
        </orientation>
        <time>
          <exact>7</exact>
        </time>
        <velocity>
          <exact>8.2248165</exact>
        </velocity>
        <acceleration>
          <exact>0.26004</exact>
        </acceleration>
      </state>
      <state>
        <position>
          <point>
            <x>577.09966</x>
            <y>831.39958</y>
          </point>
        </position>
        <orientation>
          <exact>2.8634034</exact>
        </orientation>
        <time>
          <exact>8</exact>
        </time>
        <velocity>
          <exact>8.2407265</exact>
        </velocity>
        <acceleration>
          <exact>0.1320355</exact>
        </acceleration>
      </state>
      <state>
        <position>
          <point>
            <x>576.30936</x>
            <y>831.6272</y>
          </point>
        </position>
        <orientation>
          <exact>2.8608491</exact>
        </orientation>
        <time>
          <exact>9</exact>
        </time>
        <velocity>
          <exact>8.2512236</exact>
        </velocity>
        <acceleration>
          <exact>0.3787195</exact>
        </acceleration>
      </state>
      <state>
        <position>
          <point>
            <x>575.51402</x>
            <y>831.85681</y>
          </point>
        </position>
        <orientation>
          <exact>2.8589621</exact>
        </orientation>
        <time>
          <exact>10</exact>
        </time>
        <velocity>
          <exact>8.3164704</exact>
        </velocity>
        <acceleration>
          <exact>0.5017015</exact>
        </acceleration>
      </state>
      <state>
        <position>
          <point>
            <x>574.71206</x>
            <y>832.09107</y>
          </point>
        </position>
        <orientation>
          <exact>2.8585709</exact>
        </orientation>
        <time>
          <exact>11</exact>
        </time>
        <velocity>
          <exact>8.3515639</exact>
        </velocity>
        <acceleration>
          <exact>0.1743735</exact>
        </acceleration>
      </state>
      <state>
        <position>
          <point>
            <x>573.91016</x>
            <y>832.32326</y>
          </point>
        </position>
        <orientation>
          <exact>2.8597235</exact>
        </orientation>
        <time>
          <exact>12</exact>
        </time>
        <velocity>
          <exact>8.3513451</exact>
        </velocity>
        <acceleration>
          <exact>0.0391035</exact>
        </acceleration>
      </state>
      <state>
        <position>
          <point>
            <x>573.10771</x>
            <y>832.55566</y>
          </point>
        </position>
        <orientation>
          <exact>2.8594676</exact>
        </orientation>
        <time>
          <exact>13</exact>
        </time>
        <velocity>
          <exact>8.3593846</exact>
        </velocity>
        <acceleration>
          <exact>0.071637</exact>
        </acceleration>
      </state>
      <state>
        <position>
          <point>
            <x>572.30438</x>
            <y>832.78871</y>
          </point>
        </position>
        <orientation>
          <exact>2.8517203</exact>
        </orientation>
        <time>
          <exact>14</exact>
        </time>
        <velocity>
          <exact>8.3656725</exact>
        </velocity>
        <acceleration>
          <exact>0.076226</exact>
        </acceleration>
      </state>
      <state>
        <position>
          <point>
            <x>571.50442</x>
            <y>833.03388</y>
          </point>
        </position>
        <orientation>
          <exact>2.8405593</exact>
        </orientation>
        <time>
          <exact>15</exact>
        </time>
        <velocity>
          <exact>8.3746298</exact>
        </velocity>
        <acceleration>
          <exact>0.202659</exact>
        </acceleration>
      </state>
      <state>
        <position>
          <point>
            <x>570.70479</x>
            <y>833.28534</y>
          </point>
        </position>
        <orientation>
          <exact>2.8328491</exact>
        </orientation>
        <time>
          <exact>16</exact>
        </time>
        <velocity>
          <exact>8.4062043</exact>
        </velocity>
        <acceleration>
          <exact>-0.3459015</exact>
        </acceleration>
      </state>
      <state>
        <position>
          <point>
            <x>569.90269</x>
            <y>833.54476</y>
          </point>
        </position>
        <orientation>
          <exact>2.8268639</exact>
        </orientation>
        <time>
          <exact>17</exact>
        </time>
        <velocity>
          <exact>8.3054495</exact>
        </velocity>
        <acceleration>
          <exact>0.380448</exact>
        </acceleration>
      </state>
      <state>
        <position>
          <point>
            <x>569.12528</x>
            <y>833.7995</y>
          </point>
        </position>
        <orientation>
          <exact>2.8179411</exact>
        </orientation>
        <time>
          <exact>18</exact>
        </time>
        <velocity>
          <exact>8.4822939</exact>
        </velocity>
        <acceleration>
          <exact>1.0201915</exact>
        </acceleration>
      </state>
      <state>
        <position>
          <point>
            <x>568.29449</x>
            <y>834.08467</y>
          </point>
        </position>
        <orientation>
          <exact>2.8045001</exact>
        </orientation>
        <time>
          <exact>19</exact>
        </time>
        <velocity>
          <exact>8.5094878</exact>
        </velocity>
        <acceleration>
          <exact>-2.7425235</exact>
        </acceleration>
      </state>
      <state>
        <position>
          <point>
            <x>567.51908</x>
            <y>834.36204</y>
          </point>
        </position>
        <orientation>
          <exact>2.7875127</exact>
        </orientation>
        <time>
          <exact>20</exact>
        </time>
        <velocity>
          <exact>7.9337892</exact>
        </velocity>
        <acceleration>
          <exact>-1.90587</exact>
        </acceleration>
      </state>
      <state>
        <position>
          <point>
            <x>566.80602</x>
            <y>834.63422</y>
          </point>
        </position>
        <orientation>
          <exact>2.7574759</exact>
        </orientation>
        <time>
          <exact>21</exact>
        </time>
        <velocity>
          <exact>8.1283138</exact>
        </velocity>
        <acceleration>
          <exact>3.5549115</exact>
        </acceleration>
      </state>
      <state>
        <position>
          <point>
            <x>566.01289</x>
            <y>834.97292</y>
          </point>
        </position>
        <orientation>
          <exact>2.7333791</exact>
        </orientation>
        <time>
          <exact>22</exact>
        </time>
        <velocity>
          <exact>8.6447715</exact>
        </velocity>
        <acceleration>
          <exact>2.7185445</exact>
        </acceleration>
      </state>
      <state>
        <position>
          <point>
            <x>565.21916</x>
            <y>835.32057</y>
          </point>
        </position>
        <orientation>
          <exact>2.7209172</exact>
        </orientation>
        <time>
          <exact>23</exact>
        </time>
        <velocity>
          <exact>8.6720227</exact>
        </velocity>
        <acceleration>
          <exact>0.1613065</exact>
        </acceleration>
      </state>
      <state>
        <position>
          <point>
            <x>564.42976</x>
            <y>835.6812</y>
          </point>
        </position>
        <orientation>
          <exact>2.7071207</exact>
        </orientation>
        <time>
          <exact>24</exact>
        </time>
        <velocity>
          <exact>8.6770328</exact>
        </velocity>
        <acceleration>
          <exact>0.0786715</exact>
        </acceleration>
      </state>
      <state>
        <position>
          <point>
            <x>563.64501</x>
            <y>836.05104</y>
          </point>
        </position>
        <orientation>
          <exact>2.6979626</exact>
        </orientation>
        <time>
          <exact>25</exact>
        </time>
        <velocity>
          <exact>8.687757</exact>
        </velocity>
        <acceleration>
          <exact>0.325181</exact>
        </acceleration>
      </state>
      <state>
        <position>
          <point>
            <x>562.86041</x>
            <y>836.427</y>
          </point>
        </position>
        <orientation>
          <exact>2.6918222</exact>
        </orientation>
        <time>
          <exact>26</exact>
        </time>
        <velocity>
          <exact>8.742069</exact>
        </velocity>
        <acceleration>
          <exact>0.501169</exact>
        </acceleration>
      </state>
      <state>
        <position>
          <point>
            <x>562.0705</x>
            <y>836.8112</y>
          </point>
        </position>
        <orientation>
          <exact>2.6912605</exact>
        </orientation>
        <time>
          <exact>27</exact>
        </time>
        <velocity>
          <exact>8.7879908</exact>
        </velocity>
        <acceleration>
          <exact>0.4103445</exact>
        </acceleration>
      </state>
      <state>
        <position>
          <point>
            <x>561.27805</x>
            <y>837.19201</y>
          </point>
        </position>
        <orientation>
          <exact>2.6991838</exact>
        </orientation>
        <time>
          <exact>28</exact>
        </time>
        <velocity>
          <exact>8.8241379</exact>
        </velocity>
        <acceleration>
          <exact>0.4681945</exact>
        </acceleration>
      </state>
      <state>
        <position>
          <point>
            <x>560.4756</x>
            <y>837.56671</y>
          </point>
        </position>
        <orientation>
          <exact>2.7116292</exact>
        </orientation>
        <time>
          <exact>29</exact>
        </time>
        <velocity>
          <exact>8.8816297</exact>
        </velocity>
        <acceleration>
          <exact>0.4244215</exact>
        </acceleration>
      </state>
      <state>
        <position>
          <point>
            <x>559.66342</x>
            <y>837.9324</y>
          </point>
        </position>
        <orientation>
          <exact>2.7265279</exact>
        </orientation>
        <time>
          <exact>30</exact>
        </time>
        <velocity>
          <exact>8.9090222</exact>
        </velocity>
        <acceleration>
          <exact>0.2570135</exact>
        </acceleration>
      </state>
      <state>
        <position>
          <point>
            <x>558.84514</x>
            <y>838.2852</y>
          </point>
        </position>
        <orientation>
          <exact>2.7422863</exact>
        </orientation>
        <time>
          <exact>31</exact>
        </time>
        <velocity>
          <exact>8.9330324</exact>
        </velocity>
        <acceleration>
          <exact>0.21321</exact>
        </acceleration>
      </state>
      <state>
        <position>
          <point>
            <x>558.0174</x>
            <y>838.62695</y>
          </point>
        </position>
        <orientation>
          <exact>2.7378166</exact>
        </orientation>
        <time>
          <exact>32</exact>
        </time>
        <velocity>
          <exact>8.9516642</exact>
        </velocity>
        <acceleration>
          <exact>0.022867</exact>
        </acceleration>
      </state>
      <state>
        <position>
          <point>
            <x>557.19889</x>
            <y>838.98855</y>
          </point>
        </position>
        <orientation>
          <exact>2.7182487</exact>
        </orientation>
        <time>
          <exact>33</exact>
        </time>
        <velocity>
          <exact>8.9376058</exact>
        </velocity>
        <acceleration>
          <exact>-0.304035</exact>
        </acceleration>
      </state>
    </trajectory>
  </dynamicObstacle>
  <dynamicObstacle id="319">
    <type>car</type>
    <shape>
      <rectangle>
        <length>5.0</length>
        <width>1.9837058007085417</width>
      </rectangle>
    </shape>
    <initialState>
      <position>
        <point>
          <x>570.83467</x>
          <y>830.97547</y>
        </point>
      </position>
      <orientation>
        <exact>2.7685658</exact>
      </orientation>
      <time>
        <exact>0</exact>
      </time>
      <velocity>
        <exact>11.425364</exact>
      </velocity>
      <acceleration>
        <exact>-0.919185</exact>
      </acceleration>
    </initialState>
    <trajectory>
      <state>
        <position>
          <point>
            <x>569.76813</x>
            <y>831.3852</y>
          </point>
        </position>
        <orientation>
          <exact>2.7685658</exact>
        </orientation>
        <time>
          <exact>1</exact>
        </time>
        <velocity>
          <exact>11.349643</exact>
        </velocity>
        <acceleration>
          <exact>-0.595235</exact>
        </acceleration>
      </state>
      <state>
        <position>
          <point>
            <x>568.72085</x>
            <y>831.80261</y>
          </point>
        </position>
        <orientation>
          <exact>2.767159</exact>
        </orientation>
        <time>
          <exact>2</exact>
        </time>
        <velocity>
          <exact>11.306317</exact>
        </velocity>
        <acceleration>
          <exact>-0.05956</exact>
        </acceleration>
      </state>
      <state>
        <position>
          <point>
            <x>567.66355</x>
            <y>832.21221</y>
          </point>
        </position>
        <orientation>
          <exact>2.7702903</exact>
        </orientation>
        <time>
          <exact>3</exact>
        </time>
        <velocity>
          <exact>11.337731</exact>
        </velocity>
        <acceleration>
          <exact>0.34105</exact>
        </acceleration>
      </state>
      <state>
        <position>
          <point>
            <x>566.60783</x>
            <y>832.62534</y>
          </point>
        </position>
        <orientation>
          <exact>2.7672028</exact>
        </orientation>
        <time>
          <exact>4</exact>
        </time>
        <velocity>
          <exact>11.374527</exact>
        </velocity>
        <acceleration>
          <exact>0.309835</exact>
        </acceleration>
      </state>
      <state>
        <position>
          <point>
            <x>565.54623</x>
            <y>833.04416</y>
          </point>
        </position>
        <orientation>
          <exact>2.7669177</exact>
        </orientation>
        <time>
          <exact>5</exact>
        </time>
        <velocity>
          <exact>11.399698</exact>
        </velocity>
        <acceleration>
          <exact>0.55032</exact>
        </acceleration>
      </state>
      <state>
        <position>
          <point>
            <x>564.48606</x>
            <y>833.45973</y>
          </point>
        </position>
        <orientation>
          <exact>2.7576265</exact>
        </orientation>
        <time>
          <exact>6</exact>
        </time>
        <velocity>
          <exact>11.484591</exact>
        </velocity>
        <acceleration>
          <exact>1.54307</exact>
        </acceleration>
      </state>
      <state>
        <position>
          <point>
            <x>563.41675</x>
            <y>833.90473</y>
          </point>
        </position>
        <orientation>
          <exact>2.7409265</exact>
        </orientation>
        <time>
          <exact>7</exact>
        </time>
        <velocity>
          <exact>11.708312</exact>
        </velocity>
        <acceleration>
          <exact>2.537005</exact>
        </acceleration>
      </state>
      <state>
        <position>
          <point>
            <x>562.32996</x>
            <y>834.37319</y>
          </point>
        </position>
        <orientation>
          <exact>2.728655</exact>
        </orientation>
        <time>
          <exact>8</exact>
        </time>
        <velocity>
          <exact>11.991992</exact>
        </velocity>
        <acceleration>
          <exact>3.01864</exact>
        </acceleration>
      </state>
      <state>
        <position>
          <point>
            <x>561.22006</x>
            <y>834.86737</y>
          </point>
        </position>
        <orientation>
          <exact>2.7187387</exact>
        </orientation>
        <time>
          <exact>9</exact>
        </time>
        <velocity>
          <exact>12.31204</exact>
        </velocity>
        <acceleration>
          <exact>2.862685</exact>
        </acceleration>
      </state>
      <state>
        <position>
          <point>
            <x>560.08451</x>
            <y>835.38378</y>
          </point>
        </position>
        <orientation>
          <exact>2.7128704</exact>
        </orientation>
        <time>
          <exact>10</exact>
        </time>
        <velocity>
          <exact>12.564529</exact>
        </velocity>
        <acceleration>
          <exact>2.39043</exact>
        </acceleration>
      </state>
      <state>
        <position>
          <point>
            <x>558.9346</x>
            <y>835.91203</y>
          </point>
        </position>
        <orientation>
          <exact>2.7090229</exact>
        </orientation>
        <time>
          <exact>11</exact>
        </time>
        <velocity>
          <exact>12.790126</exact>
        </velocity>
        <acceleration>
          <exact>2.599855</exact>
        </acceleration>
      </state>
      <state>
        <position>
          <point>
            <x>557.76213</x>
            <y>836.45616</y>
          </point>
        </position>
        <orientation>
          <exact>2.7061838</exact>
        </orientation>
        <time>
          <exact>12</exact>
        </time>
        <velocity>
          <exact>13.0845</exact>
        </velocity>
        <acceleration>
          <exact>2.825405</exact>
        </acceleration>
      </state>
      <state>
        <position>
          <point>
            <x>556.56188</x>
            <y>837.01582</y>
          </point>
        </position>
        <orientation>
          <exact>2.7039028</exact>
        </orientation>
        <time>
          <exact>13</exact>
        </time>
        <velocity>
          <exact>13.355207</exact>
        </velocity>
        <acceleration>
          <exact>2.75366</exact>
        </acceleration>
      </state>
      <state>
        <position>
          <point>
            <x>555.34289</x>
            <y>837.58831</y>
          </point>
        </position>
        <orientation>
          <exact>2.6997227</exact>
        </orientation>
        <time>
          <exact>14</exact>
        </time>
        <velocity>
          <exact>13.635232</exact>
        </velocity>
        <acceleration>
          <exact>3.078995</exact>
        </acceleration>
      </state>
      <state>
        <position>
          <point>
            <x>554.0968</x>
            <y>838.18207</y>
          </point>
        </position>
        <orientation>
          <exact>2.6912725</exact>
        </orientation>
        <time>
          <exact>15</exact>
        </time>
        <velocity>
          <exact>13.971006</exact>
        </velocity>
        <acceleration>
          <exact>2.88455</exact>
        </acceleration>
      </state>
      <state>
        <position>
          <point>
            <x>552.82737</x>
            <y>838.80464</y>
          </point>
        </position>
        <orientation>
          <exact>2.6812513</exact>
        </orientation>
        <time>
          <exact>16</exact>
        </time>
        <velocity>
          <exact>14.212142</exact>
        </velocity>
        <acceleration>
          <exact>2.018345</exact>
        </acceleration>
      </state>
      <state>
        <position>
          <point>
            <x>551.55032</x>
            <y>839.44487</y>
          </point>
        </position>
        <orientation>
          <exact>2.6760357</exact>
        </orientation>
        <time>
          <exact>17</exact>
        </time>
        <velocity>
          <exact>14.374675</exact>
        </velocity>
        <acceleration>
          <exact>1.943825</exact>
        </acceleration>
      </state>
      <state>
        <position>
          <point>
            <x>550.25842</x>
            <y>840.09527</y>
          </point>
        </position>
        <orientation>
          <exact>2.6761827</exact>
        </orientation>
        <time>
          <exact>18</exact>
        </time>
        <velocity>
          <exact>14.600907</exact>
        </velocity>
        <acceleration>
          <exact>2.598275</exact>
        </acceleration>
      </state>
      <state>
        <position>
          <point>
            <x>548.94073</x>
            <y>840.75539</y>
          </point>
        </position>
        <orientation>
          <exact>2.6792715</exact>
        </orientation>
        <time>
          <exact>19</exact>
        </time>
        <velocity>
          <exact>14.89433</exact>
        </velocity>
        <acceleration>
          <exact>3.025335</exact>
        </acceleration>
      </state>
      <state>
        <position>
          <point>
            <x>547.59225</x>
            <y>841.42387</y>
          </point>
        </position>
        <orientation>
          <exact>2.6857414</exact>
        </orientation>
        <time>
          <exact>20</exact>
        </time>
        <velocity>
          <exact>15.205974</exact>
        </velocity>
        <acceleration>
          <exact>2.98073</exact>
        </acceleration>
      </state>
      <state>
        <position>
          <point>
            <x>546.21004</x>
            <y>842.09407</y>
          </point>
        </position>
        <orientation>
          <exact>2.6936923</exact>
        </orientation>
        <time>
          <exact>21</exact>
        </time>
        <velocity>
          <exact>15.490476</exact>
        </velocity>
        <acceleration>
          <exact>2.76686</exact>
        </acceleration>
      </state>
      <state>
        <position>
          <point>
            <x>544.79974</x>
            <y>842.76548</y>
          </point>
        </position>
        <orientation>
          <exact>2.6979962</exact>
        </orientation>
        <time>
          <exact>22</exact>
        </time>
        <velocity>
          <exact>15.759346</exact>
        </velocity>
        <acceleration>
          <exact>2.72703</exact>
        </acceleration>
      </state>
      <state>
        <position>
          <point>
            <x>543.36322</x>
            <y>843.44681</y>
          </point>
        </position>
        <orientation>
          <exact>2.699099</exact>
        </orientation>
        <time>
          <exact>23</exact>
        </time>
        <velocity>
          <exact>16.035882</exact>
        </velocity>
        <acceleration>
          <exact>2.83936</exact>
        </acceleration>
      </state>
      <state>
        <position>
          <point>
            <x>541.90145</x>
            <y>844.13876</y>
          </point>
        </position>
        <orientation>
          <exact>2.6994866</exact>
        </orientation>
        <time>
          <exact>24</exact>
        </time>
        <velocity>
          <exact>16.327218</exact>
        </velocity>
        <acceleration>
          <exact>2.87418</exact>
        </acceleration>
      </state>
      <state>
        <position>
          <point>
            <x>540.41174</x>
            <y>844.84391</y>
          </point>
        </position>
        <orientation>
          <exact>2.6996061</exact>
        </orientation>
        <time>
          <exact>25</exact>
        </time>
        <velocity>
          <exact>16.610718</exact>
        </velocity>
        <acceleration>
          <exact>2.86413</exact>
        </acceleration>
      </state>
      <state>
        <position>
          <point>
            <x>538.89855</x>
            <y>845.55976</y>
          </point>
        </position>
        <orientation>
          <exact>2.699767</exact>
        </orientation>
        <time>
          <exact>26</exact>
        </time>
        <velocity>
          <exact>16.900044</exact>
        </velocity>
        <acceleration>
          <exact>3.03728</exact>
        </acceleration>
      </state>
      <state>
        <position>
          <point>
            <x>537.35631</x>
            <y>846.28917</y>
          </point>
        </position>
        <orientation>
          <exact>2.7000018</exact>
        </orientation>
        <time>
          <exact>27</exact>
        </time>
        <velocity>
          <exact>17.218174</exact>
        </velocity>
        <acceleration>
          <exact>3.15044</exact>
        </acceleration>
      </state>
      <state>
        <position>
          <point>
            <x>535.78525</x>
            <y>847.03149</y>
          </point>
        </position>
        <orientation>
          <exact>2.7000719</exact>
        </orientation>
        <time>
          <exact>28</exact>
        </time>
        <velocity>
          <exact>17.530132</exact>
        </velocity>
        <acceleration>
          <exact>3.154645</exact>
        </acceleration>
      </state>
      <state>
        <position>
          <point>
            <x>534.1865</x>
            <y>847.78735</y>
          </point>
        </position>
        <orientation>
          <exact>2.7014745</exact>
        </orientation>
        <time>
          <exact>29</exact>
        </time>
        <velocity>
          <exact>17.849103</exact>
        </velocity>
        <acceleration>
          <exact>2.873935</exact>
        </acceleration>
      </state>
      <state>
        <position>
          <point>
            <x>532.55561</x>
            <y>848.55235</y>
          </point>
        </position>
        <orientation>
          <exact>2.7056452</exact>
        </orientation>
        <time>
          <exact>30</exact>
        </time>
        <velocity>
          <exact>18.104919</exact>
        </velocity>
        <acceleration>
          <exact>2.407095</exact>
        </acceleration>
      </state>
      <state>
        <position>
          <point>
            <x>530.90418</x>
            <y>849.31633</y>
          </point>
        </position>
        <orientation>
          <exact>2.7112697</exact>
        </orientation>
        <time>
          <exact>31</exact>
        </time>
        <velocity>
          <exact>18.330522</exact>
        </velocity>
        <acceleration>
          <exact>2.236685</exact>
        </acceleration>
      </state>
      <state>
        <position>
          <point>
            <x>529.22372</x>
            <y>850.08164</y>
          </point>
        </position>
        <orientation>
          <exact>2.7175728</exact>
        </orientation>
        <time>
          <exact>32</exact>
        </time>
        <velocity>
          <exact>18.552256</exact>
        </velocity>
        <acceleration>
          <exact>2.091955</exact>
        </acceleration>
      </state>
      <state>
        <position>
          <point>
            <x>527.52231</x>
            <y>850.84285</y>
          </point>
        </position>
        <orientation>
          <exact>2.7244791</exact>
        </orientation>
        <time>
          <exact>33</exact>
        </time>
        <velocity>
          <exact>18.748913</exact>
        </velocity>
        <acceleration>
          <exact>1.841185</exact>
        </acceleration>
      </state>
    </trajectory>
  </dynamicObstacle>
  <dynamicObstacle id="321">
    <type>car</type>
    <shape>
      <rectangle>
        <length>5.0</length>
        <width>1.5769714444990512</width>
      </rectangle>
    </shape>
    <initialState>
      <position>
        <point>
          <x>604.38817</x>
          <y>822.43359</y>
        </point>
      </position>
      <orientation>
        <exact>2.8833348</exact>
      </orientation>
      <time>
        <exact>0</exact>
      </time>
      <velocity>
        <exact>12.981783</exact>
      </velocity>
      <acceleration>
        <exact>0.45624</exact>
      </acceleration>
    </initialState>
    <trajectory>
      <state>
        <position>
          <point>
            <x>603.13304</x>
            <y>822.76514</y>
          </point>
        </position>
        <orientation>
          <exact>2.8826302</exact>
        </orientation>
        <time>
          <exact>1</exact>
        </time>
        <velocity>
          <exact>13.112556</exact>
        </velocity>
        <acceleration>
          <exact>2.15922</exact>
        </acceleration>
      </state>
      <state>
        <position>
          <point>
            <x>601.85311</x>
            <y>823.10518</y>
          </point>
        </position>
        <orientation>
          <exact>2.8813436</exact>
        </orientation>
        <time>
          <exact>2</exact>
        </time>
        <velocity>
          <exact>13.413627</exact>
        </velocity>
        <acceleration>
          <exact>2.80073</exact>
        </acceleration>
      </state>
      <state>
        <position>
          <point>
            <x>600.54066</x>
            <y>823.45549</y>
          </point>
        </position>
        <orientation>
          <exact>2.8796249</exact>
        </orientation>
        <time>
          <exact>3</exact>
        </time>
        <velocity>
          <exact>13.672702</exact>
        </velocity>
        <acceleration>
          <exact>2.03552</exact>
        </acceleration>
      </state>
      <state>
        <position>
          <point>
            <x>599.21187</x>
            <y>823.81339</y>
          </point>
        </position>
        <orientation>
          <exact>2.8777368</exact>
        </orientation>
        <time>
          <exact>4</exact>
        </time>
        <velocity>
          <exact>13.820731</exact>
        </velocity>
        <acceleration>
          <exact>0.86849</exact>
        </acceleration>
      </state>
      <state>
        <position>
          <point>
            <x>597.87218</x>
            <y>824.1764</y>
          </point>
        </position>
        <orientation>
          <exact>2.8762759</exact>
        </orientation>
        <time>
          <exact>5</exact>
        </time>
        <velocity>
          <exact>13.8464</exact>
        </velocity>
        <acceleration>
          <exact>-0.47923</exact>
        </acceleration>
      </state>
      <state>
        <position>
          <point>
            <x>596.53949</x>
            <y>824.53954</y>
          </point>
        </position>
        <orientation>
          <exact>2.8752208</exact>
        </orientation>
        <time>
          <exact>6</exact>
        </time>
        <velocity>
          <exact>13.724885</exact>
        </velocity>
        <acceleration>
          <exact>-1.22108</exact>
        </acceleration>
      </state>
      <state>
        <position>
          <point>
            <x>595.22401</x>
            <y>824.89896</y>
          </point>
        </position>
        <orientation>
          <exact>2.8741654</exact>
        </orientation>
        <time>
          <exact>7</exact>
        </time>
        <velocity>
          <exact>13.602184</exact>
        </velocity>
        <acceleration>
          <exact>-0.493545</exact>
        </acceleration>
      </state>
      <state>
        <position>
          <point>
            <x>593.91575</x>
            <y>825.25841</y>
          </point>
        </position>
        <orientation>
          <exact>2.87305</exact>
        </orientation>
        <time>
          <exact>8</exact>
        </time>
        <velocity>
          <exact>13.626176</exact>
        </velocity>
        <acceleration>
          <exact>0.214545</exact>
        </acceleration>
      </state>
      <state>
        <position>
          <point>
            <x>592.59645</x>
            <y>825.62204</y>
          </point>
        </position>
        <orientation>
          <exact>2.8724153</exact>
        </orientation>
        <time>
          <exact>9</exact>
        </time>
        <velocity>
          <exact>13.645093</exact>
        </velocity>
        <acceleration>
          <exact>0.496295</exact>
        </acceleration>
      </state>
      <state>
        <position>
          <point>
            <x>591.285</x>
            <y>825.98416</y>
          </point>
        </position>
        <orientation>
          <exact>2.8712358</exact>
        </orientation>
        <time>
          <exact>10</exact>
        </time>
        <velocity>
          <exact>13.725435</exact>
        </velocity>
        <acceleration>
          <exact>1.01726</exact>
        </acceleration>
      </state>
      <state>
        <position>
          <point>
            <x>589.95109</x>
            <y>826.35521</y>
          </point>
        </position>
        <orientation>
          <exact>2.8674462</exact>
        </orientation>
        <time>
          <exact>11</exact>
        </time>
        <velocity>
          <exact>13.848545</exact>
        </velocity>
        <acceleration>
          <exact>0.60972</exact>
        </acceleration>
      </state>
      <state>
        <position>
          <point>
            <x>588.61874</x>
            <y>826.73399</y>
          </point>
        </position>
        <orientation>
          <exact>2.8628536</exact>
        </orientation>
        <time>
          <exact>12</exact>
        </time>
        <velocity>
          <exact>13.847379</exact>
        </velocity>
        <acceleration>
          <exact>0.171</exact>
        </acceleration>
      </state>
      <state>
        <position>
          <point>
            <x>587.28851</x>
            <y>827.11721</y>
          </point>
        </position>
        <orientation>
          <exact>2.8596744</exact>
        </orientation>
        <time>
          <exact>13</exact>
        </time>
        <velocity>
          <exact>13.882745</exact>
        </velocity>
        <acceleration>
          <exact>0.4716</exact>
        </acceleration>
      </state>
      <state>
        <position>
          <point>
            <x>585.9518</x>
            <y>827.50643</y>
          </point>
        </position>
        <orientation>
          <exact>2.8576473</exact>
        </orientation>
        <time>
          <exact>14</exact>
        </time>
        <velocity>
          <exact>13.941699</exact>
        </velocity>
        <acceleration>
          <exact>0.49802</exact>
        </acceleration>
      </state>
      <state>
        <position>
          <point>
            <x>584.61182</x>
            <y>827.89835</y>
          </point>
        </position>
        <orientation>
          <exact>2.8567972</exact>
        </orientation>
        <time>
          <exact>15</exact>
        </time>
        <velocity>
          <exact>13.982349</exact>
        </velocity>
        <acceleration>
          <exact>0.84595</exact>
        </acceleration>
      </state>
      <state>
        <position>
          <point>
            <x>583.26798</x>
            <y>828.29213</y>
          </point>
        </position>
        <orientation>
          <exact>2.8563931</exact>
        </orientation>
        <time>
          <exact>16</exact>
        </time>
        <velocity>
          <exact>14.110889</exact>
        </velocity>
        <acceleration>
          <exact>1.28063</exact>
        </acceleration>
      </state>
      <state>
        <position>
          <point>
            <x>581.90365</x>
            <y>828.69237</y>
          </point>
        </position>
        <orientation>
          <exact>2.8561182</exact>
        </orientation>
        <time>
          <exact>17</exact>
        </time>
        <velocity>
          <exact>14.238475</exact>
        </velocity>
        <acceleration>
          <exact>-0.529875</exact>
        </acceleration>
      </state>
      <state>
        <position>
          <point>
            <x>580.53553</x>
            <y>829.09408</y>
          </point>
        </position>
        <orientation>
          <exact>2.8556858</exact>
        </orientation>
        <time>
          <exact>18</exact>
        </time>
        <velocity>
          <exact>14.004914</exact>
        </velocity>
        <acceleration>
          <exact>-3.705435</exact>
        </acceleration>
      </state>
      <state>
        <position>
          <point>
            <x>579.21636</x>
            <y>829.48231</y>
          </point>
        </position>
        <orientation>
          <exact>2.8545152</exact>
        </orientation>
        <time>
          <exact>19</exact>
        </time>
        <velocity>
          <exact>13.497388</exact>
        </velocity>
        <acceleration>
          <exact>-4.685205</exact>
        </acceleration>
      </state>
      <state>
        <position>
          <point>
            <x>577.94652</x>
            <y>829.85839</y>
          </point>
        </position>
        <orientation>
          <exact>2.8522114</exact>
        </orientation>
        <time>
          <exact>20</exact>
        </time>
        <velocity>
          <exact>13.067873</exact>
        </velocity>
        <acceleration>
          <exact>-3.336405</exact>
        </acceleration>
      </state>
      <state>
        <position>
          <point>
            <x>576.71144</x>
            <y>830.22807</y>
          </point>
        </position>
        <orientation>
          <exact>2.8481687</exact>
        </orientation>
        <time>
          <exact>21</exact>
        </time>
        <velocity>
          <exact>12.830107</exact>
        </velocity>
        <acceleration>
          <exact>-1.915695</exact>
        </acceleration>
      </state>
      <state>
        <position>
          <point>
            <x>575.49017</x>
            <y>830.60053</y>
          </point>
        </position>
        <orientation>
          <exact>2.8440857</exact>
        </orientation>
        <time>
          <exact>22</exact>
        </time>
        <velocity>
          <exact>12.684734</exact>
        </velocity>
        <acceleration>
          <exact>-1.01128</exact>
        </acceleration>
      </state>
      <state>
        <position>
          <point>
            <x>574.28594</x>
            <y>830.97172</y>
          </point>
        </position>
        <orientation>
          <exact>2.8422748</exact>
        </orientation>
        <time>
          <exact>23</exact>
        </time>
        <velocity>
          <exact>12.627851</exact>
        </velocity>
        <acceleration>
          <exact>0.50842</exact>
        </acceleration>
      </state>
      <state>
        <position>
          <point>
            <x>573.07689</x>
            <y>831.34525</y>
          </point>
        </position>
        <orientation>
          <exact>2.8394487</exact>
        </orientation>
        <time>
          <exact>24</exact>
        </time>
        <velocity>
          <exact>12.786418</exact>
        </velocity>
        <acceleration>
          <exact>2.219905</exact>
        </acceleration>
      </state>
      <state>
        <position>
          <point>
            <x>571.84453</x>
            <y>831.73274</y>
          </point>
        </position>
        <orientation>
          <exact>2.8283167</exact>
        </orientation>
        <time>
          <exact>25</exact>
        </time>
        <velocity>
          <exact>13.071832</exact>
        </velocity>
        <acceleration>
          <exact>2.91484</exact>
        </acceleration>
      </state>
      <state>
        <position>
          <point>
            <x>570.58995</x>
            <y>832.15116</y>
          </point>
        </position>
        <orientation>
          <exact>2.812256</exact>
        </orientation>
        <time>
          <exact>26</exact>
        </time>
        <velocity>
          <exact>13.369386</exact>
        </velocity>
        <acceleration>
          <exact>3.045925</exact>
        </acceleration>
      </state>
      <state>
        <position>
          <point>
            <x>569.31449</x>
            <y>832.5977</y>
          </point>
        </position>
        <orientation>
          <exact>2.8051919</exact>
        </orientation>
        <time>
          <exact>27</exact>
        </time>
        <velocity>
          <exact>13.681017</exact>
        </velocity>
        <acceleration>
          <exact>3.1377</exact>
        </acceleration>
      </state>
      <state>
        <position>
          <point>
            <x>568.0071</x>
            <y>833.05434</y>
          </point>
        </position>
        <orientation>
          <exact>2.804083</exact>
        </orientation>
        <time>
          <exact>28</exact>
        </time>
        <velocity>
          <exact>13.996926</exact>
        </velocity>
        <acceleration>
          <exact>1.05966</exact>
        </acceleration>
      </state>
      <state>
        <position>
          <point>
            <x>566.67306</x>
            <y>833.52472</y>
          </point>
        </position>
        <orientation>
          <exact>2.7985753</exact>
        </orientation>
        <time>
          <exact>29</exact>
        </time>
        <velocity>
          <exact>13.892949</exact>
        </velocity>
        <acceleration>
          <exact>-3.052</exact>
        </acceleration>
      </state>
      <state>
        <position>
          <point>
            <x>565.39034</x>
            <y>833.98867</y>
          </point>
        </position>
        <orientation>
          <exact>2.7912696</exact>
        </orientation>
        <time>
          <exact>30</exact>
        </time>
        <velocity>
          <exact>13.386526</exact>
        </velocity>
        <acceleration>
          <exact>-5.07265</exact>
        </acceleration>
      </state>
      <state>
        <position>
          <point>
            <x>564.15833</x>
            <y>834.44341</y>
          </point>
        </position>
        <orientation>
          <exact>2.7849226</exact>
        </orientation>
        <time>
          <exact>31</exact>
        </time>
        <velocity>
          <exact>12.878419</exact>
        </velocity>
        <acceleration>
          <exact>-5.08282</exact>
        </acceleration>
      </state>
      <state>
        <position>
          <point>
            <x>562.97671</x>
            <y>834.88783</y>
          </point>
        </position>
        <orientation>
          <exact>2.7791687</exact>
        </orientation>
        <time>
          <exact>32</exact>
        </time>
        <velocity>
          <exact>12.369962</exact>
        </velocity>
        <acceleration>
          <exact>-5.08711</exact>
        </acceleration>
      </state>
      <state>
        <position>
          <point>
            <x>561.845</x>
            <y>835.32042</y>
          </point>
        </position>
        <orientation>
          <exact>2.7746859</exact>
        </orientation>
        <time>
          <exact>33</exact>
        </time>
        <velocity>
          <exact>11.860997</exact>
        </velocity>
        <acceleration>
          <exact>-5.09219</exact>
        </acceleration>
      </state>
    </trajectory>
  </dynamicObstacle>
  <planningProblem id="1">
    <initialState>
      <position>
        <point>
          <x>597.48221</x>
          <y>824.06341</y>
        </point>
      </position>
      <orientation>
        <exact>2.8772241</exact>
      </orientation>
      <time>
        <exact>0</exact>
      </time>
      <velocity>
        <exact>13.163182</exact>
      </velocity>
      <yawRate>
        <exact>0.0</exact>
      </yawRate>
      <slipAngle>
        <exact>0.0</exact>
      </slipAngle>
    </initialState>
    <goalState>
      <time>
        <intervalStart>33</intervalStart>
        <intervalEnd>33</intervalEnd>
      </time>
    </goalState>
  </planningProblem>
</commonRoad>
