<?xml version='1.0' encoding='UTF-8'?>
<commonRoad timeStepSize="0.1" commonRoadVersion="2020a" author="Moritz Klischat, Edmond Irani Liu, Fabian Höltke" affiliation="Technical University of Munich, Germany" source="Scenario Factory (OpenStreetMaps, SUMO Traffic Simulator)" benchmarkID="BEL_Nivelles-18_2_T-1" date="2020-08-23">
  <location>
    <geoNameId>2790101</geoNameId>
    <gpsLatitude>50.59833</gpsLatitude>
    <gpsLongitude>4.32848</gpsLongitude>
  </location>
  <scenarioTags>
    <simulated/>
    <critical/>
  </scenarioTags>
  <lanelet id="10988">
    <leftBound>
      <point>
        <x>-405.0304</x>
        <y>-166.68667</y>
      </point>
      <point>
        <x>-406.40024</x>
        <y>-170.85977</y>
      </point>
      <point>
        <x>-407.74228</x>
        <y>-176.19443</y>
      </point>
      <point>
        <x>-410.59411</x>
        <y>-190.21982</y>
      </point>
      <point>
        <x>-412.06143</x>
        <y>-195.71657</y>
      </point>
      <point>
        <x>-413.03653</x>
        <y>-198.63517</y>
      </point>
    </leftBound>
    <rightBound>
      <point>
        <x>-408.32895</x>
        <y>-165.51818</y>
      </point>
      <point>
        <x>-409.79476</x>
        <y>-170.00701</y>
      </point>
      <point>
        <x>-411.17225</x>
        <y>-175.49779</y>
      </point>
      <point>
        <x>-413.97623</x>
        <y>-189.31913</y>
      </point>
      <point>
        <x>-415.38119</x>
        <y>-194.60787</y>
      </point>
      <point>
        <x>-416.33486</x>
        <y>-197.46484</y>
      </point>
    </rightBound>
    <predecessor ref="10184"/>
    <successor ref="10126"/>
    <laneletType>urban</laneletType>
  </lanelet>
  <lanelet id="10126">
    <leftBound>
      <point>
        <x>-413.03653</x>
        <y>-198.63517</y>
      </point>
      <point>
        <x>-434.75247</x>
        <y>-258.45794</y>
      </point>
      <point>
        <x>-437.02241</x>
        <y>-264.46008</y>
      </point>
    </leftBound>
    <rightBound>
      <point>
        <x>-416.33486</x>
        <y>-197.46484</y>
      </point>
      <point>
        <x>-438.01305</x>
        <y>-257.18431</y>
      </point>
      <point>
        <x>-440.27973</x>
        <y>-263.17834</y>
      </point>
    </rightBound>
    <predecessor ref="10984"/>
    <predecessor ref="10988"/>
    <adjacentLeft ref="10125" drivingDir="same"/>
    <laneletType>urban</laneletType>
    <trafficSignRef ref="10313"/>
  </lanelet>
  <lanelet id="10984">
    <leftBound>
      <point>
        <x>-401.75388</x>
        <y>-167.91831</y>
      </point>
      <point>
        <x>-407.39611</x>
        <y>-183.27938</y>
      </point>
      <point>
        <x>-413.03653</x>
        <y>-198.63517</y>
      </point>
    </leftBound>
    <rightBound>
      <point>
        <x>-405.0304</x>
        <y>-166.68667</y>
      </point>
      <point>
        <x>-410.68266</x>
        <y>-182.07586</y>
      </point>
      <point>
        <x>-416.33486</x>
        <y>-197.46484</y>
      </point>
    </rightBound>
    <predecessor ref="10183"/>
    <successor ref="10126"/>
    <adjacentLeft ref="10982" drivingDir="same"/>
    <laneletType>urban</laneletType>
  </lanelet>
  <lanelet id="10982">
    <leftBound>
      <point>
        <x>-398.46965</x>
        <y>-169.12819</y>
      </point>
      <point>
        <x>-404.11073</x>
        <y>-184.48613</y>
      </point>
      <point>
        <x>-409.75121</x>
        <y>-199.84241</y>
      </point>
    </leftBound>
    <rightBound>
      <point>
        <x>-401.75388</x>
        <y>-167.91831</y>
      </point>
      <point>
        <x>-407.39611</x>
        <y>-183.27938</y>
      </point>
      <point>
        <x>-413.03653</x>
        <y>-198.63517</y>
      </point>
    </rightBound>
    <predecessor ref="10182"/>
    <successor ref="10125"/>
    <adjacentLeft ref="10981" drivingDir="same"/>
    <adjacentRight ref="10984" drivingDir="same"/>
    <laneletType>urban</laneletType>
  </lanelet>
  <lanelet id="10125">
    <leftBound>
      <point>
        <x>-409.75121</x>
        <y>-199.84241</y>
      </point>
      <point>
        <x>-431.49189</x>
        <y>-259.73156</y>
      </point>
      <point>
        <x>-433.72998</x>
        <y>-265.64901</y>
      </point>
    </leftBound>
    <rightBound>
      <point>
        <x>-413.03653</x>
        <y>-198.63517</y>
      </point>
      <point>
        <x>-434.75247</x>
        <y>-258.45794</y>
      </point>
      <point>
        <x>-436.98736</x>
        <y>-264.36741</y>
      </point>
    </rightBound>
    <predecessor ref="10982"/>
    <adjacentLeft ref="10124" drivingDir="same"/>
    <adjacentRight ref="10126" drivingDir="same"/>
    <laneletType>urban</laneletType>
    <trafficSignRef ref="10313"/>
  </lanelet>
  <lanelet id="10981">
    <leftBound>
      <point>
        <x>-395.1873</x>
        <y>-170.34316</y>
      </point>
      <point>
        <x>-400.82418</x>
        <y>-185.68965</y>
      </point>
      <point>
        <x>-406.46065</x>
        <y>-201.03499</y>
      </point>
    </leftBound>
    <rightBound>
      <point>
        <x>-398.46965</x>
        <y>-169.12819</y>
      </point>
      <point>
        <x>-404.11073</x>
        <y>-184.48613</y>
      </point>
      <point>
        <x>-409.75121</x>
        <y>-199.84241</y>
      </point>
    </rightBound>
    <predecessor ref="10181"/>
    <successor ref="10124"/>
    <adjacentRight ref="10982" drivingDir="same"/>
    <laneletType>urban</laneletType>
  </lanelet>
  <lanelet id="10124">
    <leftBound>
      <point>
        <x>-406.46065</x>
        <y>-201.03499</y>
      </point>
      <point>
        <x>-428.21822</x>
        <y>-260.96974</y>
      </point>
      <point>
        <x>-430.43559</x>
        <y>-266.83222</y>
      </point>
    </leftBound>
    <rightBound>
      <point>
        <x>-409.75121</x>
        <y>-199.84241</y>
      </point>
      <point>
        <x>-431.49189</x>
        <y>-259.73156</y>
      </point>
      <point>
        <x>-433.70546</x>
        <y>-265.58417</y>
      </point>
    </rightBound>
    <predecessor ref="10981"/>
    <adjacentRight ref="10125" drivingDir="same"/>
    <laneletType>urban</laneletType>
    <trafficSignRef ref="10313"/>
  </lanelet>
  <lanelet id="10183">
    <leftBound>
      <point>
        <x>-392.88625</x>
        <y>-143.9527</y>
      </point>
      <point>
        <x>-397.3213</x>
        <y>-155.93889</y>
      </point>
      <point>
        <x>-401.75388</x>
        <y>-167.91831</y>
      </point>
    </leftBound>
    <rightBound>
      <point>
        <x>-396.17311</x>
        <y>-142.75008</y>
      </point>
      <point>
        <x>-400.6038</x>
        <y>-154.72431</y>
      </point>
      <point>
        <x>-405.0304</x>
        <y>-166.68667</y>
      </point>
    </rightBound>
    <predecessor ref="11029"/>
    <successor ref="10984"/>
    <adjacentLeft ref="10182" drivingDir="same"/>
    <adjacentRight ref="10184" drivingDir="same"/>
    <laneletType>urban</laneletType>
    <trafficSignRef ref="10330"/>
  </lanelet>
  <lanelet id="10184">
    <leftBound>
      <point>
        <x>-396.17311</x>
        <y>-142.75008</y>
      </point>
      <point>
        <x>-400.6038</x>
        <y>-154.72431</y>
      </point>
      <point>
        <x>-405.0304</x>
        <y>-166.68667</y>
      </point>
    </leftBound>
    <rightBound>
      <point>
        <x>-399.45529</x>
        <y>-141.53461</y>
      </point>
      <point>
        <x>-403.88629</x>
        <y>-153.50973</y>
      </point>
      <point>
        <x>-408.32895</x>
        <y>-165.51818</y>
      </point>
    </rightBound>
    <predecessor ref="11113"/>
    <successor ref="10988"/>
    <adjacentLeft ref="10183" drivingDir="same"/>
    <laneletType>urban</laneletType>
    <trafficSignRef ref="10330"/>
  </lanelet>
  <lanelet id="10182">
    <leftBound>
      <point>
        <x>-389.6104</x>
        <y>-145.18549</y>
      </point>
      <point>
        <x>-394.0388</x>
        <y>-157.15347</y>
      </point>
      <point>
        <x>-398.46965</x>
        <y>-169.12819</y>
      </point>
    </leftBound>
    <rightBound>
      <point>
        <x>-392.88625</x>
        <y>-143.9527</y>
      </point>
      <point>
        <x>-397.3213</x>
        <y>-155.93889</y>
      </point>
      <point>
        <x>-401.75388</x>
        <y>-167.91831</y>
      </point>
    </rightBound>
    <predecessor ref="11025"/>
    <successor ref="10982"/>
    <adjacentLeft ref="10181" drivingDir="same"/>
    <adjacentRight ref="10183" drivingDir="same"/>
    <laneletType>urban</laneletType>
    <trafficSignRef ref="10330"/>
  </lanelet>
  <lanelet id="10181">
    <leftBound>
      <point>
        <x>-386.32182</x>
        <y>-146.38341</y>
      </point>
      <point>
        <x>-390.7563</x>
        <y>-158.36805</y>
      </point>
      <point>
        <x>-395.1873</x>
        <y>-170.34316</y>
      </point>
    </leftBound>
    <rightBound>
      <point>
        <x>-389.6104</x>
        <y>-145.18549</y>
      </point>
      <point>
        <x>-394.0388</x>
        <y>-157.15347</y>
      </point>
      <point>
        <x>-398.46965</x>
        <y>-169.12819</y>
      </point>
    </rightBound>
    <predecessor ref="11016"/>
    <successor ref="10981"/>
    <adjacentRight ref="10182" drivingDir="same"/>
    <laneletType>urban</laneletType>
    <trafficSignRef ref="10330"/>
  </lanelet>
  <lanelet id="11029">
    <leftBound>
      <point>
        <x>-371.33981</x>
        <y>-77.253514</y>
      </point>
      <point>
        <x>-377.46626</x>
        <y>-97.876122</y>
      </point>
      <point>
        <x>-383.58402</x>
        <y>-117.18093</y>
      </point>
      <point>
        <x>-388.77999</x>
        <y>-132.53181</y>
      </point>
      <point>
        <x>-392.88625</x>
        <y>-143.9527</y>
      </point>
    </leftBound>
    <rightBound>
      <point>
        <x>-374.69427</x>
        <y>-76.254788</y>
      </point>
      <point>
        <x>-380.80275</x>
        <y>-96.818837</y>
      </point>
      <point>
        <x>-386.89928</x>
        <y>-116.05886</y>
      </point>
      <point>
        <x>-392.07358</x>
        <y>-131.34764</y>
      </point>
      <point>
        <x>-396.17311</x>
        <y>-142.75008</y>
      </point>
    </rightBound>
    <successor ref="10183"/>
    <adjacentLeft ref="11025" drivingDir="same"/>
    <laneletType>urban</laneletType>
  </lanelet>
  <lanelet id="11113">
    <leftBound>
      <point>
        <x>-378.39623</x>
        <y>-74.846285</y>
      </point>
      <point>
        <x>-378.80172</x>
        <y>-76.992252</y>
      </point>
      <point>
        <x>-382.34311</x>
        <y>-93.745315</y>
      </point>
      <point>
        <x>-385.83264</x>
        <y>-108.4565</y>
      </point>
      <point>
        <x>-389.21379</x>
        <y>-121.12999</y>
      </point>
      <point>
        <x>-392.56382</x>
        <y>-132.25475</y>
      </point>
      <point>
        <x>-395.82421</x>
        <y>-141.80023</y>
      </point>
      <point>
        <x>-396.17311</x>
        <y>-142.75008</y>
      </point>
    </leftBound>
    <rightBound>
      <point>
        <x>-381.82227</x>
        <y>-74.130976</y>
      </point>
      <point>
        <x>-382.22607</x>
        <y>-76.268496</y>
      </point>
      <point>
        <x>-385.74866</x>
        <y>-92.937673</y>
      </point>
      <point>
        <x>-389.21442</x>
        <y>-107.55453</y>
      </point>
      <point>
        <x>-392.56524</x>
        <y>-120.12113</y>
      </point>
      <point>
        <x>-395.87599</x>
        <y>-131.1236</y>
      </point>
      <point>
        <x>-399.10957</x>
        <y>-140.59343</y>
      </point>
      <point>
        <x>-399.45529</x>
        <y>-141.53461</y>
      </point>
    </rightBound>
    <successor ref="10184"/>
    <laneletType>urban</laneletType>
  </lanelet>
  <lanelet id="11025">
    <leftBound>
      <point>
        <x>-368.07368</x>
        <y>-78.549261</y>
      </point>
      <point>
        <x>-374.16777</x>
        <y>-99.054041</y>
      </point>
      <point>
        <x>-380.29284</x>
        <y>-118.37508</y>
      </point>
      <point>
        <x>-385.4907</x>
        <y>-133.72846</y>
      </point>
      <point>
        <x>-389.6104</x>
        <y>-145.18549</y>
      </point>
    </leftBound>
    <rightBound>
      <point>
        <x>-371.38306</x>
        <y>-77.399105</y>
      </point>
      <point>
        <x>-377.46626</x>
        <y>-97.876122</y>
      </point>
      <point>
        <x>-383.58402</x>
        <y>-117.18093</y>
      </point>
      <point>
        <x>-388.77999</x>
        <y>-132.53181</y>
      </point>
      <point>
        <x>-392.88625</x>
        <y>-143.9527</y>
      </point>
    </rightBound>
    <successor ref="10182"/>
    <adjacentLeft ref="11016" drivingDir="same"/>
    <adjacentRight ref="11029" drivingDir="same"/>
    <laneletType>urban</laneletType>
  </lanelet>
  <lanelet id="11016">
    <leftBound>
      <point>
        <x>-364.76198</x>
        <y>-79.691821</y>
      </point>
      <point>
        <x>-370.83143</x>
        <y>-100.11177</y>
      </point>
      <point>
        <x>-376.9777</x>
        <y>-119.49748</y>
      </point>
      <point>
        <x>-382.19716</x>
        <y>-134.91275</y>
      </point>
      <point>
        <x>-386.32182</x>
        <y>-146.38341</y>
      </point>
    </leftBound>
    <rightBound>
      <point>
        <x>-368.11604</x>
        <y>-78.691796</y>
      </point>
      <point>
        <x>-374.16777</x>
        <y>-99.054041</y>
      </point>
      <point>
        <x>-380.29284</x>
        <y>-118.37508</y>
      </point>
      <point>
        <x>-385.4907</x>
        <y>-133.72846</y>
      </point>
      <point>
        <x>-389.6104</x>
        <y>-145.18549</y>
      </point>
    </rightBound>
    <successor ref="10181"/>
    <adjacentRight ref="11025" drivingDir="same"/>
    <laneletType>urban</laneletType>
  </lanelet>
  <trafficSign id="10313">
    <trafficSignElement>
      <trafficSignID>274</trafficSignID>
      <additionalValue>33.333333333333336</additionalValue>
    </trafficSignElement>
    <position>
      <point>
        <x>-416.33486</x>
        <y>-197.46484</y>
      </point>
    </position>
    <virtual>false</virtual>
  </trafficSign>
  <trafficSign id="10330">
    <trafficSignElement>
      <trafficSignID>274</trafficSignID>
      <additionalValue>33.333333333333336</additionalValue>
    </trafficSignElement>
    <position>
      <point>
        <x>-399.45529</x>
        <y>-141.53461</y>
      </point>
    </position>
    <virtual>false</virtual>
  </trafficSign>
  <dynamicObstacle id="33">
    <type>motorcycle</type>
    <shape>
      <rectangle>
        <length>2.5</length>
        <width>0.8</width>
      </rectangle>
    </shape>
    <initialState>
      <position>
        <point>
          <x>-398.98737</x>
          <y>-148.49236</y>
        </point>
      </position>
      <orientation>
        <exact>-1.8447873</exact>
      </orientation>
      <time>
        <exact>0</exact>
      </time>
      <velocity>
        <exact>12.034116</exact>
      </velocity>
      <acceleration>
        <exact>0.987325</exact>
      </acceleration>
    </initialState>
    <trajectory>
      <state>
        <position>
          <point>
            <x>-399.31298</x>
            <y>-149.65088</y>
          </point>
        </position>
        <orientation>
          <exact>-1.8479262</exact>
        </orientation>
        <time>
          <exact>1</exact>
        </time>
        <velocity>
          <exact>12.213731</exact>
        </velocity>
        <acceleration>
          <exact>2.604975</exact>
        </acceleration>
      </state>
      <state>
        <position>
          <point>
            <x>-399.6558</x>
            <y>-150.84186</y>
          </point>
        </position>
        <orientation>
          <exact>-1.8541638</exact>
        </orientation>
        <time>
          <exact>2</exact>
        </time>
        <velocity>
          <exact>12.555111</exact>
        </velocity>
        <acceleration>
          <exact>3.11266</exact>
        </acceleration>
      </state>
      <state>
        <position>
          <point>
            <x>-400.01513</x>
            <y>-152.06173</y>
          </point>
        </position>
        <orientation>
          <exact>-1.8605625</exact>
        </orientation>
        <time>
          <exact>3</exact>
        </time>
        <velocity>
          <exact>12.836263</exact>
        </velocity>
        <acceleration>
          <exact>2.815505</exact>
        </acceleration>
      </state>
      <state>
        <position>
          <point>
            <x>-400.38941</x>
            <y>-153.30205</y>
          </point>
        </position>
        <orientation>
          <exact>-1.8676422</exact>
        </orientation>
        <time>
          <exact>4</exact>
        </time>
        <velocity>
          <exact>13.118212</exact>
        </velocity>
        <acceleration>
          <exact>2.445115</exact>
        </acceleration>
      </state>
      <state>
        <position>
          <point>
            <x>-400.78268</x>
            <y>-154.57057</y>
          </point>
        </position>
        <orientation>
          <exact>-1.8748035</exact>
        </orientation>
        <time>
          <exact>5</exact>
        </time>
        <velocity>
          <exact>13.325286</exact>
        </velocity>
        <acceleration>
          <exact>2.09011</exact>
        </acceleration>
      </state>
      <state>
        <position>
          <point>
            <x>-401.18721</x>
            <y>-155.84488</y>
          </point>
        </position>
        <orientation>
          <exact>-1.8807968</exact>
        </orientation>
        <time>
          <exact>6</exact>
        </time>
        <velocity>
          <exact>13.536234</exact>
        </velocity>
        <acceleration>
          <exact>3.12816</exact>
        </acceleration>
      </state>
      <state>
        <position>
          <point>
            <x>-401.60863</x>
            <y>-157.14873</y>
          </point>
        </position>
        <orientation>
          <exact>-1.8901697</exact>
        </orientation>
        <time>
          <exact>7</exact>
        </time>
        <velocity>
          <exact>13.950918</exact>
        </velocity>
        <acceleration>
          <exact>3.99888</exact>
        </acceleration>
      </state>
      <state>
        <position>
          <point>
            <x>-402.06355</x>
            <y>-158.4938</y>
          </point>
        </position>
        <orientation>
          <exact>-1.905015</exact>
        </orientation>
        <time>
          <exact>8</exact>
        </time>
        <velocity>
          <exact>14.33601</exact>
        </velocity>
        <acceleration>
          <exact>2.5939</exact>
        </acceleration>
      </state>
      <state>
        <position>
          <point>
            <x>-402.54934</x>
            <y>-159.85712</y>
          </point>
        </position>
        <orientation>
          <exact>-1.9202327</exact>
        </orientation>
        <time>
          <exact>9</exact>
        </time>
        <velocity>
          <exact>14.469698</exact>
        </velocity>
        <acceleration>
          <exact>0.914295</exact>
        </acceleration>
      </state>
      <state>
        <position>
          <point>
            <x>-403.05431</x>
            <y>-161.21278</y>
          </point>
        </position>
        <orientation>
          <exact>-1.9345572</exact>
        </orientation>
        <time>
          <exact>10</exact>
        </time>
        <velocity>
          <exact>14.518869</exact>
        </velocity>
        <acceleration>
          <exact>0.837135</exact>
        </acceleration>
      </state>
      <state>
        <position>
          <point>
            <x>-403.58252</x>
            <y>-162.57079</y>
          </point>
        </position>
        <orientation>
          <exact>-1.9498274</exact>
        </orientation>
        <time>
          <exact>11</exact>
        </time>
        <velocity>
          <exact>14.637125</exact>
        </velocity>
        <acceleration>
          <exact>1.44776</exact>
        </acceleration>
      </state>
      <state>
        <position>
          <point>
            <x>-404.13758</x>
            <y>-163.9323</y>
          </point>
        </position>
        <orientation>
          <exact>-1.9629612</exact>
        </orientation>
        <time>
          <exact>12</exact>
        </time>
        <velocity>
          <exact>14.808421</exact>
        </velocity>
        <acceleration>
          <exact>2.02175</exact>
        </acceleration>
      </state>
      <state>
        <position>
          <point>
            <x>-404.71453</x>
            <y>-165.30756</y>
          </point>
        </position>
        <orientation>
          <exact>-1.9728554</exact>
        </orientation>
        <time>
          <exact>13</exact>
        </time>
        <velocity>
          <exact>15.041475</exact>
        </velocity>
        <acceleration>
          <exact>2.081505</exact>
        </acceleration>
      </state>
      <state>
        <position>
          <point>
            <x>-405.31487</x>
            <y>-166.70062</y>
          </point>
        </position>
        <orientation>
          <exact>-1.9803615</exact>
        </orientation>
        <time>
          <exact>14</exact>
        </time>
        <velocity>
          <exact>15.224722</exact>
        </velocity>
        <acceleration>
          <exact>1.01875</exact>
        </acceleration>
      </state>
      <state>
        <position>
          <point>
            <x>-405.92708</x>
            <y>-168.10065</y>
          </point>
        </position>
        <orientation>
          <exact>-1.9785524</exact>
        </orientation>
        <time>
          <exact>15</exact>
        </time>
        <velocity>
          <exact>15.245225</exact>
        </velocity>
        <acceleration>
          <exact>0.55226</exact>
        </acceleration>
      </state>
      <state>
        <position>
          <point>
            <x>-406.52398</x>
            <y>-169.49965</y>
          </point>
        </position>
        <orientation>
          <exact>-1.963903</exact>
        </orientation>
        <time>
          <exact>16</exact>
        </time>
        <velocity>
          <exact>15.335174</exact>
        </velocity>
        <acceleration>
          <exact>1.740435</exact>
        </acceleration>
      </state>
      <state>
        <position>
          <point>
            <x>-407.10164</x>
            <y>-170.93369</y>
          </point>
        </position>
        <orientation>
          <exact>-1.9428866</exact>
        </orientation>
        <time>
          <exact>17</exact>
        </time>
        <velocity>
          <exact>15.593312</exact>
        </velocity>
        <acceleration>
          <exact>2.87564</exact>
        </acceleration>
      </state>
      <state>
        <position>
          <point>
            <x>-407.65748</x>
            <y>-172.40483</y>
          </point>
        </position>
        <orientation>
          <exact>-1.9223417</exact>
        </orientation>
        <time>
          <exact>18</exact>
        </time>
        <velocity>
          <exact>15.910302</exact>
        </velocity>
        <acceleration>
          <exact>2.89388</exact>
        </acceleration>
      </state>
      <state>
        <position>
          <point>
            <x>-408.197</x>
            <y>-173.92112</y>
          </point>
        </position>
        <orientation>
          <exact>-1.9019701</exact>
        </orientation>
        <time>
          <exact>19</exact>
        </time>
        <velocity>
          <exact>16.172088</exact>
        </velocity>
        <acceleration>
          <exact>1.97834</exact>
        </acceleration>
      </state>
      <state>
        <position>
          <point>
            <x>-408.70894</x>
            <y>-175.46337</y>
          </point>
        </position>
        <orientation>
          <exact>-1.8849402</exact>
        </orientation>
        <time>
          <exact>20</exact>
        </time>
        <velocity>
          <exact>16.30597</exact>
        </velocity>
        <acceleration>
          <exact>1.36185</exact>
        </acceleration>
      </state>
      <state>
        <position>
          <point>
            <x>-409.20462</x>
            <y>-177.02268</y>
          </point>
        </position>
        <orientation>
          <exact>-1.8744611</exact>
        </orientation>
        <time>
          <exact>21</exact>
        </time>
        <velocity>
          <exact>16.444458</exact>
        </velocity>
        <acceleration>
          <exact>1.58376</exact>
        </acceleration>
      </state>
      <state>
        <position>
          <point>
            <x>-409.69231</x>
            <y>-178.60178</y>
          </point>
        </position>
        <orientation>
          <exact>-1.8657432</exact>
        </orientation>
        <time>
          <exact>22</exact>
        </time>
        <velocity>
          <exact>16.622722</exact>
        </velocity>
        <acceleration>
          <exact>2.12281</exact>
        </acceleration>
      </state>
      <state>
        <position>
          <point>
            <x>-410.17094</x>
            <y>-180.20365</y>
          </point>
        </position>
        <orientation>
          <exact>-1.8565091</exact>
        </orientation>
        <time>
          <exact>23</exact>
        </time>
        <velocity>
          <exact>16.86902</exact>
        </velocity>
        <acceleration>
          <exact>2.604945</exact>
        </acceleration>
      </state>
      <state>
        <position>
          <point>
            <x>-410.64305</x>
            <y>-181.83882</y>
          </point>
        </position>
        <orientation>
          <exact>-1.8479162</exact>
        </orientation>
        <time>
          <exact>24</exact>
        </time>
        <velocity>
          <exact>17.143711</exact>
        </velocity>
        <acceleration>
          <exact>2.494965</exact>
        </acceleration>
      </state>
      <state>
        <position>
          <point>
            <x>-411.10889</x>
            <y>-183.50158</y>
          </point>
        </position>
        <orientation>
          <exact>-1.8414147</exact>
        </orientation>
        <time>
          <exact>25</exact>
        </time>
        <velocity>
          <exact>17.368013</exact>
        </velocity>
        <acceleration>
          <exact>2.0635</exact>
        </acceleration>
      </state>
      <state>
        <position>
          <point>
            <x>-411.57158</x>
            <y>-185.18601</y>
          </point>
        </position>
        <orientation>
          <exact>-1.8368138</exact>
        </orientation>
        <time>
          <exact>26</exact>
        </time>
        <velocity>
          <exact>17.556411</exact>
        </velocity>
        <acceleration>
          <exact>2.059255</exact>
        </acceleration>
      </state>
      <state>
        <position>
          <point>
            <x>-412.03194</x>
            <y>-186.88936</y>
          </point>
        </position>
        <orientation>
          <exact>-1.8322951</exact>
        </orientation>
        <time>
          <exact>27</exact>
        </time>
        <velocity>
          <exact>17.779864</exact>
        </velocity>
        <acceleration>
          <exact>2.26956</exact>
        </acceleration>
      </state>
      <state>
        <position>
          <point>
            <x>-412.49084</x>
            <y>-188.6211</y>
          </point>
        </position>
        <orientation>
          <exact>-1.8264941</exact>
        </orientation>
        <time>
          <exact>28</exact>
        </time>
        <velocity>
          <exact>18.010323</exact>
        </velocity>
        <acceleration>
          <exact>2.0774</exact>
        </acceleration>
      </state>
      <state>
        <position>
          <point>
            <x>-412.94291</x>
            <y>-190.37431</y>
          </point>
        </position>
        <orientation>
          <exact>-1.8266802</exact>
        </orientation>
        <time>
          <exact>29</exact>
        </time>
        <velocity>
          <exact>18.195344</exact>
        </velocity>
        <acceleration>
          <exact>2.074495</exact>
        </acceleration>
      </state>
      <state>
        <position>
          <point>
            <x>-413.41194</x>
            <y>-192.14164</y>
          </point>
        </position>
        <orientation>
          <exact>-1.8360015</exact>
        </orientation>
        <time>
          <exact>30</exact>
        </time>
        <velocity>
          <exact>18.425222</exact>
        </velocity>
        <acceleration>
          <exact>2.04035</exact>
        </acceleration>
      </state>
      <state>
        <position>
          <point>
            <x>-413.90893</x>
            <y>-193.93041</y>
          </point>
        </position>
        <orientation>
          <exact>-1.8422057</exact>
        </orientation>
        <time>
          <exact>31</exact>
        </time>
        <velocity>
          <exact>18.603414</exact>
        </velocity>
        <acceleration>
          <exact>1.53323</exact>
        </acceleration>
      </state>
      <state>
        <position>
          <point>
            <x>-414.40942</x>
            <y>-195.72612</y>
          </point>
        </position>
        <orientation>
          <exact>-1.8541716</exact>
        </orientation>
        <time>
          <exact>32</exact>
        </time>
        <velocity>
          <exact>18.731868</exact>
        </velocity>
        <acceleration>
          <exact>1.55634</exact>
        </acceleration>
      </state>
      <state>
        <position>
          <point>
            <x>-414.95654</x>
            <y>-197.52707</y>
          </point>
        </position>
        <orientation>
          <exact>-1.8757552</exact>
        </orientation>
        <time>
          <exact>33</exact>
        </time>
        <velocity>
          <exact>18.914682</exact>
        </velocity>
        <acceleration>
          <exact>2.09994</exact>
        </acceleration>
      </state>
    </trajectory>
  </dynamicObstacle>
  <dynamicObstacle id="319">
    <type>car</type>
    <shape>
      <rectangle>
        <length>5.0</length>
        <width>2.0</width>
      </rectangle>
    </shape>
    <initialState>
      <position>
        <point>
          <x>-410.31142</x>
          <y>-186.08566</y>
        </point>
      </position>
      <orientation>
        <exact>-1.9214453</exact>
      </orientation>
      <time>
        <exact>0</exact>
      </time>
      <velocity>
        <exact>11.619704</exact>
      </velocity>
      <acceleration>
        <exact>0.50758</exact>
      </acceleration>
    </initialState>
    <trajectory>
      <state>
        <position>
          <point>
            <x>-410.71057</x>
            <y>-187.17693</y>
          </point>
        </position>
        <orientation>
          <exact>-1.9215235</exact>
        </orientation>
        <time>
          <exact>1</exact>
        </time>
        <velocity>
          <exact>11.725611</exact>
        </velocity>
        <acceleration>
          <exact>1.61056</exact>
        </acceleration>
      </state>
      <state>
        <position>
          <point>
            <x>-411.11716</x>
            <y>-188.28802</y>
          </point>
        </position>
        <orientation>
          <exact>-1.9215885</exact>
        </orientation>
        <time>
          <exact>2</exact>
        </time>
        <velocity>
          <exact>11.941816</exact>
        </velocity>
        <acceleration>
          <exact>2.29178</exact>
        </acceleration>
      </state>
      <state>
        <position>
          <point>
            <x>-411.53131</x>
            <y>-189.41984</y>
          </point>
        </position>
        <orientation>
          <exact>-1.921564</exact>
        </orientation>
        <time>
          <exact>3</exact>
        </time>
        <velocity>
          <exact>12.183967</exact>
        </velocity>
        <acceleration>
          <exact>2.37577</exact>
        </acceleration>
      </state>
      <state>
        <position>
          <point>
            <x>-411.95449</x>
            <y>-190.57644</y>
          </point>
        </position>
        <orientation>
          <exact>-1.9215157</exact>
        </orientation>
        <time>
          <exact>4</exact>
        </time>
        <velocity>
          <exact>12.41697</exact>
        </velocity>
        <acceleration>
          <exact>2.174035</exact>
        </acceleration>
      </state>
      <state>
        <position>
          <point>
            <x>-412.38453</x>
            <y>-191.75206</y>
          </point>
        </position>
        <orientation>
          <exact>-1.9210022</exact>
        </orientation>
        <time>
          <exact>5</exact>
        </time>
        <velocity>
          <exact>12.618774</exact>
        </velocity>
        <acceleration>
          <exact>2.07709</exact>
        </acceleration>
      </state>
      <state>
        <position>
          <point>
            <x>-412.82036</x>
            <y>-192.94701</y>
          </point>
        </position>
        <orientation>
          <exact>-1.9203848</exact>
        </orientation>
        <time>
          <exact>6</exact>
        </time>
        <velocity>
          <exact>12.832388</exact>
        </velocity>
        <acceleration>
          <exact>2.154095</exact>
        </acceleration>
      </state>
      <state>
        <position>
          <point>
            <x>-413.26358</x>
            <y>-194.1633</y>
          </point>
        </position>
        <orientation>
          <exact>-1.9201581</exact>
        </orientation>
        <time>
          <exact>7</exact>
        </time>
        <velocity>
          <exact>13.049593</exact>
        </velocity>
        <acceleration>
          <exact>2.02183</exact>
        </acceleration>
      </state>
      <state>
        <position>
          <point>
            <x>-413.71373</x>
            <y>-195.39926</y>
          </point>
        </position>
        <orientation>
          <exact>-1.9200359</exact>
        </orientation>
        <time>
          <exact>8</exact>
        </time>
        <velocity>
          <exact>13.236754</exact>
        </velocity>
        <acceleration>
          <exact>2.05869</exact>
        </acceleration>
      </state>
      <state>
        <position>
          <point>
            <x>-414.16946</x>
            <y>-196.65084</y>
          </point>
        </position>
        <orientation>
          <exact>-1.9198758</exact>
        </orientation>
        <time>
          <exact>9</exact>
        </time>
        <velocity>
          <exact>13.461331</exact>
        </velocity>
        <acceleration>
          <exact>2.25601</exact>
        </acceleration>
      </state>
      <state>
        <position>
          <point>
            <x>-414.63457</x>
            <y>-197.92916</y>
          </point>
        </position>
        <orientation>
          <exact>-1.91963</exact>
        </orientation>
        <time>
          <exact>10</exact>
        </time>
        <velocity>
          <exact>13.687956</exact>
        </velocity>
        <acceleration>
          <exact>1.972525</exact>
        </acceleration>
      </state>
      <state>
        <position>
          <point>
            <x>-415.10517</x>
            <y>-199.22355</y>
          </point>
        </position>
        <orientation>
          <exact>-1.9195776</exact>
        </orientation>
        <time>
          <exact>11</exact>
        </time>
        <velocity>
          <exact>13.855836</exact>
        </velocity>
        <acceleration>
          <exact>1.90352</exact>
        </acceleration>
      </state>
      <state>
        <position>
          <point>
            <x>-415.58162</x>
            <y>-200.53347</y>
          </point>
        </position>
        <orientation>
          <exact>-1.9196124</exact>
        </orientation>
        <time>
          <exact>12</exact>
        </time>
        <velocity>
          <exact>14.06866</exact>
        </velocity>
        <acceleration>
          <exact>2.107685</exact>
        </acceleration>
      </state>
      <state>
        <position>
          <point>
            <x>-416.06686</x>
            <y>-201.86784</y>
          </point>
        </position>
        <orientation>
          <exact>-1.9194689</exact>
        </orientation>
        <time>
          <exact>13</exact>
        </time>
        <velocity>
          <exact>14.277373</exact>
        </velocity>
        <acceleration>
          <exact>1.89042</exact>
        </acceleration>
      </state>
      <state>
        <position>
          <point>
            <x>-416.55719</x>
            <y>-203.21712</y>
          </point>
        </position>
        <orientation>
          <exact>-1.919363</exact>
        </orientation>
        <time>
          <exact>14</exact>
        </time>
        <velocity>
          <exact>14.446744</exact>
        </velocity>
        <acceleration>
          <exact>1.93335</exact>
        </acceleration>
      </state>
      <state>
        <position>
          <point>
            <x>-417.05372</x>
            <y>-204.58343</y>
          </point>
        </position>
        <orientation>
          <exact>-1.9193941</exact>
        </orientation>
        <time>
          <exact>15</exact>
        </time>
        <velocity>
          <exact>14.664043</exact>
        </velocity>
        <acceleration>
          <exact>2.108305</exact>
        </acceleration>
      </state>
      <state>
        <position>
          <point>
            <x>-417.55898</x>
            <y>-205.97353</y>
          </point>
        </position>
        <orientation>
          <exact>-1.9193544</exact>
        </orientation>
        <time>
          <exact>16</exact>
        </time>
        <velocity>
          <exact>14.868405</exact>
        </velocity>
        <acceleration>
          <exact>2.038315</exact>
        </acceleration>
      </state>
      <state>
        <position>
          <point>
            <x>-418.06936</x>
            <y>-207.37829</y>
          </point>
        </position>
        <orientation>
          <exact>-1.9192777</exact>
        </orientation>
        <time>
          <exact>17</exact>
        </time>
        <velocity>
          <exact>15.071706</exact>
        </velocity>
        <acceleration>
          <exact>2.3378</exact>
        </acceleration>
      </state>
      <state>
        <position>
          <point>
            <x>-418.58829</x>
            <y>-208.80669</y>
          </point>
        </position>
        <orientation>
          <exact>-1.9192684</exact>
        </orientation>
        <time>
          <exact>18</exact>
        </time>
        <velocity>
          <exact>15.335965</exact>
        </velocity>
        <acceleration>
          <exact>2.492575</exact>
        </acceleration>
      </state>
      <state>
        <position>
          <point>
            <x>-419.11669</x>
            <y>-210.26113</y>
          </point>
        </position>
        <orientation>
          <exact>-1.919241</exact>
        </orientation>
        <time>
          <exact>19</exact>
        </time>
        <velocity>
          <exact>15.570221</exact>
        </velocity>
        <acceleration>
          <exact>2.34501</exact>
        </acceleration>
      </state>
      <state>
        <position>
          <point>
            <x>-419.65154</x>
            <y>-211.73359</y>
          </point>
        </position>
        <orientation>
          <exact>-1.9192008</exact>
        </orientation>
        <time>
          <exact>20</exact>
        </time>
        <velocity>
          <exact>15.804967</exact>
        </velocity>
        <acceleration>
          <exact>2.156785</exact>
        </acceleration>
      </state>
      <state>
        <position>
          <point>
            <x>-420.19585</x>
            <y>-213.23221</y>
          </point>
        </position>
        <orientation>
          <exact>-1.9191948</exact>
        </orientation>
        <time>
          <exact>21</exact>
        </time>
        <velocity>
          <exact>16.001578</exact>
        </velocity>
        <acceleration>
          <exact>1.94262</exact>
        </acceleration>
      </state>
      <state>
        <position>
          <point>
            <x>-420.74411</x>
            <y>-214.74164</y>
          </point>
        </position>
        <orientation>
          <exact>-1.9192013</exact>
        </orientation>
        <time>
          <exact>22</exact>
        </time>
        <velocity>
          <exact>16.193491</exact>
        </velocity>
        <acceleration>
          <exact>2.087595</exact>
        </acceleration>
      </state>
      <state>
        <position>
          <point>
            <x>-421.30154</x>
            <y>-216.27632</y>
          </point>
        </position>
        <orientation>
          <exact>-1.9191732</exact>
        </orientation>
        <time>
          <exact>23</exact>
        </time>
        <velocity>
          <exact>16.419097</exact>
        </velocity>
        <acceleration>
          <exact>2.20496</exact>
        </acceleration>
      </state>
      <state>
        <position>
          <point>
            <x>-421.86511</x>
            <y>-217.82819</y>
          </point>
        </position>
        <orientation>
          <exact>-1.919076</exact>
        </orientation>
        <time>
          <exact>24</exact>
        </time>
        <velocity>
          <exact>16.634483</exact>
        </velocity>
        <acceleration>
          <exact>2.09019</exact>
        </acceleration>
      </state>
      <state>
        <position>
          <point>
            <x>-422.43694</x>
            <y>-219.40348</y>
          </point>
        </position>
        <orientation>
          <exact>-1.9189433</exact>
        </orientation>
        <time>
          <exact>25</exact>
        </time>
        <velocity>
          <exact>16.837135</exact>
        </velocity>
        <acceleration>
          <exact>2.119605</exact>
        </acceleration>
      </state>
      <state>
        <position>
          <point>
            <x>-423.01393</x>
            <y>-220.99359</y>
          </point>
        </position>
        <orientation>
          <exact>-1.9188625</exact>
        </orientation>
        <time>
          <exact>26</exact>
        </time>
        <velocity>
          <exact>17.058404</exact>
        </velocity>
        <acceleration>
          <exact>2.47826</exact>
        </acceleration>
      </state>
      <state>
        <position>
          <point>
            <x>-423.6006</x>
            <y>-222.61057</y>
          </point>
        </position>
        <orientation>
          <exact>-1.9188434</exact>
        </orientation>
        <time>
          <exact>27</exact>
        </time>
        <velocity>
          <exact>17.332787</exact>
        </velocity>
        <acceleration>
          <exact>2.61634</exact>
        </acceleration>
      </state>
      <state>
        <position>
          <point>
            <x>-424.19624</x>
            <y>-224.2523</y>
          </point>
        </position>
        <orientation>
          <exact>-1.9187717</exact>
        </orientation>
        <time>
          <exact>28</exact>
        </time>
        <velocity>
          <exact>17.581672</exact>
        </velocity>
        <acceleration>
          <exact>2.240125</exact>
        </acceleration>
      </state>
      <state>
        <position>
          <point>
            <x>-424.79965</x>
            <y>-225.91616</y>
          </point>
        </position>
        <orientation>
          <exact>-1.9185946</exact>
        </orientation>
        <time>
          <exact>29</exact>
        </time>
        <velocity>
          <exact>17.780812</exact>
        </velocity>
        <acceleration>
          <exact>1.831755</exact>
        </acceleration>
      </state>
      <state>
        <position>
          <point>
            <x>-425.40829</x>
            <y>-227.59554</y>
          </point>
        </position>
        <orientation>
          <exact>-1.9184823</exact>
        </orientation>
        <time>
          <exact>30</exact>
        </time>
        <velocity>
          <exact>17.948023</exact>
        </velocity>
        <acceleration>
          <exact>1.92967</exact>
        </acceleration>
      </state>
      <state>
        <position>
          <point>
            <x>-426.02271</x>
            <y>-229.29097</y>
          </point>
        </position>
        <orientation>
          <exact>-1.9184755</exact>
        </orientation>
        <time>
          <exact>31</exact>
        </time>
        <velocity>
          <exact>18.166746</exact>
        </velocity>
        <acceleration>
          <exact>2.42819</exact>
        </acceleration>
      </state>
      <state>
        <position>
          <point>
            <x>-426.64623</x>
            <y>-231.01149</y>
          </point>
        </position>
        <orientation>
          <exact>-1.9184394</exact>
        </orientation>
        <time>
          <exact>32</exact>
        </time>
        <velocity>
          <exact>18.433661</exact>
        </velocity>
        <acceleration>
          <exact>2.446385</exact>
        </acceleration>
      </state>
      <state>
        <position>
          <point>
            <x>-427.27872</x>
            <y>-232.75716</y>
          </point>
        </position>
        <orientation>
          <exact>-1.9183796</exact>
        </orientation>
        <time>
          <exact>33</exact>
        </time>
        <velocity>
          <exact>18.656023</exact>
        </velocity>
        <acceleration>
          <exact>2.000855</exact>
        </acceleration>
      </state>
    </trajectory>
  </dynamicObstacle>
  <dynamicObstacle id="329">
    <type>bicycle</type>
    <shape>
      <rectangle>
        <length>2.0</length>
        <width>0.68</width>
      </rectangle>
    </shape>
    <initialState>
      <position>
        <point>
          <x>-423.75203</x>
          <y>-238.79787</y>
        </point>
      </position>
      <orientation>
        <exact>-1.9190173</exact>
      </orientation>
      <time>
        <exact>0</exact>
      </time>
      <velocity>
        <exact>6.9140593</exact>
      </velocity>
      <acceleration>
        <exact>-0.672927</exact>
      </acceleration>
    </initialState>
    <trajectory>
      <state>
        <position>
          <point>
            <x>-423.98695</x>
            <y>-239.445</y>
          </point>
        </position>
        <orientation>
          <exact>-1.9190173</exact>
        </orientation>
        <time>
          <exact>1</exact>
        </time>
        <velocity>
          <exact>6.8815278</exact>
        </velocity>
        <acceleration>
          <exact>0.022297</exact>
        </acceleration>
      </state>
      <state>
        <position>
          <point>
            <x>-424.22313</x>
            <y>-240.09561</y>
          </point>
        </position>
        <orientation>
          <exact>-1.9190173</exact>
        </orientation>
        <time>
          <exact>2</exact>
        </time>
        <velocity>
          <exact>6.9185187</exact>
        </velocity>
        <acceleration>
          <exact>0.139374</exact>
        </acceleration>
      </state>
      <state>
        <position>
          <point>
            <x>-424.45899</x>
            <y>-240.74536</y>
          </point>
        </position>
        <orientation>
          <exact>-1.9190173</exact>
        </orientation>
        <time>
          <exact>3</exact>
        </time>
        <velocity>
          <exact>6.9094026</exact>
        </velocity>
        <acceleration>
          <exact>-0.0995705</exact>
        </acceleration>
      </state>
      <state>
        <position>
          <point>
            <x>-424.69449</x>
            <y>-241.39409</y>
          </point>
        </position>
        <orientation>
          <exact>-1.9190173</exact>
        </orientation>
        <time>
          <exact>4</exact>
        </time>
        <velocity>
          <exact>6.8986046</exact>
        </velocity>
        <acceleration>
          <exact>0.134407</exact>
        </acceleration>
      </state>
      <state>
        <position>
          <point>
            <x>-424.93128</x>
            <y>-242.04637</y>
          </point>
        </position>
        <orientation>
          <exact>-1.9190173</exact>
        </orientation>
        <time>
          <exact>5</exact>
        </time>
        <velocity>
          <exact>6.936284</exact>
        </velocity>
        <acceleration>
          <exact>0.074368</exact>
        </acceleration>
      </state>
      <state>
        <position>
          <point>
            <x>-425.16729</x>
            <y>-242.6965</y>
          </point>
        </position>
        <orientation>
          <exact>-1.9190173</exact>
        </orientation>
        <time>
          <exact>6</exact>
        </time>
        <velocity>
          <exact>6.9134782</exact>
        </velocity>
        <acceleration>
          <exact>-0.158</exact>
        </acceleration>
      </state>
      <state>
        <position>
          <point>
            <x>-425.40299</x>
            <y>-243.3458</y>
          </point>
        </position>
        <orientation>
          <exact>-1.9190173</exact>
        </orientation>
        <time>
          <exact>7</exact>
        </time>
        <velocity>
          <exact>6.904684</exact>
        </velocity>
        <acceleration>
          <exact>-0.160913</exact>
        </acceleration>
      </state>
      <state>
        <position>
          <point>
            <x>-425.6379</x>
            <y>-243.99291</y>
          </point>
        </position>
        <orientation>
          <exact>-1.9190173</exact>
        </orientation>
        <time>
          <exact>8</exact>
        </time>
        <velocity>
          <exact>6.8812956</exact>
        </velocity>
        <acceleration>
          <exact>-0.0081165</exact>
        </acceleration>
      </state>
      <state>
        <position>
          <point>
            <x>-425.87355</x>
            <y>-244.64206</y>
          </point>
        </position>
        <orientation>
          <exact>-1.9190173</exact>
        </orientation>
        <time>
          <exact>9</exact>
        </time>
        <velocity>
          <exact>6.9030607</exact>
        </velocity>
        <acceleration>
          <exact>0.0438605</exact>
        </acceleration>
      </state>
      <state>
        <position>
          <point>
            <x>-426.10876</x>
            <y>-245.28999</y>
          </point>
        </position>
        <orientation>
          <exact>-1.9190173</exact>
        </orientation>
        <time>
          <exact>10</exact>
        </time>
        <velocity>
          <exact>6.8900677</exact>
        </velocity>
        <acceleration>
          <exact>0.103787</exact>
        </acceleration>
      </state>
      <state>
        <position>
          <point>
            <x>-426.34512</x>
            <y>-245.9411</y>
          </point>
        </position>
        <orientation>
          <exact>-1.9190173</exact>
        </orientation>
        <time>
          <exact>11</exact>
        </time>
        <velocity>
          <exact>6.9238181</exact>
        </velocity>
        <acceleration>
          <exact>0.073668</exact>
        </acceleration>
      </state>
      <state>
        <position>
          <point>
            <x>-426.58083</x>
            <y>-246.59041</y>
          </point>
        </position>
        <orientation>
          <exact>-1.9190173</exact>
        </orientation>
        <time>
          <exact>12</exact>
        </time>
        <velocity>
          <exact>6.9048013</exact>
        </velocity>
        <acceleration>
          <exact>0.04923</exact>
        </acceleration>
      </state>
      <state>
        <position>
          <point>
            <x>-426.81753</x>
            <y>-247.24244</y>
          </point>
        </position>
        <orientation>
          <exact>-1.9190173</exact>
        </orientation>
        <time>
          <exact>13</exact>
        </time>
        <velocity>
          <exact>6.9336641</exact>
        </velocity>
        <acceleration>
          <exact>-0.033319</exact>
        </acceleration>
      </state>
      <state>
        <position>
          <point>
            <x>-427.05301</x>
            <y>-247.89113</y>
          </point>
        </position>
        <orientation>
          <exact>-1.9190173</exact>
        </orientation>
        <time>
          <exact>14</exact>
        </time>
        <velocity>
          <exact>6.8981375</exact>
        </velocity>
        <acceleration>
          <exact>-0.0391275</exact>
        </acceleration>
      </state>
      <state>
        <position>
          <point>
            <x>-427.28944</x>
            <y>-248.54243</y>
          </point>
        </position>
        <orientation>
          <exact>-1.9190173</exact>
        </orientation>
        <time>
          <exact>15</exact>
        </time>
        <velocity>
          <exact>6.9258386</exact>
        </velocity>
        <acceleration>
          <exact>0.184476</exact>
        </acceleration>
      </state>
      <state>
        <position>
          <point>
            <x>-427.52618</x>
            <y>-249.19459</y>
          </point>
        </position>
        <orientation>
          <exact>-1.9190173</exact>
        </orientation>
        <time>
          <exact>16</exact>
        </time>
        <velocity>
          <exact>6.9350327</exact>
        </velocity>
        <acceleration>
          <exact>-0.1030895</exact>
        </acceleration>
      </state>
      <state>
        <position>
          <point>
            <x>-427.76191</x>
            <y>-249.84394</y>
          </point>
        </position>
        <orientation>
          <exact>-1.9190173</exact>
        </orientation>
        <time>
          <exact>17</exact>
        </time>
        <velocity>
          <exact>6.9052207</exact>
        </velocity>
        <acceleration>
          <exact>-0.047368</exact>
        </acceleration>
      </state>
      <state>
        <position>
          <point>
            <x>-427.99832</x>
            <y>-250.49521</y>
          </point>
        </position>
        <orientation>
          <exact>-1.9190173</exact>
        </orientation>
        <time>
          <exact>18</exact>
        </time>
        <velocity>
          <exact>6.9255591</exact>
        </velocity>
        <acceleration>
          <exact>-0.040246</exact>
        </acceleration>
      </state>
      <state>
        <position>
          <point>
            <x>-428.23378</x>
            <y>-251.14381</y>
          </point>
        </position>
        <orientation>
          <exact>-1.9190173</exact>
        </orientation>
        <time>
          <exact>19</exact>
        </time>
        <velocity>
          <exact>6.8971715</exact>
        </velocity>
        <acceleration>
          <exact>-0.219713</exact>
        </acceleration>
      </state>
      <state>
        <position>
          <point>
            <x>-428.46869</x>
            <y>-251.79095</y>
          </point>
        </position>
        <orientation>
          <exact>-1.9190173</exact>
        </orientation>
        <time>
          <exact>20</exact>
        </time>
        <velocity>
          <exact>6.8816165</exact>
        </velocity>
        <acceleration>
          <exact>0.1702005</exact>
        </acceleration>
      </state>
      <state>
        <position>
          <point>
            <x>-428.70531</x>
            <y>-252.44275</y>
          </point>
        </position>
        <orientation>
          <exact>-1.9190173</exact>
        </orientation>
        <time>
          <exact>21</exact>
        </time>
        <velocity>
          <exact>6.9312116</exact>
        </velocity>
        <acceleration>
          <exact>0.249418</exact>
        </acceleration>
      </state>
      <state>
        <position>
          <point>
            <x>-428.94193</x>
            <y>-253.09457</y>
          </point>
        </position>
        <orientation>
          <exact>-1.9190173</exact>
        </orientation>
        <time>
          <exact>22</exact>
        </time>
        <velocity>
          <exact>6.9315001</exact>
        </velocity>
        <acceleration>
          <exact>0.0148935</exact>
        </acceleration>
      </state>
      <state>
        <position>
          <point>
            <x>-429.17864</x>
            <y>-253.74665</y>
          </point>
        </position>
        <orientation>
          <exact>-1.9190173</exact>
        </orientation>
        <time>
          <exact>23</exact>
        </time>
        <velocity>
          <exact>6.9341903</exact>
        </velocity>
        <acceleration>
          <exact>-0.101546</exact>
        </acceleration>
      </state>
      <state>
        <position>
          <point>
            <x>-429.41457</x>
            <y>-254.39657</y>
          </point>
        </position>
        <orientation>
          <exact>-1.9190173</exact>
        </orientation>
        <time>
          <exact>24</exact>
        </time>
        <velocity>
          <exact>6.9111909</exact>
        </velocity>
        <acceleration>
          <exact>-0.2192895</exact>
        </acceleration>
      </state>
      <state>
        <position>
          <point>
            <x>-429.64979</x>
            <y>-255.04453</y>
          </point>
        </position>
        <orientation>
          <exact>-1.9190173</exact>
        </orientation>
        <time>
          <exact>25</exact>
        </time>
        <velocity>
          <exact>6.8903324</exact>
        </velocity>
        <acceleration>
          <exact>-0.027345</exact>
        </acceleration>
      </state>
      <state>
        <position>
          <point>
            <x>-429.88553</x>
            <y>-255.69393</y>
          </point>
        </position>
        <orientation>
          <exact>-1.9190173</exact>
        </orientation>
        <time>
          <exact>26</exact>
        </time>
        <velocity>
          <exact>6.9057219</exact>
        </velocity>
        <acceleration>
          <exact>0.0978825</exact>
        </acceleration>
      </state>
      <state>
        <position>
          <point>
            <x>-430.12142</x>
            <y>-256.34372</y>
          </point>
        </position>
        <orientation>
          <exact>-1.9190173</exact>
        </orientation>
        <time>
          <exact>27</exact>
        </time>
        <velocity>
          <exact>6.9099089</exact>
        </velocity>
        <acceleration>
          <exact>-0.132512</exact>
        </acceleration>
      </state>
      <state>
        <position>
          <point>
            <x>-430.35625</x>
            <y>-256.99064</y>
          </point>
        </position>
        <orientation>
          <exact>-1.9190173</exact>
        </orientation>
        <time>
          <exact>28</exact>
        </time>
        <velocity>
          <exact>6.8792195</exact>
        </velocity>
        <acceleration>
          <exact>0.121133</exact>
        </acceleration>
      </state>
      <state>
        <position>
          <point>
            <x>-430.59296</x>
            <y>-257.64271</y>
          </point>
        </position>
        <orientation>
          <exact>-1.9190173</exact>
        </orientation>
        <time>
          <exact>29</exact>
        </time>
        <velocity>
          <exact>6.9341355</exact>
        </velocity>
        <acceleration>
          <exact>-0.012616</exact>
        </acceleration>
      </state>
      <state>
        <position>
          <point>
            <x>-430.82772</x>
            <y>-258.28938</y>
          </point>
        </position>
        <orientation>
          <exact>-1.9190173</exact>
        </orientation>
        <time>
          <exact>30</exact>
        </time>
        <velocity>
          <exact>6.8766963</exact>
        </velocity>
        <acceleration>
          <exact>-0.3037355</exact>
        </acceleration>
      </state>
      <state>
        <position>
          <point>
            <x>-431.05546</x>
            <y>-258.91568</y>
          </point>
        </position>
        <orientation>
          <exact>-1.9195719</exact>
        </orientation>
        <time>
          <exact>31</exact>
        </time>
        <velocity>
          <exact>6.8733884</exact>
        </velocity>
        <acceleration>
          <exact>0.0144615</exact>
        </acceleration>
      </state>
      <state>
        <position>
          <point>
            <x>-431.29398</x>
            <y>-259.56125</y>
          </point>
        </position>
        <orientation>
          <exact>-1.9247057</exact>
        </orientation>
        <time>
          <exact>32</exact>
        </time>
        <velocity>
          <exact>6.8795886</exact>
        </velocity>
        <acceleration>
          <exact>0.2592085</exact>
        </acceleration>
      </state>
      <state>
        <position>
          <point>
            <x>-431.53607</x>
            <y>-260.21039</y>
          </point>
        </position>
        <orientation>
          <exact>-1.9277585</exact>
        </orientation>
        <time>
          <exact>33</exact>
        </time>
        <velocity>
          <exact>6.9252301</exact>
        </velocity>
        <acceleration>
          <exact>0.1001575</exact>
        </acceleration>
      </state>
      <state>
        <position>
          <point>
            <x>-431.77843</x>
            <y>-260.85669</y>
          </point>
        </position>
        <orientation>
          <exact>-1.929558</exact>
        </orientation>
        <time>
          <exact>34</exact>
        </time>
        <velocity>
          <exact>6.8996201</exact>
        </velocity>
        <acceleration>
          <exact>0.040869</exact>
        </acceleration>
      </state>
      <state>
        <position>
          <point>
            <x>-432.02266</x>
            <y>-261.50591</y>
          </point>
        </position>
        <orientation>
          <exact>-1.9306256</exact>
        </orientation>
        <time>
          <exact>35</exact>
        </time>
        <velocity>
          <exact>6.9334039</exact>
        </velocity>
        <acceleration>
          <exact>0.106344</exact>
        </acceleration>
      </state>
      <state>
        <position>
          <point>
            <x>-432.26687</x>
            <y>-262.15379</y>
          </point>
        </position>
        <orientation>
          <exact>-1.9312554</exact>
        </orientation>
        <time>
          <exact>36</exact>
        </time>
        <velocity>
          <exact>6.9208889</exact>
        </velocity>
        <acceleration>
          <exact>-0.356644</exact>
        </acceleration>
      </state>
    </trajectory>
  </dynamicObstacle>
  <dynamicObstacle id="355">
    <type>car</type>
    <shape>
      <rectangle>
        <length>5.0</length>
        <width>2.0</width>
      </rectangle>
    </shape>
    <initialState>
      <position>
        <point>
          <x>-402.56998</x>
          <y>-185.35588</y>
        </point>
      </position>
      <orientation>
        <exact>-1.9209559</exact>
      </orientation>
      <time>
        <exact>0</exact>
      </time>
      <velocity>
        <exact>18.997338</exact>
      </velocity>
      <acceleration>
        <exact>0.413775</exact>
      </acceleration>
    </initialState>
    <trajectory>
      <state>
        <position>
          <point>
            <x>-403.22814</x>
            <y>-187.13942</y>
          </point>
        </position>
        <orientation>
          <exact>-1.924313</exact>
        </orientation>
        <time>
          <exact>1</exact>
        </time>
        <velocity>
          <exact>19.101666</exact>
        </velocity>
        <acceleration>
          <exact>1.672785</exact>
        </acceleration>
      </state>
      <state>
        <position>
          <point>
            <x>-403.89966</x>
            <y>-188.95317</y>
          </point>
        </position>
        <orientation>
          <exact>-1.925386</exact>
        </orientation>
        <time>
          <exact>2</exact>
        </time>
        <velocity>
          <exact>19.331895</exact>
        </velocity>
        <acceleration>
          <exact>2.226185</exact>
        </acceleration>
      </state>
      <state>
        <position>
          <point>
            <x>-404.58336</x>
            <y>-190.78542</y>
          </point>
        </position>
        <orientation>
          <exact>-1.9279439</exact>
        </orientation>
        <time>
          <exact>3</exact>
        </time>
        <velocity>
          <exact>19.546903</exact>
        </velocity>
        <acceleration>
          <exact>1.700385</exact>
        </acceleration>
      </state>
      <state>
        <position>
          <point>
            <x>-405.26413</x>
            <y>-192.63192</y>
          </point>
        </position>
        <orientation>
          <exact>-1.924012</exact>
        </orientation>
        <time>
          <exact>4</exact>
        </time>
        <velocity>
          <exact>19.671972</exact>
        </velocity>
        <acceleration>
          <exact>1.50494</exact>
        </acceleration>
      </state>
      <state>
        <position>
          <point>
            <x>-405.94687</x>
            <y>-194.49648</y>
          </point>
        </position>
        <orientation>
          <exact>-1.921801</exact>
        </orientation>
        <time>
          <exact>5</exact>
        </time>
        <velocity>
          <exact>19.847891</exact>
        </velocity>
        <acceleration>
          <exact>1.409065</exact>
        </acceleration>
      </state>
      <state>
        <position>
          <point>
            <x>-406.63094</x>
            <y>-196.37184</y>
          </point>
        </position>
        <orientation>
          <exact>-1.9205651</exact>
        </orientation>
        <time>
          <exact>6</exact>
        </time>
        <velocity>
          <exact>19.953785</exact>
        </velocity>
        <acceleration>
          <exact>1.53635</exact>
        </acceleration>
      </state>
      <state>
        <position>
          <point>
            <x>-407.3206</x>
            <y>-198.26661</y>
          </point>
        </position>
        <orientation>
          <exact>-1.9198741</exact>
        </orientation>
        <time>
          <exact>7</exact>
        </time>
        <velocity>
          <exact>20.155161</exact>
        </velocity>
        <acceleration>
          <exact>2.082505</exact>
        </acceleration>
      </state>
      <state>
        <position>
          <point>
            <x>-408.01689</x>
            <y>-200.18187</y>
          </point>
        </position>
        <orientation>
          <exact>-1.9194893</exact>
        </orientation>
        <time>
          <exact>8</exact>
        </time>
        <velocity>
          <exact>20.370286</exact>
        </velocity>
        <acceleration>
          <exact>2.07774</exact>
        </acceleration>
      </state>
      <state>
        <position>
          <point>
            <x>-408.71962</x>
            <y>-202.11612</y>
          </point>
        </position>
        <orientation>
          <exact>-1.9192762</exact>
        </orientation>
        <time>
          <exact>9</exact>
        </time>
        <velocity>
          <exact>20.570709</exact>
        </velocity>
        <acceleration>
          <exact>2.134445</exact>
        </acceleration>
      </state>
      <state>
        <position>
          <point>
            <x>-409.42985</x>
            <y>-204.07175</y>
          </point>
        </position>
        <orientation>
          <exact>-1.9191586</exact>
        </orientation>
        <time>
          <exact>10</exact>
        </time>
        <velocity>
          <exact>20.797175</exact>
        </velocity>
        <acceleration>
          <exact>2.00449</exact>
        </acceleration>
      </state>
      <state>
        <position>
          <point>
            <x>-410.14591</x>
            <y>-206.04383</y>
          </point>
        </position>
        <orientation>
          <exact>-1.9190941</exact>
        </orientation>
        <time>
          <exact>11</exact>
        </time>
        <velocity>
          <exact>20.971607</exact>
        </velocity>
        <acceleration>
          <exact>1.51679</exact>
        </acceleration>
      </state>
      <state>
        <position>
          <point>
            <x>-410.86631</x>
            <y>-208.02806</y>
          </point>
        </position>
        <orientation>
          <exact>-1.9190589</exact>
        </orientation>
        <time>
          <exact>12</exact>
        </time>
        <velocity>
          <exact>21.100533</exact>
        </velocity>
        <acceleration>
          <exact>1.53501</exact>
        </acceleration>
      </state>
      <state>
        <position>
          <point>
            <x>-411.59275</x>
            <y>-210.02905</y>
          </point>
        </position>
        <orientation>
          <exact>-1.9190398</exact>
        </orientation>
        <time>
          <exact>13</exact>
        </time>
        <velocity>
          <exact>21.278609</exact>
        </velocity>
        <acceleration>
          <exact>2.06306</exact>
        </acceleration>
      </state>
      <state>
        <position>
          <point>
            <x>-412.32717</x>
            <y>-212.05211</y>
          </point>
        </position>
        <orientation>
          <exact>-1.9190294</exact>
        </orientation>
        <time>
          <exact>14</exact>
        </time>
        <velocity>
          <exact>21.513145</exact>
        </velocity>
        <acceleration>
          <exact>2.15552</exact>
        </acceleration>
      </state>
      <state>
        <position>
          <point>
            <x>-413.06829</x>
            <y>-214.09365</y>
          </point>
        </position>
        <orientation>
          <exact>-1.9190237</exact>
        </orientation>
        <time>
          <exact>15</exact>
        </time>
        <velocity>
          <exact>21.709713</exact>
        </velocity>
        <acceleration>
          <exact>1.67302</exact>
        </acceleration>
      </state>
      <state>
        <position>
          <point>
            <x>-413.81412</x>
            <y>-216.14817</y>
          </point>
        </position>
        <orientation>
          <exact>-1.9190207</exact>
        </orientation>
        <time>
          <exact>16</exact>
        </time>
        <velocity>
          <exact>21.847749</exact>
        </velocity>
        <acceleration>
          <exact>1.686595</exact>
        </acceleration>
      </state>
      <state>
        <position>
          <point>
            <x>-414.56675</x>
            <y>-218.22144</y>
          </point>
        </position>
        <orientation>
          <exact>-1.9190191</exact>
        </orientation>
        <time>
          <exact>17</exact>
        </time>
        <velocity>
          <exact>22.047032</exact>
        </velocity>
        <acceleration>
          <exact>1.931645</exact>
        </acceleration>
      </state>
      <state>
        <position>
          <point>
            <x>-415.32576</x>
            <y>-220.31229</y>
          </point>
        </position>
        <orientation>
          <exact>-1.9190182</exact>
        </orientation>
        <time>
          <exact>18</exact>
        </time>
        <velocity>
          <exact>22.234078</exact>
        </velocity>
        <acceleration>
          <exact>1.677635</exact>
        </acceleration>
      </state>
      <state>
        <position>
          <point>
            <x>-416.08984</x>
            <y>-222.41711</y>
          </point>
        </position>
        <orientation>
          <exact>-1.9190178</exact>
        </orientation>
        <time>
          <exact>19</exact>
        </time>
        <velocity>
          <exact>22.382559</exact>
        </velocity>
        <acceleration>
          <exact>1.694625</exact>
        </acceleration>
      </state>
      <state>
        <position>
          <point>
            <x>-416.86042</x>
            <y>-224.53984</y>
          </point>
        </position>
        <orientation>
          <exact>-1.9190175</exact>
        </orientation>
        <time>
          <exact>20</exact>
        </time>
        <velocity>
          <exact>22.573003</exact>
        </velocity>
        <acceleration>
          <exact>1.897785</exact>
        </acceleration>
      </state>
      <state>
        <position>
          <point>
            <x>-417.63746</x>
            <y>-226.68035</y>
          </point>
        </position>
        <orientation>
          <exact>-1.9190174</exact>
        </orientation>
        <time>
          <exact>21</exact>
        </time>
        <velocity>
          <exact>22.762116</exact>
        </velocity>
        <acceleration>
          <exact>2.12474</exact>
        </acceleration>
      </state>
      <state>
        <position>
          <point>
            <x>-418.42254</x>
            <y>-228.84304</y>
          </point>
        </position>
        <orientation>
          <exact>-1.9190173</exact>
        </orientation>
        <time>
          <exact>22</exact>
        </time>
        <velocity>
          <exact>22.997951</exact>
        </velocity>
        <acceleration>
          <exact>2.09757</exact>
        </acceleration>
      </state>
      <state>
        <position>
          <point>
            <x>-419.2139</x>
            <y>-231.023</y>
          </point>
        </position>
        <orientation>
          <exact>-1.9190173</exact>
        </orientation>
        <time>
          <exact>23</exact>
        </time>
        <velocity>
          <exact>23.18163</exact>
        </velocity>
        <acceleration>
          <exact>1.67863</exact>
        </acceleration>
      </state>
      <state>
        <position>
          <point>
            <x>-420.01045</x>
            <y>-233.21726</y>
          </point>
        </position>
        <orientation>
          <exact>-1.9190173</exact>
        </orientation>
        <time>
          <exact>24</exact>
        </time>
        <velocity>
          <exact>23.333677</exact>
        </velocity>
        <acceleration>
          <exact>1.86756</exact>
        </acceleration>
      </state>
      <state>
        <position>
          <point>
            <x>-420.81455</x>
            <y>-235.43235</y>
          </point>
        </position>
        <orientation>
          <exact>-1.9190173</exact>
        </orientation>
        <time>
          <exact>25</exact>
        </time>
        <velocity>
          <exact>23.555142</exact>
        </velocity>
        <acceleration>
          <exact>1.807695</exact>
        </acceleration>
      </state>
      <state>
        <position>
          <point>
            <x>-421.62344</x>
            <y>-237.66061</y>
          </point>
        </position>
        <orientation>
          <exact>-1.9190173</exact>
        </orientation>
        <time>
          <exact>26</exact>
        </time>
        <velocity>
          <exact>23.695216</exact>
        </velocity>
        <acceleration>
          <exact>1.707225</exact>
        </acceleration>
      </state>
      <state>
        <position>
          <point>
            <x>-422.4392</x>
            <y>-239.90781</y>
          </point>
        </position>
        <orientation>
          <exact>-1.9190173</exact>
        </orientation>
        <time>
          <exact>27</exact>
        </time>
        <velocity>
          <exact>23.896587</exact>
        </velocity>
        <acceleration>
          <exact>2.176385</exact>
        </acceleration>
      </state>
      <state>
        <position>
          <point>
            <x>-423.26295</x>
            <y>-242.177</y>
          </point>
        </position>
        <orientation>
          <exact>-1.9190173</exact>
        </orientation>
        <time>
          <exact>28</exact>
        </time>
        <velocity>
          <exact>24.130493</exact>
        </velocity>
        <acceleration>
          <exact>1.85022</exact>
        </acceleration>
      </state>
      <state>
        <position>
          <point>
            <x>-424.09135</x>
            <y>-244.45899</y>
          </point>
        </position>
        <orientation>
          <exact>-1.9190173</exact>
        </orientation>
        <time>
          <exact>29</exact>
        </time>
        <velocity>
          <exact>24.266631</exact>
        </velocity>
        <acceleration>
          <exact>1.7454</exact>
        </acceleration>
      </state>
      <state>
        <position>
          <point>
            <x>-424.92701</x>
            <y>-246.76101</y>
          </point>
        </position>
        <orientation>
          <exact>-1.9190173</exact>
        </orientation>
        <time>
          <exact>30</exact>
        </time>
        <velocity>
          <exact>24.479573</exact>
        </velocity>
        <acceleration>
          <exact>1.890465</exact>
        </acceleration>
      </state>
      <state>
        <position>
          <point>
            <x>-425.76831</x>
            <y>-249.07856</y>
          </point>
        </position>
        <orientation>
          <exact>-1.9190173</exact>
        </orientation>
        <time>
          <exact>31</exact>
        </time>
        <velocity>
          <exact>24.644724</exact>
        </velocity>
        <acceleration>
          <exact>1.62696</exact>
        </acceleration>
      </state>
      <state>
        <position>
          <point>
            <x>-426.61509</x>
            <y>-251.41118</y>
          </point>
        </position>
        <orientation>
          <exact>-1.9190173</exact>
        </orientation>
        <time>
          <exact>32</exact>
        </time>
        <velocity>
          <exact>24.804965</exact>
        </velocity>
        <acceleration>
          <exact>1.93038</exact>
        </acceleration>
      </state>
      <state>
        <position>
          <point>
            <x>-427.46957</x>
            <y>-253.76504</y>
          </point>
        </position>
        <orientation>
          <exact>-1.9190173</exact>
        </orientation>
        <time>
          <exact>33</exact>
        </time>
        <velocity>
          <exact>25.0308</exact>
        </velocity>
        <acceleration>
          <exact>1.76574</exact>
        </acceleration>
      </state>
      <state>
        <position>
          <point>
            <x>-428.32133</x>
            <y>-256.13344</y>
          </point>
        </position>
        <orientation>
          <exact>-1.9160274</exact>
        </orientation>
        <time>
          <exact>34</exact>
        </time>
        <velocity>
          <exact>25.158113</exact>
        </velocity>
        <acceleration>
          <exact>1.49224</exact>
        </acceleration>
      </state>
      <state>
        <position>
          <point>
            <x>-429.17186</x>
            <y>-258.52111</y>
          </point>
        </position>
        <orientation>
          <exact>-1.9129991</exact>
        </orientation>
        <time>
          <exact>35</exact>
        </time>
        <velocity>
          <exact>25.329248</exact>
        </velocity>
        <acceleration>
          <exact>1.902755</exact>
        </acceleration>
      </state>
      <state>
        <position>
          <point>
            <x>-430.03123</x>
            <y>-260.92763</y>
          </point>
        </position>
        <orientation>
          <exact>-1.913785</exact>
        </orientation>
        <time>
          <exact>36</exact>
        </time>
        <velocity>
          <exact>25.538664</exact>
        </velocity>
        <acceleration>
          <exact>2.285565</exact>
        </acceleration>
      </state>
    </trajectory>
  </dynamicObstacle>
  <dynamicObstacle id="357">
    <type>car</type>
    <shape>
      <rectangle>
        <length>5.0</length>
        <width>2.0</width>
      </rectangle>
    </shape>
    <initialState>
      <position>
        <point>
          <x>-390.00344</x>
          <y>-141.03249</y>
        </point>
      </position>
      <orientation>
        <exact>-1.9208088</exact>
      </orientation>
      <time>
        <exact>0</exact>
      </time>
      <velocity>
        <exact>17.350999</exact>
      </velocity>
      <acceleration>
        <exact>-0.143345</exact>
      </acceleration>
    </initialState>
    <trajectory>
      <state>
        <position>
          <point>
            <x>-390.59843</x>
            <y>-142.66239</y>
          </point>
        </position>
        <orientation>
          <exact>-1.921101</exact>
        </orientation>
        <time>
          <exact>1</exact>
        </time>
        <velocity>
          <exact>17.389749</exact>
        </velocity>
        <acceleration>
          <exact>0.918345</exact>
        </acceleration>
      </state>
      <state>
        <position>
          <point>
            <x>-391.19702</x>
            <y>-144.29922</y>
          </point>
        </position>
        <orientation>
          <exact>-1.9218269</exact>
        </orientation>
        <time>
          <exact>2</exact>
        </time>
        <velocity>
          <exact>17.534668</exact>
        </velocity>
        <acceleration>
          <exact>1.63335</exact>
        </acceleration>
      </state>
      <state>
        <position>
          <point>
            <x>-391.80435</x>
            <y>-145.95546</y>
          </point>
        </position>
        <orientation>
          <exact>-1.9227783</exact>
        </orientation>
        <time>
          <exact>3</exact>
        </time>
        <velocity>
          <exact>17.716419</exact>
        </velocity>
        <acceleration>
          <exact>2.17146</exact>
        </acceleration>
      </state>
      <state>
        <position>
          <point>
            <x>-392.41861</x>
            <y>-147.62526</y>
          </point>
        </position>
        <orientation>
          <exact>-1.9249747</exact>
        </orientation>
        <time>
          <exact>4</exact>
        </time>
        <velocity>
          <exact>17.96896</exact>
        </velocity>
        <acceleration>
          <exact>2.609865</exact>
        </acceleration>
      </state>
      <state>
        <position>
          <point>
            <x>-393.0508</x>
            <y>-149.32617</y>
          </point>
        </position>
        <orientation>
          <exact>-1.925679</exact>
        </orientation>
        <time>
          <exact>5</exact>
        </time>
        <velocity>
          <exact>18.238392</exact>
        </velocity>
        <acceleration>
          <exact>1.320755</exact>
        </acceleration>
      </state>
      <state>
        <position>
          <point>
            <x>-393.68609</x>
            <y>-151.04565</y>
          </point>
        </position>
        <orientation>
          <exact>-1.9239908</exact>
        </orientation>
        <time>
          <exact>6</exact>
        </time>
        <velocity>
          <exact>18.233111</exact>
        </velocity>
        <acceleration>
          <exact>-1.07203</exact>
        </acceleration>
      </state>
      <state>
        <position>
          <point>
            <x>-394.31217</x>
            <y>-152.74769</y>
          </point>
        </position>
        <orientation>
          <exact>-1.9228332</exact>
        </orientation>
        <time>
          <exact>7</exact>
        </time>
        <velocity>
          <exact>18.023986</exact>
        </velocity>
        <acceleration>
          <exact>-2.18175</exact>
        </acceleration>
      </state>
      <state>
        <position>
          <point>
            <x>-394.92907</x>
            <y>-154.42937</y>
          </point>
        </position>
        <orientation>
          <exact>-1.9225098</exact>
        </orientation>
        <time>
          <exact>8</exact>
        </time>
        <velocity>
          <exact>17.796761</exact>
        </velocity>
        <acceleration>
          <exact>-2.25858</exact>
        </acceleration>
      </state>
      <state>
        <position>
          <point>
            <x>-395.53839</x>
            <y>-156.08915</y>
          </point>
        </position>
        <orientation>
          <exact>-1.9228876</exact>
        </orientation>
        <time>
          <exact>9</exact>
        </time>
        <velocity>
          <exact>17.57227</exact>
        </velocity>
        <acceleration>
          <exact>-2.211615</exact>
        </acceleration>
      </state>
      <state>
        <position>
          <point>
            <x>-396.14106</x>
            <y>-157.72822</y>
          </point>
        </position>
        <orientation>
          <exact>-1.9233353</exact>
        </orientation>
        <time>
          <exact>10</exact>
        </time>
        <velocity>
          <exact>17.354438</exact>
        </velocity>
        <acceleration>
          <exact>-2.166855</exact>
        </acceleration>
      </state>
      <state>
        <position>
          <point>
            <x>-396.73682</x>
            <y>-159.34658</y>
          </point>
        </position>
        <orientation>
          <exact>-1.923585</exact>
        </orientation>
        <time>
          <exact>11</exact>
        </time>
        <velocity>
          <exact>17.138899</exact>
        </velocity>
        <acceleration>
          <exact>-2.13708</exact>
        </acceleration>
      </state>
      <state>
        <position>
          <point>
            <x>-397.32542</x>
            <y>-160.9449</y>
          </point>
        </position>
        <orientation>
          <exact>-1.923818</exact>
        </orientation>
        <time>
          <exact>12</exact>
        </time>
        <velocity>
          <exact>16.927022</exact>
        </velocity>
        <acceleration>
          <exact>-2.090715</exact>
        </acceleration>
      </state>
      <state>
        <position>
          <point>
            <x>-397.90727</x>
            <y>-162.52321</y>
          </point>
        </position>
        <orientation>
          <exact>-1.923909</exact>
        </orientation>
        <time>
          <exact>13</exact>
        </time>
        <velocity>
          <exact>16.720756</exact>
        </velocity>
        <acceleration>
          <exact>-2.075605</exact>
        </acceleration>
      </state>
      <state>
        <position>
          <point>
            <x>-398.48189</x>
            <y>-164.08272</y>
          </point>
        </position>
        <orientation>
          <exact>-1.9237551</exact>
        </orientation>
        <time>
          <exact>14</exact>
        </time>
        <velocity>
          <exact>16.511901</exact>
        </velocity>
        <acceleration>
          <exact>-2.051975</exact>
        </acceleration>
      </state>
      <state>
        <position>
          <point>
            <x>-399.04882</x>
            <y>-165.62201</y>
          </point>
        </position>
        <orientation>
          <exact>-1.9235687</exact>
        </orientation>
        <time>
          <exact>15</exact>
        </time>
        <velocity>
          <exact>16.310361</exact>
        </velocity>
        <acceleration>
          <exact>-1.962595</exact>
        </acceleration>
      </state>
      <state>
        <position>
          <point>
            <x>-399.60894</x>
            <y>-167.14391</y>
          </point>
        </position>
        <orientation>
          <exact>-1.9233187</exact>
        </orientation>
        <time>
          <exact>16</exact>
        </time>
        <velocity>
          <exact>16.119382</exact>
        </velocity>
        <acceleration>
          <exact>-1.96083</exact>
        </acceleration>
      </state>
      <state>
        <position>
          <point>
            <x>-400.16192</x>
            <y>-168.64763</y>
          </point>
        </position>
        <orientation>
          <exact>-1.9231774</exact>
        </orientation>
        <time>
          <exact>17</exact>
        </time>
        <velocity>
          <exact>15.918195</exact>
        </velocity>
        <acceleration>
          <exact>-2.011645</exact>
        </acceleration>
      </state>
      <state>
        <position>
          <point>
            <x>-400.70772</x>
            <y>-170.13192</y>
          </point>
        </position>
        <orientation>
          <exact>-1.9230706</exact>
        </orientation>
        <time>
          <exact>18</exact>
        </time>
        <velocity>
          <exact>15.717053</exact>
        </velocity>
        <acceleration>
          <exact>-1.129545</exact>
        </acceleration>
      </state>
      <state>
        <position>
          <point>
            <x>-401.2465</x>
            <y>-171.59801</y>
          </point>
        </position>
        <orientation>
          <exact>-1.9228557</exact>
        </orientation>
        <time>
          <exact>19</exact>
        </time>
        <velocity>
          <exact>15.692286</exact>
        </velocity>
        <acceleration>
          <exact>0.897285</exact>
        </acceleration>
      </state>
      <state>
        <position>
          <point>
            <x>-401.78996</x>
            <y>-173.07788</y>
          </point>
        </position>
        <orientation>
          <exact>-1.9226823</exact>
        </orientation>
        <time>
          <exact>20</exact>
        </time>
        <velocity>
          <exact>15.89651</exact>
        </velocity>
        <acceleration>
          <exact>2.04564</exact>
        </acceleration>
      </state>
      <state>
        <position>
          <point>
            <x>-402.34231</x>
            <y>-174.5825</y>
          </point>
        </position>
        <orientation>
          <exact>-1.9225805</exact>
        </orientation>
        <time>
          <exact>21</exact>
        </time>
        <velocity>
          <exact>16.101414</exact>
        </velocity>
        <acceleration>
          <exact>1.819085</exact>
        </acceleration>
      </state>
      <state>
        <position>
          <point>
            <x>-402.89958</x>
            <y>-176.10095</y>
          </point>
        </position>
        <orientation>
          <exact>-1.9224887</exact>
        </orientation>
        <time>
          <exact>22</exact>
        </time>
        <velocity>
          <exact>16.260327</exact>
        </velocity>
        <acceleration>
          <exact>1.71225</exact>
        </acceleration>
      </state>
      <state>
        <position>
          <point>
            <x>-403.4626</x>
            <y>-177.63551</y>
          </point>
        </position>
        <orientation>
          <exact>-1.9224382</exact>
        </orientation>
        <time>
          <exact>23</exact>
        </time>
        <velocity>
          <exact>16.443864</exact>
        </velocity>
        <acceleration>
          <exact>2.0523</exact>
        </acceleration>
      </state>
      <state>
        <position>
          <point>
            <x>-404.03237</x>
            <y>-179.18848</y>
          </point>
        </position>
        <orientation>
          <exact>-1.9225011</exact>
        </orientation>
        <time>
          <exact>24</exact>
        </time>
        <velocity>
          <exact>16.670787</exact>
        </velocity>
        <acceleration>
          <exact>2.30508</exact>
        </acceleration>
      </state>
      <state>
        <position>
          <point>
            <x>-404.61122</x>
            <y>-180.76557</y>
          </point>
        </position>
        <orientation>
          <exact>-1.9225914</exact>
        </orientation>
        <time>
          <exact>25</exact>
        </time>
        <velocity>
          <exact>16.90488</exact>
        </velocity>
        <acceleration>
          <exact>2.300675</exact>
        </acceleration>
      </state>
      <state>
        <position>
          <point>
            <x>-405.1974</x>
            <y>-182.36239</y>
          </point>
        </position>
        <orientation>
          <exact>-1.9226134</exact>
        </orientation>
        <time>
          <exact>26</exact>
        </time>
        <velocity>
          <exact>17.130922</exact>
        </velocity>
        <acceleration>
          <exact>2.305095</exact>
        </acceleration>
      </state>
      <state>
        <position>
          <point>
            <x>-405.79189</x>
            <y>-183.98189</y>
          </point>
        </position>
        <orientation>
          <exact>-1.9226143</exact>
        </orientation>
        <time>
          <exact>27</exact>
        </time>
        <velocity>
          <exact>17.365899</exact>
        </velocity>
        <acceleration>
          <exact>2.230905</exact>
        </acceleration>
      </state>
      <state>
        <position>
          <point>
            <x>-406.39427</x>
            <y>-185.62283</y>
          </point>
        </position>
        <orientation>
          <exact>-1.9226642</exact>
        </orientation>
        <time>
          <exact>28</exact>
        </time>
        <velocity>
          <exact>17.577103</exact>
        </velocity>
        <acceleration>
          <exact>2.145175</exact>
        </acceleration>
      </state>
      <state>
        <position>
          <point>
            <x>-407.00349</x>
            <y>-187.28193</y>
          </point>
        </position>
        <orientation>
          <exact>-1.9227306</exact>
        </orientation>
        <time>
          <exact>29</exact>
        </time>
        <velocity>
          <exact>17.794934</exact>
        </velocity>
        <acceleration>
          <exact>2.218335</exact>
        </acceleration>
      </state>
      <state>
        <position>
          <point>
            <x>-407.62111</x>
            <y>-188.96368</y>
          </point>
        </position>
        <orientation>
          <exact>-1.9227532</exact>
        </orientation>
        <time>
          <exact>30</exact>
        </time>
        <velocity>
          <exact>18.02077</exact>
        </velocity>
        <acceleration>
          <exact>2.32647</exact>
        </acceleration>
      </state>
      <state>
        <position>
          <point>
            <x>-408.24597</x>
            <y>-190.66515</y>
          </point>
        </position>
        <orientation>
          <exact>-1.9226614</exact>
        </orientation>
        <time>
          <exact>31</exact>
        </time>
        <velocity>
          <exact>18.260228</exact>
        </velocity>
        <acceleration>
          <exact>2.463925</exact>
        </acceleration>
      </state>
      <state>
        <position>
          <point>
            <x>-408.87978</x>
            <y>-192.39197</y>
          </point>
        </position>
        <orientation>
          <exact>-1.9220847</exact>
        </orientation>
        <time>
          <exact>32</exact>
        </time>
        <velocity>
          <exact>18.513555</exact>
        </velocity>
        <acceleration>
          <exact>2.381645</exact>
        </acceleration>
      </state>
      <state>
        <position>
          <point>
            <x>-409.52009</x>
            <y>-194.14174</y>
          </point>
        </position>
        <orientation>
          <exact>-1.9212359</exact>
        </orientation>
        <time>
          <exact>33</exact>
        </time>
        <velocity>
          <exact>18.736557</exact>
        </velocity>
        <acceleration>
          <exact>2.078395</exact>
        </acceleration>
      </state>
    </trajectory>
  </dynamicObstacle>
  <planningProblem id="1">
    <initialState>
      <position>
        <point>
          <x>-406.68424</x>
          <y>-173.69798</y>
        </point>
      </position>
      <orientation>
        <exact>-1.8871019</exact>
      </orientation>
      <time>
        <exact>0</exact>
      </time>
      <velocity>
        <exact>10.584325</exact>
      </velocity>
      <yawRate>
        <exact>0.0</exact>
      </yawRate>
      <slipAngle>
        <exact>0.0</exact>
      </slipAngle>
    </initialState>
    <goalState>
      <time>
        <intervalStart>33</intervalStart>
        <intervalEnd>33</intervalEnd>
      </time>
    </goalState>
  </planningProblem>
</commonRoad>
